t,rss_mb,num_fds,cpu_pct,loop_lag_p99_ms
1780611073.208,130.3,11,0.0,0.00
1780611073.309,130.3,11,0.0,100.84
1780611073.409,130.3,11,0.0,0.12
1780611073.509,130.3,11,0.0,0.12
1780611073.609,130.3,11,0.0,0.12
1780611073.709,130.3,11,0.0,0.12
1780611073.809,130.3,11,0.0,0.12
1780611073.909,130.3,11,0.0,0.12
1780611074.009,130.3,11,0.0,0.12
1780611074.110,130.3,11,0.0,0.12
1780611074.210,130.3,11,0.0,0.12
1780611074.310,130.3,11,0.0,0.12
1780611074.410,130.3,11,0.0,0.12
1780611074.510,130.3,11,0.0,0.12
1780611074.610,130.3,11,0.0,0.12
1780611074.710,130.3,11,0.0,0.12
1780611074.810,130.3,11,0.0,0.12
1780611074.910,130.3,11,0.0,0.12
1780611075.011,130.3,11,0.0,0.12
1780611075.111,130.3,11,0.0,0.12
1780611075.211,130.3,11,0.0,0.12
1780611075.311,130.3,11,0.0,0.12
1780611075.411,130.3,11,0.0,0.12
1780611075.511,130.3,11,0.0,0.12
1780611075.611,130.3,11,10.0,0.12
1780611075.711,130.3,11,0.0,0.12
1780611075.811,130.3,11,0.0,0.12
1780611075.911,130.3,11,0.0,0.12
1780611076.012,130.3,11,0.0,0.12
1780611076.112,130.3,11,0.0,0.12
1780611076.212,130.3,11,0.0,0.12
1780611076.312,130.3,11,0.0,0.12
1780611076.412,130.3,11,0.0,0.12
1780611076.512,130.3,11,0.0,0.12
1780611076.612,130.3,11,0.0,0.12
1780611076.712,130.3,11,0.0,0.12
1780611076.812,130.3,11,0.0,0.14
1780611076.913,130.3,11,0.0,0.14
1780611077.013,130.3,11,0.0,0.14
1780611077.113,130.3,11,0.0,0.14
1780611077.213,130.3,11,0.0,0.14
1780611077.313,130.3,11,0.0,0.14
1780611077.413,130.3,11,0.0,0.14
1780611077.513,130.3,11,0.0,0.14
1780611077.613,130.3,11,0.0,0.14
1780611077.713,130.3,11,0.0,0.14
1780611077.814,130.3,11,0.0,0.14
1780611077.914,130.3,11,0.0,0.14
1780611078.014,130.3,11,0.0,0.14
1780611078.114,130.3,11,0.0,0.14
1780611078.214,130.3,11,0.0,0.14
1780611078.314,130.3,11,0.0,0.14
1780611078.414,130.3,11,0.0,0.14
1780611078.514,130.3,11,0.0,0.14
1780611078.614,130.3,11,0.0,0.14
1780611078.715,130.3,11,0.0,0.14
1780611078.815,130.3,11,0.0,0.14
1780611078.915,130.3,11,0.0,0.14
1780611079.015,130.3,11,0.0,0.14
1780611079.115,130.3,11,0.0,0.14
1780611079.215,130.3,11,0.0,0.14
1780611079.315,130.3,11,0.0,0.14
1780611079.415,130.3,11,0.0,0.14
1780611079.515,130.3,11,0.0,0.14
1780611079.616,130.3,11,0.0,0.14
1780611079.716,130.3,11,0.0,0.12
1780611079.816,130.3,11,0.0,0.12
1780611079.916,130.3,11,0.0,0.12
1780611080.016,130.3,11,0.0,0.12
1780611080.116,130.3,11,0.0,0.12
1780611080.216,130.3,11,0.0,0.12
1780611080.316,130.3,11,0.0,0.12
1780611080.417,130.3,11,0.0,0.12
1780611080.517,130.3,11,0.0,0.12
1780611080.617,130.3,11,0.0,0.12
1780611080.717,130.3,11,0.0,0.12
1780611080.817,130.3,11,0.0,0.12
1780611080.917,130.3,11,0.0,0.12
1780611081.017,130.3,11,0.0,0.12
1780611081.117,130.3,11,0.0,0.12
1780611081.217,130.3,11,0.0,0.12
1780611081.318,130.3,11,0.0,0.12
1780611081.418,130.3,11,0.0,0.12
1780611081.518,130.3,11,0.0,0.12
1780611081.618,130.3,11,0.0,0.12
1780611081.718,130.3,11,0.0,0.12
1780611081.818,130.3,11,0.0,0.12
1780611081.918,130.3,11,0.0,0.12
1780611082.018,130.3,11,0.0,0.12
1780611082.118,130.3,11,0.0,0.13
1780611082.219,130.3,11,0.0,0.13
1780611082.319,130.3,11,0.0,0.13
1780611082.419,130.3,11,0.0,0.13
1780611082.519,130.3,11,0.0,0.13
1780611082.619,130.3,11,0.0,0.13
1780611082.719,130.3,11,0.0,0.13
1780611082.819,130.3,11,0.0,0.13
1780611082.919,130.3,11,0.0,0.13
1780611083.019,130.3,11,0.0,0.13
1780611083.120,130.3,11,0.0,0.13
1780611083.220,130.3,11,0.0,0.13
1780611083.320,130.3,11,0.0,0.13
1780611083.420,130.3,11,0.0,0.13
1780611083.520,130.3,11,0.0,0.13
1780611083.620,130.3,11,0.0,0.13
1780611083.720,130.3,11,0.0,0.13
1780611083.820,130.3,11,0.0,0.13
1780611083.920,130.3,11,0.0,0.13
1780611084.021,130.3,11,0.0,0.13
1780611084.121,130.3,11,0.0,0.13
1780611084.221,130.3,11,0.0,0.13
1780611084.321,130.3,11,0.0,0.13
1780611084.421,130.3,11,0.0,0.13
1780611084.521,130.3,11,0.0,0.13
1780611084.621,130.3,11,0.0,0.13
1780611084.721,130.3,11,0.0,0.13
1780611084.821,130.3,11,0.0,0.13
1780611084.922,130.3,11,0.0,0.13
1780611085.022,130.3,11,0.0,0.13
1780611085.122,130.3,11,0.0,0.13
1780611085.222,130.3,11,0.0,0.13
1780611085.322,130.3,11,0.0,0.13
1780611085.422,130.3,11,0.0,0.13
1780611085.522,130.3,11,0.0,0.13
1780611085.622,130.3,11,0.0,0.13
1780611085.723,130.3,11,0.0,0.13
1780611085.823,130.3,11,0.0,0.13
1780611085.923,130.3,11,0.0,0.13
1780611086.023,130.3,11,0.0,0.13
1780611086.123,130.3,11,0.0,0.13
1780611086.223,130.3,11,0.0,0.13
1780611086.323,130.3,11,0.0,0.13
1780611086.423,130.3,11,0.0,0.13
1780611086.523,130.3,11,0.0,0.13
1780611086.624,130.3,11,0.0,0.13
1780611086.724,130.3,11,0.0,0.13
1780611086.824,130.3,11,0.0,0.13
1780611086.924,130.3,11,0.0,0.13
1780611087.024,130.3,11,0.0,0.13
1780611087.124,130.3,11,0.0,0.13
1780611087.224,130.3,11,0.0,0.13
1780611087.324,130.3,11,0.0,0.13
1780611087.424,130.3,11,0.0,0.13
1780611087.525,130.3,11,0.0,0.13
1780611087.625,130.3,11,0.0,0.13
1780611087.725,130.3,11,0.0,0.13
1780611087.825,130.3,11,0.0,0.13
1780611087.925,130.3,11,0.0,0.13
1780611088.025,130.3,11,0.0,0.13
1780611088.125,130.3,11,0.0,0.13
1780611088.225,130.3,11,0.0,0.13
1780611088.325,130.3,11,0.0,0.13
1780611088.426,130.3,11,0.0,0.13
1780611088.526,130.3,11,0.0,0.13
1780611088.626,130.3,11,0.0,0.13
1780611088.726,130.3,11,0.0,0.13
1780611088.826,130.3,11,10.0,0.13
1780611088.926,130.3,11,0.0,0.13
1780611089.026,130.3,11,0.0,0.13
1780611089.126,130.3,11,0.0,0.13
1780611089.226,130.3,11,0.0,0.13
1780611089.327,130.3,11,0.0,0.13
1780611089.427,130.3,11,0.0,0.13
1780611089.527,130.3,11,0.0,0.13
1780611089.627,130.3,11,0.0,0.12
1780611089.727,130.3,11,0.0,0.12
1780611089.827,130.3,11,0.0,0.12
1780611089.927,130.3,11,0.0,0.12
1780611090.027,130.3,11,0.0,0.12
1780611090.127,130.3,11,0.0,0.12
1780611090.228,130.3,11,0.0,0.12
1780611090.328,130.3,11,0.0,0.12
1780611090.428,130.3,11,0.0,0.12
1780611090.528,130.3,11,0.0,0.12
1780611090.628,130.3,11,0.0,0.12
1780611090.728,130.3,11,0.0,0.12
1780611090.828,130.3,11,0.0,0.12
1780611090.928,130.3,11,0.0,0.12
1780611091.029,130.3,11,0.0,0.12
1780611091.129,130.3,11,0.0,0.12
1780611091.229,130.3,11,0.0,0.12
1780611091.329,130.3,11,0.0,0.12
1780611091.429,130.3,11,0.0,0.12
1780611091.529,130.3,11,0.0,0.12
1780611091.629,130.3,11,0.0,0.12
1780611091.729,130.3,11,0.0,0.12
1780611091.829,130.3,11,0.0,0.12
1780611091.930,130.3,11,0.0,0.12
1780611092.030,130.3,11,0.0,0.12
1780611092.130,130.3,11,0.0,0.12
1780611092.230,130.3,11,0.0,0.12
1780611092.330,130.3,11,0.0,0.12
1780611092.430,130.3,11,0.0,0.12
1780611092.530,130.3,11,0.0,0.12
1780611092.630,130.3,11,0.0,0.12
1780611092.730,130.3,11,0.0,0.12
1780611092.831,130.3,11,0.0,0.12
1780611092.931,130.3,11,0.0,0.12
1780611093.031,130.3,11,0.0,0.12
1780611093.131,130.3,11,0.0,0.12
1780611093.231,130.3,11,0.0,0.13
1780611093.331,130.3,11,0.0,0.13
1780611093.431,130.3,11,0.0,0.13
1780611093.531,130.3,11,0.0,0.12
1780611093.631,130.3,11,0.0,0.12
1780611093.732,130.3,11,0.0,0.12
1780611093.832,130.3,11,0.0,0.12
1780611093.932,130.3,11,0.0,0.12
1780611094.032,130.3,11,0.0,0.12
1780611094.132,130.3,11,0.0,0.12
1780611094.232,130.3,11,0.0,0.12
1780611094.332,130.3,11,0.0,0.12
1780611094.432,130.3,11,0.0,0.12
1780611094.533,130.3,11,0.0,0.12
1780611094.633,130.3,11,0.0,0.12
1780611094.733,130.3,11,0.0,0.12
1780611094.833,130.3,11,0.0,0.12
1780611094.933,130.3,11,0.0,0.12
1780611095.033,130.3,11,0.0,0.12
1780611095.133,130.3,11,0.0,0.12
1780611095.233,130.3,11,0.0,0.13
1780611095.333,130.3,11,0.0,0.13
1780611095.434,130.3,11,0.0,0.13
1780611095.534,130.3,11,0.0,0.13
1780611095.634,130.3,11,0.0,0.13
1780611095.734,130.3,11,0.0,0.13
1780611095.834,130.3,11,10.0,0.13
1780611095.934,130.3,11,0.0,0.13
1780611096.034,130.3,11,0.0,0.13
1780611096.134,130.3,11,0.0,0.13
1780611096.234,130.3,11,0.0,0.13
1780611096.335,130.3,11,0.0,0.13
1780611096.435,130.3,11,0.0,0.13
1780611096.535,130.3,11,0.0,0.13
1780611096.635,130.3,11,0.0,0.13
1780611096.735,130.3,11,0.0,0.13
1780611096.835,130.3,11,0.0,0.13
1780611096.935,130.3,11,0.0,0.13
1780611097.035,130.3,11,0.0,0.13
1780611097.135,130.3,11,0.0,0.13
1780611097.236,130.3,11,0.0,0.13
1780611097.336,130.3,11,0.0,0.13
1780611097.436,130.3,11,0.0,0.13
1780611097.536,130.3,11,0.0,0.13
1780611097.636,130.3,11,0.0,0.13
1780611097.736,130.3,11,0.0,0.13
1780611097.836,130.3,11,0.0,0.13
1780611097.936,130.3,11,0.0,0.13
1780611098.036,130.3,11,0.0,0.13
1780611098.137,130.3,11,0.0,0.13
1780611098.237,130.3,11,0.0,0.13
1780611098.337,130.3,11,0.0,0.13
1780611098.437,130.3,11,0.0,0.13
1780611098.537,130.3,11,0.0,0.13
1780611098.637,130.3,11,0.0,0.13
1780611098.737,130.3,11,0.0,0.13
1780611098.837,130.3,11,0.0,0.13
1780611098.937,130.3,11,0.0,0.13
1780611099.038,130.3,11,0.0,0.13
1780611099.138,130.3,11,0.0,0.13
1780611099.238,130.3,11,0.0,0.13
1780611099.338,130.3,11,0.0,0.13
1780611099.438,130.3,11,0.0,0.13
1780611099.538,130.3,11,0.0,0.13
1780611099.638,130.3,11,0.0,0.12
1780611099.738,130.3,11,0.0,0.12
1780611099.839,130.3,11,0.0,0.12
1780611099.939,130.3,11,0.0,0.12
1780611100.039,130.3,11,0.0,0.12
1780611100.139,130.3,11,0.0,0.12
1780611100.239,130.3,11,0.0,0.12
1780611100.339,130.3,11,0.0,0.12
1780611100.439,130.3,11,0.0,0.12
1780611100.539,130.3,11,0.0,0.12
1780611100.640,130.3,11,0.0,0.12
1780611100.740,130.3,11,0.0,0.12
1780611100.840,130.3,11,0.0,0.12
1780611100.940,130.3,11,0.0,0.12
1780611101.040,130.3,11,0.0,0.12
1780611101.140,130.3,11,0.0,0.12
1780611101.240,130.3,11,0.0,0.12
1780611101.340,130.3,11,0.0,0.12
1780611101.440,130.3,11,0.0,0.12
1780611101.541,130.3,11,0.0,0.12
1780611101.641,130.3,11,0.0,0.12
1780611101.741,130.3,11,0.0,0.12
1780611101.841,130.3,11,0.0,0.12
1780611101.941,130.3,11,0.0,0.12
1780611102.041,130.3,11,0.0,0.12
1780611102.141,130.3,11,0.0,0.12
1780611102.241,130.3,11,0.0,0.12
1780611102.341,130.3,11,0.0,0.12
1780611102.442,130.3,11,0.0,0.12
1780611102.542,130.3,11,0.0,0.12
1780611102.642,130.3,11,0.0,0.12
1780611102.742,130.3,11,0.0,0.12
1780611102.842,130.3,11,0.0,0.12
1780611102.942,130.3,11,0.0,0.12
1780611103.042,130.3,11,0.0,0.12
1780611103.142,130.3,11,0.0,0.12
1780611103.242,130.3,11,0.0,0.12
1780611103.343,130.3,11,0.0,0.12
1780611103.443,130.3,11,0.0,0.12
1780611103.543,130.3,11,0.0,0.12
1780611103.643,130.3,11,0.0,0.12
1780611103.743,130.3,11,0.0,0.12
1780611103.843,130.3,11,0.0,0.12
1780611103.943,130.3,11,0.0,0.12
1780611104.043,130.3,11,0.0,0.12
1780611104.144,130.3,11,0.0,0.12
1780611104.244,130.3,11,0.0,0.12
1780611104.344,130.3,11,0.0,0.12
1780611104.444,130.3,11,0.0,0.12
1780611104.544,130.3,11,0.0,0.12
1780611104.644,130.3,11,0.0,0.12
1780611104.744,130.3,11,0.0,0.12
1780611104.844,130.3,11,0.0,0.12
1780611104.944,130.3,11,0.0,0.12
1780611105.045,130.3,11,0.0,0.12
1780611105.145,130.3,11,0.0,0.12
1780611105.245,130.3,11,0.0,0.12
1780611105.345,130.3,11,0.0,0.12
1780611105.445,130.3,11,0.0,0.12
1780611105.545,130.3,11,0.0,0.12
1780611105.645,130.3,11,0.0,0.12
1780611105.745,130.3,11,0.0,0.12
1780611105.845,130.3,11,0.0,0.12
1780611105.946,130.3,11,0.0,0.12
1780611106.046,130.3,11,0.0,0.12
1780611106.146,130.3,11,0.0,0.12
1780611106.246,130.3,11,0.0,0.12
1780611106.346,130.3,11,0.0,0.12
1780611106.446,130.3,11,0.0,0.12
1780611106.546,130.3,11,0.0,0.12
1780611106.646,130.3,11,0.0,0.12
1780611106.747,130.3,11,0.0,0.11
1780611106.847,130.3,11,0.0,0.11
1780611106.947,130.3,11,0.0,0.11
1780611107.047,130.3,11,0.0,0.12
1780611107.147,130.3,11,0.0,0.12
1780611107.247,130.3,11,0.0,0.12
1780611107.347,130.3,11,0.0,0.12
1780611107.447,130.3,11,0.0,0.12
1780611107.547,130.3,11,0.0,0.12
1780611107.648,130.3,11,0.0,0.12
1780611107.748,130.3,11,0.0,0.12
1780611107.848,130.3,11,0.0,0.12
1780611107.948,130.3,11,0.0,0.12
1780611108.048,130.3,11,0.0,0.12
1780611108.148,130.3,11,0.0,0.12
1780611108.248,130.3,11,0.0,0.12
1780611108.348,130.3,11,0.0,0.12
1780611108.448,130.3,11,0.0,0.12
1780611108.549,130.3,11,0.0,0.12
1780611108.649,130.3,11,0.0,0.12
1780611108.749,130.3,11,0.0,0.12
1780611108.849,130.3,11,0.0,0.12
1780611108.949,130.3,11,0.0,0.12
1780611109.049,130.3,11,0.0,0.12
1780611109.149,130.3,11,0.0,0.12
1780611109.249,130.3,11,0.0,0.12
1780611109.350,130.3,11,0.0,0.12
1780611109.450,130.3,11,0.0,0.12
1780611109.550,130.3,11,0.0,0.12
1780611109.650,130.3,11,0.0,0.12
1780611109.750,130.3,11,0.0,0.12
1780611109.850,130.3,11,0.0,0.12
1780611109.950,130.3,11,0.0,0.12
1780611110.050,130.3,11,0.0,0.12
1780611110.150,130.3,11,0.0,0.12
1780611110.251,130.3,11,0.0,0.12
1780611110.351,130.3,11,0.0,0.12
1780611110.451,130.3,11,0.0,0.12
1780611110.551,130.3,11,0.0,0.12
1780611110.651,130.3,11,0.0,0.12
1780611110.751,130.3,11,0.0,0.12
1780611110.851,130.3,11,0.0,0.12
1780611110.952,130.3,11,0.0,0.12
1780611111.052,130.3,11,0.0,0.12
1780611111.152,130.3,11,0.0,0.12
1780611111.252,130.3,11,0.0,0.12
1780611111.352,130.3,11,0.0,0.12
1780611111.452,130.3,11,0.0,0.12
1780611111.552,130.3,11,10.0,0.12
1780611111.652,130.3,11,0.0,0.12
1780611111.752,130.3,11,0.0,0.12
1780611111.853,130.3,11,0.0,0.12
1780611111.953,130.3,11,0.0,0.12
1780611112.053,130.3,11,0.0,0.12
1780611112.153,130.3,11,0.0,0.12
1780611112.253,130.3,11,0.0,0.12
1780611112.353,130.3,11,0.0,0.12
1780611112.453,130.3,11,0.0,0.12
1780611112.553,130.3,11,0.0,0.12
1780611112.654,130.3,11,0.0,0.12
1780611112.754,130.3,11,0.0,0.12
1780611112.854,130.3,11,0.0,0.12
1780611112.954,130.3,11,0.0,0.12
1780611113.054,130.3,11,0.0,0.12
1780611113.154,130.3,11,0.0,0.12
1780611113.254,130.3,11,0.0,0.12
1780611113.354,130.3,11,0.0,0.12
1780611113.454,130.3,11,0.0,0.12
1780611113.555,130.3,11,0.0,0.12
1780611113.655,130.3,11,0.0,0.12
1780611113.755,130.3,11,0.0,0.12
1780611113.855,130.3,11,0.0,0.12
1780611113.955,130.3,11,0.0,0.12
1780611114.055,130.3,11,0.0,0.12
1780611114.155,130.3,11,0.0,0.12
1780611114.255,130.3,11,0.0,0.12
1780611114.355,130.3,11,0.0,0.12
1780611114.456,130.3,11,0.0,0.12
1780611114.556,130.3,11,0.0,0.12
1780611114.656,130.3,11,0.0,0.12
1780611114.756,130.3,11,0.0,0.12
1780611114.856,130.3,11,0.0,0.12
1780611114.956,130.3,11,0.0,0.12
1780611115.056,130.3,11,0.0,0.12
1780611115.156,130.3,11,0.0,0.12
1780611115.257,130.3,11,0.0,0.12
1780611115.357,130.3,11,0.0,0.12
1780611115.457,130.3,11,0.0,0.12
1780611115.557,130.3,11,0.0,0.12
1780611115.657,130.3,11,0.0,0.12
1780611115.757,130.3,11,0.0,0.12
1780611115.857,130.3,11,0.0,0.12
1780611115.958,130.3,11,0.0,0.12
1780611116.058,130.3,11,0.0,0.12
1780611116.158,130.3,11,0.0,0.12
1780611116.258,130.3,11,0.0,0.12
1780611116.358,130.3,11,0.0,0.12
1780611116.458,130.3,11,0.0,0.12
1780611116.558,130.3,11,0.0,0.12
1780611116.658,130.3,11,0.0,0.12
1780611116.758,130.3,11,0.0,0.12
1780611116.859,130.3,11,0.0,0.12
1780611116.959,130.3,11,0.0,0.12
1780611117.059,130.3,11,0.0,0.12
1780611117.159,130.3,11,0.0,0.13
1780611117.259,130.3,11,0.0,0.13
1780611117.359,130.3,11,0.0,0.13
1780611117.459,130.3,11,0.0,0.13
1780611117.559,130.3,11,0.0,0.13
1780611117.659,130.3,11,0.0,0.13
1780611117.760,130.3,11,0.0,0.13
1780611117.860,130.3,11,0.0,0.13
1780611117.960,130.3,11,0.0,0.13
1780611118.060,130.3,11,0.0,0.13
1780611118.160,130.3,11,0.0,0.13
1780611118.260,130.3,11,0.0,0.13
1780611118.360,130.3,11,0.0,0.13
1780611118.460,130.3,11,0.0,0.13
1780611118.560,130.3,11,0.0,0.13
1780611118.661,130.3,11,0.0,0.13
1780611118.761,130.3,11,0.0,0.13
1780611118.861,130.3,11,0.0,0.13
1780611118.961,130.3,11,0.0,0.13
1780611119.061,130.3,11,0.0,0.13
1780611119.161,130.3,11,0.0,0.13
1780611119.261,130.3,11,0.0,0.13
1780611119.361,130.3,11,0.0,0.13
1780611119.462,130.3,11,0.0,0.13
1780611119.562,130.3,11,0.0,0.13
1780611119.662,130.3,11,0.0,0.12
1780611119.762,130.3,11,0.0,0.12
1780611119.862,130.3,11,0.0,0.12
1780611119.962,130.3,11,0.0,0.12
1780611120.062,130.3,11,0.0,0.12
1780611120.162,130.3,11,0.0,0.13
1780611120.263,130.3,11,0.0,0.13
1780611120.363,130.3,11,0.0,0.13
1780611120.463,130.3,11,0.0,0.13
1780611120.563,130.3,11,0.0,0.13
1780611120.663,130.3,11,0.0,0.13
1780611120.763,130.3,11,0.0,0.13
1780611120.863,130.3,11,0.0,0.13
1780611120.964,130.3,11,0.0,0.13
1780611121.064,130.3,11,0.0,0.13
1780611121.164,130.3,11,0.0,0.13
1780611121.264,130.3,11,0.0,0.13
1780611121.364,130.3,11,0.0,0.13
1780611121.464,130.3,11,0.0,0.13
1780611121.564,130.3,11,0.0,0.13
1780611121.664,130.3,11,0.0,0.13
1780611121.765,130.3,11,0.0,0.13
1780611121.865,130.3,11,0.0,0.13
1780611121.965,130.3,11,10.0,0.13
1780611122.065,130.3,11,0.0,0.13
1780611122.165,130.3,11,0.0,0.13
1780611122.265,130.3,11,0.0,0.13
1780611122.365,130.3,11,0.0,0.13
1780611122.465,130.3,11,0.0,0.13
1780611122.565,130.3,11,0.0,0.13
1780611122.666,130.3,11,0.0,0.13
1780611122.766,130.3,11,0.0,0.13
1780611122.866,130.3,11,0.0,0.13
1780611122.966,130.3,11,0.0,0.13
1780611123.066,130.3,11,0.0,0.13
1780611123.166,130.3,11,0.0,0.13
1780611123.266,130.3,11,0.0,0.13
1780611123.366,130.3,11,0.0,0.13
1780611123.467,130.3,11,0.0,0.13
1780611123.567,130.3,11,0.0,0.13
1780611123.667,130.3,11,0.0,0.13
1780611123.767,130.3,11,0.0,0.13
1780611123.867,130.3,11,0.0,0.13
1780611123.967,130.3,11,0.0,0.13
1780611124.067,130.3,11,0.0,0.13
1780611124.167,130.3,11,0.0,0.13
1780611124.267,130.3,11,0.0,0.13
1780611124.368,130.3,11,0.0,0.13
1780611124.468,130.3,11,0.0,0.13
1780611124.568,130.3,11,0.0,0.13
1780611124.668,130.3,11,0.0,0.13
1780611124.768,130.3,11,0.0,0.13
1780611124.868,130.3,11,0.0,0.13
1780611124.968,130.3,11,0.0,0.13
1780611125.068,130.3,11,0.0,0.13
1780611125.169,130.3,11,0.0,0.13
1780611125.269,130.3,11,0.0,0.13
1780611125.369,130.3,11,0.0,0.13
1780611125.469,130.3,11,0.0,0.13
1780611125.569,130.3,11,0.0,0.13
1780611125.669,130.3,11,0.0,0.13
1780611125.769,130.3,11,0.0,0.13
1780611125.869,130.3,11,0.0,0.13
1780611125.970,130.3,11,0.0,0.13
1780611126.070,130.3,11,0.0,0.13
1780611126.170,130.3,11,0.0,0.13
1780611126.270,130.3,11,0.0,0.13
1780611126.370,130.3,11,0.0,0.13
1780611126.470,130.3,11,0.0,0.13
1780611126.570,130.3,11,0.0,0.12
1780611126.670,130.3,11,0.0,0.12
1780611126.770,130.3,11,0.0,0.12
1780611126.871,130.3,11,0.0,0.12
1780611126.971,130.3,11,0.0,0.12
1780611127.071,130.3,11,0.0,0.12
1780611127.171,130.3,11,0.0,0.12
1780611127.271,130.3,11,0.0,0.12
1780611127.371,130.3,11,0.0,0.12
1780611127.471,130.3,11,0.0,0.12
1780611127.571,130.3,11,0.0,0.12
1780611127.672,130.3,11,0.0,0.12
1780611127.772,130.3,11,0.0,0.12
1780611127.872,130.3,11,0.0,0.12
1780611127.972,130.3,11,0.0,0.12
1780611128.072,130.3,11,0.0,0.12
1780611128.172,130.3,11,0.0,0.12
1780611128.272,130.3,11,0.0,0.12
1780611128.372,130.3,11,0.0,0.12
1780611128.472,130.3,11,0.0,0.12
1780611128.573,130.3,11,0.0,0.12
1780611128.673,130.3,11,0.0,0.12
1780611128.773,130.3,11,0.0,0.12
1780611128.873,130.3,11,0.0,0.12
1780611128.973,130.3,11,0.0,0.13
1780611129.073,130.3,11,0.0,0.13
1780611129.173,130.3,11,0.0,0.13
1780611129.273,130.3,11,0.0,0.13
1780611129.373,130.3,11,0.0,0.13
1780611129.474,130.3,11,0.0,0.13
1780611129.574,130.3,11,0.0,0.13
1780611129.674,130.3,11,0.0,0.13
1780611129.774,130.3,11,0.0,0.13
1780611129.874,130.3,11,0.0,0.13
1780611129.974,130.3,11,0.0,0.13
1780611130.074,130.3,11,0.0,0.13
1780611130.174,130.3,11,0.0,0.13
1780611130.275,130.3,11,0.0,0.13
1780611130.375,130.3,11,0.0,0.13
1780611130.475,130.3,11,0.0,0.13
1780611130.575,130.3,11,0.0,0.13
1780611130.675,130.3,11,0.0,0.13
1780611130.775,130.3,11,0.0,0.13
1780611130.875,130.3,11,0.0,0.13
1780611130.975,130.3,11,0.0,0.13
1780611131.076,130.3,11,0.0,0.13
1780611131.176,130.3,11,0.0,0.13
1780611131.276,130.3,11,0.0,0.13
1780611131.376,130.3,11,0.0,0.13
1780611131.476,130.3,11,0.0,0.13
1780611131.576,130.3,11,0.0,0.13
1780611131.676,130.3,11,0.0,0.13
1780611131.776,130.3,11,0.0,0.13
1780611131.877,130.3,11,0.0,0.13
1780611131.977,130.3,11,0.0,0.13
1780611132.077,130.3,11,0.0,0.13
1780611132.177,130.3,11,0.0,0.13
1780611132.277,130.3,11,0.0,0.13
1780611132.377,130.3,11,0.0,0.13
1780611132.477,130.3,11,0.0,0.13
1780611132.577,130.3,11,0.0,0.13
1780611132.677,130.3,11,0.0,0.13
1780611132.778,130.3,11,0.0,0.13
1780611132.878,130.3,11,0.0,0.13
1780611132.978,130.3,11,0.0,0.13
1780611133.078,130.3,11,0.0,0.13
1780611133.178,130.3,11,0.0,0.13
1780611133.278,130.3,11,0.0,0.13
1780611133.378,130.3,11,0.0,0.13
1780611133.479,130.3,11,0.0,0.13
1780611133.579,130.3,11,0.0,0.13
1780611133.679,130.3,11,10.0,0.13
1780611133.779,130.3,11,0.0,0.13
1780611133.879,130.3,11,0.0,0.13
1780611133.979,130.3,11,0.0,0.13
1780611134.079,130.3,11,0.0,0.13
1780611134.179,130.3,11,0.0,0.13
1780611134.280,130.3,11,0.0,0.13
1780611134.380,130.3,11,0.0,0.13
1780611134.480,130.3,11,0.0,0.13
1780611134.580,130.3,11,0.0,0.13
1780611134.680,130.3,11,0.0,0.13
1780611134.780,130.3,11,0.0,0.13
1780611134.880,130.3,11,0.0,0.13
1780611134.980,130.3,11,0.0,0.13
1780611135.080,130.3,11,0.0,0.13
1780611135.181,130.3,11,0.0,0.13
1780611135.281,130.3,11,0.0,0.13
1780611135.381,130.3,11,0.0,0.13
1780611135.481,130.3,11,0.0,0.12
1780611135.581,130.3,11,0.0,0.12
1780611135.681,130.3,11,0.0,0.12
1780611135.781,130.3,11,0.0,0.12
1780611135.881,130.3,11,0.0,0.12
1780611135.982,130.3,11,0.0,0.12
1780611136.082,130.3,11,0.0,0.12
1780611136.182,130.3,11,0.0,0.12
1780611136.282,130.3,11,0.0,0.12
1780611136.382,130.3,11,0.0,0.12
1780611136.482,130.3,11,0.0,0.12
1780611136.582,130.3,11,0.0,0.12
1780611136.682,130.3,11,0.0,0.12
1780611136.782,130.3,11,0.0,0.12
1780611136.883,130.3,11,0.0,0.12
1780611136.983,130.3,11,0.0,0.12
1780611137.083,130.3,11,0.0,0.12
1780611137.183,130.3,11,0.0,0.12
1780611137.283,130.3,11,0.0,0.12
1780611137.383,130.3,11,0.0,0.12
1780611137.483,130.3,11,0.0,0.12
1780611137.583,130.3,11,0.0,0.12
1780611137.683,130.3,11,0.0,0.12
1780611137.784,130.3,11,0.0,0.12
1780611137.884,130.3,11,0.0,0.12
1780611137.984,130.3,11,0.0,0.12
1780611138.084,130.3,11,0.0,0.12
1780611138.184,130.3,11,0.0,0.12
1780611138.284,130.3,11,0.0,0.12
1780611138.384,130.3,11,0.0,0.12
1780611138.484,130.3,11,0.0,0.12
1780611138.584,130.3,11,0.0,0.12
1780611138.685,130.3,11,0.0,0.12
1780611138.785,130.3,11,0.0,0.12
1780611138.885,130.3,11,0.0,0.12
1780611138.985,130.3,11,0.0,0.12
1780611139.085,130.3,11,0.0,0.12
1780611139.185,130.3,11,0.0,0.12
1780611139.285,130.3,11,0.0,0.12
1780611139.385,130.3,11,0.0,0.12
1780611139.485,130.3,11,0.0,0.12
1780611139.585,130.3,11,0.0,0.12
1780611139.686,130.3,11,0.0,0.12
1780611139.786,130.3,11,0.0,0.12
1780611139.886,130.3,11,0.0,0.12
1780611139.986,130.3,11,0.0,0.12
1780611140.086,130.3,11,0.0,0.12
1780611140.186,130.3,11,0.0,0.12
1780611140.286,130.3,11,0.0,0.12
1780611140.386,130.3,11,0.0,0.12
1780611140.487,130.3,11,0.0,0.12
1780611140.587,130.3,11,0.0,0.12
1780611140.687,130.3,11,0.0,0.12
1780611140.787,130.3,11,0.0,0.12
1780611140.887,130.3,11,0.0,0.12
1780611140.987,130.3,11,0.0,0.12
1780611141.087,130.3,11,0.0,0.12
1780611141.187,130.3,11,0.0,0.12
1780611141.287,130.3,11,0.0,0.12
1780611141.388,130.3,11,0.0,0.12
1780611141.488,130.3,11,0.0,0.12
1780611141.588,130.3,11,0.0,0.12
1780611141.688,130.3,11,0.0,0.12
1780611141.788,130.3,11,0.0,0.12
1780611141.888,130.3,11,0.0,0.12
1780611141.988,130.3,11,0.0,0.12
1780611142.088,130.3,11,0.0,0.12
1780611142.188,130.3,11,0.0,0.12
1780611142.289,130.3,11,0.0,0.12
1780611142.389,130.3,11,0.0,0.12
1780611142.489,130.3,11,0.0,0.12
1780611142.589,130.3,11,0.0,0.12
1780611142.689,130.3,11,0.0,0.12
1780611142.789,130.3,11,0.0,0.12
1780611142.889,130.3,11,0.0,0.12
1780611142.989,130.3,11,0.0,0.12
1780611143.089,130.3,11,10.0,0.12
1780611143.190,130.3,11,0.0,0.12
1780611143.290,130.3,11,0.0,0.12
1780611143.390,130.3,11,0.0,0.12
1780611143.490,130.3,11,0.0,0.12
1780611143.590,130.3,11,0.0,0.12
1780611143.690,130.3,11,0.0,0.12
1780611143.790,130.3,11,0.0,0.12
1780611143.890,130.3,11,0.0,0.12
1780611143.990,130.3,11,0.0,0.12
1780611144.091,130.3,11,0.0,0.12
1780611144.191,130.3,11,0.0,0.12
1780611144.291,130.3,11,0.0,0.12
1780611144.391,130.3,11,0.0,0.12
1780611144.491,130.3,11,0.0,0.12
1780611144.591,130.3,11,0.0,0.12
1780611144.691,130.3,11,0.0,0.12
1780611144.791,130.3,11,0.0,0.12
1780611144.891,130.3,11,0.0,0.12
1780611144.992,130.3,11,0.0,0.12
1780611145.092,130.3,11,0.0,0.12
1780611145.192,130.3,11,0.0,0.12
1780611145.292,130.3,11,0.0,0.12
1780611145.392,130.3,11,0.0,0.12
1780611145.492,130.3,11,0.0,0.12
1780611145.592,130.3,11,0.0,0.13
1780611145.693,130.3,11,0.0,0.13
1780611145.793,130.3,11,0.0,0.13
1780611145.893,130.3,11,0.0,0.13
1780611145.993,130.3,11,0.0,0.13
1780611146.093,130.3,11,0.0,0.13
1780611146.193,130.3,11,0.0,0.13
1780611146.293,130.3,11,0.0,0.13
1780611146.393,130.3,11,0.0,0.13
1780611146.493,130.3,11,0.0,0.13
1780611146.594,130.3,11,0.0,0.13
1780611146.694,130.3,11,0.0,0.13
1780611146.794,130.3,11,0.0,0.13
1780611146.894,130.3,11,0.0,0.13
1780611146.994,130.3,11,0.0,0.13
1780611147.094,130.3,11,0.0,0.13
1780611147.194,130.3,11,0.0,0.13
1780611147.294,130.3,11,0.0,0.13
1780611147.394,130.3,11,0.0,0.13
1780611147.494,130.3,11,0.0,0.13
1780611147.595,130.3,11,0.0,0.13
1780611147.695,130.3,11,0.0,0.13
1780611147.795,130.3,11,0.0,0.13
1780611147.895,130.3,11,0.0,0.13
1780611147.995,130.3,11,0.0,0.13
1780611148.095,130.3,11,0.0,0.13
1780611148.195,130.3,11,0.0,0.13
1780611148.295,130.3,11,0.0,0.13
1780611148.396,130.3,11,0.0,0.13
1780611148.496,130.3,11,0.0,0.13
1780611148.596,130.3,11,0.0,0.13
1780611148.696,130.3,11,0.0,0.13
1780611148.796,130.3,11,0.0,0.13
1780611148.896,130.3,11,0.0,0.13
1780611148.996,130.3,11,0.0,0.13
1780611149.096,130.3,11,0.0,0.13
1780611149.196,130.3,11,0.0,0.13
1780611149.297,130.3,11,0.0,0.13
1780611149.397,130.3,11,0.0,0.13
1780611149.497,130.3,11,0.0,0.13
1780611149.597,130.3,11,0.0,0.13
1780611149.697,130.3,11,0.0,0.12
1780611149.797,130.3,11,0.0,0.12
1780611149.897,130.3,11,0.0,0.12
1780611149.997,130.3,11,0.0,0.12
1780611150.097,130.3,11,0.0,0.12
1780611150.197,130.3,11,0.0,0.12
1780611150.298,130.3,11,0.0,0.12
1780611150.398,130.3,11,0.0,0.12
1780611150.498,130.3,11,0.0,0.12
1780611150.598,130.3,11,0.0,0.12
1780611150.698,130.3,11,0.0,0.12
1780611150.798,130.3,11,0.0,0.12
1780611150.898,130.3,11,0.0,0.12
1780611150.998,130.3,11,0.0,0.12
1780611151.099,130.3,11,0.0,0.12
1780611151.199,130.3,11,0.0,0.12
1780611151.299,130.3,11,0.0,0.12
1780611151.399,130.3,11,0.0,0.12
1780611151.499,130.3,11,0.0,0.12
1780611151.599,130.3,11,0.0,0.12
1780611151.699,130.3,11,0.0,0.12
1780611151.799,130.3,11,0.0,0.12
1780611151.899,130.3,11,0.0,0.12
1780611152.000,130.3,11,0.0,0.12
1780611152.100,130.3,11,0.0,0.12
1780611152.200,130.3,11,0.0,0.12
1780611152.300,130.3,11,0.0,0.12
1780611152.400,130.3,11,0.0,0.12
1780611152.500,130.3,11,0.0,0.12
1780611152.600,130.3,11,0.0,0.12
1780611152.700,130.3,11,0.0,0.12
1780611152.800,130.3,11,0.0,0.12
1780611152.901,130.3,11,0.0,0.12
1780611153.001,130.3,11,0.0,0.12
1780611153.101,130.3,11,0.0,0.12
1780611153.201,130.3,11,0.0,0.12
1780611153.301,130.3,11,0.0,0.12
1780611153.401,130.3,11,0.0,0.12
1780611153.501,130.3,11,0.0,0.12
1780611153.601,130.3,11,0.0,0.12
1780611153.702,130.3,11,0.0,0.12
1780611153.802,130.3,11,0.0,0.12
1780611153.902,130.3,11,0.0,0.12
1780611154.002,130.3,11,0.0,0.12
1780611154.102,130.3,11,0.0,0.12
1780611154.202,130.3,11,0.0,0.12
1780611154.302,130.3,11,0.0,0.12
1780611154.402,130.3,11,0.0,0.12
1780611154.502,130.3,11,0.0,0.12
1780611154.602,130.3,11,0.0,0.12
1780611154.703,130.3,11,0.0,0.13
1780611154.803,130.3,11,0.0,0.13
1780611154.903,130.3,11,0.0,0.13
1780611155.003,130.3,11,0.0,0.13
1780611155.103,130.3,11,0.0,0.13
1780611155.203,130.3,11,0.0,0.13
1780611155.303,130.3,11,0.0,0.13
1780611155.403,130.3,11,0.0,0.13
1780611155.504,130.3,11,0.0,0.13
1780611155.604,130.3,11,0.0,0.13
1780611155.704,130.3,11,0.0,0.13
1780611155.804,130.3,11,0.0,0.13
1780611155.904,130.3,11,0.0,0.13
1780611156.004,130.3,11,0.0,0.13
1780611156.104,130.3,11,0.0,0.13
1780611156.204,130.3,11,10.0,0.13
1780611156.304,130.3,11,0.0,0.13
1780611156.405,130.3,11,0.0,0.13
1780611156.505,130.3,11,0.0,0.13
1780611156.605,130.3,11,0.0,0.13
1780611156.705,130.3,11,0.0,0.13
1780611156.805,130.3,11,0.0,0.13
1780611156.905,130.3,11,0.0,0.13
1780611157.005,130.3,11,0.0,0.13
1780611157.105,130.3,11,0.0,0.13
1780611157.205,130.3,11,0.0,0.13
1780611157.306,130.3,11,0.0,0.13
1780611157.406,130.3,11,0.0,0.13
1780611157.506,130.3,11,0.0,0.13
1780611157.606,130.3,11,0.0,0.13
1780611157.706,130.3,11,0.0,0.13
1780611157.806,130.3,11,0.0,0.13
1780611157.906,130.3,11,0.0,0.13
1780611158.006,130.3,11,0.0,0.13
1780611158.106,130.3,11,0.0,0.13
1780611158.207,130.3,11,0.0,0.13
1780611158.307,130.3,11,0.0,0.13
1780611158.407,130.3,11,0.0,0.13
1780611158.507,130.3,11,0.0,0.13
1780611158.607,130.3,11,0.0,0.13
1780611158.707,130.3,11,0.0,0.13
1780611158.807,130.3,11,0.0,0.13
1780611158.907,130.3,11,0.0,0.13
1780611159.007,130.3,11,0.0,0.13
1780611159.108,130.3,11,0.0,0.13
1780611159.208,130.3,11,0.0,0.13
1780611159.308,130.3,11,0.0,0.13
1780611159.408,130.3,11,0.0,0.13
1780611159.508,130.3,11,0.0,0.13
1780611159.608,130.3,11,0.0,0.13
1780611159.708,130.3,11,0.0,0.12
1780611159.808,130.3,11,0.0,0.12
1780611159.908,130.3,11,0.0,0.12
1780611160.009,130.3,11,0.0,0.12
1780611160.109,130.3,11,0.0,0.12
1780611160.209,130.3,11,0.0,0.12
1780611160.309,130.3,11,0.0,0.12
1780611160.409,130.3,11,0.0,0.12
1780611160.509,130.3,11,0.0,0.12
1780611160.609,130.3,11,0.0,0.12
1780611160.709,130.3,11,0.0,0.12
1780611160.810,130.3,11,0.0,0.12
1780611160.910,130.3,11,0.0,0.12
1780611161.010,130.3,11,0.0,0.12
1780611161.110,130.3,11,0.0,0.12
1780611161.210,130.3,11,0.0,0.12
1780611161.310,130.3,11,0.0,0.12
1780611161.410,130.3,11,0.0,0.12
1780611161.510,130.3,11,0.0,0.12
1780611161.610,130.3,11,0.0,0.12
1780611161.711,130.3,11,0.0,0.12
1780611161.811,130.3,11,0.0,0.12
1780611161.911,130.3,11,0.0,0.12
1780611162.011,130.3,11,0.0,0.12
1780611162.111,130.3,11,0.0,0.12
1780611162.211,130.3,11,0.0,0.12
1780611162.311,130.3,11,0.0,0.12
1780611162.411,130.3,11,0.0,0.12
1780611162.511,130.3,11,0.0,0.12
1780611162.612,130.3,11,0.0,0.12
1780611162.712,130.3,11,0.0,0.12
1780611162.812,130.3,11,0.0,0.12
1780611162.912,130.3,11,0.0,0.12
1780611163.012,130.3,11,0.0,0.12
1780611163.112,130.3,11,0.0,0.12
1780611163.212,130.3,11,0.0,0.12
1780611163.312,130.3,11,0.0,0.12
1780611163.413,130.3,11,0.0,0.12
1780611163.513,130.3,11,0.0,0.12
1780611163.613,130.3,11,0.0,0.12
1780611163.713,130.3,11,0.0,0.12
1780611163.813,130.3,11,0.0,0.12
1780611163.913,130.3,11,0.0,0.12
1780611164.013,130.3,11,0.0,0.12
1780611164.113,130.3,11,0.0,0.11
1780611164.213,130.3,11,0.0,0.11
1780611164.313,130.3,11,0.0,0.11
1780611164.414,130.3,11,0.0,0.11
1780611164.514,130.3,11,0.0,0.11
1780611164.614,130.3,11,0.0,0.11
1780611164.714,130.3,11,0.0,0.11
1780611164.814,130.3,11,0.0,0.11
1780611164.914,130.3,11,0.0,0.11
1780611165.014,130.3,11,0.0,0.11
1780611165.114,130.3,11,0.0,0.11
1780611165.214,130.3,11,0.0,0.11
1780611165.315,130.3,11,0.0,0.11
1780611165.415,130.3,11,0.0,0.11
1780611165.515,130.3,11,0.0,0.11
1780611165.615,130.3,11,0.0,0.11
1780611165.715,130.3,11,0.0,0.11
1780611165.815,130.3,11,0.0,0.11
1780611165.915,130.3,11,0.0,0.11
1780611166.015,130.3,11,0.0,0.11
1780611166.116,130.3,11,0.0,0.11
1780611166.216,130.3,11,0.0,0.11
1780611166.316,130.3,11,0.0,0.11
1780611166.416,130.3,11,0.0,0.11
1780611166.516,130.3,11,0.0,0.11
1780611166.616,130.3,11,0.0,0.11
1780611166.716,130.3,11,0.0,0.11
1780611166.816,130.3,11,0.0,0.11
1780611166.916,130.3,11,0.0,0.11
1780611167.017,130.3,11,0.0,0.11
1780611167.117,130.3,11,0.0,0.12
1780611167.217,130.3,11,0.0,0.12
1780611167.317,130.3,11,0.0,0.12
1780611167.417,130.3,11,0.0,0.12
1780611167.517,130.3,11,0.0,0.12
1780611167.617,130.3,11,0.0,0.12
1780611167.717,130.3,11,0.0,0.12
1780611167.817,130.3,11,0.0,0.12
1780611167.918,130.3,11,0.0,0.12
1780611168.018,130.3,11,0.0,0.12
1780611168.118,130.3,11,0.0,0.12
1780611168.218,130.3,11,0.0,0.12
1780611168.318,130.3,11,0.0,0.12
1780611168.418,130.3,11,0.0,0.12
1780611168.518,130.3,11,0.0,0.12
1780611168.618,130.3,11,0.0,0.12
1780611168.718,130.3,11,0.0,0.12
1780611168.819,130.3,11,0.0,0.12
1780611168.919,130.3,11,0.0,0.12
1780611169.019,130.3,11,0.0,0.12
1780611169.119,130.3,11,0.0,0.12
1780611169.219,130.3,11,0.0,0.12
1780611169.319,130.3,11,0.0,0.12
1780611169.419,130.3,11,0.0,0.12
1780611169.519,130.3,11,0.0,0.12
1780611169.620,130.3,11,0.0,0.12
1780611169.720,130.3,11,0.0,0.12
1780611169.820,130.3,11,0.0,0.12
1780611169.920,130.3,11,0.0,0.12
1780611170.020,130.3,11,10.0,0.12
1780611170.120,130.3,11,0.0,0.12
1780611170.220,130.3,11,0.0,0.12
1780611170.387,162.2,11,60.0,0.12
1780611170.487,137.3,11,0.0,0.31
1780611170.587,137.3,11,0.0,0.31
1780611170.687,137.3,11,0.0,0.31
1780611170.787,137.3,11,0.0,0.31
1780611170.888,137.3,11,0.0,0.31
1780611170.988,137.3,11,0.0,0.31
1780611171.088,137.3,11,0.0,0.31
1780611171.188,137.3,11,0.0,0.31
1780611171.288,137.3,11,0.0,0.31
1780611171.388,137.3,11,0.0,0.31
1780611171.488,137.3,11,0.0,0.31
1780611171.588,137.3,11,0.0,0.31
1780611171.688,137.3,11,0.0,0.31
1780611171.789,137.3,11,0.0,0.31
1780611171.889,137.3,11,0.0,0.31
1780611171.989,137.3,11,0.0,0.31
1780611172.089,137.3,11,0.0,0.31
1780611172.189,137.3,11,0.0,0.31
1780611172.289,137.3,11,0.0,0.31
1780611172.389,137.3,11,0.0,0.31
1780611172.489,137.3,11,0.0,0.31
1780611172.589,137.3,11,0.0,0.31
1780611172.690,137.3,11,0.0,0.31
1780611172.790,137.3,11,0.0,0.31
1780611172.890,137.3,11,0.0,0.31
1780611172.990,137.3,11,0.0,0.31
1780611173.090,137.3,11,0.0,0.31
1780611173.190,137.3,11,0.0,0.31
1780611173.290,137.3,11,0.0,0.31
1780611173.390,137.3,11,0.0,0.31
1780611173.491,137.3,11,0.0,0.31
1780611173.591,137.3,11,0.0,0.31
1780611173.691,137.3,11,0.0,0.31
1780611173.791,137.3,11,0.0,0.31
1780611173.891,137.3,11,0.0,0.31
1780611173.991,137.3,11,0.0,0.31
1780611174.091,137.3,11,0.0,0.31
1780611174.191,137.3,11,0.0,0.31
1780611174.291,137.3,11,0.0,0.31
1780611174.392,137.3,11,0.0,0.31
1780611174.492,137.3,11,0.0,0.31
1780611174.592,137.3,11,0.0,0.31
1780611174.692,137.3,11,0.0,0.31
1780611174.792,137.3,11,0.0,0.31
1780611174.892,137.3,11,0.0,0.31
1780611174.992,137.3,11,0.0,0.31
1780611175.092,137.3,11,0.0,0.31
1780611175.192,137.3,11,0.0,0.31
1780611175.293,137.3,11,0.0,0.31
1780611175.393,137.3,11,0.0,0.31
1780611175.493,137.3,11,0.0,0.31
1780611175.593,137.3,11,0.0,0.31
1780611175.693,137.3,11,0.0,0.31
1780611175.793,137.3,11,0.0,0.31
1780611175.893,137.3,11,0.0,0.31
1780611175.993,137.3,11,0.0,0.31
1780611176.094,137.3,11,0.0,0.31
1780611176.194,137.3,11,0.0,0.31
1780611176.294,137.3,11,0.0,0.31
1780611176.394,137.3,11,0.0,0.31
1780611176.494,137.3,11,0.0,0.31
1780611176.594,137.3,11,0.0,0.31
1780611176.694,137.3,11,0.0,0.31
1780611176.794,137.3,11,0.0,0.26
1780611176.894,137.3,11,0.0,0.12
1780611176.995,137.3,11,0.0,0.12
1780611177.095,137.3,11,0.0,0.12
1780611177.195,137.3,11,0.0,0.12
1780611177.295,137.3,11,0.0,0.12
1780611177.395,137.3,11,0.0,0.12
1780611177.495,137.3,11,0.0,0.12
1780611177.595,137.3,11,0.0,0.12
1780611177.695,137.3,11,0.0,0.12
1780611177.795,137.3,11,0.0,0.12
1780611177.896,137.3,11,0.0,0.12
1780611177.996,137.3,11,0.0,0.12
1780611178.096,137.3,11,0.0,0.12
1780611178.196,137.3,11,0.0,0.12
1780611178.296,137.3,11,0.0,0.12
1780611178.396,137.3,11,0.0,0.12
1780611178.496,137.3,11,0.0,0.12
1780611178.596,137.3,11,0.0,0.12
1780611178.696,137.3,11,0.0,0.12
1780611178.797,137.3,11,0.0,0.12
1780611178.897,137.3,11,0.0,0.12
1780611178.997,137.3,11,0.0,0.12
1780611179.097,137.3,11,0.0,0.12
1780611179.197,137.3,11,0.0,0.12
1780611179.297,137.3,11,0.0,0.12
1780611179.397,137.3,11,0.0,0.12
1780611179.497,137.3,11,0.0,0.12
1780611179.597,137.3,11,0.0,0.12
1780611179.698,137.3,11,0.0,0.12
1780611179.798,137.3,11,0.0,0.12
1780611179.898,137.3,11,0.0,0.12
1780611179.998,137.3,11,0.0,0.12
1780611180.098,137.3,11,0.0,0.12
1780611180.198,137.3,11,0.0,0.12
1780611180.298,137.3,11,0.0,0.12
1780611180.398,137.3,11,0.0,0.12
1780611180.499,137.3,11,0.0,0.12
1780611180.599,137.3,11,0.0,0.12
1780611180.699,137.3,11,0.0,0.12
1780611180.799,137.3,11,0.0,0.12
1780611180.899,137.3,11,0.0,0.12
1780611180.999,137.3,11,0.0,0.12
1780611181.099,137.3,11,0.0,0.12
1780611181.199,137.3,11,0.0,0.12
1780611181.300,137.3,11,0.0,0.12
1780611181.400,137.3,11,0.0,0.12
1780611181.500,137.3,11,0.0,0.12
1780611181.600,137.3,11,0.0,0.12
1780611181.700,137.3,11,0.0,0.12
1780611181.800,137.3,11,0.0,0.12
1780611181.900,137.3,11,0.0,0.12
1780611182.000,137.3,11,0.0,0.12
1780611182.100,137.3,11,0.0,0.12
1780611182.201,137.3,11,0.0,0.12
1780611182.301,137.3,11,0.0,0.12
1780611182.401,137.3,11,0.0,0.12
1780611182.501,137.3,11,0.0,0.12
1780611182.601,137.3,11,0.0,0.12
1780611182.701,137.3,11,0.0,0.12
1780611182.801,137.3,11,10.0,0.12
1780611182.901,137.3,11,0.0,0.12
1780611183.001,137.3,11,0.0,0.12
1780611183.102,137.3,11,0.0,0.12
1780611183.202,137.3,11,0.0,0.12
1780611183.302,137.3,11,0.0,0.12
1780611183.402,137.3,11,0.0,0.12
1780611183.502,137.3,11,0.0,0.12
1780611183.602,137.3,11,0.0,0.12
1780611183.702,137.3,11,0.0,0.12
1780611183.802,137.3,11,0.0,0.12
1780611183.902,137.3,11,0.0,0.12
1780611184.003,137.3,11,0.0,0.12
1780611184.103,137.3,11,0.0,0.12
1780611184.203,137.3,11,0.0,0.12
1780611184.303,137.3,11,0.0,0.12
1780611184.403,137.3,11,0.0,0.12
1780611184.503,137.3,11,0.0,0.12
1780611184.603,137.3,11,0.0,0.12
1780611184.703,137.3,11,0.0,0.12
1780611184.804,137.3,11,0.0,0.12
1780611184.904,137.3,11,0.0,0.12
1780611185.004,137.3,11,0.0,0.12
1780611185.104,137.3,11,0.0,0.12
1780611185.204,137.3,11,0.0,0.12
1780611185.304,137.3,11,0.0,0.12
1780611185.404,137.3,11,0.0,0.16
1780611185.504,137.3,11,0.0,0.16
1780611185.605,137.3,11,0.0,0.16
1780611185.705,137.3,11,0.0,0.16
1780611185.805,137.3,11,0.0,0.16
1780611185.905,137.3,11,0.0,0.16
1780611186.005,137.3,11,0.0,0.16
1780611186.105,137.3,11,0.0,0.16
1780611186.205,137.3,11,0.0,0.16
1780611186.305,137.3,11,0.0,0.16
1780611186.405,137.3,11,0.0,0.16
1780611186.506,137.3,11,0.0,0.16
1780611186.606,137.3,11,0.0,0.16
1780611186.706,137.3,11,0.0,0.16
1780611186.806,137.3,11,0.0,0.16
1780611186.906,137.3,11,0.0,0.16
1780611187.006,137.3,11,0.0,0.16
1780611187.106,137.3,11,0.0,0.16
1780611187.206,137.3,11,0.0,0.16
1780611187.306,137.3,11,0.0,0.16
1780611187.407,137.3,11,0.0,0.16
1780611187.507,137.3,11,0.0,0.16
1780611187.607,137.3,11,0.0,0.16
1780611187.707,137.3,11,0.0,0.16
1780611187.807,137.3,11,0.0,0.16
1780611187.907,137.3,11,0.0,0.16
1780611188.007,137.3,11,0.0,0.16
1780611188.107,137.3,11,0.0,0.16
1780611188.207,137.3,11,0.0,0.16
1780611188.308,137.3,11,0.0,0.16
1780611188.408,137.3,11,0.0,0.16
1780611188.508,137.3,11,0.0,0.16
1780611188.608,137.3,11,0.0,0.16
1780611188.708,137.3,11,0.0,0.16
1780611188.808,137.3,11,0.0,0.16
1780611188.908,137.3,11,0.0,0.16
1780611189.008,137.3,11,0.0,0.16
1780611189.108,137.3,11,0.0,0.16
1780611189.208,137.3,11,0.0,0.16
1780611189.309,137.3,11,0.0,0.16
1780611189.409,137.3,11,0.0,0.16
1780611189.509,137.3,11,0.0,0.16
1780611189.609,137.3,11,0.0,0.16
1780611189.709,137.3,11,0.0,0.13
1780611189.809,137.3,11,0.0,0.13
1780611189.909,137.3,11,0.0,0.13
1780611190.009,137.3,11,0.0,0.13
1780611190.109,137.3,11,0.0,0.13
1780611190.210,137.3,11,0.0,0.13
1780611190.310,137.3,11,0.0,0.13
1780611190.410,137.3,11,0.0,0.13
1780611190.510,137.3,11,0.0,0.13
1780611190.610,137.3,11,0.0,0.13
1780611190.710,137.3,11,0.0,0.13
1780611190.810,137.3,11,0.0,0.13
1780611190.911,137.3,11,0.0,0.13
1780611191.011,137.3,11,0.0,0.13
1780611191.111,137.3,11,0.0,0.13
1780611191.211,137.3,11,0.0,0.13
1780611191.311,137.3,11,0.0,0.13
1780611191.411,137.3,11,0.0,0.13
1780611191.511,137.3,11,0.0,0.13
1780611191.611,137.3,11,0.0,0.13
1780611191.711,137.3,11,0.0,0.13
1780611191.811,137.3,11,0.0,0.12
1780611191.912,137.3,11,0.0,0.12
1780611192.012,137.3,11,0.0,0.12
1780611192.112,137.3,11,0.0,0.12
1780611192.212,137.3,11,0.0,0.12
1780611192.312,137.3,11,0.0,0.12
1780611192.412,137.3,11,0.0,0.12
1780611192.512,137.3,11,0.0,0.12
1780611192.612,137.3,11,0.0,0.12
1780611192.712,137.3,11,0.0,0.12
1780611192.813,137.3,11,0.0,0.12
1780611192.913,137.3,11,0.0,0.12
1780611193.013,137.3,11,0.0,0.12
1780611193.113,137.3,11,0.0,0.12
1780611193.213,137.3,11,0.0,0.12
1780611193.313,137.3,11,0.0,0.13
1780611193.413,137.3,11,0.0,0.13
1780611193.513,137.3,11,0.0,0.13
1780611193.614,137.3,11,0.0,0.12
1780611193.714,137.3,11,0.0,0.12
1780611193.814,137.3,11,0.0,0.12
1780611193.914,137.3,11,0.0,0.12
1780611194.014,137.3,11,0.0,0.12
1780611194.114,137.3,11,0.0,0.12
1780611194.214,137.3,11,0.0,0.12
1780611194.314,137.3,11,0.0,0.12
1780611194.414,137.3,11,10.0,0.12
1780611194.515,137.3,11,0.0,0.12
1780611194.615,137.3,11,0.0,0.12
1780611194.715,137.3,11,0.0,0.12
1780611194.815,137.3,11,0.0,0.12
1780611194.915,137.3,11,0.0,0.12
1780611195.015,137.3,11,0.0,0.12
1780611195.115,137.3,11,0.0,0.12
1780611195.215,137.3,11,0.0,0.12
1780611195.315,137.3,11,0.0,0.12
1780611195.416,137.3,11,0.0,0.12
1780611195.516,137.3,11,0.0,0.12
1780611195.616,137.3,11,0.0,0.12
1780611195.716,137.3,11,0.0,0.12
1780611195.816,137.3,11,0.0,0.12
1780611195.916,137.3,11,0.0,0.12
1780611196.016,137.3,11,0.0,0.12
1780611196.116,137.3,11,0.0,0.12
1780611196.217,137.3,11,0.0,0.12
1780611196.317,137.3,11,0.0,0.12
1780611196.417,137.3,11,0.0,0.12
1780611196.517,137.3,11,0.0,0.12
1780611196.617,137.3,11,0.0,0.12
1780611196.717,137.3,11,0.0,0.12
1780611196.817,137.3,11,0.0,0.12
1780611196.917,137.3,11,0.0,0.12
1780611197.017,137.3,11,0.0,0.12
1780611197.118,137.3,11,0.0,0.12
1780611197.218,137.3,11,0.0,0.12
1780611197.318,137.3,11,0.0,0.12
1780611197.418,137.3,11,0.0,0.12
1780611197.518,137.3,11,0.0,0.12
1780611197.618,137.3,11,0.0,0.12
1780611197.718,137.3,11,0.0,0.12
1780611197.818,137.3,11,0.0,0.12
1780611197.918,137.3,11,0.0,0.12
1780611198.019,137.3,11,0.0,0.12
1780611198.119,137.3,11,0.0,0.12
1780611198.219,137.3,11,0.0,0.12
1780611198.319,137.3,11,0.0,0.12
1780611198.419,137.3,11,0.0,0.12
1780611198.519,137.3,11,0.0,0.12
1780611198.619,137.3,11,0.0,0.12
1780611198.719,137.3,11,0.0,0.12
1780611198.819,137.3,11,0.0,0.12
1780611198.920,137.3,11,0.0,0.12
1780611199.020,137.3,11,0.0,0.12
1780611199.120,137.3,11,0.0,0.12
1780611199.220,137.3,11,0.0,0.12
1780611199.320,137.3,11,0.0,0.12
1780611199.420,137.3,11,0.0,0.12
1780611199.520,137.3,11,0.0,0.12
1780611199.620,137.3,11,0.0,0.12
1780611199.721,137.3,11,0.0,0.12
1780611199.821,137.3,11,0.0,0.12
1780611199.921,137.3,11,10.0,0.12
1780611200.021,137.3,11,0.0,0.12
1780611200.121,137.3,11,0.0,0.12
1780611200.221,137.3,11,0.0,0.12
1780611200.321,137.3,11,0.0,0.12
1780611200.421,137.3,11,0.0,0.12
1780611200.521,137.3,11,0.0,0.12
1780611200.622,137.3,11,0.0,0.12
1780611200.722,137.3,11,0.0,0.12
1780611200.822,137.3,11,0.0,0.12
1780611200.922,137.3,11,0.0,0.12
1780611201.022,137.3,11,0.0,0.12
1780611201.122,137.3,11,0.0,0.12
1780611201.222,137.3,11,0.0,0.12
1780611201.322,137.3,11,0.0,0.12
1780611201.423,137.3,11,0.0,0.12
1780611201.523,137.3,11,0.0,0.12
1780611201.623,137.3,11,0.0,0.12
1780611201.723,137.3,11,0.0,0.12
1780611201.823,137.3,11,0.0,0.12
1780611201.923,137.3,11,0.0,0.12
1780611202.023,137.3,11,0.0,0.12
1780611202.123,137.3,11,0.0,0.12
1780611202.223,137.3,11,0.0,0.12
1780611202.324,137.3,11,0.0,0.12
1780611202.424,137.3,11,0.0,0.12
1780611202.524,137.3,11,0.0,0.12
1780611202.624,137.3,11,0.0,0.12
1780611202.724,137.3,11,0.0,0.12
1780611202.824,137.3,11,0.0,0.12
1780611202.924,137.3,11,0.0,0.12
1780611203.024,137.3,11,0.0,0.12
1780611203.124,137.3,11,0.0,0.12
1780611203.225,137.3,11,0.0,0.12
1780611203.325,137.3,11,0.0,0.12
1780611203.425,137.3,11,0.0,0.12
1780611203.525,137.3,11,0.0,0.12
1780611203.625,137.3,11,0.0,0.12
1780611203.725,137.3,11,0.0,0.12
1780611203.825,137.3,11,0.0,0.12
1780611203.925,137.3,11,0.0,0.12
1780611204.025,137.3,11,0.0,0.12
1780611204.126,137.3,11,0.0,0.12
1780611204.226,137.3,11,0.0,0.12
1780611204.326,137.3,11,0.0,0.12
1780611204.426,137.3,11,0.0,0.12
1780611204.526,137.3,11,0.0,0.12
1780611204.626,137.3,11,0.0,0.12
1780611204.726,137.3,11,0.0,0.12
1780611204.826,137.3,11,0.0,0.12
1780611204.926,137.3,11,0.0,0.12
1780611205.027,137.3,11,0.0,0.12
1780611205.127,137.3,11,0.0,0.12
1780611205.227,137.3,11,0.0,0.12
1780611205.327,137.3,11,0.0,0.12
1780611205.427,137.3,11,0.0,0.12
1780611205.527,137.3,11,0.0,0.12
1780611205.627,137.3,11,0.0,0.12
1780611205.728,137.3,11,0.0,0.12
1780611205.828,137.3,11,0.0,0.12
1780611205.928,137.3,11,0.0,0.12
1780611206.028,137.3,11,0.0,0.12
1780611206.128,137.3,11,0.0,0.12
1780611206.228,137.3,11,0.0,0.12
1780611206.328,137.3,11,0.0,0.12
1780611206.428,137.3,11,0.0,0.12
1780611206.529,137.3,11,0.0,0.12
1780611206.629,137.3,11,0.0,0.12
1780611206.729,137.3,11,0.0,0.12
1780611206.829,137.3,11,0.0,0.12
1780611206.929,137.3,11,0.0,0.12
1780611207.029,137.3,11,0.0,0.12
1780611207.129,137.3,11,0.0,0.12
1780611207.229,137.3,11,0.0,0.12
1780611207.329,137.3,11,0.0,0.12
1780611207.430,137.3,11,0.0,0.12
1780611207.530,137.3,11,0.0,0.12
1780611207.630,137.3,11,0.0,0.12
1780611207.730,137.3,11,0.0,0.12
1780611207.830,137.3,11,0.0,0.12
1780611207.930,137.3,11,0.0,0.12
1780611208.030,137.3,11,0.0,0.12
1780611208.130,137.3,11,0.0,0.12
1780611208.230,137.3,11,0.0,0.12
1780611208.331,137.3,11,0.0,0.12
1780611208.431,137.3,11,0.0,0.12
1780611208.531,137.3,11,0.0,0.12
1780611208.631,137.3,11,0.0,0.12
1780611208.731,137.3,11,0.0,0.12
1780611208.831,137.3,11,0.0,0.12
1780611208.931,137.3,11,0.0,0.12
1780611209.031,137.3,11,0.0,0.12
1780611209.131,137.3,11,0.0,0.12
1780611209.232,137.3,11,0.0,0.12
1780611209.332,137.3,11,0.0,0.12
1780611209.432,137.3,11,0.0,0.12
1780611209.532,137.3,11,0.0,0.12
1780611209.632,137.3,11,0.0,0.12
1780611209.732,137.3,11,0.0,0.12
1780611209.832,137.3,11,0.0,0.12
1780611209.932,137.3,11,0.0,0.12
1780611210.032,137.3,11,0.0,0.12
1780611210.133,137.3,11,0.0,0.12
1780611210.233,137.3,11,0.0,0.12
1780611210.333,137.3,11,0.0,0.12
1780611210.433,137.3,11,0.0,0.12
1780611210.533,137.3,11,0.0,0.12
1780611210.633,137.3,11,0.0,0.12
1780611210.733,137.3,11,0.0,0.12
1780611210.834,137.3,11,0.0,0.12
1780611210.934,137.3,11,0.0,0.12
1780611211.034,137.3,11,0.0,0.12
1780611211.134,137.3,11,0.0,0.12
1780611211.234,137.3,11,0.0,0.12
1780611211.334,137.3,11,0.0,0.12
1780611211.434,137.3,11,0.0,0.12
1780611211.534,137.3,11,0.0,0.12
1780611211.634,137.3,11,0.0,0.12
1780611211.735,137.3,11,0.0,0.12
1780611211.835,137.3,11,0.0,0.12
1780611211.935,137.3,11,0.0,0.12
1780611212.035,137.3,11,0.0,0.12
1780611212.135,137.3,11,0.0,0.12
1780611212.235,137.3,11,0.0,0.12
1780611212.335,137.3,11,0.0,0.12
1780611212.435,137.3,11,0.0,0.12
1780611212.535,137.3,11,0.0,0.12
1780611212.636,137.3,11,0.0,0.12
1780611212.736,137.3,11,0.0,0.12
1780611212.836,137.3,11,0.0,0.12
1780611212.936,137.3,11,0.0,0.12
1780611213.036,137.3,11,0.0,0.12
1780611213.136,137.3,11,0.0,0.12
1780611213.236,137.3,11,0.0,0.12
1780611213.336,137.3,11,0.0,0.12
1780611213.437,137.3,11,0.0,0.12
1780611213.537,137.3,11,0.0,0.12
1780611213.637,137.3,11,0.0,0.12
1780611213.737,137.3,11,0.0,0.12
1780611213.837,137.3,11,0.0,0.12
1780611213.937,137.3,11,0.0,0.12
1780611214.037,137.3,11,0.0,0.12
1780611214.137,137.3,11,0.0,0.12
1780611214.237,137.3,11,0.0,0.12
1780611214.338,137.3,11,0.0,0.12
1780611214.438,137.3,11,0.0,0.12
1780611214.538,137.3,11,0.0,0.12
1780611214.638,137.3,11,0.0,0.12
1780611214.738,137.3,11,0.0,0.12
1780611214.838,137.3,11,0.0,0.12
1780611214.938,137.3,11,0.0,0.12
1780611215.038,137.3,11,0.0,0.12
1780611215.138,137.3,11,0.0,0.12
1780611215.239,137.3,11,0.0,0.12
1780611215.339,137.3,11,0.0,0.12
1780611215.439,137.3,11,0.0,0.12
1780611215.539,137.3,11,0.0,0.12
1780611215.639,137.3,11,0.0,0.12
1780611215.739,137.3,11,0.0,0.12
1780611215.839,137.3,11,0.0,0.12
1780611215.939,137.3,11,0.0,0.12
1780611216.040,137.3,11,0.0,0.12
1780611216.140,137.3,11,0.0,0.12
1780611216.240,137.3,11,0.0,0.12
1780611216.340,137.3,11,0.0,0.12
1780611216.440,137.3,11,0.0,0.12
1780611216.540,137.3,11,0.0,0.12
1780611216.640,137.3,11,0.0,0.12
1780611216.740,137.3,11,0.0,0.12
1780611216.840,137.3,11,0.0,0.12
1780611216.941,137.3,11,0.0,0.12
1780611217.041,137.3,11,0.0,0.12
1780611217.141,137.3,11,0.0,0.12
1780611217.241,137.3,11,0.0,0.12
1780611217.341,137.3,11,0.0,0.12
1780611217.441,137.3,11,0.0,0.12
1780611217.541,137.3,11,0.0,0.12
1780611217.641,137.3,11,0.0,0.12
1780611217.741,137.3,11,0.0,0.12
1780611217.842,137.3,11,0.0,0.12
1780611217.942,137.3,11,0.0,0.12
1780611218.042,137.3,11,0.0,0.12
1780611218.142,137.3,11,0.0,0.12
1780611218.242,137.3,11,0.0,0.12
1780611218.342,137.3,11,0.0,0.12
1780611218.442,137.3,11,0.0,0.12
1780611218.542,137.3,11,0.0,0.12
1780611218.643,137.3,11,0.0,0.12
1780611218.743,137.3,11,0.0,0.12
1780611218.843,137.3,11,0.0,0.12
1780611218.943,137.3,11,0.0,0.12
1780611219.043,137.3,11,0.0,0.12
1780611219.143,137.3,11,0.0,0.12
1780611219.243,137.3,11,0.0,0.12
1780611219.343,137.3,11,0.0,0.12
1780611219.443,137.3,11,0.0,0.12
1780611219.544,137.3,11,0.0,0.12
1780611219.644,137.3,11,0.0,0.12
1780611219.744,137.3,11,0.0,0.12
1780611219.844,137.3,11,0.0,0.12
1780611219.944,137.3,11,0.0,0.12
1780611220.044,137.3,11,0.0,0.12
1780611220.144,137.3,11,0.0,0.12
1780611220.244,137.3,11,0.0,0.12
1780611220.344,137.3,11,0.0,0.12
1780611220.445,137.3,11,0.0,0.12
1780611220.545,137.3,11,0.0,0.12
1780611220.645,137.3,11,0.0,0.12
1780611220.745,137.3,11,0.0,0.12
1780611220.845,137.3,11,0.0,0.12
1780611220.945,137.3,11,0.0,0.12
1780611221.045,137.3,11,0.0,0.12
1780611221.145,137.3,11,0.0,0.12
1780611221.246,137.3,11,0.0,0.12
1780611221.346,137.3,11,0.0,0.12
1780611221.446,137.3,11,0.0,0.12
1780611221.546,137.3,11,0.0,0.12
1780611221.646,137.3,11,0.0,0.12
1780611221.746,137.3,11,0.0,0.12
1780611221.846,137.3,11,0.0,0.12
1780611221.946,137.3,11,0.0,0.12
1780611222.046,137.3,11,0.0,0.12
1780611222.147,137.3,11,0.0,0.12
1780611222.247,137.3,11,0.0,0.12
1780611222.347,137.3,11,0.0,0.12
1780611222.447,137.3,11,0.0,0.12
1780611222.547,137.3,11,0.0,0.12
1780611222.647,137.3,11,10.0,0.12
1780611222.747,137.3,11,0.0,0.12
1780611222.847,137.3,11,0.0,0.12
1780611222.947,137.3,11,0.0,0.12
1780611223.048,137.3,11,0.0,0.12
1780611223.148,137.3,11,0.0,0.12
1780611223.248,137.3,11,0.0,0.12
1780611223.348,137.3,11,0.0,0.12
1780611223.448,137.3,11,0.0,0.12
1780611223.548,137.3,11,0.0,0.12
1780611223.648,137.3,11,0.0,0.12
1780611223.748,137.3,11,0.0,0.11
1780611223.849,137.3,11,0.0,0.11
1780611223.949,137.3,11,0.0,0.11
1780611224.049,137.3,11,0.0,0.11
1780611224.149,137.3,11,0.0,0.11
1780611224.249,137.3,11,0.0,0.11
1780611224.349,137.3,11,0.0,0.11
1780611224.449,137.3,11,0.0,0.11
1780611224.549,137.3,11,0.0,0.11
1780611224.649,137.3,11,0.0,0.11
1780611224.749,137.3,11,0.0,0.11
1780611224.850,137.3,11,0.0,0.11
1780611224.950,137.3,11,0.0,0.11
1780611225.050,137.3,11,0.0,0.11
1780611225.150,137.3,11,0.0,0.11
1780611225.250,137.3,11,0.0,0.11
1780611225.350,137.3,11,0.0,0.11
1780611225.450,137.3,11,0.0,0.11
1780611225.550,137.3,11,0.0,0.11
1780611225.651,137.3,11,0.0,0.11
1780611225.751,137.3,11,0.0,0.11
1780611225.851,137.3,11,0.0,0.11
1780611225.951,137.3,11,0.0,0.11
1780611226.051,137.3,11,0.0,0.11
1780611226.151,137.3,11,0.0,0.11
1780611226.251,137.3,11,0.0,0.11
1780611226.351,137.3,11,0.0,0.11
1780611226.451,137.3,11,0.0,0.11
1780611226.552,137.3,11,0.0,0.11
1780611226.652,137.3,11,0.0,0.11
1780611226.752,137.3,11,0.0,0.11
1780611226.852,137.3,11,0.0,0.11
1780611226.952,137.3,11,0.0,0.11
1780611227.052,137.3,11,0.0,0.12
1780611227.152,137.3,11,10.0,0.13
1780611227.252,137.3,11,0.0,0.13
1780611227.352,137.3,11,0.0,0.13
1780611227.453,137.3,11,0.0,0.13
1780611227.553,137.3,11,0.0,0.13
1780611227.653,137.3,11,0.0,0.13
1780611227.753,137.3,11,0.0,0.13
1780611227.853,137.3,11,0.0,0.13
1780611227.953,137.3,11,0.0,0.13
1780611228.053,137.3,11,0.0,0.13
1780611228.153,137.3,11,0.0,0.13
1780611228.253,137.3,11,0.0,0.13
1780611228.354,137.3,11,0.0,0.13
1780611228.454,137.3,11,0.0,0.13
1780611228.554,137.3,11,0.0,0.13
1780611228.654,137.3,11,0.0,0.13
1780611228.754,137.3,11,0.0,0.13
1780611228.854,137.3,11,0.0,0.13
1780611228.954,137.3,11,0.0,0.13
1780611229.054,137.3,11,0.0,0.13
1780611229.154,137.3,11,0.0,0.13
1780611229.254,137.3,11,0.0,0.13
1780611229.355,137.3,11,0.0,0.13
1780611229.455,137.3,11,0.0,0.13
1780611229.555,137.3,11,0.0,0.13
1780611229.655,137.3,11,0.0,0.12
1780611229.755,137.3,11,0.0,0.12
1780611229.855,137.3,11,0.0,0.12
1780611229.955,137.3,11,0.0,0.12
1780611230.055,137.3,11,0.0,0.12
1780611230.156,137.3,11,0.0,0.12
1780611230.256,137.3,11,0.0,0.12
1780611230.356,137.3,11,0.0,0.12
1780611230.456,137.3,11,0.0,0.12
1780611230.556,137.3,11,0.0,0.12
1780611230.656,137.3,11,0.0,0.12
1780611230.756,137.3,11,0.0,0.12
1780611230.856,137.3,11,0.0,0.12
1780611230.957,137.3,11,0.0,0.12
1780611231.057,137.3,11,0.0,0.12
1780611231.157,137.3,11,0.0,0.12
1780611231.257,137.3,11,0.0,0.12
1780611231.357,137.3,11,0.0,0.12
1780611231.457,137.3,11,0.0,0.12
1780611231.557,137.3,11,0.0,0.12
1780611231.657,137.3,11,0.0,0.12
1780611231.757,137.3,11,0.0,0.12
1780611231.858,137.3,11,0.0,0.12
1780611231.958,137.3,11,0.0,0.12
1780611232.058,137.3,11,0.0,0.12
1780611232.158,137.3,11,0.0,0.12
1780611232.258,137.3,11,0.0,0.12
1780611232.358,137.3,11,0.0,0.12
1780611232.458,137.3,11,0.0,0.12
1780611232.558,137.3,11,0.0,0.12
1780611232.658,137.3,11,0.0,0.12
1780611232.758,137.3,11,0.0,0.12
1780611232.859,137.3,11,0.0,0.12
1780611232.959,137.3,11,0.0,0.12
1780611233.059,137.3,11,0.0,0.12
1780611233.159,137.3,11,0.0,0.12
1780611233.259,137.3,11,0.0,0.13
1780611233.359,137.3,11,0.0,0.13
1780611233.459,137.3,11,0.0,0.13
1780611233.559,137.3,11,0.0,0.12
1780611233.659,137.3,11,0.0,0.12
1780611233.760,137.3,11,0.0,0.12
1780611233.860,137.3,11,0.0,0.12
1780611233.960,137.3,11,0.0,0.12
1780611234.060,137.3,11,0.0,0.12
1780611234.160,137.3,11,0.0,0.12
1780611234.260,137.3,11,0.0,0.12
1780611234.360,137.3,11,0.0,0.12
1780611234.460,137.3,11,0.0,0.12
1780611234.560,137.3,11,0.0,0.12
1780611234.661,137.3,11,0.0,0.12
1780611234.761,137.3,11,0.0,0.12
1780611234.861,137.3,11,0.0,0.12
1780611234.961,137.3,11,0.0,0.12
1780611235.061,137.3,11,0.0,0.12
1780611235.161,137.3,11,0.0,0.12
1780611235.261,137.3,11,0.0,0.12
1780611235.361,137.3,11,0.0,0.12
1780611235.462,137.3,11,0.0,0.12
1780611235.562,137.3,11,0.0,0.12
1780611235.662,137.3,11,0.0,0.12
1780611235.762,137.3,11,0.0,0.12
1780611235.862,137.3,11,0.0,0.12
1780611235.962,137.3,11,0.0,0.12
1780611236.062,137.3,11,0.0,0.12
1780611236.162,137.3,11,0.0,0.12
1780611236.262,137.3,11,0.0,0.12
1780611236.363,137.3,11,0.0,0.12
1780611236.463,137.3,11,0.0,0.12
1780611236.563,137.3,11,0.0,0.12
1780611236.663,137.3,11,0.0,0.12
1780611236.763,137.3,11,0.0,0.12
1780611236.863,137.3,11,0.0,0.12
1780611236.963,137.3,11,0.0,0.12
1780611237.063,137.3,11,0.0,0.12
1780611237.163,137.3,11,0.0,0.12
1780611237.264,137.3,11,0.0,0.12
1780611237.364,137.3,11,0.0,0.12
1780611237.464,137.3,11,0.0,0.12
1780611237.564,137.3,11,0.0,0.12
1780611237.664,137.3,11,0.0,0.12
1780611237.764,137.3,11,0.0,0.12
1780611237.864,137.3,11,0.0,0.12
1780611237.964,137.3,11,0.0,0.12
1780611238.064,137.3,11,0.0,0.12
1780611238.165,137.3,11,0.0,0.12
1780611238.265,137.3,11,0.0,0.12
1780611238.365,137.3,11,0.0,0.12
1780611238.465,137.3,11,0.0,0.12
1780611238.565,137.3,11,0.0,0.12
1780611238.665,137.3,11,0.0,0.12
1780611238.765,137.3,11,0.0,0.12
1780611238.865,137.3,11,0.0,0.12
1780611238.965,137.3,11,0.0,0.12
1780611239.066,137.3,11,0.0,0.12
1780611239.166,137.3,11,0.0,0.12
1780611239.266,137.3,11,0.0,0.12
1780611239.366,137.3,11,0.0,0.12
1780611239.466,137.3,11,0.0,0.12
1780611239.566,137.3,11,0.0,0.12
1780611239.666,137.3,11,0.0,0.12
1780611239.766,137.3,11,0.0,0.12
1780611239.866,137.3,11,0.0,0.12
1780611239.967,137.3,11,0.0,0.12
1780611240.067,137.3,11,0.0,0.12
1780611240.167,137.3,11,0.0,0.12
1780611240.267,137.3,11,0.0,0.12
1780611240.367,137.3,11,0.0,0.12
1780611240.467,137.3,11,0.0,0.12
1780611240.567,137.3,11,0.0,0.12
1780611240.668,137.3,11,0.0,0.12
1780611240.768,137.3,11,0.0,0.12
1780611240.868,137.3,11,0.0,0.12
1780611240.968,137.3,11,0.0,0.12
1780611241.068,137.3,11,0.0,0.12
1780611241.168,137.3,11,0.0,0.12
1780611241.268,137.3,11,0.0,0.12
1780611241.368,137.3,11,0.0,0.12
1780611241.468,137.3,11,0.0,0.12
1780611241.569,137.3,11,0.0,0.12
1780611241.669,137.3,11,0.0,0.12
1780611241.769,137.3,11,0.0,0.12
1780611241.869,137.3,11,0.0,0.12
1780611241.969,137.3,11,0.0,0.12
1780611242.069,137.3,11,0.0,0.12
1780611242.169,137.3,11,0.0,0.12
1780611242.269,137.3,11,0.0,0.12
1780611242.369,137.3,11,0.0,0.12
1780611242.470,137.3,11,0.0,0.12
1780611242.570,137.3,11,0.0,0.12
1780611242.670,137.3,11,0.0,0.12
1780611242.770,137.3,11,0.0,0.12
1780611242.870,137.3,11,0.0,0.12
1780611242.970,137.3,11,0.0,0.12
1780611243.070,137.3,11,0.0,0.12
1780611243.170,137.3,11,0.0,0.12
1780611243.270,137.3,11,0.0,0.12
1780611243.371,137.3,11,0.0,0.12
1780611243.471,137.3,11,0.0,0.12
1780611243.571,137.3,11,0.0,0.12
1780611243.671,137.3,11,0.0,0.12
1780611243.771,137.3,11,0.0,0.12
1780611243.871,137.3,11,0.0,0.12
1780611243.971,137.3,11,0.0,0.12
1780611244.071,137.3,11,0.0,0.12
1780611244.171,137.3,11,0.0,0.12
1780611244.272,137.3,11,0.0,0.12
1780611244.372,137.3,11,0.0,0.12
1780611244.472,137.3,11,0.0,0.12
1780611244.572,137.3,11,0.0,0.12
1780611244.672,137.3,11,0.0,0.12
1780611244.772,137.3,11,0.0,0.12
1780611244.872,137.3,11,0.0,0.12
1780611244.972,137.3,11,0.0,0.12
1780611245.072,137.3,11,0.0,0.12
1780611245.173,137.3,11,0.0,0.12
1780611245.273,137.3,11,0.0,0.12
1780611245.373,137.3,11,0.0,0.12
1780611245.473,137.3,11,0.0,0.12
1780611245.573,137.3,11,0.0,0.12
1780611245.673,137.3,11,0.0,0.12
1780611245.773,137.3,11,0.0,0.12
1780611245.873,137.3,11,0.0,0.12
1780611245.974,137.3,11,10.0,0.12
1780611246.074,137.3,11,0.0,0.12
1780611246.174,137.3,11,0.0,0.12
1780611246.274,137.3,11,0.0,0.12
1780611246.374,137.3,11,0.0,0.12
1780611246.474,137.3,11,0.0,0.12
1780611246.574,137.3,11,0.0,0.12
1780611246.674,137.3,11,0.0,0.12
1780611246.774,137.3,11,0.0,0.12
1780611246.874,137.3,11,0.0,0.12
1780611246.975,137.3,11,0.0,0.12
1780611247.075,137.3,11,0.0,0.12
1780611247.175,137.3,11,0.0,0.12
1780611247.275,137.3,11,0.0,0.12
1780611247.375,137.3,11,0.0,0.12
1780611247.475,137.3,11,0.0,0.12
1780611247.575,137.3,11,0.0,0.12
1780611247.675,137.3,11,0.0,0.12
1780611247.775,137.3,11,0.0,0.12
1780611247.876,137.3,11,0.0,0.12
1780611247.976,137.3,11,0.0,0.12
1780611248.076,137.3,11,0.0,0.12
1780611248.176,137.3,11,0.0,0.12
1780611248.276,137.3,11,0.0,0.12
1780611248.376,137.3,11,0.0,0.12
1780611248.476,137.3,11,0.0,0.12
1780611248.576,137.3,11,0.0,0.12
1780611248.676,137.3,11,0.0,0.12
1780611248.777,137.3,11,0.0,0.12
1780611248.877,137.3,11,0.0,0.12
1780611248.977,137.3,11,0.0,0.12
1780611249.077,137.3,11,0.0,0.12
1780611249.177,137.3,11,0.0,0.12
1780611249.277,137.3,11,0.0,0.12
1780611249.377,137.3,11,0.0,0.12
1780611249.477,137.3,11,0.0,0.12
1780611249.577,137.3,11,0.0,0.12
1780611249.678,137.3,11,0.0,0.12
1780611249.778,137.3,11,0.0,0.12
1780611249.878,137.3,11,0.0,0.12
1780611249.978,137.3,11,0.0,0.12
1780611250.078,137.3,11,0.0,0.12
1780611250.178,137.3,11,0.0,0.12
1780611250.278,137.3,11,0.0,0.12
1780611250.378,137.3,11,0.0,0.12
1780611250.479,137.3,11,0.0,0.12
1780611250.579,137.3,11,0.0,0.12
1780611250.679,137.3,11,0.0,0.12
1780611250.779,137.3,11,0.0,0.12
1780611250.879,137.3,11,0.0,0.12
1780611250.979,137.3,11,10.0,0.12
1780611251.079,137.3,11,0.0,0.12
1780611251.179,137.3,11,0.0,0.12
1780611251.279,137.3,11,0.0,0.12
1780611251.380,137.3,11,0.0,0.12
1780611251.480,137.3,11,0.0,0.12
1780611251.580,137.3,11,0.0,0.12
1780611251.680,137.3,11,0.0,0.12
1780611251.780,137.3,11,0.0,0.12
1780611251.880,137.3,11,0.0,0.12
1780611251.980,137.3,11,0.0,0.12
1780611252.080,137.3,11,0.0,0.12
1780611252.180,137.3,11,0.0,0.12
1780611252.281,137.3,11,0.0,0.12
1780611252.381,137.3,11,0.0,0.12
1780611252.481,137.3,11,0.0,0.12
1780611252.581,137.3,11,0.0,0.12
1780611252.681,137.3,11,0.0,0.12
1780611252.781,137.3,11,0.0,0.12
1780611252.881,137.3,11,0.0,0.12
1780611252.981,137.3,11,0.0,0.12
1780611253.081,137.3,11,0.0,0.12
1780611253.182,137.3,11,0.0,0.12
1780611253.282,137.3,11,0.0,0.12
1780611253.382,137.3,11,0.0,0.12
1780611253.482,137.3,11,0.0,0.12
1780611253.582,137.3,11,0.0,0.12
1780611253.682,137.3,11,0.0,0.12
1780611253.782,137.3,11,0.0,0.12
1780611253.882,137.3,11,0.0,0.12
1780611253.983,137.3,11,0.0,0.12
1780611254.083,137.3,11,0.0,0.12
1780611254.183,137.3,11,0.0,0.12
1780611254.283,137.3,11,0.0,0.12
1780611254.383,137.3,11,0.0,0.12
1780611254.483,137.3,11,0.0,0.12
1780611254.583,137.3,11,0.0,0.12
1780611254.683,137.3,11,0.0,0.12
1780611254.783,137.3,11,0.0,0.12
1780611254.884,137.3,11,0.0,0.12
1780611254.984,137.3,11,0.0,0.12
1780611255.084,137.3,11,0.0,0.12
1780611255.184,137.3,11,0.0,0.12
1780611255.284,137.3,11,0.0,0.12
1780611255.384,137.3,11,0.0,0.12
1780611255.484,137.3,11,0.0,0.12
1780611255.584,137.3,11,0.0,0.12
1780611255.685,137.3,11,0.0,0.12
1780611255.785,137.3,11,0.0,0.12
1780611255.885,137.3,11,0.0,0.12
1780611255.985,137.3,11,0.0,0.12
1780611256.085,137.3,11,0.0,0.12
1780611256.185,137.3,11,0.0,0.12
1780611256.285,137.3,11,0.0,0.12
1780611256.385,137.3,11,0.0,0.12
1780611256.485,137.3,11,0.0,0.12
1780611256.586,137.3,11,0.0,0.12
1780611256.686,137.3,11,0.0,0.12
1780611256.786,137.3,11,0.0,0.12
1780611256.886,137.3,11,0.0,0.12
1780611256.986,137.3,11,0.0,0.12
1780611257.086,137.3,11,0.0,0.12
1780611257.186,137.3,11,0.0,0.12
1780611257.286,137.3,11,0.0,0.12
1780611257.386,137.3,11,0.0,0.12
1780611257.487,137.3,11,0.0,0.12
1780611257.587,137.3,11,0.0,0.12
1780611257.687,137.3,11,0.0,0.12
1780611257.787,137.3,11,0.0,0.12
1780611257.887,137.3,11,0.0,0.12
1780611257.987,137.3,11,0.0,0.12
1780611258.087,137.3,11,0.0,0.12
1780611258.187,137.3,11,0.0,0.12
1780611258.287,137.3,11,0.0,0.12
1780611258.388,137.3,11,0.0,0.12
1780611258.488,137.3,11,0.0,0.12
1780611258.588,137.3,11,0.0,0.12
1780611258.688,137.3,11,0.0,0.12
1780611258.788,137.3,11,0.0,0.12
1780611258.888,137.3,11,0.0,0.12
1780611258.988,137.3,11,0.0,0.12
1780611259.088,137.3,11,0.0,0.12
1780611259.188,137.3,11,0.0,0.12
1780611259.289,137.3,11,0.0,0.12
1780611259.389,137.3,11,0.0,0.12
1780611259.489,137.3,11,0.0,0.12
1780611259.589,137.3,11,0.0,0.12
1780611259.689,137.3,11,0.0,0.12
1780611259.789,137.3,11,0.0,0.12
1780611259.889,137.3,11,0.0,0.12
1780611259.989,137.3,11,0.0,0.12
1780611260.089,137.3,11,0.0,0.12
1780611260.190,137.3,11,0.0,0.12
1780611260.290,137.3,11,0.0,0.12
1780611260.390,137.3,11,0.0,0.12
1780611260.490,137.3,11,0.0,0.12
1780611260.590,137.3,11,0.0,0.12
1780611260.690,137.3,11,0.0,0.12
1780611260.790,137.3,11,0.0,0.12
1780611260.890,137.3,11,0.0,0.12
1780611260.991,137.3,11,0.0,0.12
1780611261.091,137.3,11,0.0,0.12
1780611261.191,137.3,11,0.0,0.12
1780611261.291,137.3,11,0.0,0.12
1780611261.391,137.3,11,0.0,0.12
1780611261.491,137.3,11,0.0,0.12
1780611261.591,137.3,11,0.0,0.12
1780611261.691,137.3,11,0.0,0.12
1780611261.791,137.3,11,0.0,0.12
1780611261.892,137.3,11,0.0,0.12
1780611261.992,137.3,11,0.0,0.12
1780611262.092,137.3,11,0.0,0.12
1780611262.192,137.3,11,0.0,0.12
1780611262.292,137.3,11,0.0,0.12
1780611262.392,137.3,11,0.0,0.12
1780611262.492,137.3,11,0.0,0.12
1780611262.592,137.3,11,0.0,0.12
1780611262.692,137.3,11,0.0,0.12
1780611262.793,137.3,11,0.0,0.12
1780611262.969,186.6,11,56.8,0.12
1780611263.069,186.6,11,0.0,0.30
1780611263.169,186.6,11,0.0,0.30
1780611263.269,186.6,11,0.0,0.30
1780611263.369,186.6,11,0.0,0.30
1780611263.470,186.6,11,0.0,0.30
1780611263.570,186.6,11,0.0,0.30
1780611263.670,186.6,11,0.0,0.30
1780611263.770,186.6,11,0.0,0.30
1780611263.870,186.6,11,0.0,0.30
1780611263.970,186.6,11,0.0,0.30
1780611264.070,186.6,11,0.0,0.30
1780611264.170,186.6,11,0.0,0.30
1780611264.270,186.6,11,0.0,0.30
1780611264.371,186.6,11,0.0,0.30
1780611264.471,186.6,11,0.0,0.30
1780611264.571,186.6,11,0.0,0.30
1780611264.671,186.6,11,0.0,0.30
1780611264.771,186.6,11,0.0,0.30
1780611264.871,186.6,11,0.0,0.30
1780611264.971,186.6,11,0.0,0.30
1780611265.071,186.6,11,0.0,0.30
1780611265.171,186.6,11,0.0,0.30
1780611265.272,186.6,11,0.0,0.30
1780611265.372,186.6,11,0.0,0.30
1780611265.472,186.6,11,0.0,0.30
1780611265.572,186.6,11,0.0,0.30
1780611265.672,186.6,11,0.0,0.30
1780611265.772,186.6,11,0.0,0.30
1780611265.872,186.6,11,0.0,0.30
1780611265.973,186.6,11,0.0,0.30
1780611266.073,186.6,11,0.0,0.30
1780611266.173,186.6,11,0.0,0.30
1780611266.273,186.6,11,0.0,0.30
1780611266.373,186.6,11,0.0,0.30
1780611266.473,186.6,11,0.0,0.30
1780611266.573,186.6,11,0.0,0.30
1780611266.673,186.6,11,0.0,0.30
1780611266.774,186.6,11,0.0,0.30
1780611266.874,186.6,11,0.0,0.30
1780611266.974,186.6,11,0.0,0.30
1780611267.074,186.6,11,0.0,0.30
1780611267.174,186.6,11,0.0,0.30
1780611267.274,186.6,11,0.0,0.30
1780611267.374,186.6,11,0.0,0.30
1780611267.474,186.6,11,0.0,0.30
1780611267.574,186.6,11,0.0,0.30
1780611267.675,186.6,11,0.0,0.30
1780611267.775,186.6,11,0.0,0.30
1780611267.875,186.6,11,10.0,0.30
1780611267.975,186.6,11,0.0,0.30
1780611268.075,186.6,11,0.0,0.30
1780611268.175,186.6,11,0.0,0.30
1780611268.275,186.6,11,0.0,0.30
1780611268.375,186.6,11,0.0,0.30
1780611268.475,186.6,11,0.0,0.30
1780611268.576,186.6,11,0.0,0.30
1780611268.676,186.6,11,0.0,0.30
1780611268.776,186.6,11,0.0,0.30
1780611268.876,186.6,11,0.0,0.30
1780611268.976,186.6,11,0.0,0.30
1780611269.076,186.6,11,0.0,0.30
1780611269.176,186.6,11,0.0,0.30
1780611269.276,186.6,11,0.0,0.30
1780611269.376,186.6,11,0.0,0.23
1780611269.477,186.6,11,0.0,0.13
1780611269.577,186.6,11,0.0,0.13
1780611269.677,186.6,11,0.0,0.13
1780611269.777,186.6,11,0.0,0.13
1780611269.877,186.6,11,0.0,0.13
1780611269.977,186.6,11,0.0,0.12
1780611270.077,186.6,11,0.0,0.12
1780611270.177,186.6,11,0.0,0.12
1780611270.277,186.6,11,0.0,0.12
1780611270.378,186.6,11,0.0,0.12
1780611270.478,186.6,11,0.0,0.12
1780611270.578,186.6,11,0.0,0.12
1780611270.678,186.6,11,0.0,0.12
1780611270.778,186.6,11,0.0,0.12
1780611270.878,186.6,11,0.0,0.12
1780611270.978,186.6,11,0.0,0.12
1780611271.078,186.6,11,0.0,0.12
1780611271.179,186.6,11,0.0,0.12
1780611271.279,186.6,11,0.0,0.12
1780611271.379,186.6,11,0.0,0.12
1780611271.479,186.6,11,0.0,0.12
1780611271.579,186.6,11,0.0,0.12
1780611271.679,186.6,11,0.0,0.12
1780611271.779,186.6,11,0.0,0.12
1780611271.879,186.6,11,0.0,0.12
1780611271.979,186.6,11,0.0,0.12
1780611272.080,186.6,11,0.0,0.12
1780611272.180,186.6,11,0.0,0.12
1780611272.280,186.6,11,0.0,0.12
1780611272.380,186.6,11,0.0,0.12
1780611272.480,186.6,11,0.0,0.12
1780611272.580,186.6,11,0.0,0.12
1780611272.680,186.6,11,0.0,0.12
1780611272.780,186.6,11,0.0,0.12
1780611272.880,186.6,11,0.0,0.12
1780611272.981,186.6,11,0.0,0.12
1780611273.081,186.6,11,0.0,0.12
1780611273.181,186.6,11,0.0,0.12
1780611273.281,186.6,11,0.0,0.13
1780611273.381,186.6,11,0.0,0.13
1780611273.481,186.6,11,0.0,0.13
1780611273.581,186.6,11,0.0,0.12
1780611273.681,186.6,11,0.0,0.12
1780611273.782,186.6,11,0.0,0.12
1780611273.882,186.6,11,0.0,0.12
1780611273.982,186.6,11,0.0,0.12
1780611274.082,186.6,11,0.0,0.12
1780611274.182,186.6,11,0.0,0.12
1780611274.282,186.6,11,0.0,0.12
1780611274.382,186.6,11,0.0,0.12
1780611274.482,186.6,11,0.0,0.12
1780611274.582,186.6,11,0.0,0.12
1780611274.683,186.6,11,0.0,0.12
1780611274.783,186.6,11,0.0,0.12
1780611274.883,186.6,11,0.0,0.12
1780611274.983,186.6,11,0.0,0.12
1780611275.083,186.6,11,0.0,0.12
1780611275.183,186.6,11,0.0,0.12
1780611275.283,186.6,11,0.0,0.12
1780611275.383,186.6,11,0.0,0.12
1780611275.484,186.6,11,0.0,0.12
1780611275.584,186.6,11,0.0,0.12
1780611275.684,186.6,11,0.0,0.12
1780611275.784,186.6,11,0.0,0.12
1780611275.884,186.6,11,0.0,0.12
1780611275.984,186.6,11,0.0,0.12
1780611276.084,186.6,11,0.0,0.12
1780611276.184,186.6,11,0.0,0.12
1780611276.284,186.6,11,0.0,0.12
1780611276.385,186.6,11,0.0,0.12
1780611276.485,186.6,11,0.0,0.12
1780611276.585,186.6,11,0.0,0.12
1780611276.685,186.6,11,0.0,0.12
1780611276.785,186.6,11,0.0,0.12
1780611276.885,186.6,11,0.0,0.12
1780611276.985,186.6,11,0.0,0.12
1780611277.085,186.6,11,0.0,0.12
1780611277.185,186.6,11,0.0,0.12
1780611277.286,186.6,11,0.0,0.12
1780611277.386,186.6,11,0.0,0.12
1780611277.486,186.6,11,0.0,0.12
1780611277.586,186.6,11,0.0,0.12
1780611277.686,186.6,11,0.0,0.12
1780611277.786,186.6,11,0.0,0.12
1780611277.886,186.6,11,0.0,0.12
1780611277.986,186.6,11,0.0,0.12
1780611278.086,186.6,11,0.0,0.12
1780611278.187,186.6,11,0.0,0.12
1780611278.287,186.6,11,0.0,0.12
1780611278.387,186.6,11,0.0,0.18
1780611278.487,186.6,11,0.0,0.18
1780611278.587,186.6,11,0.0,0.18
1780611278.687,186.6,11,0.0,0.18
1780611278.787,186.6,11,0.0,0.18
1780611278.887,186.6,11,0.0,0.18
1780611278.987,186.6,11,0.0,0.18
1780611279.088,186.6,11,0.0,0.18
1780611279.188,186.6,11,0.0,0.18
1780611279.288,186.6,11,0.0,0.18
1780611279.388,186.6,11,0.0,0.18
1780611279.488,186.6,11,0.0,0.18
1780611279.588,186.6,11,0.0,0.18
1780611279.688,186.6,11,0.0,0.12
1780611279.788,186.6,11,0.0,0.12
1780611279.888,186.6,11,0.0,0.12
1780611279.989,186.6,11,0.0,0.12
1780611280.089,186.6,11,0.0,0.12
1780611280.189,186.6,11,0.0,0.12
1780611280.289,186.6,11,0.0,0.12
1780611280.389,186.6,11,0.0,0.12
1780611280.489,186.6,11,0.0,0.12
1780611280.589,186.6,11,0.0,0.12
1780611280.689,186.6,11,0.0,0.12
1780611280.790,186.6,11,0.0,0.12
1780611280.890,186.6,11,0.0,0.12
1780611280.990,186.6,11,0.0,0.12
1780611281.090,186.6,11,0.0,0.12
1780611281.190,186.6,11,0.0,0.12
1780611281.290,186.6,11,0.0,0.12
1780611281.390,186.6,11,0.0,0.12
1780611281.490,186.6,11,0.0,0.12
1780611281.590,186.6,11,0.0,0.12
1780611281.691,186.6,11,0.0,0.12
1780611281.791,186.6,11,0.0,0.12
1780611281.891,186.6,11,0.0,0.12
1780611281.991,186.6,11,0.0,0.12
1780611282.091,186.6,11,0.0,0.12
1780611282.191,186.6,11,0.0,0.12
1780611282.291,186.6,11,0.0,0.12
1780611282.391,186.6,11,0.0,0.12
1780611282.491,186.6,11,0.0,0.12
1780611282.592,186.6,11,0.0,0.12
1780611282.692,186.6,11,0.0,0.12
1780611282.792,186.6,11,0.0,0.12
1780611282.892,186.6,11,0.0,0.12
1780611282.992,186.6,11,0.0,0.12
1780611283.092,186.6,11,0.0,0.12
1780611283.192,186.6,11,0.0,0.12
1780611283.292,186.6,11,0.0,0.18
1780611283.393,186.6,11,0.0,0.18
1780611283.493,186.6,11,0.0,0.18
1780611283.593,186.6,11,0.0,0.18
1780611283.693,186.6,11,0.0,0.18
1780611283.793,186.6,11,0.0,0.18
1780611283.893,186.6,11,0.0,0.18
1780611283.993,186.6,11,0.0,0.18
1780611284.093,186.6,11,0.0,0.18
1780611284.193,186.6,11,0.0,0.18
1780611284.294,186.6,11,0.0,0.18
1780611284.394,186.6,11,0.0,0.18
1780611284.494,186.6,11,0.0,0.18
1780611284.594,186.6,11,0.0,0.18
1780611284.694,186.6,11,0.0,0.18
1780611284.794,186.6,11,0.0,0.12
1780611284.894,186.6,11,0.0,0.12
1780611284.994,186.6,11,0.0,0.12
1780611285.094,186.6,11,0.0,0.12
1780611285.195,186.6,11,0.0,0.12
1780611285.295,186.6,11,0.0,0.12
1780611285.395,186.6,11,0.0,0.12
1780611285.495,186.6,11,10.0,0.12
1780611285.595,186.6,11,0.0,0.12
1780611285.695,186.6,11,0.0,0.12
1780611285.795,186.6,11,0.0,0.12
1780611285.895,186.6,11,0.0,0.12
1780611285.996,186.6,11,0.0,0.12
1780611286.096,186.6,11,0.0,0.12
1780611286.196,186.6,11,0.0,0.12
1780611286.296,186.6,11,0.0,0.12
1780611286.396,186.6,11,0.0,0.12
1780611286.496,186.6,11,0.0,0.12
1780611286.596,186.6,11,0.0,0.12
1780611286.696,186.6,11,0.0,0.12
1780611286.797,186.6,11,0.0,0.12
1780611286.897,186.6,11,0.0,0.12
1780611286.997,186.6,11,0.0,0.12
1780611287.097,186.6,11,0.0,0.12
1780611287.197,186.6,11,0.0,0.12
1780611287.297,186.6,11,0.0,0.12
1780611287.397,186.6,11,0.0,0.12
1780611287.497,186.6,11,0.0,0.12
1780611287.597,186.6,11,0.0,0.12
1780611287.698,186.6,11,0.0,0.12
1780611287.798,186.6,11,0.0,0.12
1780611287.898,186.6,11,0.0,0.12
1780611287.998,186.6,11,0.0,0.12
1780611288.098,186.6,11,0.0,0.12
1780611288.198,186.6,11,0.0,0.12
1780611288.298,186.6,11,0.0,0.12
1780611288.398,186.6,11,0.0,0.12
1780611288.498,186.6,11,0.0,0.12
1780611288.599,186.6,11,0.0,0.12
1780611288.699,186.6,11,0.0,0.12
1780611288.799,186.6,11,0.0,0.12
1780611288.899,186.6,11,0.0,0.12
1780611288.999,186.6,11,0.0,0.12
1780611289.099,186.6,11,0.0,0.12
1780611289.199,186.6,11,0.0,0.12
1780611289.299,186.6,11,0.0,0.12
1780611289.399,186.6,11,0.0,0.12
1780611289.500,186.6,11,0.0,0.12
1780611289.600,186.6,11,0.0,0.12
1780611289.700,186.6,11,0.0,0.12
1780611289.800,186.6,11,0.0,0.12
1780611289.900,186.6,11,0.0,0.12
1780611290.000,186.6,11,0.0,0.12
1780611290.100,186.6,11,0.0,0.12
1780611290.200,186.6,11,0.0,0.12
1780611290.301,186.6,11,0.0,0.12
1780611290.401,186.6,11,0.0,0.12
1780611290.501,186.6,11,0.0,0.12
1780611290.601,186.6,11,0.0,0.12
1780611290.701,186.6,11,0.0,0.12
1780611290.801,186.6,11,0.0,0.12
1780611290.901,186.6,11,0.0,0.12
1780611291.001,186.6,11,0.0,0.12
1780611291.102,186.6,11,0.0,0.12
1780611291.202,186.6,11,0.0,0.12
1780611291.302,186.6,11,0.0,0.12
1780611291.402,186.6,11,0.0,0.12
1780611291.502,186.6,11,0.0,0.12
1780611291.602,186.6,11,0.0,0.12
1780611291.702,186.6,11,0.0,0.12
1780611291.802,186.6,11,0.0,0.12
1780611291.903,186.6,11,0.0,0.12
1780611292.003,186.6,11,0.0,0.12
1780611292.103,186.6,11,0.0,0.12
1780611292.203,186.6,11,0.0,0.12
1780611292.303,186.6,11,0.0,0.12
1780611292.403,186.6,11,0.0,0.12
1780611292.503,186.6,11,0.0,0.12
1780611292.603,186.6,11,0.0,0.12
1780611292.703,186.6,11,0.0,0.12
1780611292.804,186.6,11,0.0,0.12
1780611292.904,186.6,11,0.0,0.12
1780611293.004,186.6,11,0.0,0.12
1780611293.104,186.6,11,0.0,0.12
1780611293.204,186.6,11,0.0,0.12
1780611293.304,186.6,11,0.0,0.12
1780611293.404,186.6,11,0.0,0.12
1780611293.504,186.6,11,0.0,0.12
1780611293.604,186.6,11,0.0,0.12
1780611293.705,186.6,11,0.0,0.12
1780611293.805,186.6,11,0.0,0.12
1780611293.905,186.6,11,0.0,0.12
1780611294.005,186.6,11,0.0,0.12
1780611294.105,186.6,11,0.0,0.12
1780611294.205,186.6,11,0.0,0.12
1780611294.305,186.6,11,0.0,0.12
1780611294.405,186.6,11,0.0,0.12
1780611294.506,186.6,11,0.0,0.12
1780611294.606,186.6,11,0.0,0.12
1780611294.706,186.6,11,0.0,0.12
1780611294.806,186.6,11,0.0,0.12
1780611294.906,186.6,11,0.0,0.12
1780611295.006,186.6,11,0.0,0.12
1780611295.106,186.6,11,0.0,0.12
1780611295.206,186.6,11,0.0,0.12
1780611295.306,186.6,11,0.0,0.12
1780611295.407,186.6,11,0.0,0.12
1780611295.507,186.6,11,10.0,0.12
1780611295.607,186.6,11,0.0,0.12
1780611295.707,186.6,11,0.0,0.12
1780611295.807,186.6,11,0.0,0.12
1780611295.907,186.6,11,0.0,0.12
1780611296.007,186.6,11,0.0,0.12
1780611296.108,186.6,11,0.0,0.13
1780611296.208,186.6,11,0.0,0.13
1780611296.308,186.6,11,0.0,0.13
1780611296.408,186.6,11,0.0,0.13
1780611296.508,186.6,11,0.0,0.13
1780611296.608,186.6,11,0.0,0.13
1780611296.708,186.6,11,0.0,0.13
1780611296.808,186.6,11,0.0,0.13
1780611296.908,186.6,11,0.0,0.13
1780611297.009,186.6,11,0.0,0.13
1780611297.109,186.6,11,0.0,0.13
1780611297.209,186.6,11,0.0,0.13
1780611297.309,186.6,11,0.0,0.13
1780611297.409,186.6,11,0.0,0.13
1780611297.509,186.6,11,0.0,0.13
1780611297.609,186.6,11,0.0,0.13
1780611297.709,186.6,11,0.0,0.13
1780611297.809,186.6,11,0.0,0.13
1780611297.910,186.6,11,0.0,0.13
1780611298.010,186.6,11,0.0,0.13
1780611298.110,186.6,11,0.0,0.13
1780611298.210,186.6,11,0.0,0.13
1780611298.310,186.6,11,0.0,0.13
1780611298.410,186.6,11,0.0,0.13
1780611298.510,186.6,11,0.0,0.13
1780611298.610,186.6,11,0.0,0.13
1780611298.710,186.6,11,0.0,0.13
1780611298.811,186.6,11,0.0,0.13
1780611298.911,186.6,11,0.0,0.13
1780611299.011,186.6,11,0.0,0.13
1780611299.111,186.6,11,0.0,0.13
1780611299.211,186.6,11,0.0,0.13
1780611299.311,186.6,11,0.0,0.13
1780611299.411,186.6,11,0.0,0.13
1780611299.511,186.6,11,0.0,0.13
1780611299.612,186.6,11,0.0,0.13
1780611299.712,186.6,11,0.0,0.12
1780611299.812,186.6,11,0.0,0.12
1780611299.912,186.6,11,0.0,0.12
1780611300.012,186.6,11,0.0,0.12
1780611300.112,186.6,11,0.0,0.12
1780611300.212,186.6,11,0.0,0.12
1780611300.312,186.6,11,0.0,0.12
1780611300.413,186.6,11,0.0,0.12
1780611300.513,186.6,11,0.0,0.12
1780611300.613,186.6,11,0.0,0.12
1780611300.713,186.6,11,0.0,0.12
1780611300.813,186.6,11,0.0,0.12
1780611300.913,186.6,11,0.0,0.12
1780611301.013,186.6,11,0.0,0.12
1780611301.113,186.6,11,0.0,0.12
1780611301.214,186.6,11,0.0,0.12
1780611301.314,186.6,11,0.0,0.12
1780611301.414,186.6,11,0.0,0.12
1780611301.514,186.6,11,0.0,0.12
1780611301.614,186.6,11,0.0,0.12
1780611301.714,186.6,11,0.0,0.12
1780611301.814,186.6,11,0.0,0.12
1780611301.914,186.6,11,0.0,0.12
1780611302.014,186.6,11,0.0,0.12
1780611302.115,186.6,11,0.0,0.12
1780611302.215,186.6,11,0.0,0.12
1780611302.315,186.6,11,0.0,0.12
1780611302.415,186.6,11,0.0,0.12
1780611302.515,186.6,11,0.0,0.12
1780611302.615,186.6,11,0.0,0.12
1780611302.715,186.6,11,0.0,0.12
1780611302.815,186.6,11,0.0,0.12
1780611302.916,186.6,11,0.0,0.12
1780611303.016,186.6,11,0.0,0.12
1780611303.116,186.6,11,0.0,0.12
1780611303.216,186.6,11,0.0,0.12
1780611303.316,186.6,11,0.0,0.12
1780611303.416,186.6,11,0.0,0.12
1780611303.516,186.6,11,0.0,0.12
1780611303.616,186.6,11,0.0,0.12
1780611303.717,186.6,11,0.0,0.12
1780611303.817,186.6,11,0.0,0.12
1780611303.917,186.6,11,0.0,0.12
1780611304.017,186.6,11,0.0,0.12
1780611304.117,186.6,11,0.0,0.12
1780611304.217,186.6,11,0.0,0.12
1780611304.317,186.6,11,0.0,0.12
1780611304.417,186.6,11,0.0,0.12
1780611304.518,186.6,11,0.0,0.12
1780611304.618,186.6,11,0.0,0.12
1780611304.718,186.6,11,0.0,0.12
1780611304.818,186.6,11,0.0,0.12
1780611304.918,186.6,11,0.0,0.12
1780611305.018,186.6,11,0.0,0.12
1780611305.118,186.6,11,0.0,0.12
1780611305.218,186.6,11,0.0,0.12
1780611305.319,186.6,11,0.0,0.12
1780611305.419,186.6,11,0.0,0.12
1780611305.519,186.6,11,0.0,0.12
1780611305.619,186.6,11,0.0,0.12
1780611305.719,186.6,11,0.0,0.12
1780611305.819,186.6,11,0.0,0.12
1780611305.919,186.6,11,0.0,0.12
1780611306.019,186.6,11,0.0,0.12
1780611306.120,186.6,11,0.0,0.12
1780611306.220,186.6,11,0.0,0.12
1780611306.320,186.6,11,0.0,0.12
1780611306.420,186.6,11,0.0,0.12
1780611306.520,186.6,11,0.0,0.12
1780611306.620,186.6,11,0.0,0.12
1780611306.720,186.6,11,0.0,0.12
1780611306.820,186.6,11,0.0,0.12
1780611306.921,186.6,11,0.0,0.12
1780611307.021,186.6,11,0.0,0.12
1780611307.121,186.6,11,0.0,0.12
1780611307.221,186.6,11,0.0,0.12
1780611307.321,186.6,11,0.0,0.12
1780611307.421,186.6,11,0.0,0.12
1780611307.521,186.6,11,10.0,0.12
1780611307.621,186.6,11,0.0,0.12
1780611307.721,186.6,11,0.0,0.12
1780611307.822,186.6,11,0.0,0.12
1780611307.922,186.6,11,0.0,0.12
1780611308.022,186.6,11,0.0,0.12
1780611308.122,186.6,11,0.0,0.12
1780611308.222,186.6,11,0.0,0.12
1780611308.322,186.6,11,0.0,0.13
1780611308.422,186.6,11,0.0,0.13
1780611308.522,186.6,11,0.0,0.13
1780611308.623,186.6,11,0.0,0.13
1780611308.723,186.6,11,0.0,0.13
1780611308.823,186.6,11,0.0,0.13
1780611308.923,186.6,11,0.0,0.13
1780611309.023,186.6,11,0.0,0.13
1780611309.123,186.6,11,0.0,0.13
1780611309.223,186.6,11,0.0,0.13
1780611309.323,186.6,11,0.0,0.13
1780611309.423,186.6,11,0.0,0.13
1780611309.524,186.6,11,0.0,0.13
1780611309.624,186.6,11,0.0,0.13
1780611309.724,186.6,11,0.0,0.12
1780611309.824,186.6,11,0.0,0.12
1780611309.924,186.6,11,0.0,0.12
1780611310.024,186.6,11,0.0,0.12
1780611310.124,186.6,11,0.0,0.12
1780611310.224,186.6,11,0.0,0.12
1780611310.324,186.6,11,0.0,0.12
1780611310.425,186.6,11,0.0,0.12
1780611310.525,186.6,11,0.0,0.12
1780611310.625,186.6,11,0.0,0.12
1780611310.725,186.6,11,0.0,0.12
1780611310.825,186.6,11,0.0,0.12
1780611310.925,186.6,11,0.0,0.12
1780611311.025,186.6,11,0.0,0.12
1780611311.126,186.6,11,0.0,0.12
1780611311.226,186.6,11,0.0,0.12
1780611311.326,186.6,11,0.0,0.12
1780611311.426,186.6,11,0.0,0.12
1780611311.526,186.6,11,0.0,0.12
1780611311.626,186.6,11,0.0,0.12
1780611311.726,186.6,11,0.0,0.12
1780611311.826,186.6,11,0.0,0.12
1780611311.926,186.6,11,0.0,0.12
1780611312.027,186.6,11,0.0,0.12
1780611312.127,186.6,11,0.0,0.12
1780611312.227,186.6,11,0.0,0.12
1780611312.327,186.6,11,0.0,0.12
1780611312.427,186.6,11,0.0,0.12
1780611312.527,186.6,11,0.0,0.12
1780611312.627,186.6,11,0.0,0.12
1780611312.727,186.6,11,0.0,0.12
1780611312.827,186.6,11,0.0,0.12
1780611312.928,186.6,11,0.0,0.12
1780611313.028,186.6,11,0.0,0.12
1780611313.128,186.6,11,0.0,0.12
1780611313.228,186.6,11,0.0,0.13
1780611313.328,186.6,11,0.0,0.13
1780611313.428,186.6,11,0.0,0.13
1780611313.528,186.6,11,0.0,0.13
1780611313.628,186.6,11,0.0,0.13
1780611313.729,186.6,11,0.0,0.13
1780611313.829,186.6,11,0.0,0.13
1780611313.929,186.6,11,0.0,0.13
1780611314.029,186.6,11,0.0,0.13
1780611314.129,186.6,11,0.0,0.13
1780611314.229,186.6,11,0.0,0.13
1780611314.329,186.6,11,0.0,0.13
1780611314.429,186.6,11,0.0,0.13
1780611314.529,186.6,11,0.0,0.13
1780611314.630,186.6,11,0.0,0.13
1780611314.730,186.6,11,0.0,0.12
1780611314.830,186.6,11,0.0,0.12
1780611314.930,186.6,11,0.0,0.12
1780611315.030,186.6,11,0.0,0.12
1780611315.130,186.6,11,0.0,0.12
1780611315.230,186.6,11,0.0,0.12
1780611315.330,186.6,11,0.0,0.12
1780611315.431,186.6,11,0.0,0.12
1780611315.531,186.6,11,0.0,0.12
1780611315.631,186.6,11,0.0,0.12
1780611315.731,186.6,11,0.0,0.12
1780611315.831,186.6,11,0.0,0.12
1780611315.931,186.6,11,0.0,0.12
1780611316.031,186.6,11,0.0,0.12
1780611316.131,186.6,11,0.0,0.12
1780611316.232,186.6,11,0.0,0.12
1780611316.332,186.6,11,0.0,0.12
1780611316.432,186.6,11,0.0,0.12
1780611316.532,186.6,11,0.0,0.12
1780611316.632,186.6,11,0.0,0.12
1780611316.732,186.6,11,0.0,0.12
1780611316.832,186.6,11,0.0,0.12
1780611316.932,186.6,11,0.0,0.12
1780611317.033,186.6,11,0.0,0.12
1780611317.133,186.6,11,0.0,0.12
1780611317.233,186.6,11,0.0,0.12
1780611317.333,186.6,11,0.0,0.12
1780611317.433,186.6,11,0.0,0.12
1780611317.533,186.6,11,0.0,0.12
1780611317.633,186.6,11,0.0,0.12
1780611317.733,186.6,11,0.0,0.12
1780611317.834,186.6,11,0.0,0.12
1780611317.934,186.6,11,0.0,0.12
1780611318.034,186.6,11,0.0,0.12
1780611318.134,186.6,11,0.0,0.12
1780611318.234,186.6,11,0.0,0.12
1780611318.334,186.6,11,0.0,0.12
1780611318.434,186.6,11,0.0,0.12
1780611318.534,186.6,11,0.0,0.12
1780611318.634,186.6,11,0.0,0.12
1780611318.735,186.6,11,0.0,0.12
1780611318.835,186.6,11,0.0,0.13
1780611318.935,186.6,11,0.0,0.13
1780611319.035,186.6,11,0.0,0.13
1780611319.135,186.6,11,0.0,0.13
1780611319.235,186.6,11,0.0,0.13
1780611319.335,186.6,11,0.0,0.13
1780611319.435,186.6,11,0.0,0.13
1780611319.535,186.6,11,0.0,0.13
1780611319.636,186.6,11,0.0,0.12
1780611319.736,186.6,11,0.0,0.12
1780611319.836,186.6,11,0.0,0.12
1780611319.936,186.6,11,0.0,0.12
1780611320.036,186.6,11,0.0,0.12
1780611320.136,186.6,11,0.0,0.12
1780611320.236,186.6,11,0.0,0.12
1780611320.336,186.6,11,0.0,0.12
1780611320.437,186.6,11,0.0,0.12
1780611320.537,186.6,11,0.0,0.12
1780611320.637,186.6,11,0.0,0.12
1780611320.737,186.6,11,0.0,0.12
1780611320.837,186.6,11,0.0,0.12
1780611320.937,186.6,11,0.0,0.12
1780611321.037,186.6,11,0.0,0.12
1780611321.137,186.6,11,0.0,0.12
1780611321.238,186.6,11,0.0,0.12
1780611321.338,186.6,11,0.0,0.12
1780611321.438,186.6,11,0.0,0.12
1780611321.538,186.6,11,0.0,0.12
1780611321.638,186.6,11,0.0,0.12
1780611321.738,186.6,11,0.0,0.12
1780611321.838,186.6,11,0.0,0.12
1780611321.938,186.6,11,0.0,0.12
1780611322.038,186.6,11,0.0,0.12
1780611322.139,186.6,11,0.0,0.12
1780611322.239,186.6,11,0.0,0.12
1780611322.339,186.6,11,0.0,0.12
1780611322.439,186.6,11,0.0,0.12
1780611322.539,186.6,11,0.0,0.12
1780611322.639,186.6,11,0.0,0.12
1780611322.739,186.6,11,0.0,0.12
1780611322.839,186.6,11,0.0,0.12
1780611322.940,186.6,11,0.0,0.12
1780611323.040,186.6,11,0.0,0.12
1780611323.140,186.6,11,0.0,0.12
1780611323.240,186.6,11,0.0,0.13
1780611323.340,186.6,11,0.0,0.13
1780611323.440,186.6,11,0.0,0.13
1780611323.540,186.6,11,0.0,0.13
1780611323.640,186.6,11,0.0,0.13
1780611323.740,186.6,11,0.0,0.13
1780611323.841,186.6,11,0.0,0.13
1780611323.941,186.6,11,0.0,0.13
1780611324.041,186.6,11,0.0,0.13
1780611324.141,186.6,11,0.0,0.13
1780611324.241,186.6,11,0.0,0.13
1780611324.341,186.6,11,0.0,0.13
1780611324.441,186.6,11,0.0,0.13
1780611324.541,186.6,11,0.0,0.13
1780611324.641,186.6,11,0.0,0.13
1780611324.742,186.6,11,0.0,0.13
1780611324.842,186.6,11,0.0,0.13
1780611324.942,186.6,11,0.0,0.13
1780611325.042,186.6,11,0.0,0.13
1780611325.142,186.6,11,10.0,0.13
1780611325.242,186.6,11,0.0,0.12
1780611325.342,186.6,11,0.0,0.12
1780611325.442,186.6,11,0.0,0.12
1780611325.543,186.6,11,0.0,0.12
1780611325.643,186.6,11,0.0,0.12
1780611325.743,186.6,11,0.0,0.12
1780611325.843,186.6,11,0.0,0.12
1780611325.943,186.6,11,0.0,0.12
1780611326.043,186.6,11,0.0,0.12
1780611326.143,186.6,11,0.0,0.12
1780611326.243,186.6,11,0.0,0.12
1780611326.343,186.6,11,0.0,0.12
1780611326.444,186.6,11,0.0,0.12
1780611326.544,186.6,11,0.0,0.12
1780611326.644,186.6,11,0.0,0.12
1780611326.744,186.6,11,0.0,0.12
1780611326.844,186.6,11,0.0,0.12
1780611326.944,186.6,11,0.0,0.12
1780611327.044,186.6,11,0.0,0.12
1780611327.144,186.6,11,0.0,0.12
1780611327.244,186.6,11,0.0,0.12
1780611327.345,186.6,11,0.0,0.12
1780611327.445,186.6,11,0.0,0.12
1780611327.545,186.6,11,0.0,0.12
1780611327.645,186.6,11,0.0,0.12
1780611327.745,186.6,11,0.0,0.12
1780611327.845,186.6,11,0.0,0.12
1780611327.945,186.6,11,0.0,0.12
1780611328.045,186.6,11,0.0,0.12
1780611328.145,186.6,11,0.0,0.12
1780611328.246,186.6,11,0.0,0.12
1780611328.346,186.6,11,0.0,0.12
1780611328.446,186.6,11,0.0,0.12
1780611328.546,186.6,11,0.0,0.12
1780611328.646,186.6,11,0.0,0.12
1780611328.746,186.6,11,0.0,0.12
1780611328.846,186.6,11,0.0,0.12
1780611328.946,186.6,11,0.0,0.12
1780611329.046,186.6,11,0.0,0.12
1780611329.147,186.6,11,0.0,0.12
1780611329.247,186.6,11,0.0,0.12
1780611329.347,186.6,11,0.0,0.12
1780611329.447,186.6,11,0.0,0.12
1780611329.547,186.6,11,0.0,0.12
1780611329.647,186.6,11,0.0,0.12
1780611329.747,186.6,11,0.0,0.12
1780611329.847,186.6,11,0.0,0.12
1780611329.947,186.6,11,0.0,0.12
1780611330.047,186.6,11,0.0,0.12
1780611330.148,186.6,11,0.0,0.12
1780611330.248,186.6,11,0.0,0.12
1780611330.348,186.6,11,0.0,0.12
1780611330.448,186.6,11,0.0,0.12
1780611330.548,186.6,11,0.0,0.12
1780611330.648,186.6,11,0.0,0.12
1780611330.748,186.6,11,0.0,0.12
1780611330.848,186.6,11,0.0,0.12
1780611330.948,186.6,11,0.0,0.12
1780611331.049,186.6,11,0.0,0.12
1780611331.149,186.6,11,0.0,0.12
1780611331.249,186.6,11,0.0,0.12
1780611331.349,186.6,11,0.0,0.12
1780611331.449,186.6,11,0.0,0.12
1780611331.549,186.6,11,0.0,0.12
1780611331.649,186.6,11,0.0,0.12
1780611331.749,186.6,11,0.0,0.12
1780611331.849,186.6,11,0.0,0.12
1780611331.949,186.6,11,0.0,0.12
1780611332.050,186.6,11,0.0,0.12
1780611332.150,186.6,11,0.0,0.12
1780611332.250,186.6,11,0.0,0.12
1780611332.350,186.6,11,0.0,0.12
1780611332.450,186.6,11,0.0,0.12
1780611332.550,186.6,11,0.0,0.12
1780611332.650,186.6,11,0.0,0.12
1780611332.750,186.6,11,0.0,0.12
1780611332.850,186.6,11,0.0,0.12
1780611332.951,186.6,11,0.0,0.12
1780611333.051,186.6,11,0.0,0.12
1780611333.151,186.6,11,0.0,0.12
1780611333.251,186.6,11,0.0,0.12
1780611333.351,186.6,11,0.0,0.12
1780611333.451,186.6,11,0.0,0.12
1780611333.551,186.6,11,0.0,0.12
1780611333.651,186.6,11,0.0,0.12
1780611333.751,186.6,11,0.0,0.12
1780611333.851,186.6,11,0.0,0.12
1780611333.952,186.6,11,0.0,0.12
1780611334.052,186.6,11,0.0,0.12
1780611334.152,186.6,11,0.0,0.12
1780611334.252,186.6,11,0.0,0.12
1780611334.352,186.6,11,0.0,0.12
1780611334.452,186.6,11,0.0,0.12
1780611334.552,186.6,11,0.0,0.12
1780611334.652,186.6,11,0.0,0.12
1780611334.752,186.6,11,0.0,0.12
1780611334.853,186.6,11,0.0,0.12
1780611334.953,186.6,11,0.0,0.12
1780611335.053,186.6,11,0.0,0.12
1780611335.153,186.6,11,0.0,0.12
1780611335.253,186.6,11,0.0,0.12
1780611335.353,186.6,11,0.0,0.12
1780611335.453,186.6,11,0.0,0.12
1780611335.553,186.6,11,0.0,0.12
1780611335.653,186.6,11,0.0,0.12
1780611335.753,186.6,11,0.0,0.12
1780611335.854,186.6,11,0.0,0.12
1780611335.954,186.6,11,0.0,0.12
1780611336.054,186.6,11,0.0,0.12
1780611336.154,186.6,11,0.0,0.12
1780611336.254,186.6,11,0.0,0.12
1780611336.354,186.6,11,0.0,0.12
1780611336.454,186.6,11,0.0,0.12
1780611336.554,186.6,11,0.0,0.12
1780611336.654,186.6,11,0.0,0.12
1780611336.754,186.6,11,0.0,0.12
1780611336.855,186.6,11,0.0,0.12
1780611336.955,186.6,11,0.0,0.12
1780611337.055,186.6,11,0.0,0.12
1780611337.155,186.6,11,0.0,0.12
1780611337.255,186.6,11,0.0,0.12
1780611337.355,186.6,11,0.0,0.12
1780611337.455,186.6,11,0.0,0.12
1780611337.555,186.6,11,0.0,0.12
1780611337.655,186.6,11,0.0,0.12
1780611337.756,186.6,11,0.0,0.12
1780611337.856,186.6,11,0.0,0.11
1780611337.956,186.6,11,0.0,0.11
1780611338.056,186.6,11,0.0,0.11
1780611338.156,186.6,11,0.0,0.12
1780611338.256,186.6,11,0.0,0.12
1780611338.356,186.6,11,0.0,0.12
1780611338.456,186.6,11,0.0,0.12
1780611338.556,186.6,11,0.0,0.12
1780611338.656,186.6,11,0.0,0.12
1780611338.757,186.6,11,0.0,0.12
1780611338.857,186.6,11,0.0,0.12
1780611338.957,186.6,11,0.0,0.12
1780611339.057,186.6,11,0.0,0.12
1780611339.157,186.6,11,0.0,0.12
1780611339.257,186.6,11,0.0,0.12
1780611339.357,186.6,11,0.0,0.12
1780611339.457,186.6,11,0.0,0.12
1780611339.557,186.6,11,0.0,0.12
1780611339.658,186.6,11,0.0,0.12
1780611339.758,186.6,11,0.0,0.12
1780611339.858,186.6,11,0.0,0.12
1780611339.958,186.6,11,0.0,0.12
1780611340.058,186.6,11,0.0,0.12
1780611340.158,186.6,11,0.0,0.12
1780611340.258,186.6,11,0.0,0.12
1780611340.358,186.6,11,0.0,0.12
1780611340.458,186.6,11,0.0,0.12
1780611340.558,186.6,11,0.0,0.12
1780611340.659,186.6,11,0.0,0.12
1780611340.759,186.6,11,0.0,0.12
1780611340.859,186.6,11,0.0,0.12
1780611340.959,186.6,11,0.0,0.12
1780611341.059,186.6,11,0.0,0.12
1780611341.159,186.6,11,0.0,0.12
1780611341.259,186.6,11,0.0,0.12
1780611341.359,186.6,11,0.0,0.12
1780611341.459,186.6,11,0.0,0.12
1780611341.559,186.6,11,0.0,0.12
1780611341.660,186.6,11,0.0,0.12
1780611341.760,186.6,11,0.0,0.12
1780611341.860,186.6,11,0.0,0.12
1780611341.960,186.6,11,0.0,0.12
1780611342.060,186.6,11,0.0,0.12
1780611342.160,186.6,11,0.0,0.12
1780611342.260,186.6,11,0.0,0.12
1780611342.360,186.6,11,0.0,0.12
1780611342.460,186.6,11,0.0,0.12
1780611342.561,186.6,11,0.0,0.12
1780611342.661,186.6,11,0.0,0.12
1780611342.761,186.6,11,0.0,0.12
1780611342.861,186.6,11,0.0,0.12
1780611342.961,186.6,11,0.0,0.12
1780611343.061,186.6,11,0.0,0.12
1780611343.161,186.6,11,0.0,0.12
1780611343.261,186.6,11,0.0,0.12
1780611343.361,186.6,11,0.0,0.12
1780611343.462,186.6,11,0.0,0.12
1780611343.562,186.6,11,0.0,0.12
1780611343.662,186.6,11,0.0,0.12
1780611343.762,186.6,11,0.0,0.12
1780611343.862,186.6,11,0.0,0.12
1780611343.962,186.6,11,0.0,0.12
1780611344.062,186.6,11,0.0,0.12
1780611344.162,186.6,11,0.0,0.12
1780611344.262,186.6,11,0.0,0.12
1780611344.363,186.6,11,0.0,0.12
1780611344.463,186.6,11,0.0,0.12
1780611344.563,186.6,11,0.0,0.12
1780611344.663,186.6,11,0.0,0.12
1780611344.763,186.6,11,0.0,0.12
1780611344.863,186.6,11,0.0,0.12
1780611344.963,186.6,11,0.0,0.12
1780611345.063,186.6,11,0.0,0.12
1780611345.163,186.6,11,0.0,0.12
1780611345.263,186.6,11,0.0,0.12
1780611345.364,186.6,11,0.0,0.12
1780611345.464,186.6,11,0.0,0.12
1780611345.564,186.6,11,0.0,0.12
1780611345.664,186.6,11,10.0,0.12
1780611345.764,186.6,11,0.0,0.12
1780611345.864,186.6,11,0.0,0.12
1780611345.964,186.6,11,0.0,0.12
1780611346.064,186.6,11,0.0,0.12
1780611346.164,186.6,11,0.0,0.12
1780611346.264,186.6,11,0.0,0.12
1780611346.365,186.6,11,0.0,0.12
1780611346.465,186.6,11,0.0,0.12
1780611346.565,186.6,11,0.0,0.12
1780611346.665,186.6,11,0.0,0.12
1780611346.765,186.6,11,0.0,0.12
1780611346.865,186.6,11,0.0,0.12
1780611346.965,186.6,11,0.0,0.12
1780611347.065,186.6,11,0.0,0.12
1780611347.165,186.6,11,0.0,0.12
1780611347.266,186.6,11,0.0,0.12
1780611347.366,186.6,11,0.0,0.12
1780611347.466,186.6,11,0.0,0.12
1780611347.566,186.6,11,0.0,0.12
1780611347.666,186.6,11,0.0,0.12
1780611347.766,186.6,11,0.0,0.12
1780611347.866,186.6,11,0.0,0.12
1780611347.966,186.6,11,0.0,0.12
1780611348.066,186.6,11,0.0,0.12
1780611348.166,186.6,11,0.0,0.12
1780611348.267,186.6,11,0.0,0.12
1780611348.367,186.6,11,0.0,0.12
1780611348.467,186.6,11,0.0,0.12
1780611348.567,186.6,11,0.0,0.12
1780611348.667,186.6,11,0.0,0.12
1780611348.767,186.6,11,0.0,0.12
1780611348.867,186.6,11,0.0,0.12
1780611348.967,186.6,11,0.0,0.12
1780611349.067,186.6,11,0.0,0.12
1780611349.167,186.6,11,0.0,0.12
1780611349.268,186.6,11,0.0,0.12
1780611349.368,186.6,11,0.0,0.12
1780611349.468,186.6,11,0.0,0.12
1780611349.568,186.6,11,0.0,0.12
1780611349.668,186.6,11,0.0,0.12
1780611349.768,186.6,11,0.0,0.12
1780611349.868,186.6,11,0.0,0.12
1780611349.968,186.6,11,0.0,0.12
1780611350.068,186.6,11,0.0,0.12
1780611350.169,186.6,11,0.0,0.12
1780611350.269,186.6,11,0.0,0.12
1780611350.369,186.6,11,0.0,0.12
1780611350.469,186.6,11,0.0,0.12
1780611350.569,186.6,11,0.0,0.12
1780611350.669,186.6,11,0.0,0.12
1780611350.769,186.6,11,0.0,0.12
1780611350.869,186.6,11,0.0,0.12
1780611350.969,186.6,11,0.0,0.12
1780611351.070,186.6,11,0.0,0.12
1780611351.170,186.6,11,0.0,0.12
1780611351.270,186.6,11,0.0,0.12
1780611351.370,186.6,11,0.0,0.12
1780611351.470,186.6,11,0.0,0.12
1780611351.570,186.6,11,0.0,0.12
1780611351.670,186.6,11,0.0,0.12
1780611351.770,186.6,11,0.0,0.12
1780611351.870,186.6,11,0.0,0.12
1780611351.970,186.6,11,0.0,0.12
1780611352.071,186.6,11,0.0,0.12
1780611352.171,186.6,11,0.0,0.12
1780611352.271,186.6,11,0.0,0.12
1780611352.371,186.6,11,0.0,0.12
1780611352.471,186.6,11,0.0,0.12
1780611352.571,186.6,11,0.0,0.12
1780611352.671,186.6,11,0.0,0.12
1780611352.771,186.6,11,0.0,0.12
1780611352.871,186.6,11,0.0,0.12
1780611352.971,186.6,11,0.0,0.12
1780611353.072,186.6,11,0.0,0.12
1780611353.172,186.6,11,0.0,0.12
1780611353.272,186.6,11,0.0,0.12
1780611353.372,186.6,11,0.0,0.12
1780611353.472,186.6,11,0.0,0.12
1780611353.572,186.6,11,0.0,0.12
1780611353.672,186.6,11,0.0,0.12
1780611353.773,186.6,11,0.0,0.12
1780611353.873,186.6,11,0.0,0.12
1780611353.973,186.6,11,0.0,0.12
1780611354.073,186.6,11,0.0,0.12
1780611354.173,186.6,11,0.0,0.12
1780611354.273,186.6,11,0.0,0.12
1780611354.373,186.6,11,0.0,0.12
1780611354.473,186.6,11,0.0,0.12
1780611354.573,186.6,11,0.0,0.12
1780611354.674,186.6,11,0.0,0.12
1780611354.774,186.6,11,0.0,0.12
1780611354.874,186.6,11,0.0,0.12
1780611354.974,186.6,11,0.0,0.12
1780611355.074,186.6,11,0.0,0.12
1780611355.174,186.6,11,0.0,0.12
1780611355.274,186.6,11,0.0,0.12
1780611355.374,186.6,11,0.0,0.12
1780611355.475,186.6,11,0.0,0.12
1780611355.620,189.6,11,69.0,0.20
1780611355.720,189.6,11,0.0,0.29
1780611355.820,189.6,11,0.0,0.29
1780611355.920,189.6,11,0.0,0.29
1780611356.020,189.6,11,0.0,0.29
1780611356.120,189.6,11,0.0,0.29
1780611356.220,189.6,11,0.0,0.29
1780611356.320,189.6,11,0.0,0.29
1780611356.421,189.6,11,0.0,0.29
1780611356.521,189.6,11,0.0,0.29
1780611356.621,189.6,11,0.0,0.29
1780611356.721,189.6,11,0.0,0.29
1780611356.821,189.6,11,0.0,0.29
1780611356.921,189.6,11,0.0,0.29
1780611357.021,189.6,11,0.0,0.29
1780611357.121,189.6,11,0.0,0.29
1780611357.222,189.6,11,0.0,0.29
1780611357.322,189.6,11,0.0,0.29
1780611357.422,189.6,11,0.0,0.29
1780611357.522,189.6,11,0.0,0.29
1780611357.622,189.6,11,0.0,0.29
1780611357.722,189.6,11,0.0,0.29
1780611357.822,189.6,11,0.0,0.29
1780611357.922,189.6,11,0.0,0.29
1780611358.022,189.6,11,0.0,0.29
1780611358.123,189.6,11,0.0,0.29
1780611358.223,189.6,11,0.0,0.29
1780611358.323,189.6,11,0.0,0.29
1780611358.423,189.6,11,0.0,0.29
1780611358.523,189.6,11,0.0,0.29
1780611358.623,189.6,11,0.0,0.29
1780611358.723,189.6,11,0.0,0.29
1780611358.823,189.6,11,0.0,0.29
1780611358.924,189.6,11,0.0,0.29
1780611359.024,189.6,11,0.0,0.29
1780611359.124,189.6,11,0.0,0.29
1780611359.224,189.6,11,0.0,0.29
1780611359.324,189.6,11,0.0,0.29
1780611359.424,189.6,11,0.0,0.29
1780611359.524,189.6,11,0.0,0.29
1780611359.624,189.6,11,0.0,0.29
1780611359.725,189.6,11,0.0,0.29
1780611359.825,189.6,11,0.0,0.29
1780611359.925,189.6,11,0.0,0.29
1780611360.025,189.6,11,0.0,0.29
1780611360.125,189.6,11,0.0,0.29
1780611360.225,189.6,11,0.0,0.29
1780611360.325,189.6,11,0.0,0.29
1780611360.426,189.6,11,0.0,0.29
1780611360.526,189.6,11,0.0,0.29
1780611360.626,189.6,11,0.0,0.29
1780611360.726,189.6,11,0.0,0.29
1780611360.826,189.6,11,0.0,0.29
1780611360.926,189.6,11,0.0,0.29
1780611361.026,189.6,11,0.0,0.29
1780611361.126,189.6,11,0.0,0.29
1780611361.227,189.6,11,0.0,0.29
1780611361.327,189.6,11,0.0,0.29
1780611361.427,189.6,11,0.0,0.29
1780611361.527,189.6,11,0.0,0.29
1780611361.627,189.6,11,0.0,0.29
1780611361.727,189.6,11,0.0,0.29
1780611361.827,189.6,11,0.0,0.29
1780611361.927,189.6,11,0.0,0.29
1780611362.028,189.6,11,0.0,0.12
1780611362.128,189.6,11,0.0,0.12
1780611362.228,189.6,11,0.0,0.12
1780611362.328,189.6,11,0.0,0.12
1780611362.428,189.6,11,0.0,0.12
1780611362.528,189.6,11,0.0,0.12
1780611362.628,189.6,11,0.0,0.12
1780611362.728,189.6,11,0.0,0.12
1780611362.829,189.6,11,0.0,0.12
1780611362.929,189.6,11,0.0,0.12
1780611363.029,189.6,11,0.0,0.12
1780611363.129,189.6,11,0.0,0.12
1780611363.229,189.6,11,0.0,0.12
1780611363.329,189.6,11,0.0,0.12
1780611363.429,189.6,11,0.0,0.12
1780611363.529,189.6,11,0.0,0.12
1780611363.630,189.6,11,0.0,0.12
1780611363.730,189.6,11,0.0,0.12
1780611363.830,189.6,11,0.0,0.12
1780611363.930,189.6,11,0.0,0.12
1780611364.030,189.6,11,0.0,0.12
1780611364.130,189.6,11,0.0,0.12
1780611364.230,189.6,11,0.0,0.12
1780611364.330,189.6,11,0.0,0.12
1780611364.430,189.6,11,0.0,0.12
1780611364.531,189.6,11,0.0,0.12
1780611364.631,189.6,11,0.0,0.12
1780611364.731,189.6,11,0.0,0.12
1780611364.831,189.6,11,0.0,0.12
1780611364.931,189.6,11,0.0,0.12
1780611365.031,189.6,11,0.0,0.12
1780611365.131,189.6,11,0.0,0.12
1780611365.231,189.6,11,0.0,0.12
1780611365.331,189.6,11,0.0,0.12
1780611365.432,189.6,11,0.0,0.12
1780611365.532,189.6,11,0.0,0.12
1780611365.632,189.6,11,0.0,0.12
1780611365.732,189.6,11,0.0,0.12
1780611365.832,189.6,11,0.0,0.12
1780611365.932,189.6,11,0.0,0.12
1780611366.032,189.6,11,0.0,0.12
1780611366.133,189.6,11,0.0,0.12
1780611366.233,189.6,11,0.0,0.12
1780611366.333,189.6,11,10.0,0.12
1780611366.433,189.6,11,0.0,0.12
1780611366.533,189.6,11,0.0,0.12
1780611366.633,189.6,11,0.0,0.12
1780611366.733,189.6,11,0.0,0.12
1780611366.833,189.6,11,0.0,0.12
1780611366.933,189.6,11,0.0,0.12
1780611367.034,189.6,11,0.0,0.12
1780611367.134,189.6,11,0.0,0.12
1780611367.234,189.6,11,0.0,0.12
1780611367.334,189.6,11,0.0,0.12
1780611367.434,189.6,11,0.0,0.12
1780611367.534,189.6,11,0.0,0.12
1780611367.634,189.6,11,0.0,0.12
1780611367.734,189.6,11,0.0,0.12
1780611367.835,189.6,11,0.0,0.12
1780611367.935,189.6,11,0.0,0.12
1780611368.035,189.6,11,0.0,0.12
1780611368.135,189.6,11,0.0,0.12
1780611368.235,189.6,11,0.0,0.12
1780611368.335,189.6,11,0.0,0.12
1780611368.435,189.6,11,0.0,0.12
1780611368.535,189.6,11,0.0,0.12
1780611368.635,189.6,11,0.0,0.12
1780611368.736,189.6,11,0.0,0.12
1780611368.836,189.6,11,0.0,0.12
1780611368.936,189.6,11,0.0,0.12
1780611369.036,189.6,11,0.0,0.12
1780611369.136,189.6,11,0.0,0.12
1780611369.236,189.6,11,0.0,0.12
1780611369.336,189.6,11,0.0,0.12
1780611369.436,189.6,11,0.0,0.12
1780611369.537,189.6,11,0.0,0.12
1780611369.637,189.6,11,0.0,0.12
1780611369.737,189.6,11,0.0,0.12
1780611369.837,189.6,11,0.0,0.12
1780611369.937,189.6,11,0.0,0.12
1780611370.037,189.6,11,0.0,0.12
1780611370.137,189.6,11,0.0,0.12
1780611370.237,189.6,11,0.0,0.12
1780611370.337,189.6,11,0.0,0.12
1780611370.438,189.6,11,0.0,0.12
1780611370.538,189.6,11,0.0,0.12
1780611370.638,189.6,11,0.0,0.12
1780611370.738,189.6,11,0.0,0.12
1780611370.838,189.6,11,0.0,0.12
1780611370.938,189.6,11,0.0,0.12
1780611371.038,189.6,11,0.0,0.12
1780611371.138,189.6,11,0.0,0.12
1780611371.239,189.6,11,0.0,0.12
1780611371.339,189.6,11,0.0,0.12
1780611371.439,189.6,11,0.0,0.12
1780611371.539,189.6,11,0.0,0.12
1780611371.639,189.6,11,0.0,0.12
1780611371.739,189.6,11,0.0,0.12
1780611371.839,189.6,11,0.0,0.12
1780611371.939,189.6,11,0.0,0.12
1780611372.040,189.6,11,0.0,0.12
1780611372.140,189.6,11,0.0,0.12
1780611372.240,189.6,11,0.0,0.12
1780611372.340,189.6,11,0.0,0.12
1780611372.440,189.6,11,0.0,0.12
1780611372.540,189.6,11,0.0,0.12
1780611372.640,189.6,11,0.0,0.12
1780611372.740,189.6,11,0.0,0.12
1780611372.840,189.6,11,0.0,0.12
1780611372.941,189.6,11,0.0,0.12
1780611373.041,189.6,11,0.0,0.12
1780611373.141,189.6,11,0.0,0.12
1780611373.241,189.6,11,0.0,0.15
1780611373.341,189.6,11,0.0,0.15
1780611373.441,189.6,11,0.0,0.15
1780611373.541,189.6,11,0.0,0.15
1780611373.642,189.6,11,0.0,0.15
1780611373.742,189.6,11,0.0,0.15
1780611373.842,189.6,11,0.0,0.15
1780611373.942,189.6,11,0.0,0.15
1780611374.042,189.6,11,0.0,0.15
1780611374.142,189.6,11,0.0,0.15
1780611374.242,189.6,11,0.0,0.15
1780611374.342,189.6,11,0.0,0.15
1780611374.443,189.6,11,0.0,0.15
1780611374.543,189.6,11,0.0,0.15
1780611374.643,189.6,11,0.0,0.15
1780611374.743,189.6,11,0.0,0.15
1780611374.843,189.6,11,0.0,0.15
1780611374.943,189.6,11,0.0,0.15
1780611375.043,189.6,11,0.0,0.15
1780611375.144,189.6,11,0.0,0.15
1780611375.244,189.6,11,0.0,0.15
1780611375.344,189.6,11,0.0,0.15
1780611375.444,189.6,11,0.0,0.15
1780611375.544,189.6,11,0.0,0.15
1780611375.644,189.6,11,0.0,0.15
1780611375.744,189.6,11,0.0,0.15
1780611375.844,189.6,11,0.0,0.15
1780611375.945,189.6,11,0.0,0.15
1780611376.045,189.6,11,0.0,0.15
1780611376.145,189.6,11,0.0,0.15
1780611376.245,189.6,11,0.0,0.15
1780611376.345,189.6,11,0.0,0.15
1780611376.445,189.6,11,0.0,0.15
1780611376.545,189.6,11,0.0,0.15
1780611376.645,189.6,11,0.0,0.15
1780611376.745,189.6,11,0.0,0.15
1780611376.846,189.6,11,0.0,0.15
1780611376.946,189.6,11,0.0,0.15
1780611377.046,189.6,11,0.0,0.15
1780611377.146,189.6,11,0.0,0.15
1780611377.246,189.6,11,0.0,0.15
1780611377.346,189.6,11,0.0,0.15
1780611377.446,189.6,11,0.0,0.15
1780611377.546,189.6,11,0.0,0.15
1780611377.647,189.6,11,0.0,0.15
1780611377.747,189.6,11,0.0,0.15
1780611377.847,189.6,11,0.0,0.13
1780611377.947,189.6,11,0.0,0.13
1780611378.047,189.6,11,0.0,0.13
1780611378.147,189.6,11,0.0,0.13
1780611378.247,189.6,11,0.0,0.13
1780611378.347,189.6,11,0.0,0.13
1780611378.447,189.6,11,0.0,0.13
1780611378.548,189.6,11,10.0,0.13
1780611378.648,189.6,11,0.0,0.13
1780611378.748,189.6,11,0.0,0.13
1780611378.848,189.6,11,0.0,0.13
1780611378.948,189.6,11,0.0,0.13
1780611379.048,189.6,11,0.0,0.13
1780611379.148,189.6,11,0.0,0.13
1780611379.248,189.6,11,0.0,0.13
1780611379.348,189.6,11,0.0,0.13
1780611379.449,189.6,11,0.0,0.13
1780611379.549,189.6,11,0.0,0.13
1780611379.649,189.6,11,0.0,0.12
1780611379.749,189.6,11,0.0,0.12
1780611379.849,189.6,11,0.0,0.12
1780611379.949,189.6,11,0.0,0.12
1780611380.049,189.6,11,0.0,0.12
1780611380.149,189.6,11,0.0,0.12
1780611380.249,189.6,11,0.0,0.12
1780611380.350,189.6,11,0.0,0.12
1780611380.450,189.6,11,0.0,0.12
1780611380.550,189.6,11,0.0,0.12
1780611380.650,189.6,11,0.0,0.12
1780611380.750,189.6,11,0.0,0.12
1780611380.850,189.6,11,0.0,0.12
1780611380.950,189.6,11,0.0,0.12
1780611381.050,189.6,11,0.0,0.12
1780611381.151,189.6,11,0.0,0.12
1780611381.251,189.6,11,0.0,0.12
1780611381.351,189.6,11,0.0,0.12
1780611381.451,189.6,11,0.0,0.12
1780611381.551,189.6,11,0.0,0.12
1780611381.651,189.6,11,0.0,0.12
1780611381.751,189.6,11,0.0,0.12
1780611381.851,189.6,11,0.0,0.12
1780611381.951,189.6,11,0.0,0.12
1780611382.051,189.6,11,0.0,0.12
1780611382.152,189.6,11,0.0,0.12
1780611382.252,189.6,11,0.0,0.12
1780611382.352,189.6,11,0.0,0.12
1780611382.452,189.6,11,0.0,0.12
1780611382.552,189.6,11,0.0,0.12
1780611382.652,189.6,11,0.0,0.12
1780611382.752,189.6,11,0.0,0.12
1780611382.852,189.6,11,0.0,0.12
1780611382.952,189.6,11,0.0,0.12
1780611383.053,189.6,11,0.0,0.12
1780611383.153,189.6,11,0.0,0.12
1780611383.253,189.6,11,0.0,0.13
1780611383.353,189.6,11,0.0,0.12
1780611383.453,189.6,11,0.0,0.12
1780611383.553,189.6,11,0.0,0.12
1780611383.653,189.6,11,0.0,0.12
1780611383.753,189.6,11,0.0,0.12
1780611383.853,189.6,11,0.0,0.12
1780611383.954,189.6,11,0.0,0.12
1780611384.054,189.6,11,0.0,0.12
1780611384.154,189.6,11,0.0,0.12
1780611384.254,189.6,11,0.0,0.12
1780611384.354,189.6,11,0.0,0.12
1780611384.454,189.6,11,0.0,0.12
1780611384.554,189.6,11,0.0,0.12
1780611384.654,189.6,11,0.0,0.12
1780611384.755,189.6,11,0.0,0.12
1780611384.855,189.6,11,0.0,0.12
1780611384.955,189.6,11,0.0,0.12
1780611385.055,189.6,11,0.0,0.12
1780611385.155,189.6,11,0.0,0.12
1780611385.255,189.6,11,0.0,0.12
1780611385.355,189.6,11,0.0,0.12
1780611385.455,189.6,11,0.0,0.12
1780611385.556,189.6,11,0.0,0.12
1780611385.656,189.6,11,0.0,0.12
1780611385.756,189.6,11,0.0,0.12
1780611385.856,189.6,11,0.0,0.12
1780611385.956,189.6,11,0.0,0.12
1780611386.056,189.6,11,0.0,0.12
1780611386.156,189.6,11,0.0,0.12
1780611386.256,189.6,11,0.0,0.12
1780611386.356,189.6,11,0.0,0.12
1780611386.457,189.6,11,0.0,0.12
1780611386.557,189.6,11,0.0,0.12
1780611386.657,189.6,11,0.0,0.12
1780611386.757,189.6,11,0.0,0.12
1780611386.857,189.6,11,0.0,0.12
1780611386.957,189.6,11,0.0,0.12
1780611387.057,189.6,11,0.0,0.12
1780611387.157,189.6,11,0.0,0.12
1780611387.258,189.6,11,0.0,0.12
1780611387.358,189.6,11,0.0,0.13
1780611387.458,189.6,11,0.0,0.13
1780611387.558,189.6,11,0.0,0.13
1780611387.658,189.6,11,0.0,0.13
1780611387.758,189.6,11,0.0,0.13
1780611387.858,189.6,11,0.0,0.13
1780611387.958,189.6,11,0.0,0.13
1780611388.059,189.6,11,0.0,0.13
1780611388.159,189.6,11,0.0,0.13
1780611388.259,189.6,11,0.0,0.13
1780611388.359,189.6,11,0.0,0.13
1780611388.459,189.6,11,0.0,0.13
1780611388.559,189.6,11,0.0,0.13
1780611388.659,189.6,11,0.0,0.13
1780611388.760,189.6,11,0.0,0.13
1780611388.860,189.6,11,0.0,0.13
1780611388.960,189.6,11,0.0,0.13
1780611389.060,189.6,11,0.0,0.13
1780611389.160,189.6,11,0.0,0.13
1780611389.260,189.6,11,0.0,0.13
1780611389.360,189.6,11,0.0,0.13
1780611389.460,189.6,11,0.0,0.13
1780611389.561,189.6,11,0.0,0.13
1780611389.661,189.6,11,0.0,0.12
1780611389.761,189.6,11,0.0,0.12
1780611389.861,189.6,11,0.0,0.12
1780611389.961,189.6,11,0.0,0.12
1780611390.061,189.6,11,0.0,0.12
1780611390.161,189.6,11,0.0,0.12
1780611390.261,189.6,11,0.0,0.12
1780611390.362,189.6,11,0.0,0.12
1780611390.462,189.6,11,0.0,0.12
1780611390.562,189.6,11,0.0,0.12
1780611390.662,189.6,11,0.0,0.12
1780611390.762,189.6,11,0.0,0.12
1780611390.862,189.6,11,0.0,0.12
1780611390.962,189.6,11,0.0,0.12
1780611391.062,189.6,11,0.0,0.12
1780611391.163,189.6,11,0.0,0.12
1780611391.263,189.6,11,0.0,0.12
1780611391.363,189.6,11,0.0,0.12
1780611391.463,189.6,11,0.0,0.12
1780611391.563,189.6,11,0.0,0.12
1780611391.663,189.6,11,0.0,0.12
1780611391.763,189.6,11,0.0,0.12
1780611391.863,189.6,11,0.0,0.12
1780611391.963,189.6,11,0.0,0.12
1780611392.064,189.6,11,0.0,0.12
1780611392.164,189.6,11,0.0,0.12
1780611392.264,189.6,11,0.0,0.12
1780611392.364,189.6,11,0.0,0.12
1780611392.464,189.6,11,0.0,0.12
1780611392.564,189.6,11,0.0,0.12
1780611392.664,189.6,11,0.0,0.12
1780611392.764,189.6,11,0.0,0.12
1780611392.865,189.6,11,0.0,0.12
1780611392.965,189.6,11,0.0,0.12
1780611393.065,189.6,11,0.0,0.12
1780611393.165,189.6,11,0.0,0.12
1780611393.265,189.6,11,0.0,0.13
1780611393.365,189.6,11,0.0,0.13
1780611393.465,189.6,11,0.0,0.13
1780611393.566,189.6,11,0.0,0.13
1780611393.666,189.6,11,0.0,0.13
1780611393.766,189.6,11,0.0,0.12
1780611393.866,189.6,11,0.0,0.12
1780611393.966,189.6,11,0.0,0.12
1780611394.066,189.6,11,0.0,0.12
1780611394.166,189.6,11,0.0,0.12
1780611394.266,189.6,11,0.0,0.12
1780611394.367,189.6,11,0.0,0.12
1780611394.467,189.6,11,0.0,0.12
1780611394.567,189.6,11,0.0,0.12
1780611394.667,189.6,11,0.0,0.12
1780611394.767,189.6,11,0.0,0.12
1780611394.867,189.6,11,0.0,0.12
1780611394.967,189.6,11,0.0,0.12
1780611395.067,189.6,11,10.0,0.12
1780611395.168,189.6,11,0.0,0.12
1780611395.268,189.6,11,0.0,0.12
1780611395.368,189.6,11,0.0,0.12
1780611395.468,189.6,11,0.0,0.12
1780611395.568,189.6,11,0.0,0.12
1780611395.668,189.6,11,0.0,0.12
1780611395.768,189.6,11,0.0,0.12
1780611395.868,189.6,11,0.0,0.12
1780611395.969,189.6,11,0.0,0.12
1780611396.069,189.6,11,0.0,0.12
1780611396.169,189.6,11,0.0,0.12
1780611396.269,189.6,11,0.0,0.12
1780611396.369,189.6,11,0.0,0.12
1780611396.469,189.6,11,0.0,0.12
1780611396.569,189.6,11,0.0,0.12
1780611396.669,189.6,11,0.0,0.11
1780611396.770,189.6,11,0.0,0.11
1780611396.870,189.6,11,0.0,0.11
1780611396.970,189.6,11,0.0,0.11
1780611397.070,189.6,11,0.0,0.12
1780611397.170,189.6,11,0.0,0.12
1780611397.270,189.6,11,0.0,0.12
1780611397.370,189.6,11,0.0,0.12
1780611397.470,189.6,11,0.0,0.12
1780611397.571,189.6,11,0.0,0.12
1780611397.671,189.6,11,0.0,0.12
1780611397.771,189.6,11,0.0,0.12
1780611397.871,189.6,11,0.0,0.12
1780611397.971,189.6,11,0.0,0.12
1780611398.071,189.6,11,0.0,0.12
1780611398.171,189.6,11,0.0,0.12
1780611398.272,189.6,11,0.0,0.12
1780611398.372,189.6,11,0.0,0.12
1780611398.472,189.6,11,0.0,0.12
1780611398.572,189.6,11,0.0,0.12
1780611398.672,189.6,11,0.0,0.12
1780611398.772,189.6,11,0.0,0.12
1780611398.872,189.6,11,0.0,0.12
1780611398.973,189.6,11,0.0,0.12
1780611399.073,189.6,11,0.0,0.12
1780611399.173,189.6,11,0.0,0.12
1780611399.273,189.6,11,0.0,0.12
1780611399.373,189.6,11,0.0,0.12
1780611399.473,189.6,11,0.0,0.12
1780611399.573,189.6,11,0.0,0.12
1780611399.673,189.6,11,0.0,0.12
1780611399.774,189.6,11,0.0,0.12
1780611399.874,189.6,11,0.0,0.12
1780611399.974,189.6,11,0.0,0.12
1780611400.074,189.6,11,0.0,0.12
1780611400.174,189.6,11,0.0,0.12
1780611400.274,189.6,11,0.0,0.12
1780611400.374,189.6,11,0.0,0.12
1780611400.474,189.6,11,0.0,0.12
1780611400.575,189.6,11,0.0,0.12
1780611400.675,189.6,11,0.0,0.12
1780611400.775,189.6,11,0.0,0.12
1780611400.875,189.6,11,0.0,0.12
1780611400.975,189.6,11,0.0,0.12
1780611401.075,189.6,11,0.0,0.12
1780611401.175,189.6,11,0.0,0.12
1780611401.275,189.6,11,0.0,0.12
1780611401.376,189.6,11,0.0,0.12
1780611401.476,189.6,11,0.0,0.12
1780611401.576,189.6,11,0.0,0.12
1780611401.676,189.6,11,0.0,0.12
1780611401.776,189.6,11,0.0,0.12
1780611401.876,189.6,11,0.0,0.12
1780611401.976,189.6,11,0.0,0.12
1780611402.076,189.6,11,0.0,0.12
1780611402.176,189.6,11,0.0,0.12
1780611402.276,189.6,11,0.0,0.12
1780611402.377,189.6,11,0.0,0.12
1780611402.477,189.6,11,0.0,0.12
1780611402.577,189.6,11,0.0,0.12
1780611402.677,189.6,11,0.0,0.12
1780611402.777,189.6,11,0.0,0.12
1780611402.877,189.6,11,0.0,0.12
1780611402.977,189.6,11,0.0,0.12
1780611403.077,189.6,11,0.0,0.12
1780611403.178,189.6,11,0.0,0.12
1780611403.278,189.6,11,0.0,0.12
1780611403.378,189.6,11,0.0,0.12
1780611403.478,189.6,11,0.0,0.12
1780611403.578,189.6,11,0.0,0.12
1780611403.678,189.6,11,0.0,0.12
1780611403.778,189.6,11,0.0,0.12
1780611403.879,189.6,11,0.0,0.12
1780611403.979,189.6,11,0.0,0.12
1780611404.079,189.6,11,0.0,0.12
1780611404.179,189.6,11,0.0,0.12
1780611404.279,189.6,11,0.0,0.12
1780611404.379,189.6,11,0.0,0.12
1780611404.479,189.6,11,0.0,0.12
1780611404.579,189.6,11,0.0,0.12
1780611404.680,189.6,11,0.0,0.12
1780611404.780,189.6,11,0.0,0.12
1780611404.880,189.6,11,0.0,0.12
1780611404.980,189.6,11,0.0,0.12
1780611405.080,189.6,11,0.0,0.12
1780611405.180,189.6,11,0.0,0.12
1780611405.280,189.6,11,0.0,0.12
1780611405.380,189.6,11,0.0,0.12
1780611405.480,189.6,11,0.0,0.12
1780611405.581,189.6,11,0.0,0.12
1780611405.681,189.6,11,0.0,0.12
1780611405.781,189.6,11,0.0,0.12
1780611405.881,189.6,11,0.0,0.12
1780611405.981,189.6,11,0.0,0.12
1780611406.081,189.6,11,0.0,0.12
1780611406.181,189.6,11,0.0,0.12
1780611406.281,189.6,11,0.0,0.12
1780611406.382,189.6,11,0.0,0.12
1780611406.482,189.6,11,0.0,0.12
1780611406.582,189.6,11,0.0,0.12
1780611406.682,189.6,11,0.0,0.12
1780611406.782,189.6,11,0.0,0.12
1780611406.882,189.6,11,0.0,0.12
1780611406.982,189.6,11,0.0,0.12
1780611407.082,189.6,11,0.0,0.12
1780611407.183,189.6,11,0.0,0.12
1780611407.283,189.6,11,0.0,0.12
1780611407.383,189.6,11,0.0,0.12
1780611407.483,189.6,11,0.0,0.12
1780611407.583,189.6,11,0.0,0.12
1780611407.683,189.6,11,0.0,0.12
1780611407.783,189.6,11,0.0,0.12
1780611407.883,189.6,11,0.0,0.12
1780611407.984,189.6,11,0.0,0.12
1780611408.084,189.6,11,0.0,0.12
1780611408.184,189.6,11,0.0,0.12
1780611408.284,189.6,11,0.0,0.12
1780611408.384,189.6,11,0.0,0.12
1780611408.484,189.6,11,0.0,0.12
1780611408.584,189.6,11,0.0,0.12
1780611408.684,189.6,11,0.0,0.12
1780611408.785,189.6,11,0.0,0.12
1780611408.885,189.6,11,0.0,0.12
1780611408.985,189.6,11,0.0,0.12
1780611409.085,189.6,11,0.0,0.12
1780611409.185,189.6,11,0.0,0.12
1780611409.285,189.6,11,0.0,0.12
1780611409.385,189.6,11,0.0,0.12
1780611409.485,189.6,11,0.0,0.12
1780611409.586,189.6,11,0.0,0.12
1780611409.686,189.6,11,0.0,0.12
1780611409.786,189.6,11,0.0,0.12
1780611409.886,189.6,11,0.0,0.12
1780611409.986,189.6,11,0.0,0.12
1780611410.086,189.6,11,0.0,0.12
1780611410.186,189.6,11,0.0,0.12
1780611410.286,189.6,11,0.0,0.12
1780611410.387,189.6,11,0.0,0.12
1780611410.487,189.6,11,0.0,0.12
1780611410.587,189.6,11,0.0,0.12
1780611410.687,189.6,11,10.0,0.12
1780611410.787,189.6,11,0.0,0.12
1780611410.887,189.6,11,0.0,0.12
1780611410.987,189.6,11,0.0,0.12
1780611411.088,189.6,11,0.0,0.12
1780611411.188,189.6,11,0.0,0.12
1780611411.288,189.6,11,0.0,0.12
1780611411.388,189.6,11,0.0,0.12
1780611411.488,189.6,11,0.0,0.12
1780611411.588,189.6,11,0.0,0.12
1780611411.688,189.6,11,0.0,0.12
1780611411.788,189.6,11,0.0,0.12
1780611411.888,189.6,11,0.0,0.12
1780611411.989,189.6,11,0.0,0.12
1780611412.089,189.6,11,0.0,0.12
1780611412.189,189.6,11,0.0,0.12
1780611412.289,189.6,11,0.0,0.12
1780611412.389,189.6,11,0.0,0.12
1780611412.489,189.6,11,0.0,0.12
1780611412.589,189.6,11,0.0,0.12
1780611412.689,189.6,11,0.0,0.12
1780611412.789,189.6,11,0.0,0.12
1780611412.889,189.6,11,0.0,0.12
1780611412.990,189.6,11,0.0,0.12
1780611413.090,189.6,11,0.0,0.12
1780611413.190,189.6,11,0.0,0.12
1780611413.290,189.6,11,0.0,0.12
1780611413.390,189.6,11,0.0,0.12
1780611413.490,189.6,11,0.0,0.12
1780611413.590,189.6,11,0.0,0.12
1780611413.690,189.6,11,0.0,0.12
1780611413.791,189.6,11,0.0,0.12
1780611413.891,189.6,11,0.0,0.12
1780611413.991,189.6,11,0.0,0.12
1780611414.091,189.6,11,0.0,0.12
1780611414.191,189.6,11,0.0,0.12
1780611414.291,189.6,11,0.0,0.12
1780611414.391,189.6,11,0.0,0.12
1780611414.491,189.6,11,0.0,0.12
1780611414.591,189.6,11,0.0,0.12
1780611414.692,189.6,11,0.0,0.12
1780611414.792,189.6,11,0.0,0.12
1780611414.892,189.6,11,0.0,0.12
1780611414.992,189.6,11,0.0,0.12
1780611415.092,189.6,11,0.0,0.12
1780611415.192,189.6,11,0.0,0.12
1780611415.292,189.6,11,0.0,0.12
1780611415.392,189.6,11,0.0,0.12
1780611415.493,189.6,11,0.0,0.12
1780611415.593,189.6,11,0.0,0.12
1780611415.693,189.6,11,0.0,0.12
1780611415.793,189.6,11,0.0,0.12
1780611415.893,189.6,11,0.0,0.12
1780611415.993,189.6,11,0.0,0.12
1780611416.093,189.6,11,10.0,0.12
1780611416.193,189.6,11,0.0,0.12
1780611416.294,189.6,11,0.0,0.12
1780611416.394,189.6,11,0.0,0.12
1780611416.494,189.6,11,0.0,0.12
1780611416.594,189.6,11,0.0,0.12
1780611416.694,189.6,11,0.0,0.12
1780611416.794,189.6,11,0.0,0.12
1780611416.894,189.6,11,0.0,0.12
1780611416.994,189.6,11,0.0,0.12
1780611417.094,189.6,11,0.0,0.12
1780611417.195,189.6,11,0.0,0.12
1780611417.295,189.6,11,0.0,0.12
1780611417.395,189.6,11,0.0,0.12
1780611417.495,189.6,11,0.0,0.12
1780611417.595,189.6,11,0.0,0.12
1780611417.695,189.6,11,0.0,0.12
1780611417.795,189.6,11,0.0,0.12
1780611417.895,189.6,11,0.0,0.12
1780611417.995,189.6,11,0.0,0.12
1780611418.096,189.6,11,0.0,0.12
1780611418.196,189.6,11,0.0,0.12
1780611418.296,189.6,11,0.0,0.12
1780611418.396,189.6,11,0.0,0.12
1780611418.496,189.6,11,0.0,0.12
1780611418.596,189.6,11,0.0,0.12
1780611418.696,189.6,11,0.0,0.12
1780611418.796,189.6,11,0.0,0.12
1780611418.896,189.6,11,0.0,0.12
1780611418.997,189.6,11,0.0,0.12
1780611419.097,189.6,11,0.0,0.12
1780611419.197,189.6,11,0.0,0.12
1780611419.297,189.6,11,0.0,0.12
1780611419.397,189.6,11,0.0,0.12
1780611419.497,189.6,11,0.0,0.12
1780611419.597,189.6,11,0.0,0.12
1780611419.697,189.6,11,0.0,0.12
1780611419.797,189.6,11,0.0,0.12
1780611419.897,189.6,11,0.0,0.12
1780611419.998,189.6,11,0.0,0.12
1780611420.098,189.6,11,0.0,0.12
1780611420.198,189.6,11,0.0,0.12
1780611420.298,189.6,11,0.0,0.12
1780611420.398,189.6,11,0.0,0.12
1780611420.498,189.6,11,0.0,0.12
1780611420.598,189.6,11,0.0,0.12
1780611420.699,189.6,11,0.0,0.12
1780611420.799,189.6,11,0.0,0.12
1780611420.899,189.6,11,0.0,0.12
1780611420.999,189.6,11,0.0,0.12
1780611421.099,189.6,11,0.0,0.12
1780611421.199,189.6,11,0.0,0.12
1780611421.299,189.6,11,0.0,0.12
1780611421.399,189.6,11,0.0,0.12
1780611421.499,189.6,11,0.0,0.12
1780611421.600,189.6,11,0.0,0.12
1780611421.700,189.6,11,0.0,0.12
1780611421.800,189.6,11,0.0,0.12
1780611421.900,189.6,11,0.0,0.12
1780611422.000,189.6,11,0.0,0.12
1780611422.100,189.6,11,0.0,0.12
1780611422.200,189.6,11,0.0,0.12
1780611422.300,189.6,11,0.0,0.12
1780611422.400,189.6,11,0.0,0.12
1780611422.500,189.6,11,0.0,0.12
1780611422.601,189.6,11,0.0,0.12
1780611422.701,189.6,11,0.0,0.12
1780611422.801,189.6,11,0.0,0.12
1780611422.901,189.6,11,0.0,0.12
1780611423.001,189.6,11,0.0,0.12
1780611423.101,189.6,11,0.0,0.12
1780611423.201,189.6,11,0.0,0.12
1780611423.301,189.6,11,0.0,0.12
1780611423.402,189.6,11,0.0,0.12
1780611423.502,189.6,11,0.0,0.12
1780611423.602,189.6,11,0.0,0.12
1780611423.702,189.6,11,0.0,0.12
1780611423.802,189.6,11,0.0,0.12
1780611423.902,189.6,11,0.0,0.12
1780611424.002,189.6,11,0.0,0.12
1780611424.102,189.6,11,0.0,0.12
1780611424.202,189.6,11,0.0,0.12
1780611424.303,189.6,11,0.0,0.12
1780611424.403,189.6,11,0.0,0.12
1780611424.503,189.6,11,0.0,0.12
1780611424.603,189.6,11,0.0,0.12
1780611424.703,189.6,11,0.0,0.12
1780611424.803,189.6,11,0.0,0.12
1780611424.903,189.6,11,0.0,0.12
1780611425.003,189.6,11,0.0,0.12
1780611425.103,189.6,11,0.0,0.12
1780611425.204,189.6,11,0.0,0.12
1780611425.304,189.6,11,0.0,0.12
1780611425.404,189.6,11,0.0,0.12
1780611425.504,189.6,11,0.0,0.12
1780611425.604,189.6,11,0.0,0.12
1780611425.704,189.6,11,0.0,0.12
1780611425.804,189.6,11,0.0,0.12
1780611425.904,189.6,11,0.0,0.12
1780611426.005,189.6,11,0.0,0.12
1780611426.105,189.6,11,0.0,0.12
1780611426.205,189.6,11,0.0,0.12
1780611426.305,189.6,11,0.0,0.12
1780611426.405,189.6,11,0.0,0.12
1780611426.505,189.6,11,0.0,0.12
1780611426.605,189.6,11,0.0,0.12
1780611426.705,189.6,11,0.0,0.12
1780611426.805,189.6,11,0.0,0.12
1780611426.906,189.6,11,0.0,0.12
1780611427.006,189.6,11,0.0,0.12
1780611427.106,189.6,11,0.0,0.12
1780611427.206,189.6,11,0.0,0.12
1780611427.306,189.6,11,0.0,0.12
1780611427.406,189.6,11,0.0,0.12
1780611427.506,189.6,11,0.0,0.12
1780611427.606,189.6,11,0.0,0.12
1780611427.706,189.6,11,0.0,0.12
1780611427.807,189.6,11,0.0,0.12
1780611427.907,189.6,11,0.0,0.12
1780611428.007,189.6,11,0.0,0.12
1780611428.107,189.6,11,0.0,0.12
1780611428.207,189.6,11,0.0,0.12
1780611428.307,189.6,11,0.0,0.12
1780611428.407,189.6,11,0.0,0.12
1780611428.507,189.6,11,0.0,0.12
1780611428.607,189.6,11,0.0,0.12
1780611428.708,189.6,11,0.0,0.12
1780611428.808,189.6,11,0.0,0.12
1780611428.908,189.6,11,0.0,0.12
1780611429.008,189.6,11,0.0,0.12
1780611429.108,189.6,11,0.0,0.12
1780611429.208,189.6,11,0.0,0.12
1780611429.308,189.6,11,0.0,0.12
1780611429.408,189.6,11,0.0,0.12
1780611429.508,189.6,11,0.0,0.12
1780611429.609,189.6,11,10.0,0.12
1780611429.709,189.6,11,0.0,0.12
1780611429.809,189.6,11,0.0,0.12
1780611429.909,189.6,11,0.0,0.12
1780611430.009,189.6,11,0.0,0.12
1780611430.109,189.6,11,0.0,0.12
1780611430.209,189.6,11,0.0,0.12
1780611430.309,189.6,11,0.0,0.12
1780611430.410,189.6,11,0.0,0.12
1780611430.510,189.6,11,0.0,0.12
1780611430.610,189.6,11,0.0,0.12
1780611430.710,189.6,11,0.0,0.12
1780611430.810,189.6,11,0.0,0.12
1780611430.910,189.6,11,0.0,0.12
1780611431.010,189.6,11,0.0,0.12
1780611431.110,189.6,11,0.0,0.12
1780611431.211,189.6,11,0.0,0.12
1780611431.311,189.6,11,0.0,0.12
1780611431.411,189.6,11,0.0,0.12
1780611431.511,189.6,11,0.0,0.12
1780611431.611,189.6,11,0.0,0.12
1780611431.711,189.6,11,0.0,0.12
1780611431.811,189.6,11,0.0,0.12
1780611431.911,189.6,11,0.0,0.12
1780611432.011,189.6,11,0.0,0.12
1780611432.112,189.6,11,0.0,0.12
1780611432.212,189.6,11,0.0,0.12
1780611432.312,189.6,11,0.0,0.12
1780611432.412,189.6,11,0.0,0.12
1780611432.512,189.6,11,0.0,0.12
1780611432.612,189.6,11,0.0,0.12
1780611432.712,189.6,11,0.0,0.12
1780611432.812,189.6,11,0.0,0.12
1780611432.912,189.6,11,0.0,0.12
1780611433.013,189.6,11,0.0,0.12
1780611433.113,189.6,11,0.0,0.12
1780611433.213,189.6,11,0.0,0.12
1780611433.313,189.6,11,0.0,0.12
1780611433.413,189.6,11,0.0,0.12
1780611433.513,189.6,11,0.0,0.12
1780611433.613,189.6,11,0.0,0.12
1780611433.714,189.6,11,0.0,0.12
1780611433.814,189.6,11,0.0,0.12
1780611433.914,189.6,11,0.0,0.12
1780611434.014,189.6,11,0.0,0.12
1780611434.114,189.6,11,0.0,0.12
1780611434.214,189.6,11,0.0,0.12
1780611434.314,189.6,11,0.0,0.12
1780611434.414,189.6,11,0.0,0.12
1780611434.514,189.6,11,0.0,0.12
1780611434.615,189.6,11,0.0,0.12
1780611434.715,189.6,11,0.0,0.12
1780611434.815,189.6,11,0.0,0.12
1780611434.915,189.6,11,0.0,0.12
1780611435.015,189.6,11,0.0,0.12
1780611435.115,189.6,11,0.0,0.12
1780611435.215,189.6,11,0.0,0.12
1780611435.315,189.6,11,0.0,0.12
1780611435.416,189.6,11,0.0,0.12
1780611435.516,189.6,11,0.0,0.12
1780611435.616,189.6,11,0.0,0.12
1780611435.716,189.6,11,0.0,0.12
1780611435.816,189.6,11,0.0,0.12
1780611435.916,189.6,11,0.0,0.12
1780611436.016,189.6,11,0.0,0.12
1780611436.116,189.6,11,0.0,0.12
1780611436.217,189.6,11,0.0,0.12
1780611436.317,189.6,11,0.0,0.12
1780611436.417,189.6,11,0.0,0.12
1780611436.517,189.6,11,0.0,0.12
1780611436.617,189.6,11,0.0,0.12
1780611436.717,189.6,11,0.0,0.12
1780611436.817,189.6,11,0.0,0.12
1780611436.918,189.6,11,0.0,0.12
1780611437.018,189.6,11,0.0,0.12
1780611437.118,189.6,11,0.0,0.12
1780611437.218,189.6,11,0.0,0.12
1780611437.318,189.6,11,0.0,0.12
1780611437.418,189.6,11,0.0,0.12
1780611437.518,189.6,11,0.0,0.12
1780611437.619,189.6,11,0.0,0.12
1780611437.719,189.6,11,0.0,0.12
1780611437.819,189.6,11,0.0,0.12
1780611437.919,189.6,11,0.0,0.12
1780611438.019,189.6,11,0.0,0.12
1780611438.119,189.6,11,0.0,0.12
1780611438.219,189.6,11,0.0,0.12
1780611438.319,189.6,11,0.0,0.12
1780611438.420,189.6,11,0.0,0.12
1780611438.520,189.6,11,0.0,0.12
1780611438.620,189.6,11,0.0,0.12
1780611438.720,189.6,11,0.0,0.12
1780611438.820,189.6,11,0.0,0.12
1780611438.920,189.6,11,0.0,0.12
1780611439.020,189.6,11,0.0,0.12
1780611439.121,189.6,11,0.0,0.12
1780611439.221,189.6,11,0.0,0.12
1780611439.321,189.6,11,0.0,0.12
1780611439.421,189.6,11,0.0,0.12
1780611439.521,189.6,11,0.0,0.12
1780611439.621,189.6,11,0.0,0.12
1780611439.721,189.6,11,0.0,0.12
1780611439.821,189.6,11,0.0,0.12
1780611439.922,189.6,11,0.0,0.12
1780611440.022,189.6,11,0.0,0.12
1780611440.122,189.6,11,0.0,0.12
1780611440.222,189.6,11,0.0,0.12
1780611440.322,189.6,11,0.0,0.12
1780611440.422,189.6,11,0.0,0.12
1780611440.522,189.6,11,0.0,0.12
1780611440.623,189.6,11,0.0,0.12
1780611440.723,189.6,11,0.0,0.12
1780611440.823,189.6,11,0.0,0.12
1780611440.923,189.6,11,0.0,0.12
1780611441.023,189.6,11,0.0,0.12
1780611441.123,189.6,11,0.0,0.12
1780611441.223,189.6,11,0.0,0.12
1780611441.323,189.6,11,0.0,0.12
1780611441.423,189.6,11,0.0,0.12
1780611441.524,189.6,11,0.0,0.12
1780611441.624,189.6,11,0.0,0.12
1780611441.724,189.6,11,0.0,0.12
1780611441.824,189.6,11,0.0,0.12
1780611441.924,189.6,11,0.0,0.12
1780611442.024,189.6,11,0.0,0.12
1780611442.124,189.6,11,0.0,0.12
1780611442.224,189.6,11,0.0,0.12
1780611442.324,189.6,11,0.0,0.12
1780611442.425,189.6,11,0.0,0.12
1780611442.525,189.6,11,0.0,0.12
1780611442.625,189.6,11,0.0,0.12
1780611442.725,189.6,11,0.0,0.12
1780611442.825,189.6,11,0.0,0.12
1780611442.925,189.6,11,0.0,0.12
1780611443.025,189.6,11,0.0,0.12
1780611443.126,189.6,11,0.0,0.12
1780611443.226,189.6,11,0.0,0.12
1780611443.326,189.6,11,0.0,0.12
1780611443.426,189.6,11,0.0,0.12
1780611443.526,189.6,11,0.0,0.12
1780611443.626,189.6,11,0.0,0.12
1780611443.726,189.6,11,0.0,0.12
1780611443.826,189.6,11,0.0,0.12
1780611443.927,189.6,11,0.0,0.12
1780611444.027,189.6,11,0.0,0.12
1780611444.127,189.6,11,0.0,0.12
1780611444.227,189.6,11,0.0,0.12
1780611444.327,189.6,11,0.0,0.12
1780611444.427,189.6,11,0.0,0.12
1780611444.527,189.6,11,0.0,0.12
1780611444.628,189.6,11,0.0,0.12
1780611444.728,189.6,11,0.0,0.12
1780611444.828,189.6,11,0.0,0.12
1780611444.928,189.6,11,0.0,0.12
1780611445.028,189.6,11,0.0,0.12
1780611445.128,189.6,11,0.0,0.12
1780611445.228,189.6,11,0.0,0.12
1780611445.329,189.6,11,10.0,0.12
1780611445.429,189.6,11,0.0,0.12
1780611445.529,189.6,11,0.0,0.12
1780611445.629,189.6,11,0.0,0.12
1780611445.729,189.6,11,0.0,0.12
1780611445.829,189.6,11,0.0,0.12
1780611445.929,189.6,11,0.0,0.12
1780611446.029,189.6,11,0.0,0.12
1780611446.130,189.6,11,0.0,0.12
1780611446.230,189.6,11,0.0,0.12
1780611446.330,189.6,11,0.0,0.12
1780611446.430,189.6,11,0.0,0.12
1780611446.530,189.6,11,0.0,0.12
1780611446.630,189.6,11,0.0,0.12
1780611446.730,189.6,11,0.0,0.12
1780611446.831,189.6,11,0.0,0.12
1780611446.931,189.6,11,0.0,0.12
1780611447.031,189.6,11,0.0,0.12
1780611447.131,189.6,11,0.0,0.12
1780611447.231,189.6,11,0.0,0.12
1780611447.331,189.6,11,0.0,0.12
1780611447.431,189.6,11,0.0,0.12
1780611447.531,189.6,11,0.0,0.12
1780611447.632,189.6,11,0.0,0.12
1780611447.732,189.6,11,0.0,0.12
1780611447.832,189.6,11,0.0,0.12
1780611447.932,189.6,11,0.0,0.12
1780611448.032,189.6,11,0.0,0.12
1780611448.132,189.6,11,0.0,0.12
1780611448.232,189.6,11,0.0,0.12
1780611448.332,189.6,11,0.0,0.12
1780611448.433,189.6,11,0.0,0.12
1780611448.533,189.6,11,0.0,0.12
1780611448.633,189.6,11,0.0,0.12
1780611448.733,189.6,11,0.0,0.12
1780611448.833,189.6,11,0.0,0.12
1780611448.938,191.5,11,85.7,0.25
1780611449.038,191.5,11,0.0,0.29
1780611449.138,191.5,11,0.0,0.29
1780611449.238,191.5,11,0.0,0.29
1780611449.339,191.5,11,0.0,0.29
1780611449.439,191.5,11,0.0,0.29
1780611449.539,191.5,11,0.0,0.29
1780611449.639,191.5,11,0.0,0.29
1780611449.739,191.5,11,0.0,0.29
1780611449.839,191.5,11,0.0,0.29
1780611449.939,191.5,11,0.0,0.29
1780611450.039,191.5,11,0.0,0.29
1780611450.139,191.5,11,0.0,0.29
1780611450.240,191.5,11,0.0,0.29
1780611450.340,191.5,11,0.0,0.29
1780611450.440,191.5,11,0.0,0.29
1780611450.540,191.5,11,0.0,0.29
1780611450.640,191.5,11,0.0,0.29
1780611450.740,191.5,11,0.0,0.29
1780611450.840,191.5,11,0.0,0.29
1780611450.941,191.5,11,0.0,0.29
1780611451.041,191.5,11,0.0,0.29
1780611451.141,191.5,11,0.0,0.29
1780611451.241,191.5,11,0.0,0.29
1780611451.341,191.5,11,0.0,0.29
1780611451.441,191.5,11,0.0,0.29
1780611451.541,191.5,11,0.0,0.29
1780611451.641,191.5,11,0.0,0.29
1780611451.741,191.5,11,0.0,0.29
1780611451.842,191.5,11,0.0,0.29
1780611451.942,191.5,11,0.0,0.29
1780611452.042,191.5,11,0.0,0.29
1780611452.142,191.5,11,0.0,0.29
1780611452.242,191.5,11,0.0,0.29
1780611452.342,191.5,11,0.0,0.29
1780611452.442,191.5,11,0.0,0.29
1780611452.542,191.5,11,0.0,0.29
1780611452.642,191.5,11,0.0,0.29
1780611452.743,191.5,11,0.0,0.29
1780611452.843,191.5,11,0.0,0.29
1780611452.943,191.5,11,0.0,0.29
1780611453.043,191.5,11,0.0,0.29
1780611453.143,191.5,11,0.0,0.29
1780611453.243,191.5,11,0.0,0.29
1780611453.343,191.5,11,0.0,0.29
1780611453.443,191.5,11,0.0,0.29
1780611453.544,191.5,11,0.0,0.29
1780611453.644,191.5,11,0.0,0.29
1780611453.744,191.5,11,0.0,0.29
1780611453.844,191.5,11,0.0,0.29
1780611453.944,191.5,11,0.0,0.29
1780611454.044,191.5,11,0.0,0.29
1780611454.144,191.5,11,0.0,0.29
1780611454.244,191.5,11,0.0,0.29
1780611454.344,191.5,11,0.0,0.29
1780611454.445,191.5,11,0.0,0.29
1780611454.545,191.5,11,0.0,0.29
1780611454.645,191.5,11,0.0,0.29
1780611454.745,191.5,11,0.0,0.29
1780611454.845,191.5,11,0.0,0.29
1780611454.945,191.5,11,0.0,0.29
1780611455.045,191.5,11,0.0,0.29
1780611455.145,191.5,11,0.0,0.29
1780611455.246,191.5,11,0.0,0.29
1780611455.346,191.5,11,0.0,0.28
1780611455.446,191.5,11,0.0,0.12
1780611455.546,191.5,11,0.0,0.12
1780611455.646,191.5,11,0.0,0.12
1780611455.746,191.5,11,0.0,0.12
1780611455.846,191.5,11,0.0,0.12
1780611455.946,191.5,11,0.0,0.12
1780611456.047,191.5,11,0.0,0.12
1780611456.147,191.5,11,0.0,0.12
1780611456.247,191.5,11,0.0,0.12
1780611456.347,191.5,11,0.0,0.12
1780611456.447,191.5,11,0.0,0.12
1780611456.547,191.5,11,0.0,0.12
1780611456.647,191.5,11,0.0,0.12
1780611456.747,191.5,11,0.0,0.12
1780611456.847,191.5,11,0.0,0.12
1780611456.948,191.5,11,0.0,0.12
1780611457.048,191.5,11,0.0,0.12
1780611457.148,191.5,11,0.0,0.12
1780611457.248,191.5,11,0.0,0.12
1780611457.348,191.5,11,0.0,0.12
1780611457.448,191.5,11,0.0,0.12
1780611457.548,191.5,11,0.0,0.12
1780611457.648,191.5,11,0.0,0.12
1780611457.748,191.5,11,0.0,0.12
1780611457.849,191.5,11,0.0,0.12
1780611457.949,191.5,11,0.0,0.12
1780611458.049,191.5,11,0.0,0.12
1780611458.149,191.5,11,0.0,0.12
1780611458.249,191.5,11,0.0,0.12
1780611458.349,191.5,11,0.0,0.12
1780611458.449,191.5,11,0.0,0.12
1780611458.549,191.5,11,0.0,0.12
1780611458.649,191.5,11,0.0,0.12
1780611458.750,191.5,11,0.0,0.12
1780611458.850,191.5,11,0.0,0.12
1780611458.950,191.5,11,0.0,0.12
1780611459.050,191.5,11,0.0,0.12
1780611459.150,191.5,11,0.0,0.12
1780611459.250,191.5,11,0.0,0.12
1780611459.350,191.5,11,0.0,0.12
1780611459.450,191.5,11,0.0,0.12
1780611459.550,191.5,11,0.0,0.12
1780611459.651,191.5,11,0.0,0.12
1780611459.751,191.5,11,0.0,0.12
1780611459.851,191.5,11,0.0,0.12
1780611459.951,191.5,11,0.0,0.12
1780611460.051,191.5,11,0.0,0.12
1780611460.151,191.5,11,0.0,0.12
1780611460.251,191.5,11,0.0,0.12
1780611460.351,191.5,11,0.0,0.12
1780611460.452,191.5,11,0.0,0.12
1780611460.552,191.5,11,0.0,0.12
1780611460.652,191.5,11,0.0,0.12
1780611460.752,191.5,11,0.0,0.12
1780611460.852,191.5,11,0.0,0.12
1780611460.952,191.5,11,0.0,0.12
1780611461.052,191.5,11,0.0,0.12
1780611461.152,191.5,11,0.0,0.12
1780611461.253,191.5,11,0.0,0.12
1780611461.353,191.5,11,0.0,0.12
1780611461.453,191.5,11,0.0,0.12
1780611461.553,191.5,11,0.0,0.12
1780611461.653,191.5,11,0.0,0.12
1780611461.753,191.5,11,0.0,0.12
1780611461.853,191.5,11,10.0,0.12
1780611461.953,191.5,11,0.0,0.12
1780611462.053,191.5,11,0.0,0.12
1780611462.154,191.5,11,0.0,0.12
1780611462.254,191.5,11,0.0,0.12
1780611462.354,191.5,11,0.0,0.12
1780611462.454,191.5,11,0.0,0.12
1780611462.554,191.5,11,0.0,0.12
1780611462.654,191.5,11,0.0,0.12
1780611462.754,191.5,11,0.0,0.12
1780611462.854,191.5,11,0.0,0.12
1780611462.955,191.5,11,0.0,0.12
1780611463.055,191.5,11,0.0,0.12
1780611463.155,191.5,11,0.0,0.12
1780611463.255,191.5,11,0.0,0.12
1780611463.355,191.5,11,0.0,0.12
1780611463.455,191.5,11,0.0,0.12
1780611463.555,191.5,11,0.0,0.12
1780611463.656,191.5,11,0.0,0.12
1780611463.756,191.5,11,0.0,0.12
1780611463.856,191.5,11,0.0,0.12
1780611463.956,191.5,11,0.0,0.12
1780611464.056,191.5,11,0.0,0.12
1780611464.156,191.5,11,0.0,0.12
1780611464.256,191.5,11,0.0,0.12
1780611464.356,191.5,11,0.0,0.12
1780611464.457,191.5,11,0.0,0.17
1780611464.557,191.5,11,0.0,0.17
1780611464.657,191.5,11,0.0,0.17
1780611464.757,191.5,11,0.0,0.17
1780611464.857,191.5,11,0.0,0.17
1780611464.957,191.5,11,0.0,0.17
1780611465.057,191.5,11,0.0,0.17
1780611465.158,191.5,11,0.0,0.17
1780611465.258,191.5,11,0.0,0.17
1780611465.358,191.5,11,0.0,0.17
1780611465.458,191.5,11,0.0,0.17
1780611465.558,191.5,11,0.0,0.17
1780611465.658,191.5,11,0.0,0.17
1780611465.758,191.5,11,0.0,0.17
1780611465.858,191.5,11,0.0,0.17
1780611465.959,191.5,11,0.0,0.17
1780611466.059,191.5,11,0.0,0.17
1780611466.159,191.5,11,0.0,0.17
1780611466.259,191.5,11,0.0,0.17
1780611466.359,191.5,11,0.0,0.17
1780611466.459,191.5,11,0.0,0.17
1780611466.559,191.5,11,0.0,0.17
1780611466.659,191.5,11,0.0,0.17
1780611466.760,191.5,11,0.0,0.17
1780611466.860,191.5,11,0.0,0.17
1780611466.960,191.5,11,0.0,0.17
1780611467.060,191.5,11,0.0,0.17
1780611467.160,191.5,11,0.0,0.17
1780611467.260,191.5,11,0.0,0.17
1780611467.360,191.5,11,0.0,0.17
1780611467.460,191.5,11,0.0,0.17
1780611467.560,191.5,11,0.0,0.17
1780611467.661,191.5,11,0.0,0.17
1780611467.761,191.5,11,0.0,0.17
1780611467.861,191.5,11,0.0,0.17
1780611467.961,191.5,11,0.0,0.17
1780611468.061,191.5,11,0.0,0.17
1780611468.161,191.5,11,0.0,0.17
1780611468.261,191.5,11,0.0,0.17
1780611468.361,191.5,11,0.0,0.17
1780611468.461,191.5,11,0.0,0.17
1780611468.562,191.5,11,0.0,0.17
1780611468.662,191.5,11,0.0,0.17
1780611468.762,191.5,11,0.0,0.17
1780611468.862,191.5,11,0.0,0.17
1780611468.962,191.5,11,0.0,0.17
1780611469.062,191.5,11,0.0,0.17
1780611469.162,191.5,11,0.0,0.17
1780611469.262,191.5,11,0.0,0.17
1780611469.363,191.5,11,0.0,0.17
1780611469.463,191.5,11,0.0,0.17
1780611469.563,191.5,11,0.0,0.17
1780611469.663,191.5,11,0.0,0.12
1780611469.763,191.5,11,0.0,0.12
1780611469.863,191.5,11,0.0,0.12
1780611469.963,191.5,11,0.0,0.12
1780611470.063,191.5,11,0.0,0.12
1780611470.163,191.5,11,0.0,0.12
1780611470.264,191.5,11,0.0,0.12
1780611470.364,191.5,11,0.0,0.12
1780611470.464,191.5,11,0.0,0.12
1780611470.564,191.5,11,0.0,0.12
1780611470.664,191.5,11,0.0,0.12
1780611470.764,191.5,11,0.0,0.12
1780611470.864,191.5,11,0.0,0.12
1780611470.965,191.5,11,0.0,0.12
1780611471.065,191.5,11,0.0,0.12
1780611471.165,191.5,11,10.0,0.12
1780611471.265,191.5,11,0.0,0.12
1780611471.365,191.5,11,0.0,0.12
1780611471.465,191.5,11,0.0,0.12
1780611471.565,191.5,11,0.0,0.12
1780611471.665,191.5,11,0.0,0.12
1780611471.765,191.5,11,0.0,0.12
1780611471.866,191.5,11,0.0,0.12
1780611471.966,191.5,11,0.0,0.12
1780611472.066,191.5,11,0.0,0.12
1780611472.166,191.5,11,0.0,0.12
1780611472.266,191.5,11,0.0,0.12
1780611472.366,191.5,11,0.0,0.12
1780611472.466,191.5,11,0.0,0.12
1780611472.566,191.5,11,0.0,0.12
1780611472.666,191.5,11,0.0,0.12
1780611472.767,191.5,11,0.0,0.12
1780611472.867,191.5,11,0.0,0.12
1780611472.967,191.5,11,0.0,0.12
1780611473.067,191.5,11,0.0,0.12
1780611473.167,191.5,11,0.0,0.12
1780611473.267,191.5,11,0.0,0.12
1780611473.367,191.5,11,0.0,0.12
1780611473.467,191.5,11,0.0,0.12
1780611473.568,191.5,11,0.0,0.12
1780611473.668,191.5,11,0.0,0.12
1780611473.768,191.5,11,0.0,0.12
1780611473.868,191.5,11,0.0,0.12
1780611473.968,191.5,11,0.0,0.12
1780611474.068,191.5,11,0.0,0.12
1780611474.168,191.5,11,0.0,0.12
1780611474.268,191.5,11,0.0,0.12
1780611474.368,191.5,11,0.0,0.12
1780611474.469,191.5,11,0.0,0.12
1780611474.569,191.5,11,0.0,0.12
1780611474.669,191.5,11,0.0,0.12
1780611474.769,191.5,11,0.0,0.12
1780611474.869,191.5,11,0.0,0.12
1780611474.969,191.5,11,0.0,0.12
1780611475.069,191.5,11,0.0,0.12
1780611475.169,191.5,11,0.0,0.12
1780611475.269,191.5,11,0.0,0.12
1780611475.370,191.5,11,0.0,0.12
1780611475.470,191.5,11,0.0,0.12
1780611475.570,191.5,11,0.0,0.12
1780611475.670,191.5,11,0.0,0.12
1780611475.770,191.5,11,0.0,0.12
1780611475.870,191.5,11,0.0,0.12
1780611475.970,191.5,11,0.0,0.12
1780611476.071,191.5,11,0.0,0.12
1780611476.171,191.5,11,0.0,0.12
1780611476.271,191.5,11,0.0,0.12
1780611476.371,191.5,11,0.0,0.12
1780611476.471,191.5,11,0.0,0.12
1780611476.571,191.5,11,0.0,0.12
1780611476.671,191.5,11,0.0,0.12
1780611476.771,191.5,11,0.0,0.12
1780611476.871,191.5,11,0.0,0.12
1780611476.972,191.5,11,0.0,0.12
1780611477.072,191.5,11,0.0,0.12
1780611477.172,191.5,11,0.0,0.12
1780611477.272,191.5,11,0.0,0.12
1780611477.372,191.5,11,0.0,0.12
1780611477.472,191.5,11,0.0,0.12
1780611477.572,191.5,11,0.0,0.12
1780611477.672,191.5,11,0.0,0.12
1780611477.772,191.5,11,0.0,0.12
1780611477.873,191.5,11,0.0,0.12
1780611477.973,191.5,11,0.0,0.12
1780611478.073,191.5,11,0.0,0.12
1780611478.173,191.5,11,0.0,0.12
1780611478.273,191.5,11,0.0,0.12
1780611478.373,191.5,11,0.0,0.12
1780611478.473,191.5,11,0.0,0.12
1780611478.573,191.5,11,0.0,0.12
1780611478.673,191.5,11,0.0,0.12
1780611478.774,191.5,11,0.0,0.12
1780611478.874,191.5,11,0.0,0.12
1780611478.974,191.5,11,0.0,0.12
1780611479.074,191.5,11,0.0,0.12
1780611479.174,191.5,11,0.0,0.12
1780611479.274,191.5,11,0.0,0.12
1780611479.374,191.5,11,0.0,0.12
1780611479.474,191.5,11,0.0,0.12
1780611479.574,191.5,11,0.0,0.12
1780611479.675,191.5,11,0.0,0.12
1780611479.775,191.5,11,0.0,0.12
1780611479.875,191.5,11,0.0,0.12
1780611479.975,191.5,11,0.0,0.12
1780611480.075,191.5,11,0.0,0.12
1780611480.175,191.5,11,0.0,0.14
1780611480.275,191.5,11,0.0,0.14
1780611480.375,191.5,11,0.0,0.14
1780611480.476,191.5,11,0.0,0.14
1780611480.576,191.5,11,0.0,0.14
1780611480.676,191.5,11,0.0,0.14
1780611480.776,191.5,11,0.0,0.14
1780611480.876,191.5,11,0.0,0.14
1780611480.976,191.5,11,0.0,0.14
1780611481.076,191.5,11,0.0,0.14
1780611481.177,191.5,11,0.0,0.14
1780611481.277,191.5,11,0.0,0.14
1780611481.377,191.5,11,0.0,0.14
1780611481.477,191.5,11,0.0,0.14
1780611481.577,191.5,11,0.0,0.14
1780611481.677,191.5,11,0.0,0.14
1780611481.777,191.5,11,0.0,0.14
1780611481.877,191.5,11,0.0,0.14
1780611481.977,191.5,11,0.0,0.14
1780611482.078,191.5,11,0.0,0.14
1780611482.178,191.5,11,0.0,0.14
1780611482.278,191.5,11,0.0,0.14
1780611482.378,191.5,11,0.0,0.14
1780611482.478,191.5,11,0.0,0.14
1780611482.578,191.5,11,0.0,0.14
1780611482.678,191.5,11,0.0,0.14
1780611482.778,191.5,11,0.0,0.14
1780611482.879,191.5,11,0.0,0.14
1780611482.979,191.5,11,0.0,0.14
1780611483.079,191.5,11,0.0,0.14
1780611483.179,191.5,11,0.0,0.14
1780611483.279,191.5,11,0.0,0.15
1780611483.379,191.5,11,0.0,0.15
1780611483.479,191.5,11,0.0,0.15
1780611483.579,191.5,11,0.0,0.15
1780611483.679,191.5,11,0.0,0.15
1780611483.780,191.5,11,0.0,0.15
1780611483.880,191.5,11,0.0,0.15
1780611483.980,191.5,11,0.0,0.15
1780611484.080,191.5,11,0.0,0.15
1780611484.180,191.5,11,0.0,0.15
1780611484.280,191.5,11,0.0,0.15
1780611484.380,191.5,11,0.0,0.15
1780611484.480,191.5,11,0.0,0.15
1780611484.581,191.5,11,0.0,0.15
1780611484.681,191.5,11,0.0,0.15
1780611484.781,191.5,11,0.0,0.15
1780611484.881,191.5,11,0.0,0.15
1780611484.981,191.5,11,0.0,0.15
1780611485.081,191.5,11,0.0,0.15
1780611485.181,191.5,11,0.0,0.15
1780611485.281,191.5,11,0.0,0.15
1780611485.381,191.5,11,0.0,0.15
1780611485.482,191.5,11,0.0,0.15
1780611485.582,191.5,11,0.0,0.15
1780611485.682,191.5,11,0.0,0.15
1780611485.782,191.5,11,0.0,0.15
1780611485.882,191.5,11,0.0,0.15
1780611485.982,191.5,11,0.0,0.15
1780611486.082,191.5,11,0.0,0.15
1780611486.182,191.5,11,0.0,0.15
1780611486.283,191.5,11,0.0,0.15
1780611486.383,191.5,11,0.0,0.15
1780611486.483,191.5,11,0.0,0.14
1780611486.583,191.5,11,0.0,0.12
1780611486.683,191.5,11,0.0,0.12
1780611486.783,191.5,11,0.0,0.12
1780611486.883,191.5,11,0.0,0.12
1780611486.983,191.5,11,0.0,0.12
1780611487.083,191.5,11,0.0,0.12
1780611487.184,191.5,11,0.0,0.12
1780611487.284,191.5,11,0.0,0.12
1780611487.384,191.5,11,0.0,0.12
1780611487.484,191.5,11,0.0,0.12
1780611487.584,191.5,11,0.0,0.12
1780611487.684,191.5,11,0.0,0.12
1780611487.784,191.5,11,0.0,0.12
1780611487.884,191.5,11,0.0,0.12
1780611487.984,191.5,11,0.0,0.12
1780611488.085,191.5,11,0.0,0.12
1780611488.185,191.5,11,10.0,0.12
1780611488.285,191.5,11,0.0,0.12
1780611488.385,191.5,11,0.0,0.12
1780611488.485,191.5,11,0.0,0.12
1780611488.585,191.5,11,0.0,0.12
1780611488.685,191.5,11,0.0,0.12
1780611488.785,191.5,11,0.0,0.12
1780611488.885,191.5,11,0.0,0.12
1780611488.986,191.5,11,0.0,0.12
1780611489.086,191.5,11,0.0,0.12
1780611489.186,191.5,11,0.0,0.12
1780611489.286,191.5,11,0.0,0.12
1780611489.386,191.5,11,0.0,0.12
1780611489.486,191.5,11,0.0,0.12
1780611489.586,191.5,11,0.0,0.12
1780611489.686,191.5,11,0.0,0.12
1780611489.787,191.5,11,0.0,0.12
1780611489.887,191.5,11,0.0,0.12
1780611489.987,191.5,11,0.0,0.12
1780611490.087,191.5,11,0.0,0.12
1780611490.187,191.5,11,0.0,0.12
1780611490.287,191.5,11,0.0,0.12
1780611490.387,191.5,11,0.0,0.12
1780611490.487,191.5,11,0.0,0.12
1780611490.588,191.5,11,0.0,0.12
1780611490.688,191.5,11,0.0,0.12
1780611490.788,191.5,11,0.0,0.12
1780611490.888,191.5,11,0.0,0.12
1780611490.988,191.5,11,0.0,0.12
1780611491.088,191.5,11,0.0,0.12
1780611491.188,191.5,11,0.0,0.12
1780611491.288,191.5,11,0.0,0.12
1780611491.388,191.5,11,0.0,0.12
1780611491.489,191.5,11,0.0,0.12
1780611491.589,191.5,11,0.0,0.12
1780611491.689,191.5,11,0.0,0.12
1780611491.789,191.5,11,0.0,0.12
1780611491.889,191.5,11,0.0,0.12
1780611491.989,191.5,11,0.0,0.12
1780611492.089,191.5,11,0.0,0.12
1780611492.189,191.5,11,0.0,0.12
1780611492.289,191.5,11,0.0,0.12
1780611492.390,191.5,11,0.0,0.12
1780611492.490,191.5,11,0.0,0.12
1780611492.590,191.5,11,0.0,0.12
1780611492.690,191.5,11,0.0,0.12
1780611492.790,191.5,11,0.0,0.12
1780611492.890,191.5,11,0.0,0.12
1780611492.990,191.5,11,0.0,0.12
1780611493.090,191.5,11,0.0,0.12
1780611493.191,191.5,11,0.0,0.12
1780611493.291,191.5,11,0.0,0.12
1780611493.391,191.5,11,0.0,0.12
1780611493.491,191.5,11,0.0,0.12
1780611493.591,191.5,11,0.0,0.12
1780611493.691,191.5,11,0.0,0.12
1780611493.791,191.5,11,0.0,0.12
1780611493.891,191.5,11,0.0,0.12
1780611493.991,191.5,11,0.0,0.12
1780611494.092,191.5,11,0.0,0.12
1780611494.192,191.5,11,0.0,0.12
1780611494.292,191.5,11,0.0,0.12
1780611494.392,191.5,11,0.0,0.12
1780611494.492,191.5,11,0.0,0.12
1780611494.592,191.5,11,0.0,0.12
1780611494.692,191.5,11,0.0,0.12
1780611494.792,191.5,11,0.0,0.12
1780611494.892,191.5,11,0.0,0.12
1780611494.993,191.5,11,0.0,0.12
1780611495.093,191.5,11,0.0,0.12
1780611495.193,191.5,11,0.0,0.12
1780611495.293,191.5,11,0.0,0.12
1780611495.393,191.5,11,0.0,0.12
1780611495.493,191.5,11,0.0,0.12
1780611495.593,191.5,11,0.0,0.12
1780611495.694,191.5,11,0.0,0.12
1780611495.794,191.5,11,10.0,0.12
1780611495.894,191.5,11,0.0,0.12
1780611495.994,191.5,11,0.0,0.12
1780611496.094,191.5,11,0.0,0.12
1780611496.194,191.5,11,0.0,0.12
1780611496.294,191.5,11,0.0,0.12
1780611496.394,191.5,11,0.0,0.12
1780611496.494,191.5,11,0.0,0.12
1780611496.595,191.5,11,0.0,0.12
1780611496.695,191.5,11,0.0,0.12
1780611496.795,191.5,11,0.0,0.12
1780611496.895,191.5,11,0.0,0.12
1780611496.995,191.5,11,0.0,0.12
1780611497.095,191.5,11,0.0,0.12
1780611497.195,191.5,11,0.0,0.12
1780611497.295,191.5,11,0.0,0.12
1780611497.396,191.5,11,0.0,0.12
1780611497.496,191.5,11,0.0,0.12
1780611497.596,191.5,11,0.0,0.12
1780611497.696,191.5,11,0.0,0.12
1780611497.796,191.5,11,0.0,0.12
1780611497.896,191.5,11,0.0,0.12
1780611497.996,191.5,11,0.0,0.12
1780611498.096,191.5,11,0.0,0.12
1780611498.196,191.5,11,0.0,0.12
1780611498.297,191.5,11,0.0,0.12
1780611498.397,191.5,11,0.0,0.12
1780611498.497,191.5,11,0.0,0.12
1780611498.597,191.5,11,0.0,0.12
1780611498.697,191.5,11,0.0,0.12
1780611498.797,191.5,11,0.0,0.12
1780611498.897,191.5,11,0.0,0.12
1780611498.997,191.5,11,0.0,0.12
1780611499.097,191.5,11,0.0,0.12
1780611499.198,191.5,11,0.0,0.12
1780611499.298,191.5,11,0.0,0.12
1780611499.398,191.5,11,0.0,0.12
1780611499.498,191.5,11,0.0,0.12
1780611499.598,191.5,11,0.0,0.12
1780611499.698,191.5,11,0.0,0.12
1780611499.798,191.5,11,0.0,0.12
1780611499.898,191.5,11,0.0,0.12
1780611499.998,191.5,11,0.0,0.12
1780611500.099,191.5,11,0.0,0.12
1780611500.199,191.5,11,0.0,0.12
1780611500.299,191.5,11,0.0,0.12
1780611500.399,191.5,11,0.0,0.12
1780611500.499,191.5,11,0.0,0.12
1780611500.599,191.5,11,0.0,0.12
1780611500.699,191.5,11,0.0,0.12
1780611500.800,191.5,11,0.0,0.12
1780611500.900,191.5,11,0.0,0.12
1780611501.000,191.5,11,0.0,0.12
1780611501.100,191.5,11,0.0,0.12
1780611501.200,191.5,11,0.0,0.12
1780611501.300,191.5,11,0.0,0.12
1780611501.400,191.5,11,0.0,0.12
1780611501.500,191.5,11,0.0,0.12
1780611501.600,191.5,11,0.0,0.12
1780611501.701,191.5,11,0.0,0.12
1780611501.801,191.5,11,0.0,0.12
1780611501.901,191.5,11,0.0,0.12
1780611502.001,191.5,11,0.0,0.12
1780611502.101,191.5,11,0.0,0.12
1780611502.201,191.5,11,0.0,0.12
1780611502.301,191.5,11,0.0,0.12
1780611502.401,191.5,11,0.0,0.12
1780611502.501,191.5,11,0.0,0.12
1780611502.602,191.5,11,0.0,0.12
1780611502.702,191.5,11,0.0,0.12
1780611502.802,191.5,11,0.0,0.12
1780611502.902,191.5,11,0.0,0.12
1780611503.002,191.5,11,0.0,0.12
1780611503.102,191.5,11,0.0,0.12
1780611503.202,191.5,11,0.0,0.12
1780611503.302,191.5,11,0.0,0.12
1780611503.402,191.5,11,0.0,0.12
1780611503.503,191.5,11,0.0,0.12
1780611503.603,191.5,11,0.0,0.12
1780611503.703,191.5,11,0.0,0.12
1780611503.803,191.5,11,0.0,0.12
1780611503.903,191.5,11,0.0,0.12
1780611504.003,191.5,11,0.0,0.12
1780611504.103,191.5,11,0.0,0.12
1780611504.203,191.5,11,0.0,0.12
1780611504.304,191.5,11,0.0,0.12
1780611504.404,191.5,11,0.0,0.12
1780611504.504,191.5,11,0.0,0.12
1780611504.604,191.5,11,0.0,0.12
1780611504.704,191.5,11,0.0,0.12
1780611504.804,191.5,11,0.0,0.12
1780611504.904,191.5,11,0.0,0.12
1780611505.004,191.5,11,0.0,0.12
1780611505.104,191.5,11,0.0,0.12
1780611505.205,191.5,11,0.0,0.12
1780611505.305,191.5,11,0.0,0.12
1780611505.405,191.5,11,0.0,0.12
1780611505.505,191.5,11,0.0,0.12
1780611505.605,191.5,11,0.0,0.12
1780611505.705,191.5,11,0.0,0.12
1780611505.805,191.5,11,0.0,0.12
1780611505.905,191.5,11,0.0,0.12
1780611506.006,191.5,11,10.0,0.12
1780611506.106,191.5,11,0.0,0.12
1780611506.206,191.5,11,0.0,0.12
1780611506.306,191.5,11,0.0,0.12
1780611506.406,191.5,11,0.0,0.12
1780611506.506,191.5,11,0.0,0.12
1780611506.606,191.5,11,0.0,0.12
1780611506.706,191.5,11,0.0,0.12
1780611506.807,191.5,11,0.0,0.12
1780611506.907,191.5,11,0.0,0.12
1780611507.007,191.5,11,0.0,0.12
1780611507.107,191.5,11,0.0,0.12
1780611507.207,191.5,11,0.0,0.12
1780611507.307,191.5,11,0.0,0.12
1780611507.407,191.5,11,0.0,0.12
1780611507.507,191.5,11,0.0,0.12
1780611507.608,191.5,11,0.0,0.12
1780611507.708,191.5,11,0.0,0.12
1780611507.808,191.5,11,0.0,0.12
1780611507.908,191.5,11,0.0,0.12
1780611508.008,191.5,11,0.0,0.12
1780611508.108,191.5,11,0.0,0.12
1780611508.208,191.5,11,0.0,0.12
1780611508.308,191.5,11,0.0,0.12
1780611508.408,191.5,11,0.0,0.12
1780611508.509,191.5,11,0.0,0.12
1780611508.609,191.5,11,0.0,0.12
1780611508.709,191.5,11,0.0,0.12
1780611508.809,191.5,11,0.0,0.12
1780611508.909,191.5,11,0.0,0.12
1780611509.009,191.5,11,0.0,0.12
1780611509.109,191.5,11,0.0,0.12
1780611509.209,191.5,11,0.0,0.12
1780611509.309,191.5,11,0.0,0.12
1780611509.410,191.5,11,0.0,0.12
1780611509.510,191.5,11,0.0,0.12
1780611509.610,191.5,11,0.0,0.12
1780611509.710,191.5,11,0.0,0.12
1780611509.810,191.5,11,0.0,0.12
1780611509.910,191.5,11,0.0,0.12
1780611510.010,191.5,11,0.0,0.12
1780611510.110,191.5,11,0.0,0.12
1780611510.210,191.5,11,0.0,0.12
1780611510.311,191.5,11,0.0,0.12
1780611510.411,191.5,11,0.0,0.12
1780611510.511,191.5,11,0.0,0.12
1780611510.611,191.5,11,0.0,0.12
1780611510.711,191.5,11,0.0,0.12
1780611510.811,191.5,11,0.0,0.12
1780611510.911,191.5,11,0.0,0.12
1780611511.012,191.5,11,0.0,0.12
1780611511.112,191.5,11,0.0,0.12
1780611511.212,191.5,11,0.0,0.12
1780611511.312,191.5,11,0.0,0.12
1780611511.412,191.5,11,0.0,0.12
1780611511.512,191.5,11,0.0,0.12
1780611511.612,191.5,11,0.0,0.12
1780611511.712,191.5,11,0.0,0.12
1780611511.812,191.5,11,0.0,0.12
1780611511.913,191.5,11,0.0,0.12
1780611512.013,191.5,11,0.0,0.12
1780611512.113,191.5,11,0.0,0.12
1780611512.213,191.5,11,0.0,0.12
1780611512.313,191.5,11,0.0,0.12
1780611512.413,191.5,11,0.0,0.12
1780611512.513,191.5,11,0.0,0.12
1780611512.613,191.5,11,0.0,0.12
1780611512.713,191.5,11,0.0,0.12
1780611512.814,191.5,11,0.0,0.12
1780611512.914,191.5,11,0.0,0.12
1780611513.014,191.5,11,0.0,0.12
1780611513.114,191.5,11,0.0,0.12
1780611513.214,191.5,11,0.0,0.12
1780611513.314,191.5,11,0.0,0.13
1780611513.414,191.5,11,0.0,0.13
1780611513.514,191.5,11,0.0,0.13
1780611513.614,191.5,11,0.0,0.13
1780611513.715,191.5,11,0.0,0.13
1780611513.815,191.5,11,0.0,0.13
1780611513.915,191.5,11,0.0,0.13
1780611514.015,191.5,11,0.0,0.13
1780611514.115,191.5,11,0.0,0.13
1780611514.215,191.5,11,0.0,0.13
1780611514.315,191.5,11,0.0,0.13
1780611514.415,191.5,11,0.0,0.13
1780611514.515,191.5,11,0.0,0.13
1780611514.616,191.5,11,0.0,0.13
1780611514.716,191.5,11,0.0,0.13
1780611514.816,191.5,11,0.0,0.13
1780611514.916,191.5,11,0.0,0.13
1780611515.016,191.5,11,0.0,0.13
1780611515.116,191.5,11,0.0,0.13
1780611515.216,191.5,11,0.0,0.13
1780611515.316,191.5,11,0.0,0.13
1780611515.416,191.5,11,0.0,0.13
1780611515.517,191.5,11,0.0,0.13
1780611515.617,191.5,11,0.0,0.13
1780611515.717,191.5,11,0.0,0.13
1780611515.817,191.5,11,0.0,0.13
1780611515.917,191.5,11,0.0,0.13
1780611516.017,191.5,11,0.0,0.13
1780611516.117,191.5,11,0.0,0.13
1780611516.218,191.5,11,0.0,0.13
1780611516.318,191.5,11,0.0,0.13
1780611516.418,191.5,11,0.0,0.13
1780611516.518,191.5,11,0.0,0.13
1780611516.618,191.5,11,0.0,0.13
1780611516.718,191.5,11,0.0,0.13
1780611516.818,191.5,11,0.0,0.13
1780611516.918,191.5,11,0.0,0.13
1780611517.018,191.5,11,0.0,0.13
1780611517.119,191.5,11,0.0,0.13
1780611517.219,191.5,11,0.0,0.13
1780611517.319,191.5,11,0.0,0.13
1780611517.419,191.5,11,0.0,0.13
1780611517.519,191.5,11,0.0,0.13
1780611517.619,191.5,11,0.0,0.13
1780611517.719,191.5,11,0.0,0.13
1780611517.819,191.5,11,0.0,0.13
1780611517.920,191.5,11,0.0,0.13
1780611518.020,191.5,11,0.0,0.13
1780611518.120,191.5,11,0.0,0.13
1780611518.220,191.5,11,0.0,0.13
1780611518.320,191.5,11,0.0,0.13
1780611518.420,191.5,11,0.0,0.13
1780611518.520,191.5,11,0.0,0.13
1780611518.620,191.5,11,0.0,0.13
1780611518.720,191.5,11,0.0,0.13
1780611518.821,191.5,11,0.0,0.13
1780611518.921,191.5,11,10.0,0.12
1780611519.021,191.5,11,0.0,0.12
1780611519.121,191.5,11,0.0,0.12
1780611519.221,191.5,11,0.0,0.12
1780611519.321,191.5,11,0.0,0.12
1780611519.421,191.5,11,0.0,0.12
1780611519.521,191.5,11,0.0,0.12
1780611519.621,191.5,11,0.0,0.12
1780611519.722,191.5,11,0.0,0.12
1780611519.822,191.5,11,0.0,0.12
1780611519.922,191.5,11,0.0,0.12
1780611520.022,191.5,11,0.0,0.12
1780611520.122,191.5,11,0.0,0.12
1780611520.222,191.5,11,0.0,0.12
1780611520.322,191.5,11,0.0,0.12
1780611520.422,191.5,11,0.0,0.12
1780611520.523,191.5,11,0.0,0.12
1780611520.623,191.5,11,0.0,0.12
1780611520.723,191.5,11,0.0,0.12
1780611520.823,191.5,11,0.0,0.12
1780611520.923,191.5,11,0.0,0.12
1780611521.023,191.5,11,0.0,0.12
1780611521.123,191.5,11,0.0,0.12
1780611521.223,191.5,11,0.0,0.12
1780611521.324,191.5,11,0.0,0.12
1780611521.424,191.5,11,0.0,0.12
1780611521.524,191.5,11,0.0,0.12
1780611521.624,191.5,11,0.0,0.12
1780611521.724,191.5,11,0.0,0.12
1780611521.824,191.5,11,0.0,0.12
1780611521.924,191.5,11,0.0,0.12
1780611522.024,191.5,11,0.0,0.12
1780611522.124,191.5,11,0.0,0.12
1780611522.225,191.5,11,0.0,0.12
1780611522.325,191.5,11,0.0,0.12
1780611522.425,191.5,11,0.0,0.12
1780611522.525,191.5,11,0.0,0.12
1780611522.625,191.5,11,0.0,0.12
1780611522.725,191.5,11,0.0,0.12
1780611522.825,191.5,11,0.0,0.12
1780611522.925,191.5,11,0.0,0.12
1780611523.025,191.5,11,0.0,0.12
1780611523.126,191.5,11,0.0,0.12
1780611523.226,191.5,11,0.0,0.12
1780611523.326,191.5,11,0.0,0.12
1780611523.426,191.5,11,0.0,0.12
1780611523.526,191.5,11,0.0,0.12
1780611523.626,191.5,11,0.0,0.12
1780611523.726,191.5,11,0.0,0.12
1780611523.827,191.5,11,0.0,0.12
1780611523.927,191.5,11,0.0,0.12
1780611524.027,191.5,11,0.0,0.12
1780611524.127,191.5,11,0.0,0.12
1780611524.227,191.5,11,0.0,0.12
1780611524.327,191.5,11,0.0,0.12
1780611524.427,191.5,11,0.0,0.12
1780611524.527,191.5,11,0.0,0.12
1780611524.627,191.5,11,0.0,0.12
1780611524.728,191.5,11,0.0,0.12
1780611524.828,191.5,11,0.0,0.12
1780611524.928,191.5,11,0.0,0.12
1780611525.028,191.5,11,0.0,0.12
1780611525.128,191.5,11,0.0,0.12
1780611525.228,191.5,11,0.0,0.12
1780611525.328,191.5,11,0.0,0.12
1780611525.428,191.5,11,0.0,0.12
1780611525.528,191.5,11,0.0,0.12
1780611525.629,191.5,11,0.0,0.12
1780611525.729,191.5,11,0.0,0.12
1780611525.829,191.5,11,0.0,0.12
1780611525.929,191.5,11,0.0,0.12
1780611526.029,191.5,11,0.0,0.12
1780611526.129,191.5,11,0.0,0.12
1780611526.229,191.5,11,0.0,0.12
1780611526.329,191.5,11,0.0,0.12
1780611526.430,191.5,11,0.0,0.12
1780611526.530,191.5,11,0.0,0.12
1780611526.630,191.5,11,0.0,0.12
1780611526.730,191.5,11,0.0,0.12
1780611526.830,191.5,11,0.0,0.12
1780611526.930,191.5,11,0.0,0.12
1780611527.030,191.5,11,0.0,0.12
1780611527.130,191.5,11,0.0,0.12
1780611527.231,191.5,11,0.0,0.12
1780611527.331,191.5,11,0.0,0.12
1780611527.431,191.5,11,0.0,0.12
1780611527.531,191.5,11,0.0,0.12
1780611527.631,191.5,11,0.0,0.12
1780611527.731,191.5,11,0.0,0.12
1780611527.831,191.5,11,0.0,0.12
1780611527.931,191.5,11,0.0,0.12
1780611528.031,191.5,11,0.0,0.12
1780611528.132,191.5,11,0.0,0.12
1780611528.232,191.5,11,0.0,0.12
1780611528.332,191.5,11,0.0,0.12
1780611528.432,191.5,11,0.0,0.12
1780611528.532,191.5,11,0.0,0.12
1780611528.632,191.5,11,0.0,0.12
1780611528.732,191.5,11,0.0,0.12
1780611528.832,191.5,11,0.0,0.12
1780611528.933,191.5,11,0.0,0.12
1780611529.033,191.5,11,0.0,0.12
1780611529.133,191.5,11,0.0,0.12
1780611529.233,191.5,11,0.0,0.12
1780611529.333,191.5,11,0.0,0.12
1780611529.433,191.5,11,0.0,0.12
1780611529.533,191.5,11,0.0,0.12
1780611529.633,191.5,11,0.0,0.12
1780611529.733,191.5,11,0.0,0.11
1780611529.834,191.5,11,0.0,0.11
1780611529.934,191.5,11,0.0,0.11
1780611530.034,191.5,11,0.0,0.11
1780611530.134,191.5,11,0.0,0.11
1780611530.234,191.5,11,0.0,0.11
1780611530.334,191.5,11,0.0,0.11
1780611530.434,191.5,11,0.0,0.11
1780611530.534,191.5,11,0.0,0.11
1780611530.635,191.5,11,0.0,0.11
1780611530.735,191.5,11,0.0,0.11
1780611530.835,191.5,11,0.0,0.11
1780611530.935,191.5,11,0.0,0.11
1780611531.035,191.5,11,0.0,0.11
1780611531.135,191.5,11,0.0,0.11
1780611531.235,191.5,11,0.0,0.11
1780611531.335,191.5,11,0.0,0.11
1780611531.435,191.5,11,0.0,0.11
1780611531.536,191.5,11,0.0,0.11
1780611531.636,191.5,11,0.0,0.11
1780611531.736,191.5,11,0.0,0.11
1780611531.836,191.5,11,0.0,0.11
1780611531.936,191.5,11,0.0,0.11
1780611532.036,191.5,11,0.0,0.11
1780611532.136,191.5,11,0.0,0.11
1780611532.236,191.5,11,0.0,0.11
1780611532.337,191.5,11,0.0,0.11
1780611532.437,191.5,11,0.0,0.11
1780611532.537,191.5,11,0.0,0.11
1780611532.637,191.5,11,0.0,0.11
1780611532.737,191.5,11,0.0,0.11
1780611532.837,191.5,11,0.0,0.11
1780611532.937,191.5,11,0.0,0.11
1780611533.037,191.5,11,0.0,0.11
1780611533.137,191.5,11,0.0,0.11
1780611533.238,191.5,11,0.0,0.12
1780611533.338,191.5,11,0.0,0.12
1780611533.438,191.5,11,0.0,0.12
1780611533.538,191.5,11,0.0,0.12
1780611533.638,191.5,11,0.0,0.12
1780611533.738,191.5,11,0.0,0.12
1780611533.838,191.5,11,0.0,0.12
1780611533.938,191.5,11,0.0,0.12
1780611534.038,191.5,11,0.0,0.12
1780611534.139,191.5,11,0.0,0.12
1780611534.239,191.5,11,0.0,0.12
1780611534.339,191.5,11,0.0,0.12
1780611534.439,191.5,11,0.0,0.12
1780611534.539,191.5,11,0.0,0.12
1780611534.639,191.5,11,0.0,0.12
1780611534.739,191.5,11,0.0,0.12
1780611534.839,191.5,11,0.0,0.12
1780611534.939,191.5,11,0.0,0.12
1780611535.040,191.5,11,0.0,0.12
1780611535.140,191.5,11,0.0,0.12
1780611535.240,191.5,11,0.0,0.12
1780611535.340,191.5,11,0.0,0.12
1780611535.440,191.5,11,0.0,0.12
1780611535.540,191.5,11,0.0,0.12
1780611535.640,191.5,11,0.0,0.12
1780611535.741,191.5,11,0.0,0.12
1780611535.841,191.5,11,0.0,0.12
1780611535.941,191.5,11,0.0,0.12
1780611536.041,191.5,11,0.0,0.12
1780611536.141,191.5,11,0.0,0.12
1780611536.241,191.5,11,0.0,0.12
1780611536.341,191.5,11,0.0,0.12
1780611536.441,191.5,11,0.0,0.12
1780611536.541,191.5,11,0.0,0.12
1780611536.642,191.5,11,0.0,0.12
1780611536.742,191.5,11,0.0,0.12
1780611536.842,191.5,11,0.0,0.12
1780611536.942,191.5,11,0.0,0.12
1780611537.042,191.5,11,0.0,0.12
1780611537.142,191.5,11,0.0,0.12
1780611537.242,191.5,11,0.0,0.12
1780611537.342,191.5,11,0.0,0.12
1780611537.442,191.5,11,0.0,0.12
1780611537.543,191.5,11,0.0,0.12
1780611537.643,191.5,11,0.0,0.12
1780611537.743,191.5,11,0.0,0.12
1780611537.843,191.5,11,0.0,0.12
1780611537.943,191.5,11,0.0,0.12
1780611538.043,191.5,11,0.0,0.12
1780611538.143,191.5,11,0.0,0.12
1780611538.243,191.5,11,0.0,0.12
1780611538.343,191.5,11,0.0,0.12
1780611538.444,191.5,11,0.0,0.12
1780611538.544,191.5,11,0.0,0.12
1780611538.644,191.5,11,0.0,0.12
1780611538.744,191.5,11,0.0,0.12
1780611538.844,191.5,11,0.0,0.12
1780611538.944,191.5,11,0.0,0.12
1780611539.044,191.5,11,0.0,0.12
1780611539.144,191.5,11,0.0,0.12
1780611539.244,191.5,11,0.0,0.12
1780611539.345,191.5,11,0.0,0.12
1780611539.445,191.5,11,0.0,0.12
1780611539.545,191.5,11,0.0,0.12
1780611539.645,191.5,11,0.0,0.12
1780611539.745,191.5,11,0.0,0.12
1780611539.845,191.5,11,0.0,0.12
1780611539.945,191.5,11,0.0,0.12
1780611540.045,191.5,11,0.0,0.12
1780611540.145,191.5,11,0.0,0.12
1780611540.246,191.5,11,0.0,0.12
1780611540.346,191.5,11,0.0,0.12
1780611540.446,191.5,11,0.0,0.12
1780611540.546,191.5,11,0.0,0.12
1780611540.646,191.5,11,0.0,0.12
1780611540.746,191.5,11,0.0,0.12
1780611540.846,191.5,11,0.0,0.12
1780611540.946,191.5,11,0.0,0.12
1780611541.047,191.5,11,0.0,0.12
1780611541.147,191.5,11,0.0,0.12
1780611541.282,192.9,11,66.7,0.12
1780611541.382,192.9,11,0.0,0.29
1780611541.482,192.9,11,10.0,0.29
1780611541.582,192.9,11,0.0,0.29
1780611541.682,192.9,11,0.0,0.29
1780611541.782,192.9,11,0.0,0.29
1780611541.882,192.9,11,0.0,0.29
1780611541.983,192.9,11,0.0,0.29
1780611542.083,192.9,11,0.0,0.29
1780611542.183,192.9,11,0.0,0.29
1780611542.283,192.9,11,0.0,0.29
1780611542.383,192.9,11,0.0,0.29
1780611542.483,192.9,11,0.0,0.29
1780611542.583,192.9,11,0.0,0.29
1780611542.683,192.9,11,0.0,0.29
1780611542.783,192.9,11,0.0,0.29
1780611542.884,192.9,11,0.0,0.29
1780611542.984,192.9,11,0.0,0.29
1780611543.084,192.9,11,0.0,0.29
1780611543.184,192.9,11,0.0,0.29
1780611543.284,192.9,11,0.0,0.29
1780611543.384,192.9,11,0.0,0.29
1780611543.484,192.9,11,0.0,0.29
1780611543.585,192.9,11,0.0,0.29
1780611543.685,192.9,11,0.0,0.29
1780611543.785,192.9,11,0.0,0.29
1780611543.885,192.9,11,0.0,0.29
1780611543.985,192.9,11,0.0,0.29
1780611544.085,192.9,11,0.0,0.29
1780611544.185,192.9,11,0.0,0.29
1780611544.285,192.9,11,0.0,0.29
1780611544.386,192.9,11,0.0,0.29
1780611544.486,192.9,11,0.0,0.29
1780611544.586,192.9,11,0.0,0.29
1780611544.686,192.9,11,0.0,0.29
1780611544.786,192.9,11,0.0,0.29
1780611544.886,192.9,11,0.0,0.29
1780611544.986,192.9,11,0.0,0.29
1780611545.086,192.9,11,0.0,0.29
1780611545.186,192.9,11,0.0,0.29
1780611545.287,192.9,11,0.0,0.29
1780611545.387,192.9,11,0.0,0.29
1780611545.487,192.9,11,0.0,0.29
1780611545.587,192.9,11,0.0,0.29
1780611545.687,192.9,11,0.0,0.29
1780611545.787,192.9,11,0.0,0.29
1780611545.887,192.9,11,0.0,0.29
1780611545.987,192.9,11,0.0,0.29
1780611546.088,192.9,11,0.0,0.29
1780611546.188,192.9,11,0.0,0.29
1780611546.288,192.9,11,0.0,0.29
1780611546.388,192.9,11,0.0,0.29
1780611546.488,192.9,11,0.0,0.29
1780611546.588,192.9,11,0.0,0.29
1780611546.688,192.9,11,0.0,0.29
1780611546.788,192.9,11,0.0,0.29
1780611546.888,192.9,11,0.0,0.29
1780611546.989,192.9,11,0.0,0.29
1780611547.089,192.9,11,0.0,0.29
1780611547.189,192.9,11,0.0,0.29
1780611547.289,192.9,11,0.0,0.29
1780611547.389,192.9,11,0.0,0.29
1780611547.489,192.9,11,0.0,0.29
1780611547.589,192.9,11,0.0,0.29
1780611547.689,192.9,11,0.0,0.22
1780611547.789,192.9,11,0.0,0.12
1780611547.890,192.9,11,0.0,0.12
1780611547.990,192.9,11,0.0,0.12
1780611548.090,192.9,11,0.0,0.12
1780611548.190,192.9,11,0.0,0.12
1780611548.290,192.9,11,0.0,0.12
1780611548.390,192.9,11,0.0,0.12
1780611548.490,192.9,11,0.0,0.12
1780611548.590,192.9,11,0.0,0.12
1780611548.690,192.9,11,0.0,0.12
1780611548.791,192.9,11,0.0,0.12
1780611548.891,192.9,11,0.0,0.12
1780611548.991,192.9,11,0.0,0.12
1780611549.091,192.9,11,0.0,0.12
1780611549.191,192.9,11,0.0,0.12
1780611549.291,192.9,11,0.0,0.12
1780611549.391,192.9,11,0.0,0.12
1780611549.491,192.9,11,0.0,0.12
1780611549.591,192.9,11,0.0,0.12
1780611549.692,192.9,11,0.0,0.12
1780611549.792,192.9,11,0.0,0.12
1780611549.892,192.9,11,0.0,0.12
1780611549.992,192.9,11,0.0,0.12
1780611550.092,192.9,11,0.0,0.12
1780611550.192,192.9,11,0.0,0.12
1780611550.292,192.9,11,0.0,0.12
1780611550.392,192.9,11,0.0,0.12
1780611550.493,192.9,11,0.0,0.12
1780611550.593,192.9,11,0.0,0.12
1780611550.693,192.9,11,0.0,0.12
1780611550.793,192.9,11,0.0,0.12
1780611550.893,192.9,11,0.0,0.12
1780611550.993,192.9,11,0.0,0.12
1780611551.093,192.9,11,0.0,0.12
1780611551.193,192.9,11,0.0,0.12
1780611551.294,192.9,11,0.0,0.12
1780611551.394,192.9,11,0.0,0.12
1780611551.494,192.9,11,0.0,0.12
1780611551.594,192.9,11,0.0,0.12
1780611551.694,192.9,11,0.0,0.12
1780611551.794,192.9,11,0.0,0.12
1780611551.894,192.9,11,0.0,0.12
1780611551.994,192.9,11,0.0,0.12
1780611552.094,192.9,11,0.0,0.12
1780611552.195,192.9,11,0.0,0.12
1780611552.295,192.9,11,0.0,0.12
1780611552.395,192.9,11,0.0,0.12
1780611552.495,192.9,11,0.0,0.12
1780611552.595,192.9,11,0.0,0.12
1780611552.695,192.9,11,0.0,0.12
1780611552.795,192.9,11,0.0,0.12
1780611552.895,192.9,11,0.0,0.12
1780611552.995,192.9,11,0.0,0.12
1780611553.096,192.9,11,0.0,0.12
1780611553.196,192.9,11,0.0,0.12
1780611553.296,192.9,11,0.0,0.12
1780611553.396,192.9,11,0.0,0.12
1780611553.496,192.9,11,0.0,0.12
1780611553.596,192.9,11,0.0,0.12
1780611553.696,192.9,11,0.0,0.12
1780611553.796,192.9,11,0.0,0.12
1780611553.897,192.9,11,0.0,0.12
1780611553.997,192.9,11,0.0,0.12
1780611554.097,192.9,11,0.0,0.12
1780611554.197,192.9,11,0.0,0.12
1780611554.297,192.9,11,0.0,0.12
1780611554.397,192.9,11,0.0,0.12
1780611554.497,192.9,11,10.0,0.12
1780611554.597,192.9,11,0.0,0.12
1780611554.697,192.9,11,0.0,0.12
1780611554.798,192.9,11,0.0,0.12
1780611554.898,192.9,11,0.0,0.12
1780611554.998,192.9,11,0.0,0.12
1780611555.098,192.9,11,0.0,0.12
1780611555.198,192.9,11,0.0,0.12
1780611555.298,192.9,11,0.0,0.12
1780611555.398,192.9,11,0.0,0.12
1780611555.499,192.9,11,0.0,0.12
1780611555.599,192.9,11,0.0,0.12
1780611555.699,192.9,11,0.0,0.12
1780611555.799,192.9,11,0.0,0.12
1780611555.899,192.9,11,0.0,0.12
1780611555.999,192.9,11,0.0,0.12
1780611556.099,192.9,11,0.0,0.12
1780611556.200,192.9,11,0.0,0.12
1780611556.300,192.9,11,0.0,0.12
1780611556.400,192.9,11,0.0,0.16
1780611556.500,192.9,11,0.0,0.16
1780611556.600,192.9,11,0.0,0.16
1780611556.700,192.9,11,0.0,0.16
1780611556.800,192.9,11,0.0,0.16
1780611556.900,192.9,11,0.0,0.16
1780611557.001,192.9,11,0.0,0.16
1780611557.101,192.9,11,0.0,0.16
1780611557.201,192.9,11,0.0,0.16
1780611557.301,192.9,11,0.0,0.16
1780611557.401,192.9,11,0.0,0.16
1780611557.501,192.9,11,0.0,0.16
1780611557.601,192.9,11,0.0,0.16
1780611557.701,192.9,11,0.0,0.16
1780611557.802,192.9,11,0.0,0.16
1780611557.902,192.9,11,0.0,0.16
1780611558.002,192.9,11,0.0,0.16
1780611558.102,192.9,11,0.0,0.16
1780611558.202,192.9,11,0.0,0.16
1780611558.302,192.9,11,0.0,0.16
1780611558.402,192.9,11,0.0,0.16
1780611558.502,192.9,11,0.0,0.16
1780611558.602,192.9,11,0.0,0.16
1780611558.703,192.9,11,0.0,0.16
1780611558.803,192.9,11,0.0,0.16
1780611558.903,192.9,11,0.0,0.16
1780611559.003,192.9,11,0.0,0.16
1780611559.103,192.9,11,0.0,0.16
1780611559.203,192.9,11,0.0,0.16
1780611559.303,192.9,11,0.0,0.16
1780611559.403,192.9,11,0.0,0.16
1780611559.503,192.9,11,0.0,0.16
1780611559.603,192.9,11,0.0,0.16
1780611559.704,192.9,11,0.0,0.12
1780611559.804,192.9,11,0.0,0.12
1780611559.904,192.9,11,0.0,0.12
1780611560.004,192.9,11,0.0,0.12
1780611560.104,192.9,11,0.0,0.12
1780611560.204,192.9,11,0.0,0.12
1780611560.304,192.9,11,0.0,0.12
1780611560.404,192.9,11,0.0,0.12
1780611560.505,192.9,11,0.0,0.12
1780611560.605,192.9,11,0.0,0.12
1780611560.705,192.9,11,0.0,0.12
1780611560.805,192.9,11,0.0,0.12
1780611560.905,192.9,11,0.0,0.12
1780611561.005,192.9,11,0.0,0.12
1780611561.105,192.9,11,0.0,0.12
1780611561.205,192.9,11,0.0,0.12
1780611561.305,192.9,11,0.0,0.12
1780611561.406,192.9,11,0.0,0.12
1780611561.506,192.9,11,0.0,0.12
1780611561.606,192.9,11,0.0,0.12
1780611561.706,192.9,11,0.0,0.12
1780611561.806,192.9,11,0.0,0.12
1780611561.906,192.9,11,0.0,0.12
1780611562.006,192.9,11,0.0,0.12
1780611562.106,192.9,11,0.0,0.12
1780611562.206,192.9,11,0.0,0.12
1780611562.307,192.9,11,0.0,0.12
1780611562.407,192.9,11,0.0,0.12
1780611562.507,192.9,11,0.0,0.12
1780611562.607,192.9,11,0.0,0.12
1780611562.707,192.9,11,0.0,0.12
1780611562.807,192.9,11,0.0,0.12
1780611562.907,192.9,11,0.0,0.12
1780611563.007,192.9,11,0.0,0.12
1780611563.107,192.9,11,0.0,0.12
1780611563.208,192.9,11,0.0,0.12
1780611563.308,192.9,11,0.0,0.12
1780611563.408,192.9,11,0.0,0.12
1780611563.508,192.9,11,0.0,0.12
1780611563.608,192.9,11,0.0,0.12
1780611563.708,192.9,11,0.0,0.12
1780611563.808,192.9,11,0.0,0.12
1780611563.908,192.9,11,10.0,0.12
1780611564.008,192.9,11,0.0,0.12
1780611564.109,192.9,11,0.0,0.12
1780611564.209,192.9,11,0.0,0.12
1780611564.309,192.9,11,0.0,0.12
1780611564.409,192.9,11,0.0,0.12
1780611564.509,192.9,11,0.0,0.12
1780611564.609,192.9,11,0.0,0.12
1780611564.709,192.9,11,0.0,0.12
1780611564.809,192.9,11,0.0,0.12
1780611564.909,192.9,11,0.0,0.12
1780611565.010,192.9,11,0.0,0.12
1780611565.110,192.9,11,0.0,0.12
1780611565.210,192.9,11,0.0,0.12
1780611565.310,192.9,11,0.0,0.12
1780611565.410,192.9,11,0.0,0.12
1780611565.510,192.9,11,0.0,0.12
1780611565.610,192.9,11,0.0,0.12
1780611565.710,192.9,11,0.0,0.12
1780611565.811,192.9,11,0.0,0.12
1780611565.911,192.9,11,0.0,0.12
1780611566.011,192.9,11,0.0,0.12
1780611566.111,192.9,11,0.0,0.12
1780611566.211,192.9,11,0.0,0.12
1780611566.311,192.9,11,0.0,0.12
1780611566.411,192.9,11,0.0,0.12
1780611566.511,192.9,11,0.0,0.12
1780611566.611,192.9,11,0.0,0.12
1780611566.712,192.9,11,0.0,0.12
1780611566.812,192.9,11,0.0,0.12
1780611566.912,192.9,11,0.0,0.12
1780611567.012,192.9,11,0.0,0.12
1780611567.112,192.9,11,0.0,0.12
1780611567.212,192.9,11,0.0,0.12
1780611567.312,192.9,11,0.0,0.12
1780611567.412,192.9,11,0.0,0.12
1780611567.512,192.9,11,0.0,0.12
1780611567.613,192.9,11,0.0,0.12
1780611567.713,192.9,11,0.0,0.12
1780611567.813,192.9,11,0.0,0.12
1780611567.913,192.9,11,0.0,0.12
1780611568.013,192.9,11,0.0,0.12
1780611568.113,192.9,11,0.0,0.12
1780611568.213,192.9,11,0.0,0.12
1780611568.313,192.9,11,0.0,0.12
1780611568.414,192.9,11,0.0,0.12
1780611568.514,192.9,11,0.0,0.12
1780611568.614,192.9,11,0.0,0.13
1780611568.714,192.9,11,0.0,0.13
1780611568.814,192.9,11,0.0,0.13
1780611568.914,192.9,11,0.0,0.13
1780611569.014,192.9,11,0.0,0.13
1780611569.114,192.9,11,0.0,0.13
1780611569.214,192.9,11,0.0,0.13
1780611569.315,192.9,11,0.0,0.13
1780611569.415,192.9,11,0.0,0.13
1780611569.515,192.9,11,0.0,0.13
1780611569.615,192.9,11,0.0,0.13
1780611569.715,192.9,11,0.0,0.12
1780611569.815,192.9,11,0.0,0.12
1780611569.915,192.9,11,0.0,0.12
1780611570.015,192.9,11,0.0,0.12
1780611570.116,192.9,11,0.0,0.12
1780611570.216,192.9,11,0.0,0.12
1780611570.316,192.9,11,0.0,0.12
1780611570.416,192.9,11,0.0,0.12
1780611570.516,192.9,11,0.0,0.12
1780611570.616,192.9,11,0.0,0.12
1780611570.716,192.9,11,0.0,0.12
1780611570.816,192.9,11,0.0,0.12
1780611570.916,192.9,11,0.0,0.12
1780611571.017,192.9,11,0.0,0.12
1780611571.117,192.9,11,0.0,0.12
1780611571.217,192.9,11,0.0,0.12
1780611571.317,192.9,11,0.0,0.12
1780611571.417,192.9,11,0.0,0.12
1780611571.517,192.9,11,0.0,0.12
1780611571.617,192.9,11,0.0,0.12
1780611571.717,192.9,11,0.0,0.12
1780611571.817,192.9,11,0.0,0.12
1780611571.918,192.9,11,0.0,0.12
1780611572.018,192.9,11,0.0,0.12
1780611572.118,192.9,11,0.0,0.12
1780611572.218,192.9,11,0.0,0.12
1780611572.318,192.9,11,0.0,0.12
1780611572.418,192.9,11,0.0,0.12
1780611572.518,192.9,11,0.0,0.12
1780611572.618,192.9,11,0.0,0.12
1780611572.718,192.9,11,0.0,0.12
1780611572.818,192.9,11,0.0,0.12
1780611572.919,192.9,11,0.0,0.12
1780611573.019,192.9,11,0.0,0.12
1780611573.119,192.9,11,0.0,0.12
1780611573.219,192.9,11,0.0,0.12
1780611573.319,192.9,11,0.0,0.13
1780611573.419,192.9,11,0.0,0.13
1780611573.519,192.9,11,0.0,0.13
1780611573.619,192.9,11,0.0,0.13
1780611573.719,192.9,11,0.0,0.13
1780611573.820,192.9,11,0.0,0.13
1780611573.920,192.9,11,0.0,0.13
1780611574.020,192.9,11,0.0,0.13
1780611574.120,192.9,11,0.0,0.13
1780611574.220,192.9,11,0.0,0.13
1780611574.320,192.9,11,0.0,0.13
1780611574.420,192.9,11,0.0,0.13
1780611574.520,192.9,11,0.0,0.13
1780611574.620,192.9,11,0.0,0.13
1780611574.721,192.9,11,0.0,0.13
1780611574.821,192.9,11,0.0,0.13
1780611574.921,192.9,11,0.0,0.13
1780611575.021,192.9,11,0.0,0.12
1780611575.121,192.9,11,0.0,0.12
1780611575.221,192.9,11,0.0,0.12
1780611575.321,192.9,11,0.0,0.12
1780611575.421,192.9,11,0.0,0.12
1780611575.521,192.9,11,0.0,0.12
1780611575.622,192.9,11,0.0,0.12
1780611575.722,192.9,11,0.0,0.12
1780611575.822,192.9,11,0.0,0.12
1780611575.922,192.9,11,0.0,0.12
1780611576.022,192.9,11,0.0,0.12
1780611576.122,192.9,11,0.0,0.12
1780611576.222,192.9,11,0.0,0.12
1780611576.322,192.9,11,0.0,0.12
1780611576.422,192.9,11,0.0,0.12
1780611576.522,192.9,11,0.0,0.12
1780611576.623,192.9,11,0.0,0.12
1780611576.723,192.9,11,0.0,0.12
1780611576.823,192.9,11,0.0,0.12
1780611576.923,192.9,11,0.0,0.12
1780611577.023,192.9,11,0.0,0.12
1780611577.123,192.9,11,0.0,0.12
1780611577.223,192.9,11,0.0,0.12
1780611577.323,192.9,11,0.0,0.12
1780611577.423,192.9,11,0.0,0.12
1780611577.524,192.9,11,0.0,0.12
1780611577.624,192.9,11,0.0,0.12
1780611577.724,192.9,11,0.0,0.12
1780611577.824,192.9,11,0.0,0.12
1780611577.924,192.9,11,0.0,0.12
1780611578.024,192.9,11,0.0,0.12
1780611578.124,192.9,11,0.0,0.12
1780611578.224,192.9,11,0.0,0.12
1780611578.324,192.9,11,0.0,0.12
1780611578.425,192.9,11,0.0,0.12
1780611578.525,192.9,11,0.0,0.12
1780611578.625,192.9,11,0.0,0.12
1780611578.725,192.9,11,0.0,0.12
1780611578.825,192.9,11,0.0,0.12
1780611578.925,192.9,11,10.0,0.12
1780611579.025,192.9,11,0.0,0.12
1780611579.125,192.9,11,0.0,0.12
1780611579.225,192.9,11,0.0,0.12
1780611579.325,192.9,11,0.0,0.12
1780611579.426,192.9,11,0.0,0.12
1780611579.526,192.9,11,0.0,0.12
1780611579.626,192.9,11,0.0,0.12
1780611579.726,192.9,11,0.0,0.12
1780611579.826,192.9,11,0.0,0.12
1780611579.926,192.9,11,0.0,0.12
1780611580.026,192.9,11,0.0,0.12
1780611580.126,192.9,11,0.0,0.12
1780611580.226,192.9,11,0.0,0.12
1780611580.327,192.9,11,0.0,0.12
1780611580.427,192.9,11,0.0,0.12
1780611580.527,192.9,11,0.0,0.12
1780611580.627,192.9,11,0.0,0.12
1780611580.727,192.9,11,0.0,0.12
1780611580.827,192.9,11,0.0,0.12
1780611580.927,192.9,11,0.0,0.12
1780611581.027,192.9,11,0.0,0.12
1780611581.127,192.9,11,0.0,0.12
1780611581.228,192.9,11,0.0,0.12
1780611581.328,192.9,11,0.0,0.12
1780611581.428,192.9,11,0.0,0.12
1780611581.528,192.9,11,0.0,0.12
1780611581.628,192.9,11,0.0,0.12
1780611581.728,192.9,11,0.0,0.12
1780611581.828,192.9,11,0.0,0.12
1780611581.928,192.9,11,0.0,0.12
1780611582.028,192.9,11,0.0,0.12
1780611582.128,192.9,11,0.0,0.12
1780611582.229,192.9,11,0.0,0.12
1780611582.329,192.9,11,0.0,0.12
1780611582.429,192.9,11,0.0,0.12
1780611582.529,192.9,11,0.0,0.12
1780611582.629,192.9,11,0.0,0.12
1780611582.729,192.9,11,0.0,0.12
1780611582.829,192.9,11,0.0,0.12
1780611582.929,192.9,11,0.0,0.12
1780611583.029,192.9,11,0.0,0.12
1780611583.129,192.9,11,0.0,0.12
1780611583.230,192.9,11,0.0,0.12
1780611583.330,192.9,11,0.0,0.13
1780611583.430,192.9,11,0.0,0.13
1780611583.530,192.9,11,0.0,0.13
1780611583.630,192.9,11,0.0,0.13
1780611583.730,192.9,11,0.0,0.13
1780611583.830,192.9,11,0.0,0.13
1780611583.930,192.9,11,0.0,0.13
1780611584.030,192.9,11,0.0,0.13
1780611584.131,192.9,11,0.0,0.13
1780611584.231,192.9,11,0.0,0.13
1780611584.331,192.9,11,0.0,0.13
1780611584.431,192.9,11,0.0,0.13
1780611584.531,192.9,11,0.0,0.13
1780611584.631,192.9,11,0.0,0.13
1780611584.731,192.9,11,0.0,0.13
1780611584.831,192.9,11,0.0,0.13
1780611584.931,192.9,11,0.0,0.13
1780611585.032,192.9,11,0.0,0.13
1780611585.132,192.9,11,0.0,0.13
1780611585.232,192.9,11,0.0,0.13
1780611585.332,192.9,11,0.0,0.13
1780611585.432,192.9,11,0.0,0.13
1780611585.532,192.9,11,0.0,0.13
1780611585.632,192.9,11,0.0,0.13
1780611585.732,192.9,11,0.0,0.13
1780611585.832,192.9,11,0.0,0.13
1780611585.933,192.9,11,0.0,0.13
1780611586.033,192.9,11,0.0,0.13
1780611586.133,192.9,11,0.0,0.13
1780611586.233,192.9,11,0.0,0.13
1780611586.333,192.9,11,0.0,0.13
1780611586.433,192.9,11,0.0,0.13
1780611586.533,192.9,11,0.0,0.13
1780611586.633,192.9,11,0.0,0.13
1780611586.733,192.9,11,0.0,0.13
1780611586.834,192.9,11,0.0,0.13
1780611586.934,192.9,11,0.0,0.13
1780611587.034,192.9,11,0.0,0.13
1780611587.134,192.9,11,0.0,0.13
1780611587.234,192.9,11,0.0,0.13
1780611587.334,192.9,11,0.0,0.13
1780611587.434,192.9,11,0.0,0.13
1780611587.534,192.9,11,0.0,0.13
1780611587.635,192.9,11,0.0,0.13
1780611587.735,192.9,11,0.0,0.13
1780611587.835,192.9,11,0.0,0.13
1780611587.935,192.9,11,0.0,0.13
1780611588.035,192.9,11,0.0,0.13
1780611588.135,192.9,11,0.0,0.13
1780611588.235,192.9,11,0.0,0.13
1780611588.335,192.9,11,0.0,0.13
1780611588.435,192.9,11,0.0,0.13
1780611588.536,192.9,11,0.0,0.13
1780611588.636,192.9,11,0.0,0.13
1780611588.736,192.9,11,0.0,0.13
1780611588.836,192.9,11,0.0,0.13
1780611588.936,192.9,11,0.0,0.13
1780611589.036,192.9,11,0.0,0.13
1780611589.136,192.9,11,0.0,0.13
1780611589.236,192.9,11,0.0,0.13
1780611589.336,192.9,11,0.0,0.13
1780611589.437,192.9,11,10.0,0.13
1780611589.537,192.9,11,0.0,0.13
1780611589.637,192.9,11,0.0,0.13
1780611589.737,192.9,11,0.0,0.12
1780611589.837,192.9,11,0.0,0.12
1780611589.937,192.9,11,0.0,0.12
1780611590.037,192.9,11,0.0,0.12
1780611590.137,192.9,11,0.0,0.12
1780611590.237,192.9,11,0.0,0.12
1780611590.338,192.9,11,0.0,0.12
1780611590.438,192.9,11,0.0,0.12
1780611590.538,192.9,11,0.0,0.12
1780611590.638,192.9,11,0.0,0.12
1780611590.738,192.9,11,0.0,0.12
1780611590.838,192.9,11,0.0,0.12
1780611590.938,192.9,11,0.0,0.12
1780611591.039,192.9,11,0.0,0.12
1780611591.139,192.9,11,0.0,0.12
1780611591.239,192.9,11,0.0,0.12
1780611591.339,192.9,11,0.0,0.12
1780611591.439,192.9,11,0.0,0.12
1780611591.539,192.9,11,0.0,0.12
1780611591.639,192.9,11,0.0,0.12
1780611591.739,192.9,11,0.0,0.12
1780611591.839,192.9,11,0.0,0.12
1780611591.940,192.9,11,0.0,0.12
1780611592.040,192.9,11,0.0,0.12
1780611592.140,192.9,11,0.0,0.12
1780611592.240,192.9,11,0.0,0.12
1780611592.340,192.9,11,0.0,0.12
1780611592.440,192.9,11,0.0,0.12
1780611592.540,192.9,11,0.0,0.12
1780611592.640,192.9,11,0.0,0.12
1780611592.740,192.9,11,0.0,0.12
1780611592.841,192.9,11,0.0,0.12
1780611592.941,192.9,11,0.0,0.12
1780611593.041,192.9,11,0.0,0.12
1780611593.141,192.9,11,0.0,0.12
1780611593.241,192.9,11,0.0,0.13
1780611593.341,192.9,11,0.0,0.13
1780611593.441,192.9,11,0.0,0.13
1780611593.541,192.9,11,0.0,0.13
1780611593.641,192.9,11,0.0,0.12
1780611593.741,192.9,11,0.0,0.12
1780611593.842,192.9,11,0.0,0.12
1780611593.942,192.9,11,0.0,0.12
1780611594.042,192.9,11,0.0,0.12
1780611594.142,192.9,11,0.0,0.12
1780611594.242,192.9,11,0.0,0.12
1780611594.342,192.9,11,0.0,0.12
1780611594.442,192.9,11,0.0,0.12
1780611594.542,192.9,11,0.0,0.12
1780611594.642,192.9,11,0.0,0.12
1780611594.743,192.9,11,0.0,0.12
1780611594.843,192.9,11,0.0,0.12
1780611594.943,192.9,11,0.0,0.12
1780611595.043,192.9,11,0.0,0.12
1780611595.143,192.9,11,0.0,0.12
1780611595.243,192.9,11,0.0,0.12
1780611595.343,192.9,11,0.0,0.12
1780611595.443,192.9,11,0.0,0.12
1780611595.544,192.9,11,0.0,0.12
1780611595.644,192.9,11,0.0,0.12
1780611595.744,192.9,11,0.0,0.12
1780611595.844,192.9,11,0.0,0.12
1780611595.944,192.9,11,0.0,0.12
1780611596.044,192.9,11,0.0,0.12
1780611596.144,192.9,11,0.0,0.12
1780611596.244,192.9,11,0.0,0.12
1780611596.344,192.9,11,0.0,0.12
1780611596.445,192.9,11,0.0,0.12
1780611596.545,192.9,11,0.0,0.12
1780611596.645,192.9,11,0.0,0.12
1780611596.745,192.9,11,0.0,0.12
1780611596.845,192.9,11,0.0,0.12
1780611596.945,192.9,11,0.0,0.12
1780611597.045,192.9,11,0.0,0.12
1780611597.145,192.9,11,0.0,0.12
1780611597.245,192.9,11,0.0,0.12
1780611597.346,192.9,11,0.0,0.12
1780611597.446,192.9,11,0.0,0.12
1780611597.546,192.9,11,0.0,0.12
1780611597.646,192.9,11,0.0,0.12
1780611597.746,192.9,11,0.0,0.12
1780611597.846,192.9,11,0.0,0.12
1780611597.946,192.9,11,0.0,0.12
1780611598.046,192.9,11,0.0,0.12
1780611598.146,192.9,11,0.0,0.12
1780611598.246,192.9,11,0.0,0.12
1780611598.347,192.9,11,0.0,0.12
1780611598.447,192.9,11,0.0,0.12
1780611598.547,192.9,11,0.0,0.12
1780611598.647,192.9,11,0.0,0.12
1780611598.747,192.9,11,0.0,0.12
1780611598.847,192.9,11,0.0,0.12
1780611598.947,192.9,11,0.0,0.12
1780611599.047,192.9,11,0.0,0.12
1780611599.148,192.9,11,0.0,0.12
1780611599.248,192.9,11,0.0,0.12
1780611599.348,192.9,11,0.0,0.12
1780611599.448,192.9,11,0.0,0.12
1780611599.548,192.9,11,0.0,0.12
1780611599.648,192.9,11,0.0,0.12
1780611599.748,192.9,11,0.0,0.12
1780611599.848,192.9,11,0.0,0.12
1780611599.948,192.9,11,0.0,0.12
1780611600.049,192.9,11,0.0,0.12
1780611600.149,192.9,11,0.0,0.13
1780611600.249,192.9,11,0.0,0.13
1780611600.349,192.9,11,0.0,0.13
1780611600.449,192.9,11,0.0,0.13
1780611600.549,192.9,11,0.0,0.13
1780611600.650,192.9,11,0.0,0.13
1780611600.750,192.9,11,0.0,0.13
1780611600.850,192.9,11,0.0,0.13
1780611600.950,192.9,11,0.0,0.13
1780611601.050,192.9,11,0.0,0.13
1780611601.150,192.9,11,0.0,0.13
1780611601.250,192.9,11,0.0,0.13
1780611601.350,192.9,11,0.0,0.13
1780611601.450,192.9,11,0.0,0.13
1780611601.551,192.9,11,0.0,0.13
1780611601.651,192.9,11,0.0,0.13
1780611601.751,192.9,11,0.0,0.13
1780611601.851,192.9,11,0.0,0.13
1780611601.951,192.9,11,0.0,0.13
1780611602.051,192.9,11,0.0,0.13
1780611602.151,192.9,11,0.0,0.13
1780611602.251,192.9,11,0.0,0.13
1780611602.351,192.9,11,0.0,0.13
1780611602.452,192.9,11,0.0,0.13
1780611602.552,192.9,11,0.0,0.13
1780611602.652,192.9,11,0.0,0.13
1780611602.752,192.9,11,0.0,0.13
1780611602.852,192.9,11,0.0,0.13
1780611602.952,192.9,11,0.0,0.13
1780611603.052,192.9,11,0.0,0.13
1780611603.152,192.9,11,0.0,0.13
1780611603.252,192.9,11,0.0,0.13
1780611603.353,192.9,11,0.0,0.13
1780611603.453,192.9,11,0.0,0.13
1780611603.553,192.9,11,0.0,0.13
1780611603.653,192.9,11,0.0,0.13
1780611603.753,192.9,11,0.0,0.13
1780611603.853,192.9,11,0.0,0.13
1780611603.953,192.9,11,0.0,0.13
1780611604.053,192.9,11,0.0,0.13
1780611604.154,192.9,11,0.0,0.13
1780611604.254,192.9,11,0.0,0.13
1780611604.354,192.9,11,0.0,0.13
1780611604.454,192.9,11,0.0,0.13
1780611604.554,192.9,11,0.0,0.13
1780611604.654,192.9,11,0.0,0.13
1780611604.754,192.9,11,0.0,0.13
1780611604.854,192.9,11,0.0,0.13
1780611604.954,192.9,11,0.0,0.13
1780611605.055,192.9,11,0.0,0.13
1780611605.155,192.9,11,0.0,0.13
1780611605.255,192.9,11,0.0,0.13
1780611605.355,192.9,11,0.0,0.13
1780611605.455,192.9,11,0.0,0.13
1780611605.555,192.9,11,0.0,0.13
1780611605.655,192.9,11,0.0,0.13
1780611605.755,192.9,11,0.0,0.13
1780611605.856,192.9,11,0.0,0.13
1780611605.956,192.9,11,0.0,0.13
1780611606.056,192.9,11,0.0,0.13
1780611606.156,192.9,11,0.0,0.13
1780611606.256,192.9,11,0.0,0.13
1780611606.356,192.9,11,0.0,0.13
1780611606.456,192.9,11,0.0,0.13
1780611606.556,192.9,11,0.0,0.12
1780611606.656,192.9,11,0.0,0.12
1780611606.757,192.9,11,0.0,0.12
1780611606.857,192.9,11,0.0,0.12
1780611606.957,192.9,11,0.0,0.12
1780611607.057,192.9,11,0.0,0.12
1780611607.157,192.9,11,0.0,0.12
1780611607.257,192.9,11,0.0,0.12
1780611607.357,192.9,11,0.0,0.12
1780611607.457,192.9,11,0.0,0.12
1780611607.557,192.9,11,0.0,0.12
1780611607.658,192.9,11,0.0,0.12
1780611607.758,192.9,11,0.0,0.12
1780611607.858,192.9,11,0.0,0.12
1780611607.958,192.9,11,0.0,0.12
1780611608.058,192.9,11,0.0,0.12
1780611608.158,192.9,11,0.0,0.12
1780611608.258,192.9,11,0.0,0.12
1780611608.358,192.9,11,0.0,0.12
1780611608.458,192.9,11,0.0,0.12
1780611608.559,192.9,11,0.0,0.12
1780611608.659,192.9,11,0.0,0.12
1780611608.759,192.9,11,0.0,0.12
1780611608.859,192.9,11,0.0,0.12
1780611608.959,192.9,11,0.0,0.12
1780611609.059,192.9,11,0.0,0.12
1780611609.159,192.9,11,0.0,0.12
1780611609.259,192.9,11,0.0,0.12
1780611609.359,192.9,11,0.0,0.12
1780611609.460,192.9,11,0.0,0.12
1780611609.560,192.9,11,0.0,0.12
1780611609.660,192.9,11,0.0,0.12
1780611609.760,192.9,11,0.0,0.12
1780611609.860,192.9,11,0.0,0.12
1780611609.960,192.9,11,0.0,0.12
1780611610.060,192.9,11,0.0,0.12
1780611610.160,192.9,11,0.0,0.12
1780611610.260,192.9,11,0.0,0.12
1780611610.361,192.9,11,0.0,0.12
1780611610.461,192.9,11,0.0,0.12
1780611610.561,192.9,11,0.0,0.12
1780611610.661,192.9,11,0.0,0.12
1780611610.761,192.9,11,0.0,0.12
1780611610.861,192.9,11,0.0,0.12
1780611610.961,192.9,11,0.0,0.12
1780611611.061,192.9,11,0.0,0.12
1780611611.162,192.9,11,0.0,0.12
1780611611.262,192.9,11,0.0,0.12
1780611611.362,192.9,11,0.0,0.12
1780611611.462,192.9,11,0.0,0.12
1780611611.562,192.9,11,0.0,0.12
1780611611.662,192.9,11,0.0,0.12
1780611611.762,192.9,11,0.0,0.12
1780611611.862,192.9,11,10.0,0.12
1780611611.962,192.9,11,0.0,0.12
1780611612.063,192.9,11,0.0,0.12
1780611612.163,192.9,11,0.0,0.12
1780611612.263,192.9,11,0.0,0.12
1780611612.363,192.9,11,0.0,0.12
1780611612.463,192.9,11,0.0,0.12
1780611612.563,192.9,11,0.0,0.12
1780611612.663,192.9,11,0.0,0.12
1780611612.763,192.9,11,0.0,0.12
1780611612.863,192.9,11,0.0,0.12
1780611612.964,192.9,11,0.0,0.12
1780611613.064,192.9,11,0.0,0.12
1780611613.164,192.9,11,0.0,0.12
1780611613.264,192.9,11,0.0,0.12
1780611613.364,192.9,11,0.0,0.12
1780611613.464,192.9,11,0.0,0.12
1780611613.564,192.9,11,0.0,0.12
1780611613.664,192.9,11,0.0,0.12
1780611613.764,192.9,11,0.0,0.12
1780611613.865,192.9,11,0.0,0.12
1780611613.965,192.9,11,0.0,0.12
1780611614.065,192.9,11,0.0,0.12
1780611614.165,192.9,11,0.0,0.12
1780611614.265,192.9,11,0.0,0.12
1780611614.365,192.9,11,0.0,0.12
1780611614.465,192.9,11,0.0,0.12
1780611614.565,192.9,11,0.0,0.12
1780611614.665,192.9,11,0.0,0.12
1780611614.766,192.9,11,0.0,0.12
1780611614.866,192.9,11,0.0,0.12
1780611614.966,192.9,11,0.0,0.12
1780611615.066,192.9,11,0.0,0.12
1780611615.166,192.9,11,0.0,0.12
1780611615.266,192.9,11,0.0,0.12
1780611615.366,192.9,11,0.0,0.12
1780611615.466,192.9,11,0.0,0.12
1780611615.567,192.9,11,0.0,0.12
1780611615.667,192.9,11,0.0,0.12
1780611615.767,192.9,11,0.0,0.12
1780611615.867,192.9,11,0.0,0.12
1780611615.967,192.9,11,0.0,0.12
1780611616.067,192.9,11,0.0,0.12
1780611616.167,192.9,11,0.0,0.12
1780611616.267,192.9,11,0.0,0.12
1780611616.368,192.9,11,0.0,0.12
1780611616.468,192.9,11,0.0,0.12
1780611616.568,192.9,11,0.0,0.12
1780611616.668,192.9,11,0.0,0.12
1780611616.768,192.9,11,0.0,0.12
1780611616.868,192.9,11,0.0,0.12
1780611616.968,192.9,11,0.0,0.12
1780611617.068,192.9,11,0.0,0.12
1780611617.168,192.9,11,0.0,0.12
1780611617.268,192.9,11,0.0,0.12
1780611617.369,192.9,11,0.0,0.12
1780611617.469,192.9,11,0.0,0.12
1780611617.569,192.9,11,0.0,0.12
1780611617.669,192.9,11,0.0,0.12
1780611617.769,192.9,11,0.0,0.12
1780611617.869,192.9,11,0.0,0.12
1780611617.969,192.9,11,0.0,0.12
1780611618.069,192.9,11,0.0,0.12
1780611618.169,192.9,11,0.0,0.12
1780611618.270,192.9,11,0.0,0.12
1780611618.370,192.9,11,0.0,0.12
1780611618.470,192.9,11,0.0,0.12
1780611618.570,192.9,11,0.0,0.12
1780611618.670,192.9,11,0.0,0.12
1780611618.770,192.9,11,0.0,0.12
1780611618.870,192.9,11,0.0,0.12
1780611618.970,192.9,11,0.0,0.12
1780611619.070,192.9,11,0.0,0.12
1780611619.171,192.9,11,0.0,0.12
1780611619.271,192.9,11,0.0,0.12
1780611619.371,192.9,11,0.0,0.12
1780611619.471,192.9,11,0.0,0.12
1780611619.571,192.9,11,0.0,0.12
1780611619.671,192.9,11,0.0,0.12
1780611619.771,192.9,11,0.0,0.12
1780611619.871,192.9,11,0.0,0.12
1780611619.971,192.9,11,0.0,0.12
1780611620.072,192.9,11,0.0,0.12
1780611620.172,192.9,11,0.0,0.12
1780611620.272,192.9,11,0.0,0.12
1780611620.372,192.9,11,0.0,0.12
1780611620.472,192.9,11,0.0,0.12
1780611620.572,192.9,11,0.0,0.12
1780611620.672,192.9,11,0.0,0.12
1780611620.772,192.9,11,0.0,0.12
1780611620.872,192.9,11,0.0,0.12
1780611620.973,192.9,11,0.0,0.12
1780611621.073,192.9,11,0.0,0.12
1780611621.173,192.9,11,0.0,0.12
1780611621.273,192.9,11,0.0,0.12
1780611621.373,192.9,11,0.0,0.12
1780611621.473,192.9,11,0.0,0.12
1780611621.573,192.9,11,0.0,0.12
1780611621.673,192.9,11,0.0,0.12
1780611621.773,192.9,11,0.0,0.12
1780611621.874,192.9,11,0.0,0.12
1780611621.974,192.9,11,0.0,0.12
1780611622.074,192.9,11,0.0,0.12
1780611622.174,192.9,11,0.0,0.12
1780611622.274,192.9,11,10.0,0.12
1780611622.374,192.9,11,0.0,0.12
1780611622.474,192.9,11,0.0,0.12
1780611622.574,192.9,11,0.0,0.12
1780611622.674,192.9,11,0.0,0.12
1780611622.774,192.9,11,0.0,0.12
1780611622.875,192.9,11,0.0,0.12
1780611622.975,192.9,11,0.0,0.12
1780611623.075,192.9,11,0.0,0.12
1780611623.175,192.9,11,0.0,0.12
1780611623.275,192.9,11,0.0,0.12
1780611623.375,192.9,11,0.0,0.12
1780611623.475,192.9,11,0.0,0.12
1780611623.575,192.9,11,0.0,0.12
1780611623.676,192.9,11,0.0,0.12
1780611623.776,192.9,11,0.0,0.12
1780611623.876,192.9,11,0.0,0.12
1780611623.976,192.9,11,0.0,0.12
1780611624.076,192.9,11,0.0,0.12
1780611624.176,192.9,11,0.0,0.12
1780611624.276,192.9,11,0.0,0.12
1780611624.376,192.9,11,0.0,0.12
1780611624.476,192.9,11,0.0,0.12
1780611624.577,192.9,11,0.0,0.12
1780611624.677,192.9,11,0.0,0.12
1780611624.777,192.9,11,0.0,0.12
1780611624.877,192.9,11,0.0,0.12
1780611624.977,192.9,11,0.0,0.12
1780611625.077,192.9,11,0.0,0.12
1780611625.177,192.9,11,0.0,0.12
1780611625.277,192.9,11,0.0,0.12
1780611625.377,192.9,11,0.0,0.12
1780611625.477,192.9,11,0.0,0.12
1780611625.578,192.9,11,0.0,0.12
1780611625.678,192.9,11,0.0,0.12
1780611625.778,192.9,11,0.0,0.12
1780611625.878,192.9,11,0.0,0.12
1780611625.978,192.9,11,0.0,0.12
1780611626.078,192.9,11,0.0,0.12
1780611626.178,192.9,11,0.0,0.12
1780611626.278,192.9,11,0.0,0.12
1780611626.379,192.9,11,0.0,0.12
1780611626.479,192.9,11,0.0,0.12
1780611626.579,192.9,11,0.0,0.12
1780611626.679,192.9,11,0.0,0.12
1780611626.779,192.9,11,0.0,0.12
1780611626.879,192.9,11,0.0,0.12
1780611626.979,192.9,11,0.0,0.12
1780611627.079,192.9,11,0.0,0.12
1780611627.179,192.9,11,0.0,0.12
1780611627.280,192.9,11,0.0,0.12
1780611627.380,192.9,11,0.0,0.12
1780611627.480,192.9,11,0.0,0.12
1780611627.580,192.9,11,0.0,0.12
1780611627.680,192.9,11,0.0,0.12
1780611627.780,192.9,11,0.0,0.12
1780611627.880,192.9,11,0.0,0.12
1780611627.980,192.9,11,0.0,0.12
1780611628.081,192.9,11,0.0,0.12
1780611628.181,192.9,11,0.0,0.12
1780611628.281,192.9,11,0.0,0.12
1780611628.381,192.9,11,0.0,0.12
1780611628.481,192.9,11,0.0,0.12
1780611628.581,192.9,11,0.0,0.12
1780611628.681,192.9,11,0.0,0.12
1780611628.781,192.9,11,0.0,0.12
1780611628.881,192.9,11,0.0,0.12
1780611628.982,192.9,11,0.0,0.12
1780611629.082,192.9,11,0.0,0.12
1780611629.182,192.9,11,0.0,0.12
1780611629.282,192.9,11,0.0,0.12
1780611629.382,192.9,11,0.0,0.12
1780611629.482,192.9,11,0.0,0.12
1780611629.582,192.9,11,0.0,0.12
1780611629.682,192.9,11,0.0,0.12
1780611629.782,192.9,11,0.0,0.12
1780611629.883,192.9,11,0.0,0.12
1780611629.983,192.9,11,0.0,0.12
1780611630.083,192.9,11,0.0,0.12
1780611630.183,192.9,11,0.0,0.12
1780611630.283,192.9,11,0.0,0.12
1780611630.383,192.9,11,0.0,0.12
1780611630.483,192.9,11,0.0,0.12
1780611630.583,192.9,11,10.0,0.12
1780611630.684,192.9,11,0.0,0.12
1780611630.784,192.9,11,0.0,0.12
1780611630.884,192.9,11,0.0,0.12
1780611630.984,192.9,11,0.0,0.12
1780611631.084,192.9,11,0.0,0.12
1780611631.184,192.9,11,0.0,0.12
1780611631.284,192.9,11,0.0,0.12
1780611631.384,192.9,11,0.0,0.12
1780611631.485,192.9,11,0.0,0.12
1780611631.585,192.9,11,0.0,0.12
1780611631.685,192.9,11,0.0,0.12
1780611631.785,192.9,11,0.0,0.12
1780611631.885,192.9,11,0.0,0.12
1780611631.985,192.9,11,0.0,0.12
1780611632.085,192.9,11,0.0,0.12
1780611632.185,192.9,11,0.0,0.12
1780611632.285,192.9,11,0.0,0.12
1780611632.385,192.9,11,0.0,0.12
1780611632.486,192.9,11,0.0,0.12
1780611632.586,192.9,11,0.0,0.12
1780611632.686,192.9,11,0.0,0.12
1780611632.786,192.9,11,0.0,0.12
1780611632.886,192.9,11,0.0,0.12
1780611632.986,192.9,11,0.0,0.12
1780611633.086,192.9,11,0.0,0.12
1780611633.186,192.9,11,0.0,0.12
1780611633.286,192.9,11,0.0,0.12
1780611633.387,192.9,11,0.0,0.12
1780611633.487,192.9,11,0.0,0.12
1780611633.587,192.9,11,0.0,0.12
1780611633.687,192.9,11,0.0,0.12
1780611633.787,192.9,11,0.0,0.12
1780611633.940,195.8,11,58.9,0.21
1780611634.040,195.9,11,0.0,0.32
1780611634.140,195.9,11,0.0,0.32
1780611634.240,195.9,11,0.0,0.32
1780611634.340,195.9,11,0.0,0.32
1780611634.440,195.9,11,0.0,0.32
1780611634.541,195.9,11,0.0,0.32
1780611634.641,195.9,11,0.0,0.32
1780611634.741,195.9,11,0.0,0.32
1780611634.841,195.9,11,0.0,0.32
1780611634.941,195.9,11,0.0,0.32
1780611635.041,195.9,11,0.0,0.32
1780611635.141,195.9,11,0.0,0.32
1780611635.241,195.9,11,0.0,0.32
1780611635.341,195.9,11,0.0,0.32
1780611635.442,195.9,11,0.0,0.32
1780611635.542,195.9,11,0.0,0.32
1780611635.642,195.9,11,0.0,0.32
1780611635.742,195.9,11,0.0,0.32
1780611635.842,195.9,11,0.0,0.32
1780611635.942,195.9,11,0.0,0.32
1780611636.042,195.9,11,0.0,0.32
1780611636.143,195.9,11,0.0,0.32
1780611636.243,195.9,11,0.0,0.32
1780611636.343,195.9,11,0.0,0.32
1780611636.443,195.9,11,0.0,0.32
1780611636.543,195.9,11,0.0,0.32
1780611636.643,195.9,11,0.0,0.32
1780611636.743,195.9,11,0.0,0.32
1780611636.843,195.9,11,0.0,0.32
1780611636.943,195.9,11,0.0,0.32
1780611637.044,195.9,11,0.0,0.32
1780611637.144,195.9,11,0.0,0.32
1780611637.244,195.9,11,0.0,0.32
1780611637.344,195.9,11,0.0,0.32
1780611637.444,195.9,11,0.0,0.32
1780611637.544,195.9,11,0.0,0.32
1780611637.644,195.9,11,0.0,0.32
1780611637.744,195.9,11,0.0,0.32
1780611637.844,195.9,11,0.0,0.32
1780611637.945,195.9,11,0.0,0.32
1780611638.045,195.9,11,0.0,0.32
1780611638.145,195.9,11,0.0,0.32
1780611638.245,195.9,11,0.0,0.32
1780611638.345,195.9,11,0.0,0.32
1780611638.445,195.9,11,0.0,0.32
1780611638.545,195.9,11,0.0,0.32
1780611638.645,195.9,11,0.0,0.32
1780611638.745,195.9,11,0.0,0.32
1780611638.846,195.9,11,0.0,0.32
1780611638.946,195.9,11,0.0,0.32
1780611639.046,195.9,11,0.0,0.32
1780611639.146,195.9,11,0.0,0.32
1780611639.246,195.9,11,0.0,0.32
1780611639.346,195.9,11,0.0,0.32
1780611639.446,195.9,11,0.0,0.32
1780611639.546,195.9,11,0.0,0.32
1780611639.646,195.9,11,0.0,0.32
1780611639.747,195.9,11,0.0,0.32
1780611639.847,195.9,11,0.0,0.32
1780611639.947,195.9,11,0.0,0.32
1780611640.047,195.9,11,0.0,0.32
1780611640.147,195.9,11,0.0,0.32
1780611640.247,195.9,11,0.0,0.32
1780611640.347,195.9,11,0.0,0.12
1780611640.447,195.9,11,0.0,0.12
1780611640.548,195.9,11,0.0,0.12
1780611640.648,195.9,11,0.0,0.12
1780611640.748,195.9,11,0.0,0.12
1780611640.848,195.9,11,0.0,0.12
1780611640.948,195.9,11,0.0,0.12
1780611641.048,195.9,11,0.0,0.12
1780611641.148,195.9,11,0.0,0.12
1780611641.248,195.9,11,0.0,0.12
1780611641.348,195.9,11,0.0,0.12
1780611641.449,195.9,11,0.0,0.12
1780611641.549,195.9,11,0.0,0.12
1780611641.649,195.9,11,0.0,0.12
1780611641.749,195.9,11,0.0,0.12
1780611641.849,195.9,11,0.0,0.12
1780611641.949,195.9,11,0.0,0.12
1780611642.049,195.9,11,0.0,0.12
1780611642.149,195.9,11,0.0,0.12
1780611642.249,195.9,11,0.0,0.12
1780611642.350,195.9,11,0.0,0.12
1780611642.450,195.9,11,0.0,0.12
1780611642.550,195.9,11,0.0,0.12
1780611642.650,195.9,11,0.0,0.12
1780611642.750,195.9,11,0.0,0.12
1780611642.850,195.9,11,0.0,0.12
1780611642.950,195.9,11,0.0,0.12
1780611643.050,195.9,11,0.0,0.12
1780611643.150,195.9,11,0.0,0.12
1780611643.251,195.9,11,0.0,0.12
1780611643.351,195.9,11,0.0,0.12
1780611643.451,195.9,11,0.0,0.12
1780611643.551,195.9,11,0.0,0.12
1780611643.651,195.9,11,0.0,0.12
1780611643.751,195.9,11,0.0,0.12
1780611643.851,195.9,11,0.0,0.12
1780611643.951,195.9,11,0.0,0.12
1780611644.052,195.9,11,0.0,0.12
1780611644.152,195.9,11,0.0,0.12
1780611644.252,195.9,11,0.0,0.12
1780611644.352,195.9,11,0.0,0.12
1780611644.452,195.9,11,0.0,0.12
1780611644.552,195.9,11,0.0,0.12
1780611644.652,195.9,11,0.0,0.12
1780611644.752,195.9,11,0.0,0.12
1780611644.852,195.9,11,0.0,0.12
1780611644.953,195.9,11,0.0,0.12
1780611645.053,195.9,11,0.0,0.12
1780611645.153,195.9,11,0.0,0.12
1780611645.253,195.9,11,0.0,0.12
1780611645.353,195.9,11,0.0,0.12
1780611645.453,195.9,11,0.0,0.12
1780611645.553,195.9,11,0.0,0.12
1780611645.653,195.9,11,0.0,0.12
1780611645.754,195.9,11,0.0,0.12
1780611645.854,195.9,11,0.0,0.12
1780611645.954,195.9,11,0.0,0.12
1780611646.054,195.9,11,0.0,0.12
1780611646.154,195.9,11,0.0,0.12
1780611646.254,195.9,11,0.0,0.12
1780611646.354,195.9,11,0.0,0.12
1780611646.454,195.9,11,0.0,0.12
1780611646.554,195.9,11,0.0,0.12
1780611646.655,195.9,11,0.0,0.12
1780611646.755,195.9,11,0.0,0.12
1780611646.855,195.9,11,0.0,0.12
1780611646.955,195.9,11,0.0,0.12
1780611647.055,195.9,11,0.0,0.12
1780611647.155,195.9,11,0.0,0.12
1780611647.255,195.9,11,0.0,0.12
1780611647.355,195.9,11,0.0,0.12
1780611647.455,195.9,11,0.0,0.12
1780611647.556,195.9,11,0.0,0.12
1780611647.656,195.9,11,0.0,0.12
1780611647.756,195.9,11,0.0,0.12
1780611647.856,195.9,11,0.0,0.12
1780611647.956,195.9,11,0.0,0.12
1780611648.056,195.9,11,0.0,0.12
1780611648.156,195.9,11,0.0,0.12
1780611648.256,195.9,11,0.0,0.12
1780611648.356,195.9,11,0.0,0.12
1780611648.457,195.9,11,0.0,0.12
1780611648.557,195.9,11,0.0,0.12
1780611648.657,195.9,11,0.0,0.12
1780611648.757,195.9,11,0.0,0.12
1780611648.857,195.9,11,0.0,0.12
1780611648.957,195.9,11,0.0,0.12
1780611649.057,195.9,11,0.0,0.12
1780611649.157,195.9,11,0.0,0.12
1780611649.257,195.9,11,0.0,0.12
1780611649.358,195.9,11,0.0,0.12
1780611649.458,195.9,11,0.0,0.17
1780611649.558,195.9,11,0.0,0.17
1780611649.658,195.9,11,0.0,0.12
1780611649.758,195.9,11,0.0,0.12
1780611649.858,195.9,11,0.0,0.12
1780611649.958,195.9,11,0.0,0.12
1780611650.058,195.9,11,0.0,0.12
1780611650.159,195.9,11,0.0,0.12
1780611650.259,195.9,11,0.0,0.12
1780611650.359,195.9,11,0.0,0.12
1780611650.459,195.9,11,0.0,0.12
1780611650.559,195.9,11,0.0,0.12
1780611650.659,195.9,11,0.0,0.12
1780611650.759,195.9,11,0.0,0.12
1780611650.859,195.9,11,0.0,0.12
1780611650.960,195.9,11,0.0,0.12
1780611651.060,195.9,11,0.0,0.12
1780611651.160,195.9,11,0.0,0.12
1780611651.260,195.9,11,0.0,0.12
1780611651.360,195.9,11,0.0,0.12
1780611651.460,195.9,11,0.0,0.12
1780611651.560,195.9,11,0.0,0.12
1780611651.660,195.9,11,0.0,0.12
1780611651.760,195.9,11,0.0,0.12
1780611651.861,195.9,11,0.0,0.12
1780611651.961,195.9,11,0.0,0.12
1780611652.061,195.9,11,0.0,0.12
1780611652.161,195.9,11,0.0,0.12
1780611652.261,195.9,11,10.0,0.12
1780611652.361,195.9,11,0.0,0.12
1780611652.461,195.9,11,0.0,0.12
1780611652.561,195.9,11,0.0,0.12
1780611652.661,195.9,11,0.0,0.12
1780611652.762,195.9,11,0.0,0.12
1780611652.862,195.9,11,0.0,0.12
1780611652.962,195.9,11,0.0,0.12
1780611653.062,195.9,11,0.0,0.12
1780611653.162,195.9,11,0.0,0.12
1780611653.262,195.9,11,0.0,0.17
1780611653.362,195.9,11,0.0,0.17
1780611653.462,195.9,11,0.0,0.17
1780611653.563,195.9,11,0.0,0.17
1780611653.663,195.9,11,0.0,0.17
1780611653.763,195.9,11,0.0,0.17
1780611653.863,195.9,11,0.0,0.17
1780611653.963,195.9,11,0.0,0.17
1780611654.063,195.9,11,0.0,0.17
1780611654.163,195.9,11,0.0,0.17
1780611654.263,195.9,11,0.0,0.17
1780611654.363,195.9,11,0.0,0.17
1780611654.464,195.9,11,0.0,0.17
1780611654.564,195.9,11,0.0,0.17
1780611654.664,195.9,11,0.0,0.17
1780611654.764,195.9,11,0.0,0.17
1780611654.864,195.9,11,0.0,0.17
1780611654.964,195.9,11,0.0,0.17
1780611655.064,195.9,11,0.0,0.17
1780611655.164,195.9,11,0.0,0.17
1780611655.264,195.9,11,0.0,0.17
1780611655.364,195.9,11,0.0,0.17
1780611655.465,195.9,11,0.0,0.17
1780611655.565,195.9,11,10.0,0.17
1780611655.665,195.9,11,0.0,0.17
1780611655.765,195.9,11,0.0,0.17
1780611655.865,195.9,11,0.0,0.12
1780611655.965,195.9,11,0.0,0.12
1780611656.065,195.9,11,0.0,0.12
1780611656.166,195.9,11,0.0,0.12
1780611656.266,195.9,11,0.0,0.12
1780611656.366,195.9,11,0.0,0.12
1780611656.466,195.9,11,0.0,0.12
1780611656.566,195.9,11,0.0,0.12
1780611656.666,195.9,11,0.0,0.12
1780611656.766,195.9,11,0.0,0.12
1780611656.866,195.9,11,0.0,0.12
1780611656.966,195.9,11,0.0,0.12
1780611657.067,195.9,11,0.0,0.12
1780611657.167,195.9,11,0.0,0.12
1780611657.267,195.9,11,0.0,0.12
1780611657.367,195.9,11,0.0,0.12
1780611657.467,195.9,11,0.0,0.12
1780611657.567,195.9,11,0.0,0.12
1780611657.667,195.9,11,0.0,0.12
1780611657.767,195.9,11,0.0,0.12
1780611657.867,195.9,11,0.0,0.12
1780611657.968,195.9,11,0.0,0.12
1780611658.068,195.9,11,0.0,0.12
1780611658.168,195.9,11,0.0,0.12
1780611658.268,195.9,11,0.0,0.12
1780611658.368,195.9,11,0.0,0.12
1780611658.468,195.9,11,0.0,0.12
1780611658.568,195.9,11,0.0,0.12
1780611658.668,195.9,11,0.0,0.12
1780611658.768,195.9,11,0.0,0.12
1780611658.869,195.9,11,0.0,0.12
1780611658.969,195.9,11,0.0,0.12
1780611659.069,195.9,11,0.0,0.12
1780611659.169,195.9,11,0.0,0.12
1780611659.269,195.9,11,0.0,0.12
1780611659.369,195.9,11,0.0,0.12
1780611659.469,195.9,11,0.0,0.12
1780611659.569,195.9,11,0.0,0.12
1780611659.669,195.9,11,0.0,0.12
1780611659.770,195.9,11,0.0,0.12
1780611659.870,195.9,11,0.0,0.12
1780611659.970,195.9,11,0.0,0.12
1780611660.070,195.9,11,0.0,0.12
1780611660.170,195.9,11,0.0,0.12
1780611660.270,195.9,11,0.0,0.12
1780611660.370,195.9,11,0.0,0.12
1780611660.470,195.9,11,0.0,0.12
1780611660.571,195.9,11,0.0,0.12
1780611660.671,195.9,11,0.0,0.12
1780611660.771,195.9,11,0.0,0.12
1780611660.871,195.9,11,0.0,0.12
1780611660.971,195.9,11,0.0,0.12
1780611661.071,195.9,11,0.0,0.12
1780611661.171,195.9,11,0.0,0.12
1780611661.271,195.9,11,0.0,0.12
1780611661.372,195.9,11,0.0,0.12
1780611661.472,195.9,11,0.0,0.12
1780611661.572,195.9,11,0.0,0.12
1780611661.672,195.9,11,0.0,0.12
1780611661.772,195.9,11,0.0,0.12
1780611661.872,195.9,11,0.0,0.12
1780611661.972,195.9,11,0.0,0.12
1780611662.072,195.9,11,0.0,0.12
1780611662.172,195.9,11,0.0,0.12
1780611662.273,195.9,11,0.0,0.12
1780611662.373,195.9,11,0.0,0.12
1780611662.473,195.9,11,0.0,0.12
1780611662.573,195.9,11,0.0,0.12
1780611662.673,195.9,11,0.0,0.12
1780611662.773,195.9,11,0.0,0.12
1780611662.873,195.9,11,0.0,0.12
1780611662.973,195.9,11,0.0,0.12
1780611663.073,195.9,11,0.0,0.12
1780611663.174,195.9,11,0.0,0.12
1780611663.274,195.9,11,0.0,0.12
1780611663.374,195.9,11,0.0,0.12
1780611663.474,195.9,11,0.0,0.12
1780611663.574,195.9,11,0.0,0.12
1780611663.674,195.9,11,0.0,0.12
1780611663.774,195.9,11,0.0,0.12
1780611663.874,195.9,11,0.0,0.12
1780611663.974,195.9,11,0.0,0.12
1780611664.075,195.9,11,0.0,0.12
1780611664.175,195.9,11,0.0,0.12
1780611664.275,195.9,11,0.0,0.12
1780611664.375,195.9,11,0.0,0.12
1780611664.475,195.9,11,0.0,0.12
1780611664.575,195.9,11,0.0,0.12
1780611664.675,195.9,11,0.0,0.12
1780611664.775,195.9,11,0.0,0.12
1780611664.875,195.9,11,0.0,0.12
1780611664.976,195.9,11,0.0,0.12
1780611665.076,195.9,11,0.0,0.12
1780611665.176,195.9,11,0.0,0.12
1780611665.276,195.9,11,0.0,0.12
1780611665.376,195.9,11,0.0,0.12
1780611665.476,195.9,11,0.0,0.12
1780611665.576,195.9,11,0.0,0.12
1780611665.676,195.9,11,0.0,0.12
1780611665.777,195.9,11,0.0,0.12
1780611665.877,195.9,11,0.0,0.12
1780611665.977,195.9,11,0.0,0.12
1780611666.077,195.9,11,0.0,0.12
1780611666.177,195.9,11,0.0,0.12
1780611666.277,195.9,11,0.0,0.12
1780611666.377,195.9,11,0.0,0.12
1780611666.477,195.9,11,0.0,0.12
1780611666.577,195.9,11,0.0,0.12
1780611666.678,195.9,11,0.0,0.12
1780611666.778,195.9,11,0.0,0.12
1780611666.878,195.9,11,0.0,0.12
1780611666.978,195.9,11,0.0,0.12
1780611667.078,195.9,11,0.0,0.12
1780611667.178,195.9,11,0.0,0.12
1780611667.278,195.9,11,0.0,0.12
1780611667.378,195.9,11,0.0,0.12
1780611667.478,195.9,11,0.0,0.12
1780611667.579,195.9,11,0.0,0.12
1780611667.679,195.9,11,0.0,0.12
1780611667.779,195.9,11,0.0,0.12
1780611667.879,195.9,11,0.0,0.12
1780611667.979,195.9,11,0.0,0.12
1780611668.079,195.9,11,0.0,0.12
1780611668.179,195.9,11,0.0,0.12
1780611668.279,195.9,11,0.0,0.12
1780611668.379,195.9,11,0.0,0.12
1780611668.480,195.9,11,0.0,0.12
1780611668.580,195.9,11,0.0,0.12
1780611668.680,195.9,11,0.0,0.12
1780611668.780,195.9,11,0.0,0.12
1780611668.880,195.9,11,0.0,0.12
1780611668.980,195.9,11,0.0,0.12
1780611669.080,195.9,11,0.0,0.12
1780611669.180,195.9,11,0.0,0.12
1780611669.280,195.9,11,0.0,0.12
1780611669.381,195.9,11,0.0,0.12
1780611669.481,195.9,11,0.0,0.12
1780611669.581,195.9,11,0.0,0.12
1780611669.681,195.9,11,0.0,0.12
1780611669.781,195.9,11,0.0,0.12
1780611669.881,195.9,11,0.0,0.12
1780611669.981,195.9,11,0.0,0.12
1780611670.081,195.9,11,0.0,0.12
1780611670.181,195.9,11,0.0,0.12
1780611670.282,195.9,11,0.0,0.12
1780611670.382,195.9,11,0.0,0.12
1780611670.482,195.9,11,0.0,0.12
1780611670.582,195.9,11,0.0,0.12
1780611670.682,195.9,11,0.0,0.12
1780611670.782,195.9,11,0.0,0.12
1780611670.882,195.9,11,0.0,0.12
1780611670.982,195.9,11,0.0,0.12
1780611671.083,195.9,11,10.0,0.12
1780611671.183,195.9,11,0.0,0.12
1780611671.283,195.9,11,0.0,0.12
1780611671.383,195.9,11,0.0,0.12
1780611671.483,195.9,11,0.0,0.12
1780611671.583,195.9,11,0.0,0.12
1780611671.683,195.9,11,0.0,0.12
1780611671.783,195.9,11,0.0,0.12
1780611671.883,195.9,11,0.0,0.12
1780611671.984,195.9,11,0.0,0.12
1780611672.084,195.9,11,0.0,0.12
1780611672.184,195.9,11,0.0,0.12
1780611672.284,195.9,11,0.0,0.12
1780611672.384,195.9,11,0.0,0.12
1780611672.484,195.9,11,0.0,0.12
1780611672.584,195.9,11,0.0,0.12
1780611672.684,195.9,11,0.0,0.12
1780611672.784,195.9,11,0.0,0.12
1780611672.885,195.9,11,0.0,0.12
1780611672.985,195.9,11,0.0,0.12
1780611673.085,195.9,11,0.0,0.12
1780611673.185,195.9,11,0.0,0.12
1780611673.285,195.9,11,0.0,0.12
1780611673.385,195.9,11,0.0,0.12
1780611673.485,195.9,11,0.0,0.12
1780611673.585,195.9,11,0.0,0.12
1780611673.685,195.9,11,0.0,0.12
1780611673.786,195.9,11,0.0,0.12
1780611673.886,195.9,11,0.0,0.12
1780611673.986,195.9,11,0.0,0.12
1780611674.086,195.9,11,0.0,0.12
1780611674.186,195.9,11,0.0,0.12
1780611674.286,195.9,11,0.0,0.12
1780611674.386,195.9,11,0.0,0.12
1780611674.486,195.9,11,0.0,0.12
1780611674.586,195.9,11,0.0,0.12
1780611674.687,195.9,11,0.0,0.12
1780611674.787,195.9,11,0.0,0.12
1780611674.887,195.9,11,0.0,0.12
1780611674.987,195.9,11,0.0,0.12
1780611675.087,195.9,11,0.0,0.12
1780611675.187,195.9,11,0.0,0.12
1780611675.287,195.9,11,0.0,0.12
1780611675.387,195.9,11,0.0,0.12
1780611675.487,195.9,11,0.0,0.12
1780611675.588,195.9,11,0.0,0.12
1780611675.688,195.9,11,0.0,0.12
1780611675.788,195.9,11,0.0,0.12
1780611675.888,195.9,11,0.0,0.12
1780611675.988,195.9,11,0.0,0.12
1780611676.088,195.9,11,0.0,0.12
1780611676.188,195.9,11,0.0,0.12
1780611676.288,195.9,11,0.0,0.12
1780611676.389,195.9,11,0.0,0.12
1780611676.489,195.9,11,0.0,0.12
1780611676.589,195.9,11,0.0,0.12
1780611676.689,195.9,11,0.0,0.12
1780611676.789,195.9,11,0.0,0.12
1780611676.889,195.9,11,0.0,0.12
1780611676.989,195.9,11,0.0,0.12
1780611677.089,195.9,11,0.0,0.12
1780611677.189,195.9,11,0.0,0.12
1780611677.290,195.9,11,0.0,0.12
1780611677.390,195.9,11,0.0,0.12
1780611677.490,195.9,11,0.0,0.12
1780611677.590,195.9,11,0.0,0.12
1780611677.690,195.9,11,0.0,0.12
1780611677.790,195.9,11,0.0,0.12
1780611677.890,195.9,11,0.0,0.12
1780611677.990,195.9,11,0.0,0.12
1780611678.091,195.9,11,0.0,0.12
1780611678.191,195.9,11,0.0,0.12
1780611678.291,195.9,11,0.0,0.12
1780611678.391,195.9,11,0.0,0.12
1780611678.491,195.9,11,0.0,0.12
1780611678.591,195.9,11,0.0,0.12
1780611678.691,195.9,11,0.0,0.12
1780611678.791,195.9,11,0.0,0.12
1780611678.891,195.9,11,0.0,0.12
1780611678.992,195.9,11,0.0,0.12
1780611679.092,195.9,11,0.0,0.12
1780611679.192,195.9,11,0.0,0.12
1780611679.292,195.9,11,0.0,0.12
1780611679.392,195.9,11,0.0,0.12
1780611679.492,195.9,11,0.0,0.12
1780611679.592,195.9,11,0.0,0.12
1780611679.692,195.9,11,0.0,0.12
1780611679.792,195.9,11,0.0,0.12
1780611679.892,195.9,11,0.0,0.12
1780611679.993,195.9,11,0.0,0.12
1780611680.093,195.9,11,0.0,0.12
1780611680.193,195.9,11,0.0,0.12
1780611680.293,195.9,11,0.0,0.12
1780611680.393,195.9,11,0.0,0.12
1780611680.493,195.9,11,0.0,0.12
1780611680.593,195.9,11,0.0,0.12
1780611680.693,195.9,11,0.0,0.12
1780611680.793,195.9,11,0.0,0.12
1780611680.894,195.9,11,0.0,0.12
1780611680.994,195.9,11,0.0,0.12
1780611681.094,195.9,11,0.0,0.12
1780611681.194,195.9,11,0.0,0.12
1780611681.294,195.9,11,0.0,0.12
1780611681.394,195.9,11,0.0,0.12
1780611681.494,195.9,11,0.0,0.12
1780611681.594,195.9,11,0.0,0.12
1780611681.694,195.9,11,0.0,0.12
1780611681.794,195.9,11,0.0,0.12
1780611681.895,195.9,11,0.0,0.12
1780611681.995,195.9,11,0.0,0.12
1780611682.095,195.9,11,0.0,0.12
1780611682.195,195.9,11,0.0,0.12
1780611682.295,195.9,11,0.0,0.12
1780611682.395,195.9,11,0.0,0.12
1780611682.495,195.9,11,0.0,0.12
1780611682.595,195.9,11,0.0,0.12
1780611682.695,195.9,11,0.0,0.12
1780611682.796,195.9,11,0.0,0.12
1780611682.896,195.9,11,0.0,0.12
1780611682.996,195.9,11,0.0,0.12
1780611683.096,195.9,11,0.0,0.12
1780611683.196,195.9,11,0.0,0.12
1780611683.296,195.9,11,0.0,0.12
1780611683.396,195.9,11,0.0,0.12
1780611683.496,195.9,11,0.0,0.12
1780611683.596,195.9,11,0.0,0.12
1780611683.697,195.9,11,0.0,0.12
1780611683.797,195.9,11,0.0,0.12
1780611683.897,195.9,11,0.0,0.12
1780611683.997,195.9,11,0.0,0.12
1780611684.097,195.9,11,0.0,0.12
1780611684.197,195.9,11,0.0,0.12
1780611684.297,195.9,11,0.0,0.12
1780611684.397,195.9,11,0.0,0.12
1780611684.497,195.9,11,0.0,0.12
1780611684.597,195.9,11,0.0,0.12
1780611684.698,195.9,11,0.0,0.12
1780611684.798,195.9,11,0.0,0.12
1780611684.898,195.9,11,10.0,0.12
1780611684.998,195.9,11,0.0,0.12
1780611685.098,195.9,11,0.0,0.12
1780611685.198,195.9,11,0.0,0.12
1780611685.298,195.9,11,0.0,0.12
1780611685.398,195.9,11,0.0,0.12
1780611685.499,195.9,11,0.0,0.12
1780611685.599,195.9,11,0.0,0.12
1780611685.699,195.9,11,0.0,0.12
1780611685.799,195.9,11,0.0,0.12
1780611685.899,195.9,11,0.0,0.12
1780611685.999,195.9,11,0.0,0.12
1780611686.099,195.9,11,0.0,0.12
1780611686.200,195.9,11,0.0,0.12
1780611686.300,195.9,11,0.0,0.12
1780611686.400,195.9,11,0.0,0.12
1780611686.500,195.9,11,0.0,0.12
1780611686.600,195.9,11,0.0,0.12
1780611686.700,195.9,11,0.0,0.12
1780611686.800,195.9,11,0.0,0.12
1780611686.900,195.9,11,0.0,0.12
1780611687.000,195.9,11,0.0,0.12
1780611687.101,195.9,11,0.0,0.12
1780611687.201,195.9,11,0.0,0.12
1780611687.301,195.9,11,0.0,0.12
1780611687.401,195.9,11,0.0,0.12
1780611687.501,195.9,11,0.0,0.12
1780611687.601,195.9,11,0.0,0.12
1780611687.701,195.9,11,0.0,0.12
1780611687.801,195.9,11,0.0,0.12
1780611687.901,195.9,11,0.0,0.12
1780611688.002,195.9,11,0.0,0.12
1780611688.102,195.9,11,0.0,0.12
1780611688.202,195.9,11,0.0,0.12
1780611688.302,195.9,11,0.0,0.12
1780611688.402,195.9,11,0.0,0.12
1780611688.502,195.9,11,0.0,0.12
1780611688.602,195.9,11,0.0,0.12
1780611688.702,195.9,11,0.0,0.12
1780611688.803,195.9,11,0.0,0.12
1780611688.903,195.9,11,0.0,0.12
1780611689.003,195.9,11,0.0,0.12
1780611689.103,195.9,11,0.0,0.12
1780611689.203,195.9,11,0.0,0.12
1780611689.303,195.9,11,0.0,0.12
1780611689.403,195.9,11,0.0,0.12
1780611689.503,195.9,11,0.0,0.12
1780611689.603,195.9,11,0.0,0.12
1780611689.704,195.9,11,0.0,0.12
1780611689.804,195.9,11,0.0,0.12
1780611689.904,195.9,11,0.0,0.12
1780611690.004,195.9,11,0.0,0.12
1780611690.104,195.9,11,0.0,0.12
1780611690.204,195.9,11,0.0,0.12
1780611690.304,195.9,11,0.0,0.12
1780611690.404,195.9,11,0.0,0.12
1780611690.504,195.9,11,0.0,0.12
1780611690.605,195.9,11,0.0,0.12
1780611690.705,195.9,11,0.0,0.12
1780611690.805,195.9,11,0.0,0.12
1780611690.905,195.9,11,0.0,0.12
1780611691.005,195.9,11,0.0,0.12
1780611691.105,195.9,11,0.0,0.12
1780611691.205,195.9,11,0.0,0.12
1780611691.306,195.9,11,0.0,0.12
1780611691.406,195.9,11,0.0,0.12
1780611691.506,195.9,11,0.0,0.12
1780611691.606,195.9,11,0.0,0.12
1780611691.706,195.9,11,0.0,0.12
1780611691.806,195.9,11,0.0,0.12
1780611691.906,195.9,11,0.0,0.12
1780611692.006,195.9,11,0.0,0.12
1780611692.106,195.9,11,0.0,0.12
1780611692.207,195.9,11,0.0,0.12
1780611692.307,195.9,11,0.0,0.12
1780611692.407,195.9,11,0.0,0.12
1780611692.507,195.9,11,0.0,0.12
1780611692.607,195.9,11,0.0,0.12
1780611692.707,195.9,11,0.0,0.12
1780611692.807,195.9,11,0.0,0.12
1780611692.907,195.9,11,0.0,0.12
1780611693.007,195.9,11,0.0,0.12
1780611693.108,195.9,11,0.0,0.12
1780611693.208,195.9,11,0.0,0.12
1780611693.308,195.9,11,0.0,0.12
1780611693.408,195.9,11,0.0,0.12
1780611693.508,195.9,11,0.0,0.12
1780611693.608,195.9,11,0.0,0.12
1780611693.708,195.9,11,0.0,0.12
1780611693.808,195.9,11,0.0,0.12
1780611693.909,195.9,11,0.0,0.12
1780611694.009,195.9,11,0.0,0.12
1780611694.109,195.9,11,0.0,0.12
1780611694.209,195.9,11,0.0,0.12
1780611694.309,195.9,11,0.0,0.12
1780611694.409,195.9,11,0.0,0.12
1780611694.509,195.9,11,0.0,0.12
1780611694.609,195.9,11,0.0,0.12
1780611694.709,195.9,11,0.0,0.12
1780611694.810,195.9,11,0.0,0.12
1780611694.910,195.9,11,0.0,0.12
1780611695.010,195.9,11,0.0,0.12
1780611695.110,195.9,11,0.0,0.12
1780611695.210,195.9,11,0.0,0.12
1780611695.310,195.9,11,0.0,0.12
1780611695.410,195.9,11,0.0,0.12
1780611695.510,195.9,11,0.0,0.12
1780611695.610,195.9,11,0.0,0.12
1780611695.711,195.9,11,0.0,0.12
1780611695.811,195.9,11,0.0,0.12
1780611695.911,195.9,11,0.0,0.12
1780611696.011,195.9,11,0.0,0.12
1780611696.111,195.9,11,0.0,0.12
1780611696.211,195.9,11,0.0,0.12
1780611696.311,195.9,11,0.0,0.12
1780611696.411,195.9,11,0.0,0.12
1780611696.512,195.9,11,0.0,0.12
1780611696.612,195.9,11,0.0,0.12
1780611696.712,195.9,11,0.0,0.12
1780611696.812,195.9,11,0.0,0.12
1780611696.912,195.9,11,0.0,0.12
1780611697.012,195.9,11,0.0,0.12
1780611697.112,195.9,11,0.0,0.12
1780611697.212,195.9,11,0.0,0.12
1780611697.312,195.9,11,0.0,0.12
1780611697.413,195.9,11,0.0,0.12
1780611697.513,195.9,11,0.0,0.12
1780611697.613,195.9,11,0.0,0.12
1780611697.713,195.9,11,0.0,0.12
1780611697.813,195.9,11,0.0,0.12
1780611697.913,195.9,11,0.0,0.12
1780611698.013,195.9,11,0.0,0.12
1780611698.113,195.9,11,0.0,0.12
1780611698.213,195.9,11,0.0,0.12
1780611698.314,195.9,11,0.0,0.12
1780611698.414,195.9,11,0.0,0.12
1780611698.514,195.9,11,0.0,0.12
1780611698.614,195.9,11,0.0,0.12
1780611698.714,195.9,11,0.0,0.12
1780611698.814,195.9,11,0.0,0.12
1780611698.914,195.9,11,0.0,0.12
1780611699.014,195.9,11,0.0,0.12
1780611699.114,195.9,11,0.0,0.12
1780611699.215,195.9,11,0.0,0.12
1780611699.315,195.9,11,10.0,0.12
1780611699.415,195.9,11,0.0,0.12
1780611699.515,195.9,11,0.0,0.12
1780611699.615,195.9,11,0.0,0.12
1780611699.715,195.9,11,0.0,0.12
1780611699.815,195.9,11,0.0,0.12
1780611699.915,195.9,11,0.0,0.12
1780611700.015,195.9,11,0.0,0.12
1780611700.116,195.9,11,0.0,0.12
1780611700.216,195.9,11,0.0,0.12
1780611700.316,195.9,11,0.0,0.12
1780611700.416,195.9,11,0.0,0.12
1780611700.516,195.9,11,0.0,0.12
1780611700.616,195.9,11,0.0,0.12
1780611700.716,195.9,11,0.0,0.12
1780611700.817,195.9,11,0.0,0.12
1780611700.917,195.9,11,0.0,0.12
1780611701.017,195.9,11,0.0,0.12
1780611701.117,195.9,11,0.0,0.12
1780611701.217,195.9,11,0.0,0.12
1780611701.317,195.9,11,0.0,0.12
1780611701.417,195.9,11,0.0,0.12
1780611701.517,195.9,11,0.0,0.12
1780611701.617,195.9,11,0.0,0.12
1780611701.718,195.9,11,0.0,0.12
1780611701.818,195.9,11,0.0,0.12
1780611701.918,195.9,11,0.0,0.12
1780611702.018,195.9,11,0.0,0.12
1780611702.118,195.9,11,0.0,0.12
1780611702.218,195.9,11,0.0,0.12
1780611702.318,195.9,11,0.0,0.12
1780611702.418,195.9,11,0.0,0.12
1780611702.518,195.9,11,0.0,0.12
1780611702.619,195.9,11,0.0,0.12
1780611702.719,195.9,11,0.0,0.12
1780611702.819,195.9,11,0.0,0.12
1780611702.919,195.9,11,0.0,0.12
1780611703.019,195.9,11,0.0,0.12
1780611703.119,195.9,11,0.0,0.12
1780611703.219,195.9,11,0.0,0.12
1780611703.319,195.9,11,0.0,0.12
1780611703.420,195.9,11,0.0,0.12
1780611703.520,195.9,11,0.0,0.12
1780611703.620,195.9,11,0.0,0.12
1780611703.720,195.9,11,0.0,0.12
1780611703.820,195.9,11,0.0,0.12
1780611703.920,195.9,11,0.0,0.12
1780611704.020,195.9,11,0.0,0.12
1780611704.120,195.9,11,0.0,0.12
1780611704.220,195.9,11,0.0,0.12
1780611704.321,195.9,11,0.0,0.12
1780611704.421,195.9,11,0.0,0.12
1780611704.521,195.9,11,0.0,0.12
1780611704.621,195.9,11,0.0,0.12
1780611704.721,195.9,11,0.0,0.12
1780611704.821,195.9,11,0.0,0.12
1780611704.921,195.9,11,0.0,0.12
1780611705.021,195.9,11,0.0,0.12
1780611705.121,195.9,11,0.0,0.12
1780611705.222,195.9,11,0.0,0.12
1780611705.322,195.9,11,0.0,0.12
1780611705.422,195.9,11,0.0,0.12
1780611705.522,195.9,11,0.0,0.12
1780611705.622,195.9,11,0.0,0.12
1780611705.722,195.9,11,0.0,0.12
1780611705.822,195.9,11,0.0,0.12
1780611705.922,195.9,11,0.0,0.12
1780611706.023,195.9,11,0.0,0.12
1780611706.123,195.9,11,0.0,0.12
1780611706.223,195.9,11,0.0,0.12
1780611706.323,195.9,11,0.0,0.12
1780611706.423,195.9,11,0.0,0.12
1780611706.523,195.9,11,0.0,0.12
1780611706.623,195.9,11,0.0,0.12
1780611706.723,195.9,11,0.0,0.12
1780611706.823,195.9,11,0.0,0.12
1780611706.924,195.9,11,0.0,0.12
1780611707.024,195.9,11,0.0,0.12
1780611707.124,195.9,11,0.0,0.12
1780611707.224,195.9,11,0.0,0.12
1780611707.324,195.9,11,0.0,0.12
1780611707.424,195.9,11,0.0,0.12
1780611707.524,195.9,11,0.0,0.12
1780611707.624,195.9,11,0.0,0.12
1780611707.724,195.9,11,0.0,0.12
1780611707.825,195.9,11,0.0,0.12
1780611707.925,195.9,11,0.0,0.12
1780611708.025,195.9,11,0.0,0.12
1780611708.125,195.9,11,0.0,0.12
1780611708.225,195.9,11,0.0,0.12
1780611708.325,195.9,11,0.0,0.12
1780611708.425,195.9,11,0.0,0.12
1780611708.525,195.9,11,0.0,0.12
1780611708.625,195.9,11,0.0,0.12
1780611708.726,195.9,11,0.0,0.12
1780611708.826,195.9,11,0.0,0.13
1780611708.926,195.9,11,0.0,0.13
1780611709.026,195.9,11,0.0,0.13
1780611709.126,195.9,11,0.0,0.13
1780611709.226,195.9,11,0.0,0.13
1780611709.326,195.9,11,0.0,0.13
1780611709.426,195.9,11,0.0,0.13
1780611709.526,195.9,11,0.0,0.13
1780611709.627,195.9,11,0.0,0.13
1780611709.727,195.9,11,0.0,0.13
1780611709.827,195.9,11,0.0,0.13
1780611709.927,195.9,11,0.0,0.13
1780611710.027,195.9,11,0.0,0.13
1780611710.127,195.9,11,0.0,0.13
1780611710.227,195.9,11,0.0,0.13
1780611710.327,195.9,11,0.0,0.13
1780611710.427,195.9,11,0.0,0.13
1780611710.528,195.9,11,0.0,0.13
1780611710.628,195.9,11,0.0,0.13
1780611710.728,195.9,11,0.0,0.13
1780611710.828,195.9,11,0.0,0.13
1780611710.928,195.9,11,0.0,0.13
1780611711.028,195.9,11,0.0,0.13
1780611711.128,195.9,11,0.0,0.13
1780611711.228,195.9,11,0.0,0.13
1780611711.329,195.9,11,0.0,0.13
1780611711.429,195.9,11,0.0,0.13
1780611711.529,195.9,11,0.0,0.13
1780611711.629,195.9,11,0.0,0.13
1780611711.729,195.9,11,0.0,0.13
1780611711.829,195.9,11,0.0,0.13
1780611711.929,195.9,11,0.0,0.13
1780611712.029,195.9,11,0.0,0.13
1780611712.129,195.9,11,0.0,0.13
1780611712.230,195.9,11,0.0,0.13
1780611712.330,195.9,11,0.0,0.13
1780611712.430,195.9,11,0.0,0.13
1780611712.530,195.9,11,0.0,0.13
1780611712.630,195.9,11,0.0,0.13
1780611712.730,195.9,11,0.0,0.13
1780611712.830,195.9,11,0.0,0.13
1780611712.930,195.9,11,0.0,0.13
1780611713.031,195.9,11,0.0,0.13
1780611713.131,195.9,11,0.0,0.13
1780611713.231,195.9,11,0.0,0.13
1780611713.331,195.9,11,0.0,0.13
1780611713.431,195.9,11,0.0,0.15
1780611713.531,195.9,11,10.0,0.15
1780611713.631,195.9,11,0.0,0.15
1780611713.731,195.9,11,0.0,0.15
1780611713.832,195.9,11,0.0,0.15
1780611713.932,195.9,11,0.0,0.15
1780611714.032,195.9,11,0.0,0.15
1780611714.132,195.9,11,0.0,0.15
1780611714.232,195.9,11,0.0,0.15
1780611714.332,195.9,11,0.0,0.15
1780611714.432,195.9,11,0.0,0.15
1780611714.532,195.9,11,0.0,0.15
1780611714.632,195.9,11,0.0,0.15
1780611714.733,195.9,11,0.0,0.15
1780611714.833,195.9,11,0.0,0.15
1780611714.933,195.9,11,0.0,0.15
1780611715.033,195.9,11,0.0,0.15
1780611715.133,195.9,11,0.0,0.15
1780611715.233,195.9,11,0.0,0.15
1780611715.333,195.9,11,0.0,0.15
1780611715.433,195.9,11,0.0,0.15
1780611715.534,195.9,11,0.0,0.15
1780611715.634,195.9,11,0.0,0.15
1780611715.734,195.9,11,0.0,0.15
1780611715.834,195.9,11,0.0,0.15
1780611715.934,195.9,11,0.0,0.15
1780611716.034,195.9,11,0.0,0.15
1780611716.134,195.9,11,0.0,0.15
1780611716.234,195.9,11,0.0,0.15
1780611716.335,195.9,11,0.0,0.15
1780611716.435,195.9,11,0.0,0.15
1780611716.535,195.9,11,0.0,0.15
1780611716.635,195.9,11,0.0,0.15
1780611716.735,195.9,11,0.0,0.15
1780611716.835,195.9,11,0.0,0.15
1780611716.935,195.9,11,0.0,0.15
1780611717.035,195.9,11,0.0,0.15
1780611717.135,195.9,11,0.0,0.15
1780611717.236,195.9,11,0.0,0.15
1780611717.336,195.9,11,0.0,0.15
1780611717.436,195.9,11,0.0,0.15
1780611717.536,195.9,11,0.0,0.15
1780611717.636,195.9,11,0.0,0.15
1780611717.736,195.9,11,0.0,0.15
1780611717.836,195.9,11,0.0,0.15
1780611717.936,195.9,11,0.0,0.15
1780611718.036,195.9,11,0.0,0.15
1780611718.137,195.9,11,0.0,0.15
1780611718.237,195.9,11,0.0,0.15
1780611718.337,195.9,11,0.0,0.15
1780611718.437,195.9,11,0.0,0.15
1780611718.537,195.9,11,0.0,0.15
1780611718.637,195.9,11,0.0,0.15
1780611718.737,195.9,11,0.0,0.15
1780611718.837,195.9,11,0.0,0.15
1780611718.937,195.9,11,0.0,0.15
1780611719.038,195.9,11,0.0,0.15
1780611719.138,195.9,11,0.0,0.15
1780611719.238,195.9,11,0.0,0.15
1780611719.338,195.9,11,0.0,0.15
1780611719.438,195.9,11,0.0,0.13
1780611719.538,195.9,11,0.0,0.13
1780611719.638,195.9,11,0.0,0.12
1780611719.738,195.9,11,0.0,0.12
1780611719.838,195.9,11,0.0,0.12
1780611719.939,195.9,11,0.0,0.12
1780611720.039,195.9,11,0.0,0.12
1780611720.139,195.9,11,0.0,0.14
1780611720.239,195.9,11,0.0,0.14
1780611720.339,195.9,11,0.0,0.14
1780611720.439,195.9,11,0.0,0.14
1780611720.540,195.9,11,0.0,0.14
1780611720.640,195.9,11,0.0,0.14
1780611720.740,195.9,11,0.0,0.14
1780611720.840,195.9,11,0.0,0.14
1780611720.940,195.9,11,0.0,0.14
1780611721.040,195.9,11,0.0,0.14
1780611721.140,195.9,11,0.0,0.14
1780611721.240,195.9,11,0.0,0.14
1780611721.341,195.9,11,0.0,0.14
1780611721.441,195.9,11,0.0,0.14
1780611721.541,195.9,11,0.0,0.14
1780611721.641,195.9,11,0.0,0.14
1780611721.741,195.9,11,0.0,0.14
1780611721.841,195.9,11,0.0,0.14
1780611721.941,195.9,11,0.0,0.14
1780611722.041,195.9,11,0.0,0.14
1780611722.142,195.9,11,0.0,0.14
1780611722.242,195.9,11,0.0,0.14
1780611722.342,195.9,11,0.0,0.14
1780611722.442,195.9,11,0.0,0.14
1780611722.542,195.9,11,0.0,0.14
1780611722.642,195.9,11,0.0,0.14
1780611722.742,195.9,11,0.0,0.14
1780611722.842,195.9,11,0.0,0.14
1780611722.942,195.9,11,0.0,0.14
1780611723.043,195.9,11,0.0,0.14
1780611723.143,195.9,11,0.0,0.14
1780611723.243,195.9,11,0.0,0.14
1780611723.343,195.9,11,0.0,0.14
1780611723.443,195.9,11,0.0,0.14
1780611723.543,195.9,11,0.0,0.14
1780611723.643,195.9,11,0.0,0.14
1780611723.743,195.9,11,0.0,0.14
1780611723.844,195.9,11,0.0,0.14
1780611723.944,195.9,11,0.0,0.14
1780611724.044,195.9,11,0.0,0.14
1780611724.144,195.9,11,0.0,0.14
1780611724.244,195.9,11,0.0,0.14
1780611724.344,195.9,11,0.0,0.14
1780611724.444,195.9,11,0.0,0.14
1780611724.544,195.9,11,0.0,0.14
1780611724.644,195.9,11,0.0,0.14
1780611724.745,195.9,11,0.0,0.14
1780611724.845,195.9,11,0.0,0.14
1780611724.945,195.9,11,0.0,0.14
1780611725.045,195.9,11,0.0,0.14
1780611725.145,195.9,11,0.0,0.14
1780611725.245,195.9,11,0.0,0.14
1780611725.345,195.9,11,0.0,0.14
1780611725.445,195.9,11,0.0,0.14
1780611725.546,195.9,11,0.0,0.14
1780611725.646,195.9,11,0.0,0.14
1780611725.746,195.9,11,0.0,0.14
1780611725.846,195.9,11,0.0,0.14
1780611725.946,195.9,11,0.0,0.14
1780611726.046,195.9,11,0.0,0.14
1780611726.146,195.9,11,0.0,0.14
1780611726.246,195.9,11,0.0,0.14
1780611726.376,199.0,11,69.7,0.29
1780611726.476,199.0,11,0.0,0.32
1780611726.576,199.0,11,0.0,0.32
1780611726.676,199.0,11,0.0,0.32
1780611726.776,199.0,11,0.0,0.32
1780611726.876,199.0,11,0.0,0.32
1780611726.976,199.0,11,0.0,0.32
1780611727.076,199.0,11,0.0,0.32
1780611727.177,199.0,11,0.0,0.32
1780611727.277,199.0,11,0.0,0.32
1780611727.377,199.0,11,0.0,0.32
1780611727.477,199.0,11,0.0,0.32
1780611727.577,199.0,11,0.0,0.32
1780611727.677,199.0,11,0.0,0.32
1780611727.777,199.0,11,0.0,0.32
1780611727.877,199.0,11,0.0,0.32
1780611727.977,199.0,11,0.0,0.32
1780611728.078,199.0,11,0.0,0.32
1780611728.178,199.0,11,0.0,0.32
1780611728.278,199.0,11,0.0,0.32
1780611728.378,199.0,11,0.0,0.32
1780611728.478,199.0,11,0.0,0.32
1780611728.578,199.0,11,0.0,0.32
1780611728.678,199.0,11,0.0,0.32
1780611728.778,199.0,11,0.0,0.32
1780611728.878,199.0,11,0.0,0.32
1780611728.979,199.0,11,0.0,0.32
1780611729.079,199.0,11,0.0,0.32
1780611729.179,199.0,11,0.0,0.32
1780611729.279,199.0,11,0.0,0.32
1780611729.379,199.0,11,0.0,0.32
1780611729.479,199.0,11,0.0,0.32
1780611729.579,199.0,11,0.0,0.32
1780611729.679,199.0,11,0.0,0.32
1780611729.779,199.0,11,0.0,0.32
1780611729.880,199.0,11,0.0,0.32
1780611729.980,199.0,11,0.0,0.32
1780611730.080,199.0,11,0.0,0.32
1780611730.180,199.0,11,0.0,0.32
1780611730.280,199.0,11,0.0,0.32
1780611730.380,199.0,11,0.0,0.32
1780611730.480,199.0,11,0.0,0.32
1780611730.580,199.0,11,0.0,0.32
1780611730.681,199.0,11,0.0,0.32
1780611730.781,199.0,11,0.0,0.32
1780611730.881,199.0,11,0.0,0.32
1780611730.981,199.0,11,0.0,0.32
1780611731.081,199.0,11,0.0,0.32
1780611731.181,199.0,11,0.0,0.32
1780611731.281,199.0,11,0.0,0.32
1780611731.381,199.0,11,0.0,0.32
1780611731.482,199.0,11,0.0,0.32
1780611731.582,199.0,11,0.0,0.32
1780611731.682,199.0,11,0.0,0.32
1780611731.782,199.0,11,0.0,0.32
1780611731.882,199.0,11,0.0,0.32
1780611731.982,199.0,11,0.0,0.32
1780611732.082,199.0,11,0.0,0.32
1780611732.182,199.0,11,0.0,0.32
1780611732.282,199.0,11,0.0,0.32
1780611732.383,199.0,11,0.0,0.32
1780611732.483,199.0,11,0.0,0.32
1780611732.583,199.0,11,0.0,0.32
1780611732.683,199.0,11,0.0,0.32
1780611732.783,199.0,11,0.0,0.13
1780611732.883,199.0,11,0.0,0.12
1780611732.983,199.0,11,0.0,0.12
1780611733.083,199.0,11,0.0,0.12
1780611733.183,199.0,11,0.0,0.12
1780611733.284,199.0,11,0.0,0.13
1780611733.384,199.0,11,0.0,0.13
1780611733.484,199.0,11,0.0,0.13
1780611733.584,199.0,11,0.0,0.13
1780611733.684,199.0,11,0.0,0.13
1780611733.784,199.0,11,0.0,0.13
1780611733.884,199.0,11,0.0,0.13
1780611733.984,199.0,11,0.0,0.13
1780611734.085,199.0,11,0.0,0.13
1780611734.185,199.0,11,0.0,0.13
1780611734.285,199.0,11,0.0,0.13
1780611734.385,199.0,11,0.0,0.13
1780611734.485,199.0,11,0.0,0.13
1780611734.585,199.0,11,0.0,0.13
1780611734.685,199.0,11,0.0,0.13
1780611734.785,199.0,11,0.0,0.13
1780611734.885,199.0,11,0.0,0.13
1780611734.986,199.0,11,0.0,0.13
1780611735.086,199.0,11,0.0,0.13
1780611735.186,199.0,11,0.0,0.13
1780611735.286,199.0,11,10.0,0.13
1780611735.386,199.0,11,0.0,0.13
1780611735.486,199.0,11,0.0,0.13
1780611735.586,199.0,11,0.0,0.13
1780611735.686,199.0,11,0.0,0.13
1780611735.787,199.0,11,0.0,0.13
1780611735.887,199.0,11,0.0,0.13
1780611735.987,199.0,11,0.0,0.12
1780611736.087,199.0,11,0.0,0.12
1780611736.187,199.0,11,0.0,0.12
1780611736.287,199.0,11,0.0,0.12
1780611736.387,199.0,11,0.0,0.12
1780611736.487,199.0,11,0.0,0.12
1780611736.588,199.0,11,0.0,0.12
1780611736.688,199.0,11,0.0,0.12
1780611736.788,199.0,11,0.0,0.12
1780611736.888,199.0,11,0.0,0.12
1780611736.988,199.0,11,0.0,0.12
1780611737.088,199.0,11,0.0,0.12
1780611737.188,199.0,11,0.0,0.13
1780611737.288,199.0,11,0.0,0.13
1780611737.388,199.0,11,0.0,0.13
1780611737.489,199.0,11,0.0,0.13
1780611737.589,199.0,11,0.0,0.13
1780611737.689,199.0,11,0.0,0.13
1780611737.789,199.0,11,0.0,0.13
1780611737.889,199.0,11,0.0,0.13
1780611737.989,199.0,11,0.0,0.13
1780611738.089,199.0,11,0.0,0.13
1780611738.189,199.0,11,0.0,0.13
1780611738.289,199.0,11,0.0,0.13
1780611738.390,199.0,11,0.0,0.13
1780611738.490,199.0,11,0.0,0.13
1780611738.590,199.0,11,0.0,0.13
1780611738.690,199.0,11,0.0,0.13
1780611738.790,199.0,11,0.0,0.13
1780611738.890,199.0,11,0.0,0.13
1780611738.990,199.0,11,0.0,0.13
1780611739.090,199.0,11,0.0,0.13
1780611739.190,199.0,11,0.0,0.13
1780611739.291,199.0,11,0.0,0.13
1780611739.391,199.0,11,0.0,0.13
1780611739.491,199.0,11,0.0,0.13
1780611739.591,199.0,11,0.0,0.13
1780611739.691,199.0,11,0.0,0.12
1780611739.791,199.0,11,0.0,0.12
1780611739.891,199.0,11,0.0,0.12
1780611739.991,199.0,11,0.0,0.12
1780611740.091,199.0,11,0.0,0.12
1780611740.192,199.0,11,0.0,0.12
1780611740.292,199.0,11,0.0,0.12
1780611740.392,199.0,11,0.0,0.12
1780611740.492,199.0,11,0.0,0.12
1780611740.592,199.0,11,0.0,0.12
1780611740.692,199.0,11,0.0,0.12
1780611740.792,199.0,11,0.0,0.12
1780611740.893,199.0,11,0.0,0.12
1780611740.993,199.0,11,0.0,0.12
1780611741.093,199.0,11,0.0,0.12
1780611741.193,199.0,11,0.0,0.12
1780611741.293,199.0,11,0.0,0.12
1780611741.393,199.0,11,0.0,0.12
1780611741.493,199.0,11,0.0,0.13
1780611741.593,199.0,11,0.0,0.13
1780611741.693,199.0,11,0.0,0.13
1780611741.794,199.0,11,0.0,0.13
1780611741.894,199.0,11,0.0,0.13
1780611741.994,199.0,11,0.0,0.13
1780611742.094,199.0,11,0.0,0.13
1780611742.194,199.0,11,0.0,0.13
1780611742.294,199.0,11,0.0,0.13
1780611742.394,199.0,11,0.0,0.13
1780611742.494,199.0,11,0.0,0.13
1780611742.594,199.0,11,0.0,0.13
1780611742.695,199.0,11,0.0,0.13
1780611742.795,199.0,11,0.0,0.13
1780611742.895,199.0,11,0.0,0.13
1780611742.995,199.0,11,0.0,0.13
1780611743.095,199.0,11,0.0,0.13
1780611743.195,199.0,11,0.0,0.13
1780611743.295,199.0,11,0.0,0.13
1780611743.395,199.0,11,0.0,1.17
1780611743.495,199.0,11,0.0,1.17
1780611743.596,199.0,11,0.0,1.17
1780611743.696,199.0,11,0.0,1.17
1780611743.796,199.0,11,0.0,1.17
1780611743.896,199.0,11,0.0,1.17
1780611743.996,199.0,11,0.0,1.17
1780611744.096,199.0,11,0.0,1.17
1780611744.196,199.0,11,0.0,1.17
1780611744.296,199.0,11,0.0,1.17
1780611744.396,199.0,11,0.0,1.17
1780611744.496,199.0,11,0.0,1.17
1780611744.597,199.0,11,0.0,1.17
1780611744.697,199.0,11,0.0,1.17
1780611744.797,199.0,11,0.0,1.17
1780611744.897,199.0,11,0.0,1.17
1780611744.997,199.0,11,0.0,1.17
1780611745.097,199.0,11,0.0,1.17
1780611745.197,199.0,11,0.0,1.17
1780611745.297,199.0,11,0.0,1.17
1780611745.398,199.0,11,0.0,1.17
1780611745.498,199.0,11,0.0,1.17
1780611745.598,199.0,11,0.0,1.17
1780611745.698,199.0,11,0.0,1.17
1780611745.798,199.0,11,0.0,1.17
1780611745.898,199.0,11,0.0,1.17
1780611745.998,199.0,11,0.0,1.17
1780611746.098,199.0,11,0.0,1.17
1780611746.199,199.0,11,0.0,1.17
1780611746.299,199.0,11,0.0,1.17
1780611746.399,199.0,11,0.0,1.17
1780611746.499,199.0,11,0.0,1.17
1780611746.599,199.0,11,0.0,1.17
1780611746.699,199.0,11,0.0,1.17
1780611746.799,199.0,11,0.0,1.17
1780611746.899,199.0,11,0.0,1.17
1780611746.999,199.0,11,0.0,1.17
1780611747.100,199.0,11,0.0,1.17
1780611747.200,199.0,11,0.0,1.17
1780611747.300,199.0,11,0.0,1.17
1780611747.400,199.0,11,0.0,1.17
1780611747.500,199.0,11,0.0,1.17
1780611747.600,199.0,11,0.0,1.17
1780611747.700,199.0,11,0.0,1.17
1780611747.800,199.0,11,0.0,1.17
1780611747.900,199.0,11,0.0,0.12
1780611748.000,199.0,11,0.0,0.12
1780611748.101,199.0,11,0.0,0.12
1780611748.201,199.0,11,0.0,0.12
1780611748.301,199.0,11,0.0,0.12
1780611748.401,199.0,11,0.0,0.12
1780611748.501,199.0,11,0.0,0.12
1780611748.601,199.0,11,0.0,0.12
1780611748.701,199.0,11,0.0,0.12
1780611748.801,199.0,11,0.0,0.12
1780611748.901,199.0,11,0.0,0.12
1780611749.002,199.0,11,0.0,0.12
1780611749.102,199.0,11,0.0,0.12
1780611749.202,199.0,11,0.0,0.12
1780611749.302,199.0,11,0.0,0.12
1780611749.402,199.0,11,0.0,0.12
1780611749.502,199.0,11,0.0,0.12
1780611749.602,199.0,11,0.0,0.12
1780611749.702,199.0,11,0.0,0.12
1780611749.802,199.0,11,0.0,0.12
1780611749.903,199.0,11,0.0,0.12
1780611750.003,199.0,11,0.0,0.12
1780611750.103,199.0,11,0.0,0.12
1780611750.203,199.0,11,10.0,0.12
1780611750.303,199.0,11,0.0,0.12
1780611750.403,199.0,11,0.0,0.12
1780611750.503,199.0,11,0.0,0.12
1780611750.603,199.0,11,0.0,0.12
1780611750.704,199.0,11,0.0,0.12
1780611750.804,199.0,11,0.0,0.12
1780611750.904,199.0,11,0.0,0.12
1780611751.004,199.0,11,0.0,0.12
1780611751.104,199.0,11,0.0,0.12
1780611751.204,199.0,11,0.0,0.12
1780611751.304,199.0,11,0.0,0.12
1780611751.404,199.0,11,0.0,0.12
1780611751.504,199.0,11,0.0,0.12
1780611751.605,199.0,11,0.0,0.12
1780611751.705,199.0,11,0.0,0.12
1780611751.805,199.0,11,0.0,0.12
1780611751.905,199.0,11,0.0,0.12
1780611752.005,199.0,11,0.0,0.12
1780611752.105,199.0,11,0.0,0.12
1780611752.205,199.0,11,0.0,0.12
1780611752.305,199.0,11,0.0,0.12
1780611752.405,199.0,11,0.0,0.12
1780611752.506,199.0,11,0.0,0.12
1780611752.606,199.0,11,0.0,0.12
1780611752.706,199.0,11,0.0,0.12
1780611752.806,199.0,11,0.0,0.12
1780611752.906,199.0,11,0.0,0.12
1780611753.006,199.0,11,0.0,0.12
1780611753.106,199.0,11,0.0,0.12
1780611753.206,199.0,11,0.0,0.12
1780611753.306,199.0,11,10.0,0.12
1780611753.407,199.0,11,0.0,0.12
1780611753.507,199.0,11,0.0,0.12
1780611753.607,199.0,11,0.0,0.12
1780611753.707,199.0,11,0.0,0.12
1780611753.807,199.0,11,0.0,0.12
1780611753.907,199.0,11,0.0,0.12
1780611754.007,199.0,11,0.0,0.12
1780611754.107,199.0,11,0.0,0.12
1780611754.207,199.0,11,0.0,0.12
1780611754.308,199.0,11,0.0,0.12
1780611754.408,199.0,11,0.0,0.12
1780611754.508,199.0,11,0.0,0.12
1780611754.608,199.0,11,0.0,0.12
1780611754.708,199.0,11,0.0,0.12
1780611754.808,199.0,11,0.0,0.12
1780611754.908,199.0,11,0.0,0.12
1780611755.008,199.0,11,0.0,0.12
1780611755.108,199.0,11,0.0,0.12
1780611755.209,199.0,11,0.0,0.12
1780611755.309,199.0,11,0.0,0.12
1780611755.409,199.0,11,0.0,0.12
1780611755.509,199.0,11,0.0,0.12
1780611755.609,199.0,11,0.0,0.12
1780611755.709,199.0,11,0.0,0.12
1780611755.809,199.0,11,0.0,0.12
1780611755.909,199.0,11,0.0,0.12
1780611756.010,199.0,11,0.0,0.12
1780611756.110,199.0,11,0.0,0.12
1780611756.210,199.0,11,0.0,0.12
1780611756.310,199.0,11,0.0,0.12
1780611756.410,199.0,11,0.0,0.12
1780611756.510,199.0,11,0.0,0.12
1780611756.610,199.0,11,0.0,0.12
1780611756.710,199.0,11,0.0,0.12
1780611756.810,199.0,11,0.0,0.12
1780611756.911,199.0,11,0.0,0.12
1780611757.011,199.0,11,0.0,0.12
1780611757.111,199.0,11,0.0,0.12
1780611757.211,199.0,11,0.0,0.12
1780611757.311,199.0,11,0.0,0.13
1780611757.411,199.0,11,0.0,0.13
1780611757.511,199.0,11,0.0,0.13
1780611757.611,199.0,11,0.0,0.13
1780611757.711,199.0,11,0.0,0.13
1780611757.812,199.0,11,0.0,0.13
1780611757.912,199.0,11,0.0,0.13
1780611758.012,199.0,11,0.0,0.13
1780611758.112,199.0,11,0.0,0.13
1780611758.212,199.0,11,0.0,0.13
1780611758.312,199.0,11,0.0,0.13
1780611758.412,199.0,11,0.0,0.13
1780611758.512,199.0,11,0.0,0.13
1780611758.612,199.0,11,0.0,0.13
1780611758.712,199.0,11,0.0,0.13
1780611758.813,199.0,11,0.0,0.13
1780611758.913,199.0,11,0.0,0.13
1780611759.013,199.0,11,0.0,0.13
1780611759.113,199.0,11,0.0,0.13
1780611759.213,199.0,11,0.0,0.13
1780611759.313,199.0,11,0.0,0.13
1780611759.413,199.0,11,0.0,0.13
1780611759.513,199.0,11,0.0,0.13
1780611759.613,199.0,11,0.0,0.13
1780611759.714,199.0,11,0.0,0.13
1780611759.814,199.0,11,0.0,0.12
1780611759.914,199.0,11,0.0,0.12
1780611760.014,199.0,11,0.0,0.12
1780611760.114,199.0,11,0.0,0.12
1780611760.214,199.0,11,0.0,0.12
1780611760.314,199.0,11,0.0,0.12
1780611760.414,199.0,11,0.0,0.12
1780611760.514,199.0,11,0.0,0.12
1780611760.615,199.0,11,0.0,0.12
1780611760.715,199.0,11,0.0,0.12
1780611760.815,199.0,11,0.0,0.12
1780611760.915,199.0,11,0.0,0.12
1780611761.015,199.0,11,0.0,0.12
1780611761.115,199.0,11,0.0,0.12
1780611761.215,199.0,11,0.0,0.12
1780611761.316,199.0,11,0.0,0.12
1780611761.416,199.0,11,0.0,0.12
1780611761.516,199.0,11,0.0,0.12
1780611761.616,199.0,11,0.0,0.12
1780611761.716,199.0,11,0.0,0.12
1780611761.816,199.0,11,0.0,0.12
1780611761.916,199.0,11,0.0,0.12
1780611762.016,199.0,11,0.0,0.12
1780611762.116,199.0,11,0.0,0.12
1780611762.216,199.0,11,0.0,0.12
1780611762.317,199.0,11,0.0,0.12
1780611762.417,199.0,11,0.0,0.12
1780611762.517,199.0,11,0.0,0.12
1780611762.617,199.0,11,0.0,0.12
1780611762.717,199.0,11,0.0,0.12
1780611762.817,199.0,11,0.0,0.12
1780611762.917,199.0,11,0.0,0.12
1780611763.017,199.0,11,0.0,0.12
1780611763.117,199.0,11,0.0,0.12
1780611763.218,199.0,11,0.0,0.12
1780611763.318,199.0,11,0.0,0.12
1780611763.418,199.0,11,0.0,0.13
1780611763.518,199.0,11,0.0,0.13
1780611763.618,199.0,11,0.0,0.13
1780611763.718,199.0,11,0.0,0.12
1780611763.818,199.0,11,0.0,0.12
1780611763.918,199.0,11,0.0,0.12
1780611764.018,199.0,11,0.0,0.12
1780611764.119,199.0,11,0.0,0.12
1780611764.219,199.0,11,0.0,0.12
1780611764.319,199.0,11,0.0,0.12
1780611764.419,199.0,11,0.0,0.12
1780611764.519,199.0,11,0.0,0.12
1780611764.619,199.0,11,0.0,0.12
1780611764.719,199.0,11,0.0,0.12
1780611764.819,199.0,11,0.0,0.12
1780611764.919,199.0,11,0.0,0.12
1780611765.020,199.0,11,0.0,0.12
1780611765.120,199.0,11,0.0,0.12
1780611765.220,199.0,11,0.0,0.12
1780611765.320,199.0,11,0.0,0.12
1780611765.420,199.0,11,0.0,0.12
1780611765.520,199.0,11,0.0,0.12
1780611765.620,199.0,11,0.0,0.12
1780611765.720,199.0,11,0.0,0.12
1780611765.821,199.0,11,0.0,0.12
1780611765.921,199.0,11,0.0,0.12
1780611766.021,199.0,11,0.0,0.12
1780611766.121,199.0,11,0.0,0.12
1780611766.221,199.0,11,0.0,0.12
1780611766.321,199.0,11,0.0,0.12
1780611766.421,199.0,11,0.0,0.12
1780611766.521,199.0,11,0.0,0.12
1780611766.621,199.0,11,0.0,0.12
1780611766.722,199.0,11,0.0,0.12
1780611766.822,199.0,11,0.0,0.12
1780611766.922,199.0,11,0.0,0.12
1780611767.022,199.0,11,0.0,0.12
1780611767.122,199.0,11,0.0,0.12
1780611767.222,199.0,11,0.0,0.12
1780611767.322,199.0,11,0.0,0.12
1780611767.422,199.0,11,10.0,0.12
1780611767.522,199.0,11,0.0,0.12
1780611767.623,199.0,11,0.0,0.12
1780611767.723,199.0,11,0.0,0.12
1780611767.823,199.0,11,0.0,0.12
1780611767.923,199.0,11,0.0,0.12
1780611768.023,199.0,11,0.0,0.12
1780611768.123,199.0,11,0.0,0.12
1780611768.223,199.0,11,0.0,0.12
1780611768.323,199.0,11,0.0,0.12
1780611768.423,199.0,11,0.0,0.12
1780611768.524,199.0,11,0.0,0.12
1780611768.624,199.0,11,0.0,0.12
1780611768.724,199.0,11,0.0,0.12
1780611768.824,199.0,11,0.0,0.12
1780611768.924,199.0,11,0.0,0.12
1780611769.024,199.0,11,0.0,0.12
1780611769.124,199.0,11,0.0,0.12
1780611769.224,199.0,11,0.0,0.12
1780611769.324,199.0,11,0.0,0.12
1780611769.425,199.0,11,0.0,0.12
1780611769.525,199.0,11,0.0,0.12
1780611769.625,199.0,11,0.0,0.12
1780611769.725,199.0,11,0.0,0.12
1780611769.825,199.0,11,0.0,0.12
1780611769.925,199.0,11,0.0,0.12
1780611770.025,199.0,11,0.0,0.12
1780611770.125,199.0,11,0.0,0.12
1780611770.225,199.0,11,0.0,0.12
1780611770.326,199.0,11,0.0,0.12
1780611770.426,199.0,11,0.0,0.12
1780611770.526,199.0,11,0.0,0.12
1780611770.626,199.0,11,0.0,0.12
1780611770.726,199.0,11,0.0,0.12
1780611770.826,199.0,11,0.0,0.12
1780611770.926,199.0,11,0.0,0.12
1780611771.026,199.0,11,0.0,0.12
1780611771.127,199.0,11,0.0,0.12
1780611771.227,199.0,11,0.0,0.12
1780611771.327,199.0,11,0.0,0.12
1780611771.427,199.0,11,0.0,0.12
1780611771.527,199.0,11,0.0,0.12
1780611771.627,199.0,11,0.0,0.12
1780611771.727,199.0,11,0.0,0.12
1780611771.827,199.0,11,0.0,0.12
1780611771.927,199.0,11,0.0,0.12
1780611772.028,199.0,11,0.0,0.12
1780611772.128,199.0,11,0.0,0.12
1780611772.228,199.0,11,0.0,0.12
1780611772.328,199.0,11,0.0,0.12
1780611772.428,199.0,11,0.0,0.12
1780611772.528,199.0,11,0.0,0.12
1780611772.628,199.0,11,0.0,0.12
1780611772.728,199.0,11,0.0,0.12
1780611772.829,199.0,11,0.0,0.12
1780611772.929,199.0,11,0.0,0.12
1780611773.029,199.0,11,0.0,0.12
1780611773.129,199.0,11,0.0,0.12
1780611773.229,199.0,11,0.0,0.12
1780611773.329,199.0,11,0.0,0.12
1780611773.429,199.0,11,0.0,0.12
1780611773.529,199.0,11,0.0,0.12
1780611773.629,199.0,11,0.0,0.12
1780611773.730,199.0,11,0.0,0.12
1780611773.830,199.0,11,0.0,0.12
1780611773.930,199.0,11,0.0,0.12
1780611774.030,199.0,11,0.0,0.12
1780611774.130,199.0,11,0.0,0.12
1780611774.230,199.0,11,0.0,0.12
1780611774.330,199.0,11,0.0,0.12
1780611774.430,199.0,11,0.0,0.12
1780611774.530,199.0,11,0.0,0.12
1780611774.631,199.0,11,0.0,0.12
1780611774.731,199.0,11,0.0,0.12
1780611774.831,199.0,11,0.0,0.12
1780611774.931,199.0,11,0.0,0.12
1780611775.031,199.0,11,0.0,0.12
1780611775.131,199.0,11,0.0,0.12
1780611775.231,199.0,11,0.0,0.12
1780611775.331,199.0,11,0.0,0.12
1780611775.431,199.0,11,0.0,0.12
1780611775.532,199.0,11,0.0,0.12
1780611775.632,199.0,11,0.0,0.12
1780611775.732,199.0,11,0.0,0.12
1780611775.832,199.0,11,0.0,0.12
1780611775.932,199.0,11,0.0,0.12
1780611776.032,199.0,11,0.0,0.12
1780611776.132,199.0,11,0.0,0.12
1780611776.232,199.0,11,0.0,0.12
1780611776.333,199.0,11,0.0,0.12
1780611776.433,199.0,11,0.0,0.12
1780611776.533,199.0,11,0.0,0.12
1780611776.633,199.0,11,0.0,0.12
1780611776.733,199.0,11,0.0,0.12
1780611776.833,199.0,11,0.0,0.12
1780611776.933,199.0,11,0.0,0.12
1780611777.033,199.0,11,0.0,0.12
1780611777.133,199.0,11,0.0,0.12
1780611777.234,199.0,11,0.0,0.12
1780611777.334,199.0,11,0.0,0.12
1780611777.434,199.0,11,0.0,0.12
1780611777.534,199.0,11,0.0,0.12
1780611777.634,199.0,11,0.0,0.12
1780611777.734,199.0,11,0.0,0.12
1780611777.834,199.0,11,0.0,0.13
1780611777.934,199.0,11,0.0,0.13
1780611778.034,199.0,11,0.0,0.13
1780611778.135,199.0,11,0.0,0.13
1780611778.235,199.0,11,0.0,0.13
1780611778.335,199.0,11,0.0,0.13
1780611778.435,199.0,11,0.0,0.13
1780611778.535,199.0,11,0.0,0.13
1780611778.635,199.0,11,0.0,0.13
1780611778.735,199.0,11,0.0,0.13
1780611778.835,199.0,11,0.0,0.13
1780611778.935,199.0,11,0.0,0.13
1780611779.036,199.0,11,0.0,0.13
1780611779.136,199.0,11,0.0,0.13
1780611779.236,199.0,11,0.0,0.13
1780611779.336,199.0,11,0.0,0.13
1780611779.436,199.0,11,0.0,0.13
1780611779.536,199.0,11,0.0,0.13
1780611779.636,199.0,11,0.0,0.13
1780611779.736,199.0,11,0.0,0.13
1780611779.836,199.0,11,0.0,0.12
1780611779.937,199.0,11,0.0,0.12
1780611780.037,199.0,11,0.0,0.12
1780611780.137,199.0,11,0.0,0.12
1780611780.237,199.0,11,0.0,0.12
1780611780.337,199.0,11,0.0,0.12
1780611780.437,199.0,11,0.0,0.12
1780611780.537,199.0,11,0.0,0.12
1780611780.637,199.0,11,0.0,0.12
1780611780.737,199.0,11,0.0,0.12
1780611780.838,199.0,11,10.0,0.12
1780611780.938,199.0,11,0.0,0.12
1780611781.038,199.0,11,0.0,0.12
1780611781.138,199.0,11,0.0,0.12
1780611781.238,199.0,11,0.0,0.12
1780611781.338,199.0,11,0.0,0.12
1780611781.438,199.0,11,0.0,0.12
1780611781.538,199.0,11,0.0,0.12
1780611781.639,199.0,11,0.0,0.12
1780611781.739,199.0,11,0.0,0.12
1780611781.839,199.0,11,0.0,0.12
1780611781.939,199.0,11,0.0,0.12
1780611782.039,199.0,11,0.0,0.12
1780611782.139,199.0,11,0.0,0.12
1780611782.239,199.0,11,0.0,0.12
1780611782.339,199.0,11,0.0,0.12
1780611782.439,199.0,11,0.0,0.12
1780611782.540,199.0,11,0.0,0.12
1780611782.640,199.0,11,0.0,0.12
1780611782.740,199.0,11,0.0,0.12
1780611782.840,199.0,11,0.0,0.12
1780611782.940,199.0,11,0.0,0.12
1780611783.040,199.0,11,0.0,0.12
1780611783.140,199.0,11,0.0,0.12
1780611783.240,199.0,11,0.0,0.12
1780611783.341,199.0,11,0.0,0.12
1780611783.441,199.0,11,0.0,0.13
1780611783.541,199.0,11,0.0,0.13
1780611783.641,199.0,11,0.0,0.13
1780611783.741,199.0,11,0.0,0.13
1780611783.841,199.0,11,0.0,0.13
1780611783.941,199.0,11,0.0,0.13
1780611784.041,199.0,11,0.0,0.13
1780611784.141,199.0,11,0.0,0.13
1780611784.242,199.0,11,0.0,0.12
1780611784.342,199.0,11,0.0,0.12
1780611784.442,199.0,11,0.0,0.12
1780611784.542,199.0,11,0.0,0.12
1780611784.642,199.0,11,0.0,0.12
1780611784.742,199.0,11,0.0,0.12
1780611784.842,199.0,11,0.0,0.12
1780611784.942,199.0,11,0.0,0.12
1780611785.043,199.0,11,0.0,0.12
1780611785.143,199.0,11,0.0,0.12
1780611785.243,199.0,11,0.0,0.12
1780611785.343,199.0,11,0.0,0.12
1780611785.443,199.0,11,0.0,0.12
1780611785.543,199.0,11,0.0,0.12
1780611785.643,199.0,11,0.0,0.12
1780611785.743,199.0,11,0.0,0.12
1780611785.844,199.0,11,0.0,0.12
1780611785.944,199.0,11,0.0,0.12
1780611786.044,199.0,11,0.0,0.12
1780611786.144,199.0,11,0.0,0.12
1780611786.244,199.0,11,0.0,0.12
1780611786.344,199.0,11,0.0,0.12
1780611786.444,199.0,11,0.0,0.12
1780611786.545,199.0,11,0.0,0.12
1780611786.645,199.0,11,0.0,0.12
1780611786.745,199.0,11,0.0,0.12
1780611786.845,199.0,11,0.0,0.12
1780611786.945,199.0,11,0.0,0.12
1780611787.045,199.0,11,0.0,0.12
1780611787.145,199.0,11,0.0,0.12
1780611787.245,199.0,11,0.0,0.12
1780611787.345,199.0,11,0.0,0.12
1780611787.446,199.0,11,0.0,0.12
1780611787.546,199.0,11,0.0,0.12
1780611787.646,199.0,11,0.0,0.12
1780611787.746,199.0,11,0.0,0.12
1780611787.846,199.0,11,0.0,0.12
1780611787.946,199.0,11,0.0,0.12
1780611788.046,199.0,11,0.0,0.12
1780611788.146,199.0,11,0.0,0.12
1780611788.247,199.0,11,0.0,0.12
1780611788.347,199.0,11,0.0,0.12
1780611788.447,199.0,11,0.0,0.12
1780611788.547,199.0,11,0.0,0.12
1780611788.647,199.0,11,0.0,0.12
1780611788.747,199.0,11,0.0,0.12
1780611788.847,199.0,11,0.0,0.12
1780611788.947,199.0,11,0.0,0.12
1780611789.047,199.0,11,0.0,0.12
1780611789.148,199.0,11,0.0,0.12
1780611789.248,199.0,11,0.0,0.12
1780611789.348,199.0,11,0.0,0.12
1780611789.448,199.0,11,0.0,0.12
1780611789.548,199.0,11,0.0,0.12
1780611789.648,199.0,11,0.0,0.12
1780611789.748,199.0,11,0.0,0.12
1780611789.848,199.0,11,0.0,0.12
1780611789.948,199.0,11,0.0,0.12
1780611790.049,199.0,11,0.0,0.12
1780611790.149,199.0,11,0.0,0.12
1780611790.249,199.0,11,0.0,0.12
1780611790.349,199.0,11,0.0,0.12
1780611790.449,199.0,11,0.0,0.12
1780611790.549,199.0,11,0.0,0.12
1780611790.649,199.0,11,0.0,0.12
1780611790.749,199.0,11,0.0,0.12
1780611790.850,199.0,11,0.0,0.12
1780611790.950,199.0,11,0.0,0.12
1780611791.050,199.0,11,0.0,0.12
1780611791.150,199.0,11,0.0,0.12
1780611791.250,199.0,11,0.0,0.12
1780611791.350,199.0,11,0.0,0.12
1780611791.450,199.0,11,0.0,0.12
1780611791.550,199.0,11,0.0,0.12
1780611791.650,199.0,11,0.0,0.12
1780611791.751,199.0,11,0.0,0.12
1780611791.851,199.0,11,0.0,0.12
1780611791.951,199.0,11,0.0,0.12
1780611792.051,199.0,11,0.0,0.12
1780611792.151,199.0,11,0.0,0.12
1780611792.251,199.0,11,0.0,0.12
1780611792.351,199.0,11,0.0,0.12
1780611792.451,199.0,11,0.0,0.12
1780611792.551,199.0,11,0.0,0.12
1780611792.652,199.0,11,0.0,0.12
1780611792.752,199.0,11,0.0,0.12
1780611792.852,199.0,11,0.0,0.12
1780611792.952,199.0,11,0.0,0.12
1780611793.052,199.0,11,0.0,0.12
1780611793.152,199.0,11,0.0,0.12
1780611793.252,199.0,11,0.0,0.12
1780611793.352,199.0,11,0.0,0.12
1780611793.452,199.0,11,0.0,0.12
1780611793.553,199.0,11,0.0,0.12
1780611793.653,199.0,11,0.0,0.12
1780611793.753,199.0,11,0.0,0.12
1780611793.853,199.0,11,0.0,0.12
1780611793.953,199.0,11,0.0,0.12
1780611794.053,199.0,11,0.0,0.12
1780611794.153,199.0,11,0.0,0.12
1780611794.253,199.0,11,0.0,0.12
1780611794.353,199.0,11,0.0,0.12
1780611794.454,199.0,11,0.0,0.12
1780611794.554,199.0,11,0.0,0.12
1780611794.654,199.0,11,0.0,0.12
1780611794.754,199.0,11,0.0,0.12
1780611794.854,199.0,11,0.0,0.12
1780611794.954,199.0,11,0.0,0.12
1780611795.054,199.0,11,0.0,0.12
1780611795.154,199.0,11,0.0,0.12
1780611795.254,199.0,11,0.0,0.12
1780611795.355,199.0,11,0.0,0.12
1780611795.455,199.0,11,0.0,0.12
1780611795.555,199.0,11,0.0,0.12
1780611795.655,199.0,11,0.0,0.12
1780611795.755,199.0,11,0.0,0.12
1780611795.855,199.0,11,0.0,0.12
1780611795.955,199.0,11,0.0,0.12
1780611796.056,199.0,11,0.0,0.12
1780611796.156,199.0,11,0.0,0.12
1780611796.256,199.0,11,0.0,0.12
1780611796.356,199.0,11,0.0,0.12
1780611796.456,199.0,11,0.0,0.12
1780611796.556,199.0,11,0.0,0.12
1780611796.656,199.0,11,0.0,0.12
1780611796.756,199.0,11,0.0,0.12
1780611796.856,199.0,11,0.0,0.12
1780611796.957,199.0,11,0.0,0.12
1780611797.057,199.0,11,0.0,0.12
1780611797.157,199.0,11,0.0,0.12
1780611797.257,199.0,11,0.0,0.12
1780611797.357,199.0,11,0.0,0.12
1780611797.457,199.0,11,0.0,0.12
1780611797.557,199.0,11,0.0,0.12
1780611797.657,199.0,11,0.0,0.12
1780611797.757,199.0,11,0.0,0.12
1780611797.858,199.0,11,0.0,0.12
1780611797.958,199.0,11,0.0,0.12
1780611798.058,199.0,11,10.0,0.12
1780611798.158,199.0,11,0.0,0.12
1780611798.258,199.0,11,0.0,0.12
1780611798.358,199.0,11,0.0,0.12
1780611798.458,199.0,11,0.0,0.12
1780611798.558,199.0,11,0.0,0.12
1780611798.658,199.0,11,0.0,0.12
1780611798.759,199.0,11,0.0,0.12
1780611798.859,199.0,11,0.0,0.12
1780611798.959,199.0,11,0.0,0.12
1780611799.059,199.0,11,0.0,0.12
1780611799.159,199.0,11,0.0,0.12
1780611799.259,199.0,11,0.0,0.12
1780611799.359,199.0,11,0.0,0.12
1780611799.459,199.0,11,0.0,0.12
1780611799.559,199.0,11,0.0,0.12
1780611799.659,199.0,11,0.0,0.12
1780611799.760,199.0,11,0.0,0.12
1780611799.860,199.0,11,0.0,0.12
1780611799.960,199.0,11,0.0,0.12
1780611800.060,199.0,11,0.0,0.12
1780611800.160,199.0,11,0.0,0.12
1780611800.260,199.0,11,0.0,0.12
1780611800.360,199.0,11,0.0,0.12
1780611800.460,199.0,11,0.0,0.12
1780611800.561,199.0,11,0.0,0.12
1780611800.661,199.0,11,0.0,0.12
1780611800.761,199.0,11,0.0,0.12
1780611800.861,199.0,11,0.0,0.12
1780611800.961,199.0,11,0.0,0.12
1780611801.061,199.0,11,0.0,0.12
1780611801.161,199.0,11,0.0,0.12
1780611801.261,199.0,11,0.0,0.12
1780611801.361,199.0,11,0.0,0.12
1780611801.462,199.0,11,0.0,0.12
1780611801.562,199.0,11,0.0,0.12
1780611801.662,199.0,11,0.0,0.12
1780611801.762,199.0,11,0.0,0.12
1780611801.862,199.0,11,0.0,0.12
1780611801.962,199.0,11,0.0,0.12
1780611802.062,199.0,11,0.0,0.12
1780611802.162,199.0,11,0.0,0.12
1780611802.262,199.0,11,0.0,0.12
1780611802.363,199.0,11,0.0,0.12
1780611802.463,199.0,11,0.0,0.12
1780611802.563,199.0,11,0.0,0.12
1780611802.663,199.0,11,0.0,0.12
1780611802.763,199.0,11,0.0,0.12
1780611802.863,199.0,11,0.0,0.12
1780611802.963,199.0,11,0.0,0.12
1780611803.063,199.0,11,0.0,0.12
1780611803.163,199.0,11,0.0,0.12
1780611803.264,199.0,11,0.0,0.12
1780611803.364,199.0,11,0.0,0.13
1780611803.464,199.0,11,0.0,0.13
1780611803.564,199.0,11,0.0,0.13
1780611803.664,199.0,11,0.0,0.13
1780611803.764,199.0,11,0.0,0.13
1780611803.864,199.0,11,0.0,0.13
1780611803.964,199.0,11,0.0,0.13
1780611804.064,199.0,11,0.0,0.13
1780611804.165,199.0,11,0.0,0.13
1780611804.265,199.0,11,0.0,0.13
1780611804.365,199.0,11,0.0,0.13
1780611804.465,199.0,11,0.0,0.13
1780611804.565,199.0,11,0.0,0.13
1780611804.665,199.0,11,0.0,0.13
1780611804.765,199.0,11,0.0,0.13
1780611804.865,199.0,11,0.0,0.13
1780611804.965,199.0,11,0.0,0.13
1780611805.066,199.0,11,0.0,0.13
1780611805.166,199.0,11,0.0,0.13
1780611805.266,199.0,11,0.0,0.13
1780611805.366,199.0,11,0.0,0.13
1780611805.466,199.0,11,0.0,0.13
1780611805.566,199.0,11,0.0,0.13
1780611805.666,199.0,11,0.0,0.13
1780611805.766,199.0,11,0.0,0.13
1780611805.867,199.0,11,0.0,0.13
1780611805.967,199.0,11,0.0,0.13
1780611806.067,199.0,11,0.0,0.13
1780611806.167,199.0,11,0.0,0.13
1780611806.267,199.0,11,0.0,0.13
1780611806.367,199.0,11,0.0,0.13
1780611806.467,199.0,11,0.0,0.13
1780611806.567,199.0,11,0.0,0.13
1780611806.667,199.0,11,0.0,0.13
1780611806.768,199.0,11,0.0,0.13
1780611806.868,199.0,11,0.0,0.13
1780611806.968,199.0,11,0.0,0.13
1780611807.068,199.0,11,0.0,0.13
1780611807.168,199.0,11,10.0,0.13
1780611807.268,199.0,11,0.0,0.13
1780611807.368,199.0,11,0.0,0.13
1780611807.468,199.0,11,0.0,0.13
1780611807.568,199.0,11,0.0,0.13
1780611807.669,199.0,11,0.0,0.13
1780611807.769,199.0,11,0.0,0.13
1780611807.869,199.0,11,0.0,0.13
1780611807.969,199.0,11,0.0,0.12
1780611808.069,199.0,11,0.0,0.12
1780611808.169,199.0,11,0.0,0.12
1780611808.269,199.0,11,0.0,0.12
1780611808.369,199.0,11,0.0,0.12
1780611808.469,199.0,11,0.0,0.12
1780611808.570,199.0,11,0.0,0.12
1780611808.670,199.0,11,0.0,0.12
1780611808.770,199.0,11,0.0,0.12
1780611808.870,199.0,11,0.0,0.12
1780611808.970,199.0,11,0.0,0.12
1780611809.070,199.0,11,0.0,0.12
1780611809.170,199.0,11,0.0,0.12
1780611809.270,199.0,11,0.0,0.12
1780611809.371,199.0,11,0.0,0.12
1780611809.471,199.0,11,0.0,0.12
1780611809.571,199.0,11,0.0,0.12
1780611809.671,199.0,11,0.0,0.12
1780611809.771,199.0,11,0.0,0.12
1780611809.871,199.0,11,0.0,0.12
1780611809.971,199.0,11,0.0,0.12
1780611810.071,199.0,11,0.0,0.12
1780611810.171,199.0,11,0.0,0.12
1780611810.272,199.0,11,0.0,0.12
1780611810.372,199.0,11,0.0,0.12
1780611810.472,199.0,11,0.0,0.12
1780611810.572,199.0,11,0.0,0.12
1780611810.672,199.0,11,0.0,0.12
1780611810.772,199.0,11,0.0,0.12
1780611810.872,199.0,11,0.0,0.12
1780611810.972,199.0,11,0.0,0.12
1780611811.073,199.0,11,0.0,0.12
1780611811.173,199.0,11,0.0,0.12
1780611811.273,199.0,11,0.0,0.12
1780611811.373,199.0,11,0.0,0.12
1780611811.473,199.0,11,0.0,0.12
1780611811.573,199.0,11,0.0,0.12
1780611811.673,199.0,11,0.0,0.12
1780611811.773,199.0,11,0.0,0.12
1780611811.873,199.0,11,0.0,0.12
1780611811.974,199.0,11,0.0,0.12
1780611812.074,199.0,11,0.0,0.12
1780611812.174,199.0,11,0.0,0.12
1780611812.274,199.0,11,0.0,0.12
1780611812.374,199.0,11,0.0,0.12
1780611812.474,199.0,11,0.0,0.12
1780611812.574,199.0,11,0.0,0.12
1780611812.675,199.0,11,0.0,0.12
1780611812.775,199.0,11,0.0,0.12
1780611812.875,199.0,11,0.0,0.12
1780611812.975,199.0,11,0.0,0.12
1780611813.075,199.0,11,0.0,0.12
1780611813.175,199.0,11,0.0,0.12
1780611813.275,199.0,11,0.0,0.12
1780611813.376,199.0,11,0.0,0.12
1780611813.476,199.0,11,0.0,0.12
1780611813.576,199.0,11,0.0,0.12
1780611813.676,199.0,11,0.0,0.12
1780611813.776,199.0,11,0.0,0.12
1780611813.876,199.0,11,0.0,0.12
1780611813.976,199.0,11,0.0,0.12
1780611814.077,199.0,11,0.0,0.12
1780611814.177,199.0,11,0.0,0.12
1780611814.277,199.0,11,0.0,0.12
1780611814.377,199.0,11,0.0,0.12
1780611814.477,199.0,11,0.0,0.12
1780611814.577,199.0,11,0.0,0.12
1780611814.677,199.0,11,0.0,0.12
1780611814.777,199.0,11,0.0,0.12
1780611814.877,199.0,11,0.0,0.12
1780611814.978,199.0,11,0.0,0.12
1780611815.078,199.0,11,0.0,0.12
1780611815.178,199.0,11,0.0,0.12
1780611815.278,199.0,11,0.0,0.12
1780611815.378,199.0,11,0.0,0.12
1780611815.478,199.0,11,0.0,0.12
1780611815.578,199.0,11,0.0,0.12
1780611815.678,199.0,11,0.0,0.12
1780611815.779,199.0,11,0.0,0.12
1780611815.879,199.0,11,0.0,0.12
1780611815.979,199.0,11,0.0,0.12
1780611816.079,199.0,11,0.0,0.12
1780611816.179,199.0,11,0.0,0.12
1780611816.279,199.0,11,0.0,0.12
1780611816.379,199.0,11,0.0,0.12
1780611816.479,199.0,11,0.0,0.12
1780611816.580,199.0,11,0.0,0.12
1780611816.680,199.0,11,0.0,0.12
1780611816.780,199.0,11,0.0,0.12
1780611816.880,199.0,11,0.0,0.12
1780611816.980,199.0,11,0.0,0.12
1780611817.080,199.0,11,0.0,0.12
1780611817.180,199.0,11,0.0,0.12
1780611817.280,199.0,11,0.0,0.12
1780611817.381,199.0,11,0.0,0.12
1780611817.481,199.0,11,0.0,0.12
1780611817.581,199.0,11,0.0,0.12
1780611817.681,199.0,11,0.0,0.12
1780611817.781,199.0,11,0.0,0.12
1780611817.881,199.0,11,0.0,0.12
1780611817.981,199.0,11,0.0,0.12
1780611818.081,199.0,11,0.0,0.12
1780611818.181,199.0,11,0.0,0.12
1780611818.282,199.0,11,0.0,0.12
1780611818.382,199.0,11,0.0,0.12
1780611818.482,199.0,11,0.0,0.12
1780611818.651,200.0,11,47.2,0.25
