t,rss_mb,num_fds,cpu_pct,loop_lag_p99_ms
1780611905.518,145.3,10,94.9,0.00
1780611905.653,162.4,133,59.3,0.00
1780611905.756,168.8,598,58.4,0.00
1780611905.859,175.3,981,96.7,0.00
1780611905.964,185.3,1582,76.0,0.00
1780611906.071,196.9,2253,75.3,0.00
1780611906.177,200.4,2463,103.0,0.00
1780611906.287,215.6,3370,109.0,0.00
1780611906.490,226.5,4014,98.7,0.00
1780611906.603,237.8,4708,79.9,0.00
1780611906.718,254.3,5648,113.0,0.00
1780611906.917,261.8,6074,95.5,0.00
1780611907.035,277.8,7047,109.8,0.00
1780611907.155,294.0,8014,100.5,0.00
1780611907.435,304.2,8617,99.7,0.00
1780611907.559,320.8,9627,105.2,0.00
1780611907.686,337.8,10648,102.1,0.00
1780611908.046,355.9,11673,105.7,0.00
1780611908.176,373.1,12716,107.3,0.00
1780611908.310,390.9,13804,111.9,0.00
1780611908.444,409.2,14881,111.8,0.00
1780611908.893,425.2,15869,102.6,0.00
1780611909.318,442.4,16394,94.0,3805.49
1780611909.776,501.2,16394,122.5,3805.49
1780611909.948,535.5,16394,115.7,447.06
1780611910.108,535.5,16394,112.2,447.06
1780611910.219,535.5,16394,54.3,447.06
1780611910.329,535.5,16394,9.1,447.06
1780611910.439,535.5,16394,18.1,447.06
1780611910.549,535.5,16394,9.1,447.06
1780611910.659,535.5,16394,9.1,447.06
1780611910.767,535.5,16394,9.3,447.06
1780611910.875,535.5,16394,0.0,447.06
1780611910.985,535.5,16394,9.1,447.06
1780611911.095,535.5,16394,9.1,447.06
1780611911.206,535.5,16394,9.0,447.06
1780611911.316,535.5,16394,9.1,447.06
1780611911.427,535.5,16394,9.0,447.06
1780611911.538,535.5,16394,9.0,447.06
1780611911.648,535.5,16394,9.1,447.06
1780611911.759,535.5,16394,9.0,447.06
1780611911.869,535.5,16394,9.0,447.06
1780611911.980,535.5,16394,9.0,447.06
1780611912.090,535.5,16394,18.2,447.06
1780611912.200,535.5,16394,9.0,447.06
1780611912.311,535.5,16394,0.0,447.06
1780611912.421,535.5,16394,9.1,447.06
1780611912.531,535.5,16394,9.1,447.06
1780611912.642,535.5,16394,9.1,447.06
1780611912.752,535.5,16394,18.1,447.06
1780611912.863,535.5,16394,0.0,447.06
1780611912.973,535.5,16394,18.1,447.06
1780611913.083,535.5,16394,9.1,447.06
1780611913.193,535.5,16394,9.1,447.06
1780611913.303,535.5,16394,9.1,447.06
1780611913.414,535.5,16394,9.0,447.06
1780611913.524,535.5,16394,9.1,447.06
1780611913.635,535.5,16394,9.1,447.06
1780611913.745,535.5,16394,9.1,447.06
1780611913.855,535.5,16394,9.1,447.06
1780611913.964,535.5,16394,9.1,447.06
1780611914.074,535.5,16394,9.1,447.06
1780611914.184,535.5,16394,0.0,447.06
1780611914.295,535.5,16394,18.1,447.06
1780611914.405,535.5,16394,9.1,447.06
1780611914.515,535.5,16394,9.1,447.06
1780611914.625,535.5,16394,9.1,447.06
1780611914.735,535.5,16394,9.1,447.06
1780611914.845,535.5,16394,9.1,447.06
1780611914.954,535.5,16394,9.2,447.06
1780611915.063,535.5,16394,9.2,447.06
1780611915.173,535.5,16394,9.1,447.06
1780611915.283,535.5,16394,0.0,447.06
1780611915.393,535.5,16394,18.1,447.06
1780611915.504,535.5,16394,9.1,447.06
1780611915.614,535.5,16394,9.1,447.06
1780611915.724,535.5,16394,9.1,447.06
1780611915.834,535.5,16394,9.1,447.06
1780611915.944,535.5,16394,0.0,447.06
1780611916.053,535.5,16394,9.2,447.06
1780611916.162,535.5,16394,9.2,447.06
1780611916.271,535.5,16394,18.4,447.06
1780611916.379,535.5,16394,0.0,267.50
1780611916.488,535.5,16394,9.2,0.34
1780611916.597,535.5,16394,9.2,0.14
1780611916.707,535.5,16394,18.1,0.13
1780611916.818,535.5,16394,0.0,0.12
1780611916.929,535.5,16394,9.0,0.12
1780611917.039,535.5,16394,9.1,0.12
1780611917.150,535.5,16394,9.1,0.12
1780611917.259,535.5,16394,9.1,0.12
1780611917.369,535.5,16394,9.1,0.12
1780611917.479,535.5,16394,18.3,0.12
1780611917.588,535.5,16394,0.0,0.12
1780611917.697,535.5,16394,9.2,0.12
1780611917.806,535.5,16394,9.2,0.12
1780611917.916,535.5,16394,9.2,0.12
1780611918.026,535.5,16394,9.1,0.12
1780611918.135,535.5,16394,9.1,0.12
1780611918.246,535.5,16394,9.1,0.12
1780611918.356,535.5,16394,9.1,0.12
1780611918.467,535.5,16394,9.1,0.12
1780611918.577,535.5,16394,9.1,0.12
1780611918.687,535.5,16394,9.1,0.12
1780611918.797,535.5,16394,9.0,0.12
1780611918.908,535.5,16394,9.0,0.12
1780611919.019,535.5,16394,9.0,0.12
1780611919.129,535.5,16394,9.1,0.12
1780611919.240,535.5,16394,9.0,0.12
1780611919.351,535.5,16394,9.0,0.12
1780611919.462,535.5,16394,9.0,0.12
1780611919.572,535.5,16394,9.0,0.12
1780611919.683,535.5,16394,9.0,0.15
1780611919.794,535.5,16394,18.1,0.15
1780611919.904,535.5,16394,9.1,0.15
1780611920.014,535.5,16394,9.1,0.15
1780611920.125,535.5,16394,9.1,0.15
1780611920.235,535.5,16394,0.0,0.15
1780611920.344,535.5,16394,18.2,0.15
1780611920.454,535.5,16394,9.1,0.15
1780611920.563,535.5,16394,9.2,0.15
1780611920.672,535.5,16394,0.0,0.15
1780611920.780,535.5,16394,9.3,0.15
1780611920.888,535.5,16394,9.3,0.15
1780611920.995,535.5,16394,9.3,0.15
1780611921.102,535.5,16394,0.0,0.15
1780611921.209,535.5,16394,9.4,0.15
1780611921.315,535.5,16394,9.4,0.15
1780611921.422,535.5,16394,0.0,0.15
1780611921.529,535.5,16394,9.4,0.15
1780611921.635,535.5,16394,0.0,0.15
1780611921.741,535.5,16394,9.4,0.15
1780611921.847,535.5,16394,0.0,0.15
1780611921.953,535.5,16394,18.9,0.15
1780611922.059,535.5,16394,0.0,0.15
1780611922.165,535.5,16394,9.4,0.14
1780611922.271,535.5,16394,0.0,0.14
1780611922.376,535.5,16394,9.4,0.14
1780611922.482,535.5,16394,0.0,0.14
1780611922.588,535.5,16394,9.4,0.14
1780611922.694,535.5,16394,0.0,0.14
1780611922.800,535.5,16394,9.4,0.14
1780611922.906,535.5,16394,9.4,0.14
1780611923.012,535.5,16394,0.0,0.14
1780611923.117,535.5,16394,9.5,0.14
1780611923.223,535.5,16394,9.4,0.14
1780611923.329,535.5,16394,0.0,0.14
1780611923.435,535.5,16394,9.4,0.14
1780611923.541,535.5,16394,0.0,0.14
1780611923.651,535.5,16394,9.2,0.14
1780611923.761,535.5,16394,9.0,0.14
1780611923.872,535.5,16394,9.0,0.14
1780611923.983,535.5,16394,18.1,0.14
1780611924.093,535.5,16394,9.0,0.14
1780611924.203,535.5,16394,0.0,0.14
1780611924.313,535.5,16394,9.1,0.14
1780611924.423,535.5,16394,18.3,0.14
1780611924.532,535.5,16394,9.1,0.14
1780611924.642,535.5,16394,0.0,0.14
1780611924.751,535.5,16394,9.2,0.14
1780611924.859,535.5,16394,9.2,0.14
1780611924.968,535.5,16394,9.2,0.14
1780611925.077,535.5,16394,9.2,0.14
1780611925.187,535.5,16394,9.1,0.14
1780611925.297,535.5,16394,0.0,0.14
1780611925.406,535.5,16394,18.3,0.14
1780611925.514,535.5,16394,0.0,0.14
1780611925.622,535.5,16394,9.3,0.15
1780611925.729,535.5,16394,9.3,0.15
1780611925.836,535.5,16394,0.0,0.15
1780611925.942,535.5,16394,9.4,0.15
1780611926.048,535.5,16394,9.4,0.15
1780611926.154,535.5,16394,0.0,0.14
1780611926.260,535.5,16394,9.4,0.14
1780611926.366,535.5,16394,9.4,0.14
1780611926.473,535.5,16394,0.0,0.14
1780611926.579,535.5,16394,9.4,0.14
1780611926.685,535.5,16394,9.4,0.14
1780611926.791,535.5,16394,0.0,0.14
1780611926.897,535.5,16394,9.4,0.14
1780611927.004,535.5,16394,9.4,0.14
1780611927.110,535.5,16394,0.0,0.14
1780611927.217,535.5,16394,9.3,0.14
1780611927.326,535.5,16394,0.0,0.14
1780611927.435,535.5,16394,9.2,0.14
1780611927.544,535.5,16394,9.2,0.14
1780611927.654,535.5,16394,9.2,0.14
1780611927.762,535.5,16394,18.4,0.14
1780611927.871,535.5,16394,0.0,0.14
1780611927.981,535.5,16394,9.1,0.14
1780611928.092,535.5,16394,9.0,0.15
1780611928.203,535.5,16394,18.0,0.15
1780611928.313,535.5,16394,9.0,0.15
1780611928.424,535.5,16394,9.0,0.15
1780611928.534,535.5,16394,9.1,0.15
1780611928.645,535.5,16394,9.0,0.15
1780611928.756,535.5,16394,0.0,0.15
1780611928.866,535.5,16394,18.1,0.15
1780611928.977,535.5,16394,9.0,0.15
1780611929.088,535.5,16394,9.0,0.15
1780611929.198,535.5,16394,9.0,0.15
1780611929.309,535.5,16394,9.1,0.15
1780611929.417,535.5,16394,0.0,0.15
1780611929.523,535.5,16394,18.9,0.15
1780611929.628,535.5,16394,0.0,0.15
1780611929.733,535.5,16394,0.0,0.15
1780611929.838,535.5,16394,9.5,0.15
1780611929.943,535.5,16394,0.0,0.15
1780611930.048,535.5,16394,9.5,0.15
1780611930.153,535.5,16394,9.5,0.15
1780611930.258,535.5,16394,0.0,0.15
1780611930.362,535.5,16394,0.0,0.15
1780611930.467,535.5,16394,9.5,0.15
1780611930.572,535.5,16394,9.5,0.15
1780611930.677,535.5,16394,0.0,0.15
1780611930.782,535.5,16394,0.0,0.15
1780611930.887,535.5,16394,9.5,0.15
1780611930.992,535.5,16394,0.0,0.15
1780611931.097,535.5,16394,9.5,0.15
1780611931.202,535.5,16394,0.0,0.15
1780611931.307,535.5,16394,9.5,0.15
1780611931.412,535.5,16394,9.5,0.15
1780611931.517,535.5,16394,0.0,0.15
1780611931.622,535.5,16394,0.0,0.15
1780611931.727,535.5,16394,0.0,0.15
1780611931.832,535.5,16394,9.5,0.15
1780611931.936,535.5,16394,0.0,0.15
1780611932.047,535.5,16394,9.0,0.14
1780611932.158,535.5,16394,9.0,0.14
1780611932.267,535.5,16394,9.1,0.14
1780611932.377,535.5,16394,18.2,0.14
1780611932.486,535.5,16394,9.1,0.14
1780611932.595,535.5,16394,0.0,0.14
1780611932.703,535.5,16394,18.4,0.14
1780611932.811,535.5,16394,9.2,0.14
1780611932.920,535.5,16394,0.0,0.14
1780611933.028,535.5,16394,9.3,0.14
1780611933.135,535.5,16394,9.3,0.14
1780611933.243,535.5,16394,9.3,0.14
1780611933.354,535.5,16394,9.0,0.14
1780611933.465,535.5,16394,9.0,0.14
1780611933.576,535.5,16394,9.0,0.14
1780611933.686,535.5,16394,0.0,0.14
1780611933.797,535.5,16394,9.0,0.14
1780611933.908,535.5,16394,18.1,0.14
1780611934.018,535.5,16394,0.0,0.14
1780611934.129,535.5,16394,18.1,0.14
1780611934.239,535.5,16394,0.0,0.14
1780611934.349,535.5,16394,18.2,0.14
1780611934.458,535.5,16394,9.1,0.14
1780611934.568,535.5,16394,0.0,0.14
1780611934.677,535.5,16394,9.2,0.14
1780611934.786,535.5,16394,9.2,0.14
1780611934.895,535.5,16394,9.2,0.14
1780611935.004,535.5,16394,9.2,0.14
1780611935.112,535.5,16394,9.2,0.14
1780611935.220,535.5,16394,9.2,0.14
1780611935.330,535.5,16394,9.1,0.13
1780611935.439,535.5,16394,0.0,0.13
1780611935.547,535.5,16394,18.4,0.13
1780611935.655,535.5,16394,9.3,0.14
1780611935.763,535.5,16394,0.0,0.14
1780611935.870,535.5,16394,9.3,0.14
1780611935.977,535.5,16394,0.0,0.14
1780611936.084,535.5,16394,9.4,0.14
1780611936.191,535.5,16394,9.4,0.14
1780611936.298,535.5,16394,9.3,0.14
1780611936.407,535.5,16394,9.2,0.14
1780611936.516,535.5,16394,9.2,0.14
1780611936.626,535.5,16394,0.0,0.14
1780611936.737,535.5,16394,9.0,0.14
1780611936.847,535.5,16394,18.1,0.14
1780611936.958,535.5,16394,9.0,0.14
1780611937.069,535.5,16394,9.0,0.14
1780611937.179,535.5,16394,9.1,0.14
1780611937.288,535.5,16394,9.1,0.14
1780611937.398,535.5,16394,9.1,0.14
1780611937.507,535.5,16394,0.0,0.14
1780611937.617,535.5,16394,9.2,0.14
1780611937.726,535.5,16394,9.1,0.14
1780611937.836,535.5,16394,9.1,0.14
1780611937.945,535.5,16394,18.3,0.14
1780611938.055,535.5,16394,0.0,0.14
1780611938.165,535.5,16394,9.1,0.14
1780611938.275,535.5,16394,9.1,0.14
1780611938.386,535.5,16394,9.0,0.14
1780611938.497,535.5,16394,9.0,0.13
1780611938.607,535.5,16394,9.0,0.12
1780611938.718,535.5,16394,9.0,0.12
1780611938.828,535.5,16394,9.0,0.12
1780611938.939,535.5,16394,18.1,0.12
1780611939.050,535.5,16394,0.0,0.12
1780611939.161,535.5,16394,18.0,0.12
1780611939.271,535.5,16394,9.0,0.12
1780611939.382,535.5,16394,9.0,0.12
1780611939.493,535.5,16394,9.0,0.12
1780611939.604,535.5,16394,9.0,0.12
1780611939.715,535.5,16394,18.1,0.12
1780611939.825,535.5,16394,9.0,0.12
1780611939.936,535.5,16394,9.0,0.12
1780611940.047,535.5,16394,0.0,0.12
1780611940.157,535.5,16394,9.0,0.12
1780611940.268,535.5,16394,9.0,0.12
1780611940.379,535.5,16394,18.0,0.12
1780611940.490,535.5,16394,9.0,0.12
1780611940.601,535.5,16394,9.0,0.12
1780611940.711,535.5,16394,9.0,0.12
1780611940.822,535.5,16394,9.0,0.12
1780611940.933,535.5,16394,9.0,0.12
1780611941.043,535.5,16394,18.1,0.12
1780611941.154,535.5,16394,9.0,0.12
1780611941.264,535.5,16394,0.0,0.12
1780611941.375,535.5,16394,9.0,0.12
1780611941.485,535.5,16394,9.1,0.12
1780611941.594,535.5,16394,9.2,0.12
1780611941.702,535.5,16394,9.3,0.12
1780611941.809,535.5,16394,0.0,0.12
1780611941.917,535.5,16394,9.3,0.12
1780611942.025,535.5,16394,18.5,0.12
1780611942.133,535.5,16394,0.0,0.12
1780611942.240,535.5,16394,9.3,0.12
1780611942.348,535.5,16394,9.3,0.12
1780611942.455,535.5,16394,0.0,0.12
1780611942.562,535.5,16394,9.3,0.12
1780611942.670,535.5,16394,9.3,0.12
1780611942.780,535.5,16394,9.0,0.12
1780611942.891,535.5,16394,9.0,0.12
1780611943.002,535.5,16394,9.0,0.12
1780611943.113,535.5,16394,9.0,0.12
1780611943.223,535.5,16394,9.1,0.12
1780611943.337,535.5,16394,17.6,0.12
1780611943.448,535.5,16394,9.0,0.12
1780611943.558,535.5,16394,0.0,0.13
1780611943.669,535.5,16394,9.0,0.13
1780611943.779,535.5,16394,9.1,0.13
1780611943.889,535.5,16394,9.1,0.13
1780611943.999,535.5,16394,9.1,0.13
1780611944.108,535.5,16394,9.1,0.13
1780611944.217,535.5,16394,18.3,0.13
1780611944.326,535.5,16394,9.2,0.13
1780611944.435,535.5,16394,0.0,0.13
1780611944.544,535.5,16394,9.2,0.13
1780611944.653,535.5,16394,9.2,0.13
1780611944.761,535.5,16394,0.0,0.13
1780611944.869,535.5,16394,9.2,0.13
1780611944.977,535.5,16394,9.3,0.13
1780611945.085,535.5,16394,9.3,0.13
1780611945.194,535.5,16394,9.2,0.13
1780611945.302,535.5,16394,0.0,0.13
1780611945.409,535.5,16394,9.4,0.13
1780611945.515,535.5,16394,9.5,0.13
1780611945.620,535.5,16394,0.0,0.14
1780611945.725,535.5,16394,9.5,0.14
1780611945.831,535.5,16394,9.5,0.14
1780611945.936,535.5,16394,0.0,0.14
1780611946.041,535.5,16394,0.0,0.14
1780611946.147,535.5,16394,9.5,0.14
1780611946.252,535.5,16394,9.5,0.14
1780611946.357,535.5,16394,0.0,0.14
1780611946.463,535.5,16394,9.5,0.14
1780611946.568,535.5,16394,0.0,0.14
1780611946.673,535.5,16394,9.5,0.14
1780611946.779,535.5,16394,9.5,0.14
1780611946.884,535.5,16394,0.0,0.14
1780611946.989,535.5,16394,9.5,0.14
1780611947.095,535.5,16394,0.0,0.14
1780611947.201,535.5,16394,9.4,0.14
1780611947.307,535.5,16394,0.0,0.14
1780611947.413,535.5,16394,9.4,0.14
1780611947.520,535.5,16394,0.0,0.14
1780611947.628,535.5,16394,18.5,0.14
1780611947.735,535.5,16394,0.0,0.14
1780611947.841,535.5,16394,9.5,0.14
1780611947.946,535.5,16394,0.0,0.14
1780611948.052,535.5,16394,9.5,0.14
1780611948.157,535.5,16394,0.0,0.14
1780611948.262,535.5,16394,9.5,0.14
1780611948.368,535.5,16394,0.0,0.14
1780611948.473,535.5,16394,9.5,0.14
1780611948.578,535.5,16394,9.5,0.14
1780611948.684,535.5,16394,0.0,0.14
1780611948.789,535.5,16394,9.5,0.14
1780611948.894,535.5,16394,0.0,0.14
1780611949.000,535.5,16394,9.5,0.14
1780611949.105,535.5,16394,0.0,0.14
1780611949.210,535.5,16394,9.5,0.14
1780611949.316,535.5,16394,0.0,0.14
1780611949.422,535.5,16394,9.4,0.14
1780611949.528,535.5,16394,0.0,0.14
1780611949.635,535.5,16394,9.4,0.14
1780611949.744,535.5,16394,9.2,0.14
1780611949.852,535.5,16394,0.0,0.14
1780611949.957,535.5,16394,9.5,0.14
1780611950.063,535.5,16394,0.0,0.14
1780611950.168,535.5,16394,9.5,0.14
1780611950.273,535.5,16394,0.0,0.14
1780611950.379,535.5,16394,9.5,0.14
1780611950.484,535.5,16394,0.0,0.14
1780611950.589,535.5,16394,19.0,0.14
1780611950.695,535.5,16394,0.0,0.14
1780611950.800,535.5,16394,0.0,0.14
1780611950.905,535.5,16394,9.5,0.14
1780611951.011,535.5,16394,9.5,0.14
1780611951.116,535.5,16394,0.0,0.14
1780611951.221,535.5,16394,9.5,0.14
1780611951.327,535.5,16394,0.0,0.14
1780611951.432,535.5,16394,9.5,0.14
1780611951.537,535.5,16394,0.0,0.14
1780611951.643,535.5,16394,0.0,0.14
1780611951.748,535.5,16394,9.5,0.14
1780611951.853,535.5,16394,0.0,0.14
1780611951.959,535.5,16394,9.5,0.14
1780611952.066,535.5,16394,9.3,0.12
1780611952.175,535.5,16394,9.2,0.12
1780611952.286,535.5,16394,9.0,0.12
1780611952.396,535.5,16394,9.1,0.12
1780611952.506,535.5,16394,9.1,0.12
1780611952.614,535.5,16394,9.3,0.12
1780611952.719,535.5,16394,9.5,0.12
1780611952.825,535.5,16394,0.0,0.12
1780611952.930,535.5,16394,0.0,0.12
1780611953.036,535.5,16394,0.0,0.12
1780611953.141,535.5,16394,9.5,0.12
1780611953.246,535.5,16394,0.0,0.12
1780611953.352,535.5,16394,9.5,0.12
1780611953.457,535.5,16394,9.5,0.12
1780611953.562,535.5,16394,0.0,0.12
1780611953.668,535.5,16394,9.5,0.12
1780611953.773,535.5,16394,0.0,0.12
1780611953.878,535.5,16394,9.5,0.12
1780611953.984,535.5,16394,0.0,0.12
1780611954.089,535.5,16394,9.5,0.12
1780611954.194,535.5,16394,0.0,0.12
1780611954.304,535.5,16394,9.1,0.12
1780611954.415,535.5,16394,18.1,0.12
1780611954.525,535.5,16394,9.0,0.12
1780611954.636,535.5,16394,9.0,0.12
1780611954.747,535.5,16394,9.0,0.12
1780611954.858,535.5,16394,9.0,0.12
1780611954.968,535.5,16394,9.0,0.12
1780611955.079,535.5,16394,9.0,0.12
1780611955.189,535.5,16394,18.1,0.12
1780611955.300,535.5,16394,9.0,0.12
1780611955.411,535.5,16394,0.0,0.12
1780611955.521,535.5,16394,18.1,0.12
1780611955.632,535.5,16394,9.0,0.12
1780611955.743,535.5,16394,9.0,0.12
1780611955.853,535.5,16394,0.0,0.12
1780611955.964,535.5,16394,9.0,0.12
1780611956.075,535.5,16394,18.1,0.12
1780611956.186,535.5,16394,9.0,0.12
1780611956.296,535.5,16394,9.0,0.12
1780611956.407,535.5,16394,9.0,0.12
1780611956.518,535.5,16394,9.0,0.12
1780611956.628,535.5,16394,9.0,0.12
1780611956.739,535.5,16394,9.0,0.12
1780611956.850,535.5,16394,9.0,0.12
1780611956.961,535.5,16394,9.0,0.12
1780611957.071,535.5,16394,9.0,0.12
1780611957.182,535.5,16394,18.1,0.12
1780611957.293,535.5,16394,9.0,0.14
1780611957.403,535.5,16394,9.0,0.14
1780611957.514,535.5,16394,0.0,0.14
1780611957.625,535.5,16394,18.0,0.14
1780611957.736,535.5,16394,9.0,0.14
1780611957.847,535.5,16394,9.0,0.14
1780611957.957,535.5,16394,9.0,0.14
1780611958.068,535.5,16394,9.0,0.14
1780611958.179,535.5,16394,9.0,0.14
1780611958.289,535.5,16394,9.0,0.14
1780611958.400,535.5,16394,9.0,0.14
1780611958.510,535.5,16394,9.0,0.14
1780611958.621,535.5,16394,18.1,0.14
1780611958.732,535.5,16394,9.0,0.14
1780611958.843,535.5,16394,0.0,0.14
1780611958.953,535.5,16394,9.0,0.14
1780611959.064,535.5,16394,9.0,0.14
1780611959.175,535.5,16394,18.1,0.14
1780611959.285,535.5,16394,9.0,0.14
1780611959.396,535.5,16394,9.0,0.14
1780611959.507,535.5,16394,9.0,0.14
1780611959.617,535.5,16394,9.0,0.14
1780611959.728,535.5,16394,9.0,0.14
1780611959.839,535.5,16394,9.0,0.14
1780611959.949,535.5,16394,9.0,0.14
1780611960.061,535.5,16394,9.0,0.15
1780611960.172,535.5,16394,9.0,0.16
1780611960.282,535.5,16394,18.1,0.16
1780611960.393,535.5,16394,0.0,0.16
1780611960.504,535.5,16394,9.0,0.16
1780611960.614,535.5,16394,18.1,0.16
1780611960.725,535.5,16394,9.0,0.16
1780611960.836,535.5,16394,9.0,0.16
1780611960.947,535.5,16394,0.0,0.16
1780611961.057,535.5,16394,9.0,0.16
1780611961.168,535.5,16394,18.1,0.16
1780611961.279,535.5,16394,9.0,0.16
1780611961.389,535.5,16394,9.1,0.16
1780611961.500,535.5,16394,9.0,0.16
1780611961.610,535.5,16394,18.1,0.16
1780611961.721,535.5,16394,9.0,0.16
1780611961.831,535.5,16394,9.0,0.16
1780611961.942,535.5,16394,0.0,0.16
1780611962.052,535.5,16394,18.2,0.15
1780611962.161,535.5,16394,0.0,0.15
1780611962.270,535.5,16394,9.2,0.15
1780611962.379,535.5,16394,9.2,0.15
1780611962.488,535.5,16394,0.0,0.15
1780611962.596,535.5,16394,18.5,0.15
1780611962.704,535.5,16394,9.2,0.15
1780611962.812,535.5,16394,0.0,0.15
1780611962.920,535.5,16394,9.3,0.15
1780611963.028,535.5,16394,9.3,0.15
1780611963.135,535.5,16394,9.3,0.15
1780611963.242,535.5,16394,0.0,0.15
1780611963.351,535.5,16394,9.2,0.15
1780611963.461,535.5,16394,9.1,0.15
1780611963.581,536.1,16394,33.3,0.16
1780611963.742,606.9,16394,107.0,0.22
1780611963.853,553.9,16394,87.9,45.51
1780611963.963,553.9,16394,0.0,45.51
1780611964.072,553.9,16394,9.2,45.51
1780611964.180,553.9,16394,9.3,45.51
1780611964.288,553.9,16394,9.3,45.51
1780611964.398,553.9,16394,9.1,45.51
1780611964.517,555.9,16394,25.2,45.51
1780611964.627,557.9,16394,27.1,45.51
1780611964.742,567.9,16394,87.2,45.51
1780611964.852,543.9,16394,9.1,45.51
1780611964.965,543.9,16394,17.7,45.51
1780611965.075,543.9,16394,9.0,45.51
1780611965.228,544.4,16394,52.4,45.51
1780611965.339,559.5,16394,9.0,45.51
1780611965.453,559.5,16394,17.5,45.51
1780611965.564,559.7,16394,9.0,45.51
1780611965.675,559.7,16394,18.0,45.51
1780611965.785,559.9,16394,36.2,45.51
1780611965.896,559.9,16394,18.1,45.51
1780611966.007,559.9,16394,0.0,45.51
1780611966.117,559.9,16394,9.0,45.51
1780611966.228,559.9,16394,9.0,45.51
1780611966.339,559.9,16394,18.1,45.51
1780611966.453,559.9,16394,17.5,45.51
1780611966.564,560.2,16394,27.1,45.51
1780611966.674,560.2,16394,9.0,45.51
1780611966.785,560.2,16394,9.0,45.51
1780611966.896,560.2,16394,9.0,45.51
1780611967.008,560.2,16394,8.9,45.51
1780611967.119,560.2,16394,18.1,45.51
1780611967.230,560.2,16394,9.0,45.51
1780611967.340,560.2,16394,9.0,45.51
1780611967.451,560.2,16394,18.1,45.51
1780611967.568,560.2,16394,17.1,45.51
1780611967.678,560.2,16394,0.0,45.51
1780611967.789,560.2,16394,18.1,45.51
1780611967.900,560.2,16394,18.1,45.51
1780611968.010,560.2,16394,9.1,45.51
1780611968.121,560.2,16394,9.0,45.51
1780611968.231,560.2,16394,9.0,45.51
1780611968.342,560.2,16394,27.1,45.51
1780611968.453,560.2,16394,9.0,45.51
1780611968.563,562.2,16394,27.1,45.51
1780611968.674,562.2,16394,27.1,45.51
1780611968.784,562.2,16394,18.1,45.51
1780611968.900,562.2,16394,25.9,45.51
1780611969.011,562.2,16394,0.0,45.51
1780611969.121,562.2,16394,18.1,45.51
1780611969.232,562.2,16394,9.0,45.51
1780611969.343,562.2,16394,9.0,45.51
1780611969.454,562.2,16394,18.1,45.51
1780611969.564,562.2,16394,27.1,45.51
1780611969.675,562.2,16394,9.0,45.51
1780611969.786,562.2,16394,18.1,45.51
1780611969.896,562.2,16394,9.0,45.51
1780611970.007,562.2,16394,9.0,45.51
1780611970.118,562.2,16394,18.1,45.51
1780611970.228,562.2,16394,9.0,3.45
1780611970.339,562.2,16394,9.0,1.08
1780611970.450,562.2,16394,18.1,0.98
1780611970.560,562.2,16394,9.0,0.98
1780611970.671,562.2,16394,0.0,0.98
1780611970.781,562.2,16394,18.2,0.98
1780611970.891,562.2,16394,18.1,0.98
1780611971.002,562.2,16394,9.0,0.98
1780611971.112,562.2,16394,27.1,0.98
1780611971.223,562.2,16394,18.1,0.98
1780611971.334,562.2,16394,9.0,0.98
1780611971.444,562.2,16394,18.1,0.98
1780611971.553,562.2,16394,9.2,0.98
1780611971.661,562.2,16394,0.0,0.96
1780611971.769,562.2,16394,9.3,0.96
1780611971.879,562.2,16394,18.2,0.96
1780611971.989,562.3,16394,27.2,0.96
1780611972.098,562.3,16394,9.2,0.96
1780611972.204,562.3,16394,0.0,0.96
1780611972.310,562.3,16394,9.4,0.96
1780611972.419,562.3,16394,9.2,0.96
1780611972.529,562.3,16394,18.1,0.96
1780611972.640,562.3,16394,9.1,1.13
1780611972.750,562.3,16394,27.1,1.13
1780611972.875,562.3,16394,16.0,1.49
1780611972.986,562.3,16394,9.0,1.49
1780611973.097,562.3,16394,9.0,1.49
1780611973.208,564.3,16394,45.1,1.49
1780611973.319,564.3,16394,9.0,1.49
1780611973.429,564.6,16394,18.1,1.49
1780611973.540,564.6,16394,9.0,1.49
1780611973.650,564.6,16394,27.1,1.49
1780611973.761,564.6,16394,0.0,1.49
1780611973.872,564.6,16394,18.1,1.49
1780611973.982,564.6,16394,18.1,1.49
1780611974.093,564.6,16394,27.1,1.49
1780611974.203,564.6,16394,9.1,1.49
1780611974.314,564.6,16394,18.1,1.49
1780611974.424,564.6,16394,0.0,1.49
1780611974.535,564.6,16394,27.1,2.04
1780611974.646,564.6,16394,27.1,2.04
1780611974.756,564.6,16394,9.0,2.04
1780611974.867,564.6,16394,18.1,2.04
1780611974.977,564.6,16394,0.0,2.04
1780611975.088,564.7,16394,27.1,2.04
1780611975.198,564.7,16394,9.0,2.04
1780611975.309,564.7,16394,18.1,2.04
1780611975.420,564.7,16394,18.1,2.04
1780611975.530,564.7,16394,9.0,2.04
1780611975.653,564.7,16394,32.5,2.04
1780611975.764,564.7,16394,0.0,2.04
1780611975.874,564.7,16394,18.1,2.04
1780611975.985,564.7,16394,18.1,2.04
1780611976.096,564.7,16394,9.0,2.04
1780611976.206,564.7,16394,36.1,2.04
1780611976.317,564.7,16394,9.0,2.04
1780611976.428,564.7,16394,27.1,2.90
1780611976.538,564.7,16394,18.1,2.90
1780611976.649,564.7,16394,9.1,2.90
1780611976.760,564.7,16394,9.0,2.90
1780611976.870,564.8,16394,36.2,2.93
1780611976.981,564.8,16394,9.0,2.93
1780611977.092,564.8,16394,9.0,2.93
1780611977.202,564.8,16394,0.0,2.93
1780611977.313,564.8,16394,18.1,2.93
1780611977.424,564.8,16394,9.0,2.93
1780611977.534,564.8,16394,27.1,2.93
1780611977.645,564.8,16394,9.1,2.93
1780611977.755,564.8,16394,9.0,2.93
1780611977.866,564.8,16394,9.0,2.93
1780611977.976,564.8,16394,9.0,2.93
1780611978.087,564.8,16394,9.0,2.93
1780611978.198,564.8,16394,18.0,2.93
1780611978.309,564.8,16394,18.1,2.93
1780611978.419,564.8,16394,9.0,2.90
1780611978.530,564.8,16394,18.1,2.90
1780611978.641,564.8,16394,18.1,2.90
1780611978.751,564.8,16394,9.0,2.90
1780611978.865,564.8,16394,26.4,2.90
1780611978.976,564.8,16394,9.0,2.90
1780611979.086,564.8,16394,9.0,2.90
1780611979.197,564.8,16394,9.0,2.90
1780611979.308,564.8,16394,18.1,2.90
1780611979.419,564.8,16394,9.0,2.90
1780611979.529,564.8,16394,9.1,2.90
1780611979.644,564.8,16394,34.7,2.90
1780611979.754,564.8,16394,18.2,2.90
1780611979.888,564.8,16394,22.4,2.90
1780611979.998,564.8,16394,18.1,2.90
1780611980.108,564.8,16394,0.0,2.90
1780611980.219,564.8,16394,9.0,2.90
1780611980.329,564.8,16394,18.1,2.90
1780611980.439,564.8,16394,0.0,2.90
1780611980.549,564.8,16394,9.1,2.90
1780611980.659,564.8,16394,9.1,2.90
1780611980.769,564.8,16394,9.0,2.90
1780611980.880,564.8,16394,18.1,2.90
1780611980.990,564.8,16394,9.0,2.90
1780611981.101,564.8,16394,18.1,2.90
1780611981.212,564.8,16394,0.0,2.90
1780611981.322,564.8,16394,18.1,2.90
1780611981.433,564.8,16394,9.0,2.90
1780611981.544,564.8,16394,9.0,2.90
1780611981.654,564.8,16394,9.0,2.90
1780611981.765,564.8,16394,18.1,2.90
1780611981.876,564.9,16394,9.0,2.90
1780611981.987,564.9,16394,45.2,3.92
1780611982.097,564.9,16394,0.0,3.92
1780611982.208,564.9,16394,9.0,3.92
1780611982.318,564.9,16394,18.1,3.92
1780611982.428,564.9,16394,9.1,3.92
1780611982.558,564.9,16394,23.2,3.92
1780611982.668,564.9,16394,9.1,3.92
1780611982.779,564.9,16394,9.0,3.92
1780611982.941,567.2,16394,61.8,10.92
1780611983.051,546.6,16394,0.0,10.92
1780611983.162,546.6,16394,18.1,10.92
1780611983.272,547.3,16394,18.1,3.92
1780611983.382,547.3,16394,0.0,3.92
1780611983.492,547.3,16394,9.1,3.92
1780611983.602,547.3,16394,9.0,3.92
1780611983.728,553.6,16394,39.7,3.92
1780611983.839,556.1,16394,0.0,3.92
1780611983.950,556.1,16394,18.0,3.92
1780611984.060,556.1,16394,9.0,3.92
1780611984.171,556.1,16394,9.0,3.92
1780611984.282,556.1,16394,9.0,3.92
1780611984.392,556.1,16394,9.0,3.92
1780611984.502,556.1,16394,0.0,3.92
1780611984.612,556.2,16394,18.2,3.92
1780611984.722,556.2,16394,18.1,3.92
1780611984.833,556.2,16394,0.0,3.92
1780611984.944,556.2,16394,18.1,3.92
1780611985.054,560.8,16394,54.2,6.00
1780611985.164,560.8,16394,9.1,6.00
1780611985.273,560.8,16394,0.0,6.00
1780611985.384,560.9,16394,18.1,6.00
1780611985.494,560.9,16394,9.1,6.00
1780611985.623,561.8,16394,38.9,6.00
1780611985.733,562.1,16394,9.0,6.00
1780611985.844,562.1,16394,9.0,6.00
1780611985.954,562.1,16394,9.1,6.00
1780611986.065,562.1,16394,9.0,6.00
1780611986.176,562.4,16394,54.2,6.00
1780611986.287,562.4,16394,9.0,6.00
1780611986.397,563.9,16394,54.2,13.31
1780611986.508,563.9,16394,0.0,13.31
1780611986.618,563.9,16394,18.1,13.31
1780611986.727,563.9,16394,9.2,13.31
1780611986.838,563.9,16394,9.0,13.31
1780611986.949,563.9,16394,9.0,13.31
1780611987.059,564.4,16394,45.2,13.31
1780611987.170,564.5,16394,18.1,13.31
1780611987.280,564.5,16394,9.1,13.31
1780611987.390,564.5,16394,9.1,13.31
1780611987.500,564.5,16394,9.1,13.31
1780611987.610,564.5,16394,9.1,13.31
1780611987.719,564.5,16394,9.1,13.31
1780611987.828,564.5,16394,9.1,13.31
1780611987.939,564.5,16394,9.0,13.31
1780611988.050,564.5,16394,9.0,13.31
1780611988.161,564.5,16394,9.0,13.31
1780611988.271,564.5,16394,9.0,13.31
1780611988.382,564.5,16394,9.0,13.31
1780611988.493,564.5,16394,9.0,13.31
1780611988.604,564.5,16394,9.0,13.31
1780611988.714,564.5,16394,9.0,13.31
1780611988.825,564.5,16394,9.1,13.31
1780611988.935,564.5,16394,9.1,13.31
1780611989.045,564.5,16394,9.1,13.31
1780611989.154,564.5,16394,9.1,13.31
1780611989.264,564.5,16394,9.1,13.31
1780611989.373,564.5,16394,9.2,13.31
1780611989.482,564.5,16394,9.2,6.00
1780611989.591,564.5,16394,9.2,6.00
1780611989.700,564.5,16394,9.2,6.00
1780611989.808,564.5,16394,0.0,6.00
1780611989.916,564.5,16394,18.5,6.00
1780611990.027,564.5,16394,27.1,6.00
1780611990.138,564.5,16394,0.0,6.00
1780611990.248,564.5,16394,9.0,6.00
1780611990.358,564.5,16394,9.1,6.00
1780611990.468,564.5,16394,9.1,6.00
1780611990.578,564.5,16394,18.1,6.00
1780611990.689,564.5,16394,36.1,6.00
1780611990.800,564.5,16394,9.0,6.00
1780611990.910,564.5,16394,18.1,6.00
1780611991.021,564.5,16394,0.0,6.00
1780611991.132,564.5,16394,18.0,6.00
1780611991.278,564.7,16394,41.1,6.00
1780611991.389,565.3,16394,9.0,6.00
1780611991.498,565.3,16394,9.1,1.58
1780611991.609,565.3,16394,9.0,1.58
1780611991.720,565.3,16394,18.1,1.58
1780611991.830,565.3,16394,9.1,1.58
1780611991.940,565.3,16394,9.0,1.58
1780611992.051,565.3,16394,9.0,1.58
1780611992.162,565.3,16394,9.0,1.58
1780611992.272,565.3,16394,18.1,1.58
1780611992.383,565.3,16394,0.0,1.58
1780611992.494,565.3,16394,9.0,1.58
1780611992.652,565.4,16394,44.1,0.95
1780611992.763,546.0,16394,18.1,0.95
1780611992.873,546.0,16394,9.1,0.95
1780611992.983,546.0,16394,9.1,0.95
1780611993.094,550.4,16394,18.1,0.95
1780611993.205,550.4,16394,9.1,0.87
1780611993.315,550.6,16394,9.1,0.87
1780611993.425,550.6,16394,18.2,0.95
1780611993.535,550.6,16394,9.0,0.95
1780611993.646,550.6,16394,9.0,0.95
1780611993.783,557.7,16394,36.6,0.95
1780611993.893,561.8,16394,9.1,0.95
1780611994.003,561.8,16394,9.1,0.95
1780611994.113,561.8,16394,9.0,0.95
1780611994.224,561.8,16394,18.1,0.95
1780611994.335,561.8,16394,0.0,0.95
1780611994.446,563.9,16394,36.1,0.95
1780611994.556,563.9,16394,9.0,0.95
1780611994.667,563.9,16394,18.0,0.95
1780611994.778,566.1,16394,27.1,1.90
1780611994.887,566.1,16394,9.2,1.90
1780611994.996,566.1,16394,0.0,1.90
1780611995.107,566.1,16394,18.1,1.90
1780611995.218,566.1,16394,9.0,1.90
1780611995.329,567.7,16394,45.2,1.90
1780611995.440,567.7,16394,18.0,1.90
1780611995.551,567.7,16394,9.0,1.90
1780611995.661,567.8,16394,36.1,14.72
1780611995.772,567.8,16394,9.1,14.72
1780611995.907,567.8,16394,36.9,14.72
1780611996.018,567.8,16394,9.0,14.72
1780611996.129,567.8,16394,9.0,14.72
1780611996.240,567.8,16394,9.0,14.72
1780611996.380,567.8,16394,35.5,14.72
1780611996.491,568.1,16394,9.1,14.72
1780611996.601,568.1,16394,9.0,14.72
1780611996.712,568.1,16394,9.0,14.72
1780611996.823,568.2,16394,27.1,14.72
1780611996.933,568.2,16394,9.0,14.72
1780611997.044,568.2,16394,9.0,14.72
1780611997.155,568.2,16394,18.1,14.72
1780611997.265,568.2,16394,9.0,14.72
1780611997.376,568.2,16394,9.0,14.72
1780611997.487,568.2,16394,9.0,14.72
1780611997.598,568.2,16394,9.0,14.72
1780611997.708,568.2,16394,18.1,14.72
1780611997.819,568.2,16394,0.0,14.72
1780611997.930,568.2,16394,9.0,14.72
1780611998.041,568.2,16394,9.0,14.72
1780611998.151,568.2,16394,9.0,14.72
1780611998.262,568.2,16394,9.0,14.72
1780611998.374,568.2,16394,17.9,14.72
1780611998.484,568.2,16394,0.0,14.72
1780611998.595,568.2,16394,18.1,14.72
1780611998.706,568.2,16394,9.0,14.72
1780611998.817,568.2,16394,9.0,14.72
1780611998.932,568.2,16394,17.4,14.72
1780611999.043,568.2,16394,45.1,14.72
1780611999.153,568.2,16394,27.1,14.72
1780611999.264,568.2,16394,0.0,14.72
1780611999.375,568.2,16394,18.1,14.72
1780611999.485,568.2,16394,9.0,14.72
1780611999.596,568.2,16394,9.0,14.72
1780611999.706,568.2,16394,9.1,14.72
1780611999.817,568.2,16394,9.0,14.72
1780611999.928,568.2,16394,18.1,14.72
1780612000.039,568.2,16394,9.0,14.72
1780612000.149,568.2,16394,9.0,14.72
1780612000.260,568.2,16394,9.0,14.72
1780612000.371,568.2,16394,9.0,14.72
1780612000.481,568.2,16394,9.0,14.72
1780612000.592,568.2,16394,9.0,14.72
1780612000.703,568.2,16394,9.0,14.72
1780612000.813,568.2,16394,9.0,14.72
1780612000.924,568.2,16394,18.1,14.72
1780612001.035,568.2,16394,9.0,14.72
1780612001.146,568.2,16394,18.0,1.48
1780612001.257,568.2,16394,27.1,1.93
1780612001.367,568.2,16394,9.0,1.93
1780612001.478,568.2,16394,9.0,1.93
1780612001.601,568.2,16394,24.3,1.93
1780612001.712,568.2,16394,9.0,1.93
1780612001.823,568.2,16394,45.2,1.93
1780612001.933,568.2,16394,9.1,1.93
1780612002.044,568.2,16394,9.0,1.48
1780612002.155,568.2,16394,9.0,1.48
1780612002.265,568.2,16394,18.0,1.48
1780612002.376,568.4,16394,18.1,1.48
1780612002.487,568.4,16394,9.0,1.48
1780612002.598,568.5,16394,27.1,1.48
1780612002.709,568.5,16394,9.0,1.48
1780612002.819,568.5,16394,9.0,1.00
1780612002.930,568.5,16394,9.1,1.00
1780612003.040,568.6,16394,18.1,1.00
1780612003.151,568.6,16394,9.0,1.00
1780612003.262,568.6,16394,9.0,1.00
1780612003.373,568.6,16394,9.0,1.00
1780612003.483,568.6,16394,9.1,1.00
1780612003.593,568.6,16394,18.1,1.00
1780612003.704,568.7,16394,0.0,1.00
1780612003.815,568.7,16394,9.0,1.00
1780612003.925,568.7,16394,27.0,1.00
1780612004.036,568.7,16394,9.0,1.00
1780612004.147,568.7,16394,18.1,1.00
1780612004.258,568.7,16394,0.0,1.00
1780612004.368,568.7,16394,18.1,1.00
1780612004.479,568.7,16394,9.0,1.00
1780612004.590,568.7,16394,9.0,1.00
1780612004.700,568.7,16394,0.0,1.00
1780612004.810,568.7,16394,18.2,1.00
1780612004.921,568.7,16394,27.1,1.00
1780612005.059,568.7,16394,29.0,1.93
1780612005.169,568.8,16394,9.1,1.93
1780612005.280,568.8,16394,18.0,1.93
1780612005.391,568.8,16394,0.0,1.93
1780612005.502,568.8,16394,9.0,1.93
1780612005.612,568.8,16394,9.0,1.93
1780612005.727,568.8,16394,17.4,1.93
1780612005.838,568.8,16394,36.1,1.93
1780612005.947,568.8,16394,9.1,1.93
1780612006.058,568.8,16394,9.0,1.93
1780612006.172,568.8,16394,17.7,1.93
1780612006.285,569.0,16394,17.7,1.93
1780612006.397,569.0,16394,17.8,1.93
1780612006.510,569.0,16394,26.6,1.93
1780612006.623,569.1,16394,44.2,2.42
1780612006.736,569.1,16394,8.9,2.42
1780612006.849,569.1,16394,8.9,2.42
1780612006.962,569.1,16394,17.8,2.42
1780612007.074,569.1,16394,0.0,2.42
1780612007.185,569.1,16394,9.0,2.42
1780612007.295,569.1,16394,18.1,2.42
1780612007.406,569.1,16394,9.0,2.42
1780612007.541,569.1,16394,29.7,2.42
1780612007.652,569.1,16394,18.0,2.42
1780612007.763,569.1,16394,9.0,2.42
1780612007.874,569.1,16394,0.0,2.42
1780612007.995,570.4,16394,57.4,11.05
1780612008.106,538.9,16394,18.0,11.05
1780612008.217,538.9,16394,0.0,11.05
1780612008.328,538.9,16394,9.0,11.05
1780612008.439,538.9,16394,18.1,11.05
1780612008.548,538.9,16394,9.1,11.05
1780612008.657,538.9,16394,9.2,11.05
1780612008.768,550.0,16394,18.0,11.05
1780612008.879,550.0,16394,18.1,11.05
1780612008.990,550.0,16394,9.0,11.05
1780612009.100,550.0,16394,9.0,11.05
1780612009.211,550.0,16394,9.0,11.05
1780612009.322,550.1,16394,9.0,11.05
1780612009.433,550.1,16394,9.0,11.05
1780612009.592,572.7,16394,62.6,11.05
1780612009.703,539.0,16394,9.0,11.05
1780612009.814,539.0,16394,9.0,11.05
1780612009.925,539.0,16394,9.0,11.05
1780612010.036,547.6,16394,18.0,11.05
1780612010.146,547.6,16394,18.1,11.05
1780612010.256,547.6,16394,0.0,11.05
1780612010.367,547.6,16394,18.0,11.05
1780612010.523,552.4,16394,44.8,21.04
1780612010.634,539.0,16394,9.1,21.04
1780612010.744,539.0,16394,9.0,21.04
1780612010.866,539.0,16394,24.7,21.04
1780612010.976,547.8,16394,9.1,21.04
1780612011.086,547.8,16394,9.1,21.04
1780612011.195,547.8,16394,9.1,21.04
1780612011.306,547.8,16394,9.0,21.04
1780612011.417,547.8,16394,9.0,21.04
1780612011.527,550.3,16394,27.1,21.04
1780612011.638,550.3,16394,9.0,21.04
1780612011.749,550.3,16394,9.0,21.04
1780612011.860,550.3,16394,9.0,21.04
1780612011.971,550.4,16394,18.0,21.04
1780612012.081,563.3,16394,36.1,21.04
1780612012.192,563.3,16394,9.0,21.04
1780612012.305,563.3,16394,8.9,21.04
1780612012.415,563.3,16394,9.0,21.04
1780612012.526,563.3,16394,9.0,21.04
1780612012.637,563.3,16394,9.0,21.04
1780612012.747,565.5,16394,45.2,21.04
1780612012.858,565.5,16394,0.0,21.04
1780612012.969,565.5,16394,18.1,21.04
1780612013.079,565.5,16394,9.0,21.04
1780612013.191,565.5,16394,8.9,21.04
1780612013.302,565.6,16394,45.0,21.04
1780612013.413,565.6,16394,9.0,21.04
1780612013.524,565.6,16394,9.0,21.04
1780612013.644,567.1,16394,58.3,21.04
1780612013.755,539.3,16394,9.0,21.04
1780612013.865,539.3,16394,9.0,21.04
1780612013.976,539.3,16394,9.0,21.04
1780612014.087,539.3,16394,9.0,21.04
1780612014.197,550.0,16394,18.1,21.04
1780612014.308,550.0,16394,9.0,21.04
1780612014.419,550.0,16394,9.0,21.04
1780612014.529,550.1,16394,9.0,3.88
1780612014.640,550.3,16394,18.1,3.88
1780612014.751,550.3,16394,18.1,3.88
1780612014.861,550.3,16394,9.0,3.88
1780612014.972,550.3,16394,9.0,3.88
1780612015.089,550.3,16394,17.1,3.88
1780612015.199,550.6,16394,9.1,3.88
1780612015.309,550.6,16394,9.1,3.88
1780612015.423,550.6,16394,8.8,3.88
1780612015.533,550.6,16394,9.0,3.88
1780612015.644,550.6,16394,9.1,3.88
1780612015.753,550.6,16394,9.1,3.88
1780612015.864,550.7,16394,18.1,3.88
1780612015.975,550.7,16394,18.1,3.88
1780612016.085,550.7,16394,9.0,3.88
1780612016.196,550.7,16394,9.0,3.88
1780612016.307,550.7,16394,9.0,3.88
1780612016.418,550.7,16394,0.0,3.88
1780612016.529,550.7,16394,18.1,3.88
1780612016.639,550.7,16394,9.0,3.88
1780612016.749,550.7,16394,9.1,3.88
1780612016.859,550.8,16394,9.1,3.88
1780612016.969,550.8,16394,9.1,2.66
1780612017.080,550.8,16394,9.1,2.66
1780612017.190,550.8,16394,9.0,2.66
1780612017.301,553.6,16394,27.1,2.66
1780612017.412,553.6,16394,9.0,2.66
1780612017.522,553.6,16394,18.1,2.66
1780612017.633,553.6,16394,9.0,2.66
1780612017.744,558.8,16394,36.1,2.66
1780612017.855,558.8,16394,18.1,2.16
1780612017.964,558.8,16394,9.1,2.16
1780612018.075,558.8,16394,0.0,2.16
1780612018.185,559.8,16394,36.2,2.16
1780612018.296,559.8,16394,18.1,2.16
1780612018.407,559.8,16394,9.0,2.16
1780612018.517,559.8,16394,9.0,2.16
1780612018.628,559.8,16394,9.0,2.16
1780612018.738,560.1,16394,18.1,2.16
1780612018.849,560.1,16394,0.0,2.16
1780612018.960,560.1,16394,18.1,2.16
1780612019.070,560.1,16394,9.1,2.16
1780612019.180,560.1,16394,9.1,2.16
1780612019.326,560.1,16394,34.3,2.16
1780612019.437,565.0,16394,18.0,2.16
1780612019.547,565.0,16394,9.1,2.16
1780612019.658,565.3,16394,36.1,2.16
1780612019.769,565.3,16394,0.0,2.16
1780612019.879,565.3,16394,9.0,2.16
1780612019.990,565.3,16394,18.1,2.16
1780612020.101,565.4,16394,9.0,1.50
1780612020.212,565.8,16394,18.1,1.50
1780612020.322,565.8,16394,9.0,1.50
1780612020.433,565.8,16394,9.0,1.50
1780612020.543,565.8,16394,9.1,1.50
1780612020.654,566.6,16394,54.2,1.04
1780612020.765,566.6,16394,9.0,1.04
1780612020.875,566.6,16394,9.0,1.04
1780612021.015,566.6,16394,28.5,1.00
1780612021.126,568.2,16394,18.1,1.00
1780612021.242,569.0,16394,43.3,1.00
1780612021.352,539.4,16394,9.1,1.02
1780612021.462,539.4,16394,9.0,1.02
1780612021.573,539.4,16394,9.0,1.00
1780612021.683,539.4,16394,9.1,1.00
1780612021.793,539.4,16394,9.1,1.00
1780612021.931,539.5,16394,36.2,1.00
1780612022.041,555.6,16394,9.0,1.00
1780612022.152,555.6,16394,9.0,1.00
1780612022.263,562.4,16394,45.2,1.00
1780612022.373,562.4,16394,9.0,1.00
1780612022.484,562.4,16394,9.1,1.00
1780612022.593,562.4,16394,0.0,1.00
1780612022.703,562.5,16394,18.1,1.00
1780612022.814,565.1,16394,36.2,1.02
1780612022.937,565.4,16394,24.4,1.02
1780612023.047,565.4,16394,9.0,1.02
1780612023.158,565.4,16394,18.1,1.02
1780612023.268,565.4,16394,9.0,1.02
1780612023.378,565.4,16394,0.0,1.02
1780612023.496,565.4,16394,17.0,1.02
1780612023.606,565.5,16394,9.0,1.02
1780612023.717,565.5,16394,18.1,1.02
1780612023.833,568.1,16394,69.3,2.03
1780612023.942,539.6,16394,9.2,2.03
1780612024.048,539.6,16394,9.4,2.03
1780612024.153,539.6,16394,0.0,2.03
1780612024.259,539.6,16394,9.5,2.03
1780612024.364,539.6,16394,0.0,2.03
1780612024.472,539.6,16394,9.3,2.03
1780612024.581,539.6,16394,9.2,2.03
1780612024.691,539.6,16394,0.0,2.03
1780612024.802,539.6,16394,9.0,2.03
1780612024.912,547.9,16394,27.1,2.03
1780612025.023,547.9,16394,0.0,2.03
1780612025.134,547.9,16394,18.1,2.03
1780612025.244,547.9,16394,9.0,2.03
1780612025.354,547.9,16394,9.1,2.03
1780612025.474,548.1,16394,16.6,2.03
1780612025.585,539.6,16394,54.3,2.03
1780612025.695,539.6,16394,9.1,2.03
1780612025.806,539.6,16394,9.0,2.03
1780612025.917,548.3,16394,18.1,2.03
1780612026.027,548.3,16394,9.0,2.03
1780612026.138,548.3,16394,9.0,2.03
1780612026.249,548.3,16394,9.0,2.03
1780612026.360,548.3,16394,0.0,2.03
1780612026.470,548.3,16394,18.1,2.03
1780612026.581,548.3,16394,9.0,2.03
1780612026.692,562.7,16394,45.2,2.03
1780612026.802,562.7,16394,9.0,2.03
1780612026.913,562.7,16394,9.1,2.03
1780612027.023,562.7,16394,9.0,2.03
1780612027.134,562.7,16394,9.0,2.03
1780612027.244,562.7,16394,9.1,2.03
1780612027.355,562.7,16394,18.1,2.03
1780612027.465,562.7,16394,9.0,2.03
1780612027.576,562.7,16394,9.0,2.03
1780612027.687,562.7,16394,0.0,2.03
1780612027.798,562.7,16394,18.1,2.03
1780612027.908,562.7,16394,9.0,2.03
1780612028.053,562.7,16394,41.5,2.03
1780612028.163,562.7,16394,0.0,2.03
1780612028.273,562.7,16394,9.1,2.03
1780612028.383,562.7,16394,9.0,2.03
1780612028.494,562.7,16394,9.0,2.03
1780612028.605,563.5,16394,54.2,2.03
1780612028.715,563.5,16394,9.0,2.03
1780612028.826,563.5,16394,9.0,2.03
1780612028.937,563.5,16394,9.0,2.03
1780612029.048,565.7,16394,27.1,2.03
1780612029.158,565.7,16394,0.0,2.03
1780612029.269,565.9,16394,18.1,2.03
1780612029.380,565.9,16394,18.1,2.03
1780612029.490,565.9,16394,9.1,2.03
1780612029.601,566.0,16394,9.0,2.03
1780612029.711,566.3,16394,27.1,2.03
1780612029.822,566.3,16394,18.1,2.03
1780612029.933,566.3,16394,9.0,2.03
1780612030.043,566.6,16394,18.1,2.02
1780612030.153,566.6,16394,9.1,2.02
1780612030.264,566.6,16394,9.0,2.01
1780612030.375,566.6,16394,9.0,2.01
1780612030.485,566.6,16394,9.0,2.01
1780612030.596,566.6,16394,9.0,2.01
1780612030.734,568.0,16394,43.4,2.01
1780612030.845,539.8,16394,9.0,2.01
1780612030.955,539.8,16394,18.2,2.01
1780612031.065,539.8,16394,9.0,2.01
1780612031.176,539.8,16394,9.1,2.01
1780612031.286,539.8,16394,0.0,2.01
1780612031.397,539.8,16394,18.1,2.01
1780612031.508,539.8,16394,9.0,2.01
1780612031.618,539.8,16394,0.0,2.01
1780612031.728,539.8,16394,9.0,2.01
1780612031.839,539.8,16394,9.1,2.01
1780612031.949,551.3,16394,36.2,1.40
1780612032.060,551.3,16394,9.0,1.40
1780612032.171,551.3,16394,0.0,1.40
1780612032.281,551.3,16394,18.1,1.40
1780612032.392,551.3,16394,9.0,1.40
1780612032.503,551.3,16394,9.0,1.40
1780612032.614,551.8,16394,18.1,1.40
1780612032.725,552.5,16394,27.1,2.01
1780612032.835,552.5,16394,9.0,2.01
1780612032.947,552.5,16394,9.0,2.01
1780612033.057,552.5,16394,9.0,2.01
1780612033.168,552.5,16394,9.0,2.01
1780612033.279,552.5,16394,9.0,2.01
1780612033.389,552.5,16394,9.0,2.01
1780612033.500,561.7,16394,45.1,2.01
1780612033.611,561.7,16394,9.0,2.01
1780612033.721,561.7,16394,9.0,2.01
1780612033.832,561.7,16394,9.0,2.01
1780612033.942,561.7,16394,9.1,2.01
1780612034.064,561.8,16394,24.8,2.01
1780612034.174,562.3,16394,0.0,2.01
1780612034.285,562.3,16394,9.0,2.01
1780612034.396,562.3,16394,18.0,2.01
1780612034.506,562.3,16394,9.1,2.01
1780612034.617,562.3,16394,9.0,2.01
1780612034.728,562.5,16394,27.1,2.01
1780612034.838,562.5,16394,9.0,2.01
1780612034.949,562.5,16394,9.1,2.01
1780612035.059,562.5,16394,9.1,2.01
1780612035.170,562.5,16394,9.0,2.01
1780612035.280,562.5,16394,9.0,2.01
1780612035.390,562.5,16394,9.1,2.01
1780612035.500,562.5,16394,18.1,2.01
1780612035.611,562.5,16394,9.0,1.40
1780612035.721,562.5,16394,9.0,1.40
1780612035.832,562.7,16394,18.1,1.40
1780612035.943,562.7,16394,9.0,1.40
1780612036.053,562.7,16394,9.0,1.40
1780612036.164,562.7,16394,9.0,1.40
1780612036.275,562.7,16394,18.1,1.40
1780612036.384,562.7,16394,9.1,1.40
1780612036.493,562.7,16394,9.2,1.40
1780612036.602,562.8,16394,9.2,1.40
1780612036.713,562.8,16394,9.0,1.40
1780612036.823,562.8,16394,9.0,1.40
1780612036.934,562.8,16394,9.0,1.40
1780612037.044,562.8,16394,18.1,1.40
1780612037.155,563.5,16394,27.1,1.22
1780612037.266,563.5,16394,9.0,1.22
1780612037.376,563.5,16394,9.0,1.22
1780612037.487,563.5,16394,9.0,1.22
1780612037.598,563.5,16394,9.0,1.22
1780612037.708,563.5,16394,18.1,1.22
1780612037.819,563.5,16394,0.0,1.22
1780612037.928,563.5,16394,9.1,1.22
1780612038.036,563.5,16394,9.2,1.22
1780612038.147,563.5,16394,18.1,1.22
1780612038.260,563.8,16394,26.5,1.22
1780612038.371,565.0,16394,45.2,1.22
1780612038.481,565.0,16394,0.0,1.22
1780612038.591,565.0,16394,9.1,1.22
1780612038.701,565.0,16394,9.1,1.22
1780612038.810,565.0,16394,9.1,1.22
1780612038.919,565.0,16394,18.3,1.22
1780612039.029,565.0,16394,9.1,1.22
1780612039.139,565.0,16394,0.0,1.09
1780612039.250,565.0,16394,9.0,1.09
1780612039.361,565.0,16394,9.0,1.09
1780612039.472,565.0,16394,18.1,1.09
1780612039.582,565.0,16394,0.0,1.09
1780612039.693,565.0,16394,9.0,1.09
1780612039.804,565.0,16394,18.1,1.09
1780612039.914,565.0,16394,9.0,1.09
1780612040.025,565.0,16394,0.0,1.09
1780612040.136,565.0,16394,18.1,1.09
1780612040.246,565.0,16394,9.1,1.09
1780612040.355,565.0,16394,9.1,1.09
1780612040.465,565.0,16394,9.1,1.09
1780612040.574,565.0,16394,9.1,1.09
1780612040.683,565.0,16394,9.2,1.09
1780612040.792,565.0,16394,9.2,1.09
1780612040.901,565.0,16394,9.2,1.09
1780612041.010,565.0,16394,9.2,1.09
1780612041.118,565.0,16394,9.2,1.09
1780612041.226,565.0,16394,0.0,1.09
1780612041.336,565.0,16394,9.1,1.09
1780612041.446,565.0,16394,9.1,1.09
1780612041.555,565.0,16394,0.0,1.09
1780612041.665,565.1,16394,9.1,1.09
1780612041.775,565.1,16394,18.1,1.09
1780612041.886,565.1,16394,18.1,1.09
1780612041.996,571.4,16394,63.3,1.22
1780612042.107,571.4,16394,9.1,1.22
1780612042.217,571.4,16394,9.1,1.22
1780612042.327,571.4,16394,9.1,1.22
1780612042.435,571.4,16394,9.2,1.22
1780612042.545,571.4,16394,9.1,1.95
1780612042.655,571.4,16394,9.1,1.95
1780612042.765,571.4,16394,9.1,1.95
1780612042.876,571.4,16394,9.0,1.95
1780612042.987,571.4,16394,9.0,1.95
1780612043.145,571.4,16394,45.1,1.95
1780612043.256,574.0,16394,8.7,6.89
1780612043.414,574.0,16394,50.8,6.89
1780612043.524,575.5,16394,18.1,6.89
1780612043.634,575.5,16394,0.0,6.89
1780612043.742,575.5,16394,9.2,6.89
1780612043.850,575.5,16394,9.2,6.89
1780612043.958,575.5,16394,0.0,6.89
1780612044.065,575.5,16394,9.3,6.89
1780612044.173,575.5,16394,9.3,6.89
1780612044.280,575.5,16394,9.3,6.89
1780612044.387,575.5,16394,0.0,6.89
1780612044.494,575.5,16394,9.3,6.89
1780612044.601,575.5,16394,9.4,6.89
1780612044.708,575.5,16394,0.0,6.89
1780612044.814,575.5,16394,9.4,6.89
1780612044.920,575.5,16394,9.4,6.89
1780612045.027,575.5,16394,9.4,6.89
1780612045.138,575.5,16394,9.0,6.89
1780612045.248,575.5,16394,0.0,6.89
1780612045.359,554.3,16394,99.2,6.89
1780612045.470,554.3,16394,9.0,6.89
1780612045.580,554.3,16394,18.1,6.89
1780612045.691,554.3,16394,9.0,6.89
1780612045.802,554.3,16394,0.0,6.89
1780612045.912,554.3,16394,18.1,6.89
1780612046.023,554.3,16394,9.0,6.89
1780612046.134,554.3,16394,0.0,6.89
1780612046.244,554.3,16394,9.0,6.89
1780612046.355,554.3,16394,18.1,6.89
1780612046.466,554.3,16394,9.0,6.89
1780612046.625,575.6,16394,57.5,6.89
1780612046.799,597.0,16394,108.9,24.70
1780612046.911,556.5,16394,52.6,38.10
1780612047.021,556.5,16394,9.0,38.10
1780612047.132,556.5,16394,9.0,38.10
1780612047.243,558.5,16394,27.1,38.10
1780612047.372,558.5,16394,31.0,38.10
1780612047.483,558.5,16394,0.0,38.10
1780612047.593,558.5,16394,18.1,38.10
1780612047.704,558.5,16394,0.0,38.10
1780612047.814,558.5,16394,9.0,38.10
1780612047.925,558.5,16394,9.0,38.10
1780612048.035,558.5,16394,9.1,38.10
1780612048.146,558.5,16394,18.1,38.10
1780612048.257,558.5,16394,27.1,38.10
1780612048.367,558.5,16394,0.0,38.10
1780612048.478,558.5,16394,18.1,38.10
1780612048.588,558.5,16394,0.0,38.10
1780612048.699,558.5,16394,18.1,38.10
1780612048.809,558.5,16394,9.1,38.10
1780612048.920,558.5,16394,9.0,38.10
1780612049.030,558.5,16394,9.0,38.10
1780612049.141,558.5,16394,9.0,38.10
1780612049.252,558.5,16394,18.1,38.10
1780612049.362,558.5,16394,9.0,38.10
1780612049.473,558.5,16394,9.0,38.10
1780612049.584,558.5,16394,45.2,38.10
1780612049.694,558.5,16394,9.0,38.10
1780612049.805,558.5,16394,0.0,38.10
1780612049.918,558.5,16394,35.5,38.10
1780612050.028,558.5,16394,9.1,38.10
1780612050.139,558.5,16394,9.0,38.10
1780612050.249,558.5,16394,9.0,38.10
1780612050.360,558.5,16394,9.1,38.10
1780612050.470,558.5,16394,9.1,38.10
1780612050.580,558.5,16394,9.1,38.10
1780612050.691,558.5,16394,9.0,38.10
1780612050.805,558.5,16394,17.4,38.10
1780612050.916,558.5,16394,27.1,38.10
1780612051.026,558.5,16394,9.1,38.10
1780612051.136,558.5,16394,9.0,38.10
1780612051.247,558.5,16394,9.0,38.10
1780612051.358,558.5,16394,9.0,38.10
1780612051.468,558.5,16394,9.0,38.10
1780612051.579,558.5,16394,18.1,38.10
1780612051.689,558.5,16394,0.0,38.10
1780612051.800,558.5,16394,18.1,38.10
1780612051.911,558.5,16394,9.0,38.10
1780612052.021,558.5,16394,18.1,38.10
1780612052.144,558.5,16394,16.2,38.10
1780612052.255,558.5,16394,9.1,38.10
1780612052.365,558.5,16394,9.1,38.10
1780612052.475,558.5,16394,9.1,38.10
1780612052.585,558.5,16394,9.0,38.10
1780612052.696,558.5,16394,9.0,38.10
1780612052.836,565.6,16394,42.7,38.10
1780612052.946,569.6,16394,9.1,38.10
1780612053.055,569.6,16394,9.2,38.10
1780612053.165,569.6,16394,9.1,38.10
1780612053.276,569.6,16394,9.1,1.94
1780612053.386,570.5,16394,45.2,1.97
1780612053.497,570.5,16394,9.1,1.97
1780612053.607,570.5,16394,9.1,1.97
1780612053.717,570.5,16394,9.1,1.97
1780612053.827,570.5,16394,9.1,1.94
1780612053.938,570.5,16394,9.0,1.94
1780612054.048,570.5,16394,9.0,1.94
1780612054.159,570.6,16394,18.1,1.94
1780612054.270,570.6,16394,18.1,1.94
1780612054.380,570.6,16394,0.0,1.94
1780612054.491,570.6,16394,9.0,1.94
1780612054.601,570.6,16394,18.1,1.94
1780612054.712,570.6,16394,9.0,1.94
1780612054.823,570.6,16394,18.1,1.94
1780612054.933,570.6,16394,9.0,1.94
1780612055.097,570.6,16394,56.1,2.87
1780612055.207,575.6,16394,8.8,2.87
1780612055.318,575.6,16394,9.0,2.87
1780612055.429,575.6,16394,9.0,2.87
1780612055.539,575.6,16394,9.0,2.87
1780612055.650,575.6,16394,9.0,2.87
1780612055.761,576.3,16394,54.2,12.38
1780612055.872,576.3,16394,9.0,12.38
1780612055.982,576.3,16394,9.0,12.38
1780612056.093,576.3,16394,9.0,12.38
1780612056.203,576.3,16394,9.0,12.38
1780612056.314,576.3,16394,9.0,12.38
1780612056.425,576.3,16394,9.0,12.38
1780612056.535,576.3,16394,18.1,12.38
1780612056.646,576.3,16394,9.0,12.38
1780612056.756,576.3,16394,9.1,12.38
1780612056.867,576.3,16394,0.0,12.38
1780612056.977,576.3,16394,9.0,12.38
1780612057.088,576.3,16394,9.0,12.38
1780612057.198,576.3,16394,9.1,12.38
1780612057.309,576.3,16394,9.1,12.38
1780612057.419,576.3,16394,9.0,12.38
1780612057.529,576.3,16394,9.1,12.38
1780612057.640,576.3,16394,9.1,12.38
1780612057.750,576.3,16394,18.1,12.38
1780612057.861,576.3,16394,0.0,12.38
1780612057.972,576.3,16394,18.1,12.38
1780612058.082,576.3,16394,27.1,12.38
1780612058.193,576.3,16394,9.1,12.38
1780612058.302,576.3,16394,9.1,12.38
1780612058.413,576.3,16394,27.1,12.38
1780612058.523,576.3,16394,9.1,12.38
1780612058.634,576.3,16394,9.0,12.38
1780612058.745,576.3,16394,9.0,12.38
1780612058.855,576.3,16394,9.0,12.38
1780612058.966,576.3,16394,9.0,12.38
1780612059.076,576.3,16394,18.1,12.38
1780612059.187,576.3,16394,0.0,12.38
1780612059.298,576.3,16394,18.0,12.38
1780612059.416,576.3,16394,33.9,12.38
1780612059.526,576.3,16394,9.0,12.38
1780612059.637,576.3,16394,9.1,12.38
1780612059.747,576.3,16394,9.0,12.38
1780612059.858,576.3,16394,9.0,12.38
1780612059.968,576.3,16394,27.2,12.38
1780612060.079,576.3,16394,9.1,12.38
1780612060.188,576.3,16394,9.1,12.38
1780612060.299,576.3,16394,18.1,12.38
1780612060.409,576.3,16394,9.0,12.38
1780612060.551,576.3,16394,35.4,12.38
1780612060.661,576.3,16394,45.2,17.12
1780612060.772,576.3,16394,0.0,17.12
1780612060.883,576.3,16394,9.0,17.12
1780612060.992,576.3,16394,18.3,17.12
1780612061.101,576.3,16394,0.0,17.12
1780612061.212,576.3,16394,9.0,17.12
1780612061.324,576.3,16394,35.7,17.12
1780612061.434,576.3,16394,18.1,17.12
1780612061.544,576.3,16394,0.0,12.38
1780612061.653,576.3,16394,18.3,12.38
1780612061.762,576.3,16394,9.2,12.38
1780612061.872,576.5,16394,36.3,12.38
1780612061.981,576.5,16394,9.1,12.38
1780612062.091,576.5,16394,9.1,12.38
1780612062.202,576.5,16394,9.0,3.86
1780612062.313,576.5,16394,9.0,3.86
1780612062.423,576.5,16394,9.0,3.86
1780612062.534,576.5,16394,9.1,3.86
1780612062.644,576.5,16394,18.1,3.86
1780612062.755,576.5,16394,18.1,3.86
1780612062.866,576.5,16394,0.0,3.86
1780612062.976,576.5,16394,18.1,3.86
1780612063.087,576.5,16394,9.0,3.86
1780612063.197,576.5,16394,9.0,3.86
1780612063.338,576.5,16394,35.5,3.86
1780612063.450,576.6,16394,9.0,3.86
1780612063.560,579.5,16394,81.3,3.86
1780612063.671,579.5,16394,9.1,3.86
1780612063.781,579.5,16394,45.2,19.84
1780612063.891,579.5,16394,9.1,19.84
1780612064.001,579.5,16394,9.1,19.84
1780612064.111,579.5,16394,9.0,19.84
1780612064.222,579.5,16394,9.0,19.84
1780612064.332,579.5,16394,9.0,19.84
1780612064.443,579.5,16394,9.0,19.84
1780612064.553,579.5,16394,18.1,19.84
1780612064.664,579.5,16394,0.0,19.84
1780612064.774,579.5,16394,9.0,19.84
1780612064.885,579.5,16394,27.1,19.84
1780612064.995,579.5,16394,9.1,19.84
1780612065.106,579.5,16394,18.1,19.84
1780612065.215,579.5,16394,0.0,19.84
1780612065.324,579.5,16394,9.2,19.84
1780612065.434,579.5,16394,9.1,19.84
1780612065.544,579.5,16394,9.1,19.84
1780612065.655,579.5,16394,9.0,19.84
1780612065.766,579.5,16394,9.0,19.84
1780612065.876,579.5,16394,9.0,19.84
1780612065.987,579.5,16394,18.1,19.84
1780612066.098,579.5,16394,9.0,19.84
1780612066.208,579.5,16394,9.0,19.84
1780612066.318,579.5,16394,9.1,19.84
1780612066.429,579.5,16394,18.1,19.84
1780612066.539,579.5,16394,18.1,19.84
1780612066.650,579.5,16394,9.0,19.84
1780612066.787,579.7,16394,58.2,19.84
1780612066.898,579.7,16394,18.1,19.84
1780612067.008,579.7,16394,0.0,19.84
1780612067.119,579.7,16394,18.1,3.32
1780612067.229,579.7,16394,9.0,3.32
1780612067.363,580.1,16394,60.0,3.32
1780612067.473,580.1,16394,9.0,3.32
1780612067.583,580.1,16394,18.3,3.32
1780612067.692,580.1,16394,0.0,3.32
1780612067.800,580.1,16394,9.2,3.32
1780612067.908,580.1,16394,9.3,3.32
1780612068.018,580.1,16394,9.1,3.32
1780612068.128,580.1,16394,36.2,11.33
1780612068.238,580.1,16394,0.0,11.33
1780612068.348,580.1,16394,18.3,11.33
1780612068.458,580.1,16394,9.1,11.33
1780612068.568,580.1,16394,9.0,11.33
1780612068.679,580.1,16394,9.0,11.33
1780612068.789,580.1,16394,0.0,11.33
1780612068.900,580.1,16394,18.1,11.33
1780612069.010,580.1,16394,27.1,11.33
1780612069.121,580.1,16394,18.1,11.33
1780612069.232,580.1,16394,9.0,11.33
1780612069.342,580.1,16394,9.0,11.33
1780612069.453,580.1,16394,9.0,11.33
1780612069.563,580.1,16394,9.0,11.33
1780612069.687,580.1,16394,24.2,11.33
1780612069.797,580.1,16394,9.0,11.33
1780612069.908,580.1,16394,9.0,11.33
1780612070.018,580.1,16394,9.1,11.33
1780612070.129,580.1,16394,9.0,11.33
1780612070.240,580.1,16394,9.0,3.32
1780612070.350,580.1,16394,9.0,3.32
1780612070.461,580.1,16394,9.0,3.32
1780612070.571,580.1,16394,9.0,3.32
1780612070.682,580.1,16394,9.0,3.32
1780612070.792,580.1,16394,9.0,3.32
1780612070.903,580.1,16394,9.1,3.32
1780612071.012,580.1,16394,9.1,3.32
1780612071.122,580.1,16394,9.1,3.32
1780612071.232,580.1,16394,18.2,3.32
1780612071.344,580.1,16394,8.9,3.32
1780612071.454,580.1,16394,9.1,3.32
1780612071.565,580.1,16394,9.0,3.32
1780612071.675,580.1,16394,9.0,3.32
1780612071.786,580.1,16394,9.0,3.32
1780612071.916,581.4,16394,92.2,6.31
1780612072.027,557.0,16394,18.1,6.31
1780612072.138,557.0,16394,9.0,6.31
1780612072.248,557.0,16394,9.0,6.31
1780612072.359,557.0,16394,9.0,6.31
1780612072.469,568.2,16394,54.2,6.31
1780612072.580,568.2,16394,18.1,6.31
1780612072.690,568.2,16394,9.0,6.31
1780612072.801,568.2,16394,0.0,6.31
1780612072.912,568.2,16394,18.1,6.31
1780612073.022,568.2,16394,9.0,6.31
1780612073.133,568.2,16394,9.0,6.31
1780612073.243,568.2,16394,9.0,6.31
1780612073.354,568.2,16394,18.1,6.31
1780612073.464,568.2,16394,0.0,6.31
1780612073.574,568.2,16394,18.1,6.31
1780612073.685,568.2,16394,9.0,6.31
1780612073.795,568.2,16394,9.0,6.31
1780612073.906,568.2,16394,18.1,6.31
1780612074.016,568.2,16394,0.0,6.31
1780612074.127,568.2,16394,18.1,6.31
1780612074.238,568.2,16394,0.0,6.31
1780612074.347,568.2,16394,9.1,6.31
1780612074.458,568.2,16394,9.0,6.31
1780612074.568,568.2,16394,9.1,4.26
1780612074.677,568.2,16394,9.2,4.26
1780612074.787,568.2,16394,18.3,4.26
1780612074.897,568.2,16394,9.0,4.26
1780612075.008,568.2,16394,9.1,4.26
1780612075.118,568.2,16394,9.1,4.26
1780612075.228,568.2,16394,9.1,4.26
1780612075.339,568.2,16394,9.0,4.26
1780612075.449,568.2,16394,9.0,4.26
1780612075.560,568.2,16394,18.1,4.26
1780612075.670,568.2,16394,9.0,4.26
1780612075.781,568.2,16394,0.0,4.26
1780612075.892,568.2,16394,18.1,4.26
1780612076.002,568.2,16394,9.0,4.26
1780612076.112,568.2,16394,9.1,4.26
1780612076.227,569.5,16394,43.4,4.26
1780612076.338,569.5,16394,9.0,4.26
1780612076.449,569.5,16394,9.0,4.26
1780612076.559,569.5,16394,18.1,4.26
1780612076.701,572.0,16394,49.2,4.26
1780612076.811,572.1,16394,9.1,4.26
1780612076.921,572.1,16394,0.0,4.26
1780612077.029,572.1,16394,9.2,4.26
1780612077.140,574.1,16394,54.4,4.26
1780612077.249,574.1,16394,9.1,4.26
1780612077.358,574.1,16394,9.2,4.26
1780612077.467,574.1,16394,9.2,4.26
1780612077.576,574.1,16394,9.2,4.26
1780612077.684,574.1,16394,9.2,4.26
1780612077.792,574.1,16394,9.3,4.26
1780612077.900,574.1,16394,0.0,4.26
1780612078.008,574.1,16394,9.3,4.26
1780612078.119,574.1,16394,9.0,4.26
1780612078.229,574.1,16394,9.0,4.26
1780612078.340,574.1,16394,9.0,1.52
1780612078.450,574.1,16394,9.0,1.52
1780612078.561,574.1,16394,9.0,1.52
1780612078.672,574.1,16394,9.0,1.52
1780612078.782,574.1,16394,9.0,1.52
1780612078.893,574.1,16394,9.0,0.89
1780612079.003,574.1,16394,9.1,0.89
1780612079.113,574.1,16394,18.2,0.89
1780612079.223,574.1,16394,0.0,0.89
1780612079.332,574.1,16394,9.1,0.89
1780612079.441,574.1,16394,9.1,0.89
1780612079.551,574.1,16394,9.2,0.89
1780612079.660,574.1,16394,9.2,0.89
1780612079.769,574.1,16394,9.2,0.89
1780612079.878,574.1,16394,9.2,0.89
1780612079.986,574.1,16394,0.0,0.89
1780612080.097,574.1,16394,9.0,0.89
1780612080.207,574.1,16394,18.2,0.89
1780612080.316,574.1,16394,9.1,0.89
1780612080.427,574.1,16394,9.1,0.89
1780612080.537,574.1,16394,27.2,0.89
1780612080.648,574.1,16394,18.1,0.89
1780612080.758,574.1,16394,0.0,0.89
1780612080.869,574.1,16394,9.1,0.89
1780612080.979,574.1,16394,9.1,0.89
1780612081.090,574.1,16394,9.1,0.89
1780612081.200,574.1,16394,9.0,0.89
1780612081.311,574.1,16394,9.0,0.89
1780612081.422,574.1,16394,18.1,1.38
1780612081.532,574.1,16394,36.1,1.38
1780612081.643,574.1,16394,9.0,1.38
1780612081.754,574.1,16394,18.1,1.38
1780612081.863,574.1,16394,9.1,1.38
1780612081.972,574.1,16394,9.2,1.38
1780612082.082,574.1,16394,18.1,1.38
1780612082.193,574.1,16394,0.0,1.38
1780612082.304,574.1,16394,9.0,1.38
1780612082.414,574.1,16394,9.0,1.38
1780612082.525,574.1,16394,9.0,1.38
1780612082.635,574.1,16394,18.1,1.38
1780612082.746,574.1,16394,9.0,1.38
1780612082.856,574.1,16394,9.0,1.38
1780612082.966,574.1,16394,9.1,1.38
1780612083.129,574.1,16394,49.1,1.40
1780612083.238,574.9,16394,9.2,1.38
1780612083.345,574.9,16394,9.4,1.38
1780612083.450,574.9,16394,0.0,1.38
1780612083.556,574.9,16394,9.5,1.38
1780612083.661,574.9,16394,0.0,1.38
1780612083.766,574.9,16394,9.5,1.38
1780612083.872,574.9,16394,0.0,1.38
1780612083.977,574.9,16394,9.5,1.38
1780612084.082,574.9,16394,0.0,1.38
1780612084.187,574.9,16394,9.5,1.38
1780612084.293,574.9,16394,9.5,1.38
1780612084.398,574.9,16394,0.0,1.38
1780612084.503,574.9,16394,0.0,1.38
1780612084.609,574.9,16394,9.5,1.38
1780612084.714,574.9,16394,9.5,1.38
1780612084.819,574.9,16394,0.0,1.38
1780612084.925,574.9,16394,0.0,1.38
1780612085.030,574.9,16394,9.5,1.38
1780612085.135,574.9,16394,9.5,1.38
1780612085.241,574.9,16394,0.0,1.38
1780612085.346,574.9,16394,9.5,1.38
1780612085.451,574.9,16394,0.0,1.38
1780612085.557,574.9,16394,9.5,1.38
1780612085.663,574.9,16394,9.4,1.38
1780612085.771,574.9,16394,9.3,1.38
1780612085.879,574.9,16394,9.3,1.38
1780612086.023,575.5,16394,41.6,1.38
1780612086.134,575.6,16394,9.0,1.38
1780612086.244,575.6,16394,9.0,1.38
1780612086.355,575.6,16394,9.0,1.38
1780612086.465,575.6,16394,9.1,1.38
1780612086.576,575.6,16394,9.1,1.38
1780612086.686,575.6,16394,9.1,1.38
1780612086.796,575.6,16394,9.1,1.38
1780612086.904,575.6,16394,9.2,1.38
1780612087.013,575.6,16394,9.2,1.38
1780612087.120,575.6,16394,9.3,1.38
1780612087.231,575.6,16394,0.0,1.38
1780612087.359,575.6,16394,31.1,1.40
1780612087.469,575.6,16394,0.0,1.40
1780612087.575,575.6,16394,18.8,1.40
1780612087.680,575.6,16394,0.0,1.40
1780612087.786,575.6,16394,0.0,1.40
1780612087.891,575.6,16394,9.5,1.40
1780612087.996,575.6,16394,9.5,1.40
1780612088.102,575.6,16394,0.0,1.40
1780612088.207,575.6,16394,0.0,1.40
1780612088.312,575.6,16394,9.5,1.40
1780612088.418,575.6,16394,9.5,1.40
1780612088.523,575.6,16394,0.0,1.40
1780612088.629,575.6,16394,9.4,1.40
1780612088.737,575.6,16394,9.3,1.40
1780612088.846,575.6,16394,0.0,1.40
1780612088.957,575.6,16394,18.2,1.40
1780612089.089,575.8,16394,45.4,10.47
1780612089.199,575.8,16394,9.0,10.47
1780612089.310,575.8,16394,9.0,10.47
1780612089.421,575.8,16394,9.0,10.47
1780612089.531,575.8,16394,9.0,10.47
1780612089.642,575.8,16394,18.1,10.47
1780612089.752,575.8,16394,0.0,10.47
1780612089.873,575.9,16394,58.2,10.47
1780612089.983,575.9,16394,9.0,10.47
1780612090.116,577.0,16394,82.9,10.47
1780612090.227,579.0,16394,9.1,10.47
1780612090.337,579.0,16394,0.0,10.47
1780612090.446,579.0,16394,18.3,10.47
1780612090.555,579.0,16394,9.2,10.47
1780612090.663,579.0,16394,9.3,10.47
1780612090.773,579.1,16394,27.2,10.47
1780612090.883,579.1,16394,9.0,10.47
1780612090.994,579.1,16394,18.1,10.47
1780612091.105,579.1,16394,27.1,10.47
1780612091.215,579.1,16394,9.0,10.47
1780612091.326,579.1,16394,18.1,10.47
1780612091.437,579.1,16394,9.0,10.47
1780612091.565,579.1,16394,78.0,10.47
1780612091.675,579.1,16394,9.0,10.47
1780612091.786,579.1,16394,9.0,10.47
1780612091.896,579.1,16394,9.0,10.47
1780612092.007,579.1,16394,9.1,10.47
1780612092.116,579.1,16394,9.1,10.47
1780612092.225,579.1,16394,9.2,10.47
1780612092.333,579.1,16394,9.3,10.47
1780612092.443,579.1,16394,0.0,10.47
1780612092.553,579.1,16394,18.1,10.47
1780612092.664,579.1,16394,9.0,10.47
1780612092.774,579.1,16394,9.0,10.47
1780612092.885,579.1,16394,9.1,10.47
1780612092.996,579.1,16394,9.0,10.47
1780612093.106,579.2,16394,9.0,10.47
1780612093.217,579.2,16394,9.0,10.47
1780612093.327,579.2,16394,9.0,10.47
1780612093.438,579.2,16394,9.0,10.47
1780612093.549,579.2,16394,18.1,10.47
1780612093.659,579.2,16394,9.1,10.47
1780612093.768,579.2,16394,9.1,10.47
1780612093.877,579.2,16394,9.2,3.25
1780612093.986,579.2,16394,0.0,3.25
1780612094.097,579.2,16394,18.1,3.25
1780612094.207,579.2,16394,9.0,3.25
1780612094.318,579.2,16394,9.0,3.25
1780612094.428,579.2,16394,9.1,3.25
1780612094.539,550.1,16394,81.4,12.76
1780612094.649,550.1,16394,9.0,12.76
1780612094.759,550.1,16394,9.1,12.76
1780612094.870,550.1,16394,9.0,12.76
1780612094.981,555.6,16394,27.1,12.76
1780612095.091,555.6,16394,9.0,12.76
1780612095.201,555.6,16394,0.0,12.76
1780612095.311,555.6,16394,9.1,12.76
1780612095.421,555.6,16394,9.1,12.76
1780612095.529,555.6,16394,9.2,3.25
1780612095.641,555.6,16394,9.0,3.25
1780612095.751,555.6,16394,18.1,3.25
1780612095.888,564.7,16394,50.9,3.25
1780612095.999,564.9,16394,9.1,3.25
1780612096.109,564.9,16394,9.0,3.25
1780612096.220,564.9,16394,9.0,3.25
1780612096.331,564.9,16394,27.1,3.25
1780612096.441,564.9,16394,9.0,3.25
1780612096.552,564.9,16394,27.1,4.12
1780612096.662,564.9,16394,9.0,4.12
1780612096.773,564.9,16394,9.0,4.12
1780612096.884,565.6,16394,45.2,14.17
1780612096.994,565.6,16394,9.0,14.17
1780612097.105,566.2,16394,45.2,18.55
1780612097.214,566.2,16394,9.1,18.55
1780612097.325,566.2,16394,9.1,18.55
1780612097.435,566.2,16394,9.0,18.55
1780612097.546,566.2,16394,18.1,18.55
1780612097.656,566.2,16394,9.1,18.55
1780612097.767,566.2,16394,9.1,18.55
1780612097.877,566.2,16394,9.1,18.55
1780612098.000,566.2,16394,24.4,18.55
1780612098.111,566.2,16394,0.0,18.55
1780612098.221,566.2,16394,18.1,18.55
1780612098.332,566.2,16394,27.1,18.55
1780612098.443,566.2,16394,9.0,18.55
1780612098.553,566.2,16394,9.0,18.55
1780612098.664,566.2,16394,18.1,18.55
1780612098.774,566.2,16394,9.0,18.55
1780612098.885,566.2,16394,9.0,18.55
1780612098.996,566.2,16394,9.0,18.55
1780612099.106,566.2,16394,9.0,18.55
1780612099.217,566.2,16394,9.0,18.55
1780612099.326,566.2,16394,9.1,18.55
1780612099.437,566.2,16394,18.1,18.55
1780612099.548,566.2,16394,27.1,18.55
1780612099.658,566.2,16394,9.0,18.55
1780612099.769,566.2,16394,27.1,18.55
1780612099.879,566.2,16394,9.0,18.55
1780612099.989,566.2,16394,9.1,18.55
1780612100.099,566.2,16394,9.1,18.55
1780612100.209,566.2,16394,18.1,18.55
1780612100.320,566.2,16394,18.1,18.55
1780612100.430,566.2,16394,9.0,18.55
1780612100.540,566.2,16394,9.1,18.55
1780612100.650,566.2,16394,9.1,18.55
1780612100.759,566.2,16394,9.2,18.55
1780612100.867,566.2,16394,0.0,18.55
1780612100.977,568.2,16394,36.2,18.55
1780612101.096,568.2,16394,25.4,18.55
1780612101.206,569.2,16394,45.2,18.55
1780612101.316,569.2,16394,9.1,18.55
1780612101.442,569.2,16394,23.7,18.55
1780612101.553,569.2,16394,9.0,18.55
1780612101.664,575.4,16394,81.3,27.97
1780612101.774,575.4,16394,9.0,27.97
1780612101.885,575.4,16394,9.0,27.97
1780612101.995,575.4,16394,18.1,27.97
1780612102.106,575.4,16394,9.0,27.97
1780612102.217,575.4,16394,9.1,27.97
1780612102.326,575.4,16394,0.0,27.97
1780612102.435,575.4,16394,9.2,27.97
1780612102.571,575.8,16394,44.0,36.37
1780612102.682,575.9,16394,9.0,36.37
1780612102.792,575.9,16394,27.1,36.37
1780612102.903,575.9,16394,9.0,36.37
1780612103.013,575.9,16394,9.1,36.37
1780612103.123,575.9,16394,9.1,36.37
1780612103.238,575.9,16394,8.7,36.37
1780612103.348,575.9,16394,18.1,36.37
1780612103.459,575.9,16394,9.1,36.37
1780612103.569,575.9,16394,9.0,36.37
1780612103.691,577.2,16394,49.4,36.37
1780612103.799,577.2,16394,9.2,36.37
1780612103.906,577.2,16394,0.0,36.37
1780612104.011,577.2,16394,9.5,36.37
1780612104.121,577.2,16394,9.1,36.37
1780612104.231,577.2,16394,9.0,36.37
1780612104.342,577.2,16394,18.1,36.37
1780612104.453,577.2,16394,9.0,36.37
1780612104.563,577.2,16394,27.1,36.37
1780612104.673,577.2,16394,9.1,36.37
1780612104.784,577.2,16394,36.2,36.37
1780612104.894,577.2,16394,18.1,36.37
1780612105.005,577.2,16394,0.0,36.37
1780612105.115,577.2,16394,18.1,36.37
1780612105.226,577.2,16394,9.1,36.37
1780612105.335,577.2,16394,9.1,36.37
1780612105.446,577.2,16394,0.0,36.37
1780612105.556,577.2,16394,9.1,36.37
1780612105.666,577.2,16394,18.1,36.37
1780612105.777,577.2,16394,9.0,36.37
1780612105.887,577.2,16394,9.1,36.37
1780612105.998,577.2,16394,9.0,36.37
1780612106.108,577.2,16394,9.1,36.37
1780612106.219,577.2,16394,9.1,36.37
1780612106.327,577.2,16394,9.2,36.37
1780612106.433,577.2,16394,0.0,36.37
1780612106.540,577.2,16394,18.8,36.37
1780612106.646,577.2,16394,0.0,36.37
1780612106.753,577.2,16394,9.4,36.37
1780612106.880,577.2,16394,23.6,36.37
1780612106.990,577.2,16394,18.2,36.37
1780612107.100,577.2,16394,9.1,36.37
1780612107.211,577.2,16394,0.0,36.37
1780612107.321,577.2,16394,9.0,36.37
1780612107.432,577.2,16394,27.2,36.37
1780612107.563,577.2,16394,30.4,36.37
1780612107.673,577.2,16394,9.1,36.37
1780612107.784,577.3,16394,27.1,36.37
1780612107.894,577.3,16394,9.0,36.37
1780612108.005,577.3,16394,9.0,36.37
1780612108.116,577.3,16394,18.1,14.94
1780612108.226,577.3,16394,9.0,14.94
1780612108.337,577.3,16394,9.1,14.94
1780612108.447,577.3,16394,9.0,14.94
1780612108.558,577.3,16394,9.0,14.94
1780612108.669,577.3,16394,9.0,14.94
1780612108.779,577.3,16394,9.1,14.94
1780612108.890,577.3,16394,9.0,14.94
1780612109.000,577.3,16394,0.0,1.88
1780612109.117,577.6,16394,68.2,7.73
1780612109.228,577.6,16394,9.0,7.73
1780612109.338,577.6,16394,9.1,7.73
1780612109.447,577.6,16394,9.2,7.73
1780612109.557,577.6,16394,9.1,7.73
1780612109.668,577.6,16394,9.1,7.73
1780612109.778,577.6,16394,9.0,7.73
1780612109.889,577.6,16394,18.1,7.73
1780612109.999,577.6,16394,9.0,7.73
1780612110.110,577.6,16394,9.0,1.88
1780612110.221,577.6,16394,9.0,1.88
1780612110.331,577.6,16394,27.2,1.88
1780612110.440,577.6,16394,9.1,1.88
1780612110.551,577.6,16394,9.1,1.88
1780612110.661,577.6,16394,9.0,1.88
1780612110.772,577.6,16394,18.1,1.88
1780612110.882,577.6,16394,9.0,1.88
1780612110.994,577.7,16394,17.9,1.88
1780612111.104,577.7,16394,36.3,1.88
1780612111.215,577.7,16394,27.1,1.88
1780612111.325,577.7,16394,9.0,1.88
1780612111.436,577.7,16394,9.0,1.88
1780612111.546,577.7,16394,18.1,1.88
1780612111.670,578.3,16394,40.5,1.88
1780612111.780,578.3,16394,9.1,1.88
1780612111.891,578.3,16394,9.1,1.88
1780612112.001,578.3,16394,9.1,1.88
1780612112.111,578.3,16394,9.1,1.88
1780612112.222,578.3,16394,9.0,1.88
1780612112.332,578.3,16394,9.0,1.88
1780612112.443,578.3,16394,0.0,1.88
1780612112.554,578.3,16394,18.0,1.88
1780612112.665,578.3,16394,9.0,1.74
1780612112.775,578.3,16394,9.0,1.74
1780612112.886,578.3,16394,18.1,1.74
1780612112.997,578.3,16394,9.0,1.74
1780612113.107,578.3,16394,9.1,1.74
1780612113.217,578.3,16394,9.1,1.74
1780612113.328,578.3,16394,9.1,1.74
1780612113.437,578.3,16394,9.1,1.74
1780612113.547,578.3,16394,9.1,1.74
1780612113.657,578.3,16394,45.2,7.59
1780612113.767,578.3,16394,9.1,7.59
1780612113.878,578.3,16394,18.1,7.59
1780612113.988,578.3,16394,9.1,7.59
1780612114.098,578.3,16394,9.1,7.59
1780612114.209,578.3,16394,9.1,7.59
1780612114.319,578.3,16394,9.0,7.59
1780612114.430,578.3,16394,9.1,7.59
1780612114.540,578.3,16394,9.1,7.59
1780612114.651,578.3,16394,9.1,7.59
1780612114.761,578.3,16394,9.1,7.59
1780612114.872,578.3,16394,9.1,7.59
1780612114.982,578.3,16394,9.0,7.59
1780612115.093,578.3,16394,9.0,7.59
1780612115.203,578.3,16394,9.0,7.59
1780612115.314,578.3,16394,36.2,7.59
1780612115.425,578.6,16394,45.2,7.59
1780612115.535,578.6,16394,9.0,1.46
1780612115.646,578.6,16394,18.1,1.46
1780612115.756,578.6,16394,9.0,1.46
1780612115.866,578.6,16394,9.1,1.46
1780612115.981,578.6,16394,8.7,1.46
1780612116.092,578.6,16394,18.1,1.46
1780612116.202,578.6,16394,9.1,1.46
1780612116.313,578.6,16394,9.1,1.46
1780612116.423,578.6,16394,9.1,1.46
1780612116.534,578.6,16394,9.0,1.46
1780612116.645,578.6,16394,45.2,1.46
1780612116.755,578.6,16394,0.0,1.46
1780612116.867,578.6,16394,9.0,1.46
1780612116.977,578.6,16394,9.0,1.46
1780612117.092,578.9,16394,60.9,5.84
1780612117.202,578.9,16394,9.1,5.84
1780612117.312,578.9,16394,9.1,5.84
1780612117.423,578.9,16394,9.1,5.84
1780612117.533,578.9,16394,9.1,5.84
1780612117.644,578.9,16394,18.1,5.84
1780612117.754,578.9,16394,18.1,5.84
1780612117.865,578.9,16394,9.1,5.84
1780612117.975,578.9,16394,9.1,5.84
1780612118.090,578.9,16394,43.2,5.84
1780612118.201,578.9,16394,9.1,5.84
1780612118.311,578.9,16394,9.0,5.84
1780612118.422,578.9,16394,9.0,5.84
1780612118.532,578.9,16394,9.0,5.84
1780612118.643,578.9,16394,9.0,5.84
1780612118.753,578.9,16394,9.1,5.84
1780612118.864,578.9,16394,36.2,5.84
1780612118.974,578.9,16394,9.0,5.84
1780612119.085,578.9,16394,9.0,5.84
1780612119.223,581.0,16394,57.9,5.84
1780612119.333,581.1,16394,9.1,5.84
1780612119.443,581.1,16394,9.1,5.84
1780612119.554,581.1,16394,9.1,5.84
1780612119.664,581.1,16394,9.1,5.84
1780612119.775,581.1,16394,9.0,5.84
1780612119.885,581.1,16394,9.0,5.84
1780612119.996,581.1,16394,9.0,5.84
1780612120.107,581.1,16394,9.0,1.46
1780612120.221,581.1,16394,17.4,1.46
1780612120.332,581.2,16394,9.1,1.46
1780612120.441,581.2,16394,9.1,1.46
1780612120.550,581.2,16394,9.1,1.46
1780612120.660,581.2,16394,9.2,1.46
1780612120.768,581.2,16394,9.2,1.46
1780612120.877,581.2,16394,9.2,1.46
1780612120.986,581.2,16394,9.2,1.46
1780612121.096,581.2,16394,9.1,1.46
1780612121.207,581.2,16394,0.0,1.46
1780612121.317,581.2,16394,18.1,1.46
1780612121.428,581.2,16394,9.0,1.46
1780612121.538,581.2,16394,0.0,1.46
1780612121.649,581.2,16394,18.1,1.46
1780612121.760,581.2,16394,9.0,1.46
1780612121.870,581.2,16394,9.0,1.35
1780612121.981,581.2,16394,9.0,1.35
1780612122.091,581.2,16394,9.0,1.35
1780612122.201,581.2,16394,9.1,1.35
1780612122.312,581.2,16394,9.1,1.35
1780612122.421,581.2,16394,9.1,1.35
1780612122.531,581.2,16394,9.1,1.35
1780612122.640,581.2,16394,9.1,1.35
1780612122.750,581.2,16394,9.1,1.35
1780612122.859,581.2,16394,0.0,1.35
1780612122.968,581.2,16394,9.2,1.35
1780612123.077,581.2,16394,9.2,1.35
1780612123.186,581.2,16394,18.4,1.35
1780612123.294,581.2,16394,9.2,1.35
1780612123.402,581.2,16394,0.0,1.35
1780612123.510,581.2,16394,9.2,1.06
1780612123.620,581.2,16394,9.1,1.06
1780612123.729,581.2,16394,9.1,1.06
1780612123.856,581.2,16394,23.6,1.06
1780612123.967,581.2,16394,27.2,1.35
1780612124.077,581.2,16394,9.1,1.35
1780612124.188,581.2,16394,9.0,1.35
1780612124.298,581.2,16394,9.0,1.35
1780612124.409,581.2,16394,9.0,1.35
1780612124.520,581.2,16394,27.1,1.35
1780612124.630,581.2,16394,9.0,1.35
1780612124.741,581.2,16394,9.1,1.35
1780612124.850,581.2,16394,18.4,1.35
1780612124.958,581.2,16394,0.0,1.35
1780612125.066,581.2,16394,9.3,1.35
1780612125.173,581.2,16394,9.3,1.35
1780612125.281,581.2,16394,0.0,1.35
1780612125.392,581.3,16394,63.5,1.35
1780612125.501,581.3,16394,9.1,1.35
1780612125.612,581.3,16394,9.1,1.06
1780612125.722,581.3,16394,0.0,1.06
1780612125.832,581.3,16394,18.2,1.06
1780612125.942,581.3,16394,9.1,1.06
1780612126.052,581.3,16394,9.1,1.06
1780612126.163,581.3,16394,9.1,2.03
1780612126.271,581.3,16394,0.0,2.03
1780612126.377,581.3,16394,9.5,2.03
1780612126.482,581.3,16394,9.5,2.03
1780612126.591,581.3,16394,9.2,2.03
1780612126.701,581.3,16394,9.1,2.03
1780612126.811,581.3,16394,18.3,2.03
1780612126.920,581.3,16394,0.0,2.03
1780612127.029,581.3,16394,9.2,2.03
1780612127.137,581.3,16394,9.3,2.03
1780612127.245,581.3,16394,9.3,2.03
1780612127.355,581.3,16394,0.0,2.03
1780612127.466,581.3,16394,9.1,2.03
1780612127.576,581.3,16394,18.1,2.03
1780612127.687,581.3,16394,9.0,2.03
1780612127.798,581.3,16394,18.1,2.03
1780612127.908,581.3,16394,9.0,2.03
1780612128.019,581.3,16394,9.0,2.03
1780612128.134,581.3,16394,17.4,2.03
1780612128.246,551.3,16394,98.2,2.07
1780612128.356,551.3,16394,9.0,2.07
1780612128.467,551.3,16394,18.1,2.07
1780612128.577,551.3,16394,0.0,2.07
1780612128.688,551.3,16394,9.0,2.07
1780612128.798,551.3,16394,18.1,2.07
1780612128.941,571.3,16394,63.1,33.35
1780612129.052,571.3,16394,9.0,33.35
1780612129.163,571.3,16394,9.0,33.35
1780612129.273,571.3,16394,9.1,33.35
1780612129.382,571.3,16394,9.2,33.35
1780612129.491,571.3,16394,9.1,33.35
1780612129.602,571.3,16394,9.1,33.35
1780612129.712,571.3,16394,9.0,33.35
1780612129.823,571.3,16394,9.1,33.35
1780612129.933,571.3,16394,9.1,33.35
1780612130.044,571.3,16394,9.0,33.35
1780612130.174,572.2,16394,69.5,33.35
1780612130.284,574.2,16394,9.0,33.35
1780612130.395,574.2,16394,9.0,33.35
1780612130.505,574.2,16394,18.1,33.35
1780612130.616,574.2,16394,9.0,33.35
1780612130.726,574.2,16394,0.0,33.35
1780612130.850,574.2,16394,32.2,33.35
1780612130.961,574.2,16394,0.0,33.35
1780612131.072,574.2,16394,9.0,33.35
1780612131.182,574.2,16394,18.1,33.35
1780612131.293,574.2,16394,9.0,33.35
1780612131.403,574.2,16394,9.0,33.35
1780612131.514,574.2,16394,0.0,33.35
1780612131.624,574.2,16394,9.0,33.35
1780612131.735,574.2,16394,18.1,33.35
1780612131.845,574.2,16394,9.1,33.35
1780612131.956,574.2,16394,9.1,33.35
1780612132.066,574.2,16394,0.0,33.35
1780612132.177,574.2,16394,9.0,33.35
1780612132.287,574.2,16394,9.0,33.35
1780612132.398,574.2,16394,18.1,33.35
1780612132.508,574.2,16394,9.1,33.35
1780612132.618,574.2,16394,9.0,33.35
1780612132.729,574.2,16394,9.1,33.35
1780612132.837,574.2,16394,9.2,33.35
1780612132.943,574.2,16394,0.0,33.35
1780612133.048,574.2,16394,9.5,33.35
1780612133.154,574.2,16394,9.5,33.35
1780612133.259,574.2,16394,0.0,33.35
1780612133.364,574.2,16394,0.0,33.35
1780612133.471,574.2,16394,9.4,33.35
1780612133.581,574.2,16394,9.1,33.35
1780612133.691,574.2,16394,18.1,33.35
1780612133.801,574.2,16394,9.1,33.35
1780612133.922,574.2,16394,16.5,33.35
1780612134.033,574.2,16394,9.0,33.35
1780612134.143,574.2,16394,9.0,33.35
1780612134.254,574.2,16394,9.0,33.35
1780612134.365,574.2,16394,9.0,33.35
1780612134.475,574.2,16394,9.0,33.35
1780612134.586,574.2,16394,9.0,33.35
1780612134.697,574.2,16394,9.0,16.04
1780612134.807,574.2,16394,18.1,16.04
1780612134.916,574.2,16394,9.2,16.04
1780612135.026,574.2,16394,9.1,16.04
1780612135.153,574.2,16394,23.7,16.04
1780612135.263,574.2,16394,18.0,16.04
1780612135.374,574.2,16394,9.0,1.77
1780612135.484,574.2,16394,9.0,1.77
1780612135.599,574.2,16394,17.4,1.77
1780612135.710,574.2,16394,36.1,1.77
1780612135.820,574.2,16394,0.0,1.77
1780612135.928,574.2,16394,9.2,1.77
1780612136.037,574.2,16394,9.2,1.77
1780612136.170,574.2,16394,37.6,1.77
1780612136.281,574.2,16394,9.0,1.77
1780612136.392,574.2,16394,9.0,1.77
1780612136.502,574.2,16394,9.0,1.77
1780612136.613,574.2,16394,9.0,0.93
1780612136.724,574.2,16394,18.1,0.85
1780612136.834,574.2,16394,0.0,0.85
1780612136.945,574.2,16394,18.1,0.85
1780612137.054,574.2,16394,0.0,0.85
1780612137.164,574.2,16394,9.1,0.85
1780612137.275,574.2,16394,9.1,0.72
1780612137.385,574.2,16394,9.0,0.72
1780612137.496,574.2,16394,9.0,0.72
1780612137.606,574.2,16394,27.1,0.72
1780612137.716,574.2,16394,9.1,0.72
1780612137.826,574.2,16394,9.1,0.72
1780612137.935,574.2,16394,9.2,0.72
1780612138.043,574.2,16394,9.2,0.72
1780612138.152,574.2,16394,0.0,0.72
1780612138.263,574.2,16394,9.1,0.72
1780612138.372,574.2,16394,9.1,0.72
1780612138.481,574.2,16394,9.2,0.72
1780612138.590,574.2,16394,9.2,0.72
1780612138.701,574.2,16394,9.0,0.72
1780612138.811,574.2,16394,9.0,0.72
1780612138.922,574.2,16394,9.0,0.72
1780612139.032,574.2,16394,9.1,0.72
1780612139.143,574.2,16394,9.0,0.85
1780612139.259,576.9,16394,69.1,0.85
1780612139.374,577.0,16394,43.3,0.85
1780612139.484,577.0,16394,9.1,0.85
1780612139.626,579.6,16394,77.6,1.90
1780612139.737,579.7,16394,9.0,1.90
1780612139.847,579.7,16394,9.1,1.90
1780612139.956,579.7,16394,0.0,1.90
1780612140.065,579.7,16394,9.2,1.90
1780612140.173,579.7,16394,18.5,1.90
1780612140.281,579.7,16394,0.0,1.90
1780612140.391,579.7,16394,9.1,1.90
1780612140.502,579.7,16394,9.1,1.90
1780612140.612,579.7,16394,9.1,1.90
1780612140.723,579.7,16394,9.0,1.90
1780612140.833,579.7,16394,9.0,1.90
1780612140.944,579.7,16394,63.3,17.03
1780612141.055,579.7,16394,9.0,17.03
1780612141.177,579.8,16394,41.0,17.03
1780612141.287,579.8,16394,18.1,17.03
1780612141.398,579.8,16394,9.0,17.03
1780612141.508,579.8,16394,9.1,17.03
1780612141.640,579.8,16394,30.4,17.03
1780612141.750,579.8,16394,9.0,17.03
1780612141.861,579.8,16394,0.0,17.03
1780612141.972,579.8,16394,9.0,17.03
1780612142.082,579.8,16394,18.1,17.03
1780612142.192,579.8,16394,9.1,17.03
1780612142.302,579.8,16394,9.1,17.03
1780612142.413,579.8,16394,0.0,17.03
1780612142.524,579.8,16394,18.1,17.03
1780612142.633,579.8,16394,9.1,17.03
1780612142.742,579.8,16394,9.2,17.03
1780612142.852,579.8,16394,0.0,17.03
1780612143.024,580.1,16394,63.9,17.03
1780612143.135,580.1,16394,18.1,17.03
1780612143.246,580.1,16394,9.1,17.03
1780612143.356,580.1,16394,9.0,17.03
1780612143.467,580.1,16394,9.0,17.03
1780612143.578,580.1,16394,9.0,17.03
1780612143.688,580.1,16394,9.0,17.03
1780612143.799,580.1,16394,9.1,17.03
1780612143.909,580.1,16394,9.1,17.03
1780612144.019,580.1,16394,9.1,17.03
1780612144.129,580.1,16394,9.1,17.03
1780612144.240,580.1,16394,9.1,17.03
1780612144.350,580.1,16394,18.1,17.03
1780612144.461,580.1,16394,9.0,17.03
1780612144.572,580.1,16394,9.0,17.03
1780612144.682,580.1,16394,9.0,17.03
1780612144.793,580.1,16394,9.0,17.03
1780612144.903,580.1,16394,9.0,17.03
1780612145.021,580.2,16394,17.0,17.03
1780612145.194,580.3,16394,63.7,17.03
1780612145.304,580.3,16394,9.1,17.03
1780612145.414,580.3,16394,9.1,17.03
1780612145.525,580.3,16394,9.1,17.03
1780612145.636,580.3,16394,9.0,17.03
1780612145.746,580.3,16394,9.1,17.03
1780612145.856,580.4,16394,36.2,17.03
1780612145.967,580.4,16394,9.0,17.03
1780612146.078,580.4,16394,9.0,9.16
1780612146.188,580.4,16394,9.1,9.16
1780612146.298,580.4,16394,9.1,9.16
1780612146.408,580.4,16394,9.1,9.16
1780612146.519,580.4,16394,9.1,9.16
1780612146.629,580.4,16394,9.1,9.16
1780612146.740,580.4,16394,9.1,9.16
1780612146.850,580.4,16394,9.1,9.16
1780612146.960,580.4,16394,9.1,9.16
1780612147.070,580.4,16394,9.1,9.16
1780612147.181,580.4,16394,9.0,9.16
1780612147.291,580.4,16394,9.1,9.16
1780612147.404,580.4,16394,44.2,7.67
1780612147.515,580.4,16394,9.1,7.67
1780612147.625,580.4,16394,9.0,7.67
1780612147.736,580.4,16394,18.1,7.67
1780612147.846,580.4,16394,0.0,7.67
1780612147.957,580.4,16394,18.1,7.67
1780612148.067,580.4,16394,9.0,4.81
1780612148.178,580.4,16394,0.0,4.81
1780612148.288,580.4,16394,18.1,4.81
1780612148.399,580.4,16394,9.0,4.81
1780612148.509,580.4,16394,18.1,4.81
1780612148.648,580.4,16394,29.4,4.81
1780612148.761,580.5,16394,51.5,9.16
1780612148.872,580.5,16394,9.1,9.16
1780612148.982,580.5,16394,9.1,9.16
1780612149.092,580.5,16394,9.1,9.16
1780612149.257,581.2,16394,60.8,9.16
1780612149.367,581.2,16394,0.0,9.16
1780612149.478,581.2,16394,9.0,9.16
1780612149.588,581.2,16394,18.1,9.16
1780612149.699,581.2,16394,0.0,9.16
1780612149.809,581.2,16394,36.2,11.22
1780612149.920,581.2,16394,9.1,11.22
1780612150.030,581.2,16394,9.1,11.22
1780612150.141,581.2,16394,9.0,11.22
1780612150.251,581.2,16394,9.0,11.22
1780612150.367,581.2,16394,17.3,11.22
1780612150.477,581.2,16394,9.1,11.22
1780612150.588,581.2,16394,9.1,11.22
1780612150.698,581.2,16394,9.1,11.22
1780612150.809,581.2,16394,9.0,11.22
1780612150.919,581.3,16394,36.2,11.22
1780612151.030,581.3,16394,9.1,11.22
1780612151.140,581.3,16394,9.1,11.22
1780612151.250,581.3,16394,18.1,11.22
1780612151.378,581.3,16394,31.4,11.22
1780612151.488,581.3,16394,0.0,11.22
1780612151.599,581.3,16394,18.1,11.22
1780612151.709,581.3,16394,36.2,11.22
1780612151.820,581.3,16394,9.1,11.22
1780612151.929,581.3,16394,0.0,11.22
1780612152.040,581.3,16394,18.1,11.22
1780612152.157,581.3,16394,17.0,11.22
1780612152.268,581.3,16394,9.1,11.22
1780612152.378,581.3,16394,9.1,11.22
1780612152.489,581.3,16394,9.1,11.22
1780612152.599,581.3,16394,9.1,11.22
1780612152.708,581.3,16394,9.2,11.22
1780612152.818,581.3,16394,27.2,11.22
1780612152.929,581.3,16394,9.1,11.22
1780612153.039,581.3,16394,9.1,11.22
1780612153.149,581.3,16394,9.1,11.22
1780612153.260,581.3,16394,9.1,11.22
1780612153.370,581.3,16394,18.1,11.22
1780612153.481,581.3,16394,9.0,11.22
1780612153.591,581.3,16394,9.1,11.22
1780612153.702,581.3,16394,9.1,11.22
1780612153.812,581.3,16394,9.1,11.22
1780612153.922,581.3,16394,9.1,11.22
1780612154.031,581.3,16394,9.2,11.22
1780612154.139,581.3,16394,9.2,11.22
1780612154.250,581.3,16394,9.0,11.22
1780612154.360,581.3,16394,9.0,11.22
1780612154.471,581.3,16394,0.0,11.22
1780612154.581,581.3,16394,9.1,11.22
1780612154.692,581.3,16394,9.1,11.22
1780612154.802,581.3,16394,18.1,11.22
1780612154.913,581.3,16394,36.2,11.22
1780612155.023,581.3,16394,9.0,11.22
1780612155.134,581.3,16394,18.1,2.96
1780612155.244,581.3,16394,54.4,3.31
1780612155.353,581.3,16394,9.2,3.31
1780612155.459,581.3,16394,18.9,3.31
1780612155.565,581.3,16394,0.0,3.31
1780612155.670,581.3,16394,0.0,3.31
1780612155.775,581.3,16394,0.0,3.31
1780612155.884,581.3,16394,9.2,3.31
1780612155.994,581.3,16394,18.1,3.31
1780612156.104,581.3,16394,0.0,3.31
1780612156.215,581.3,16394,18.1,2.96
1780612156.325,581.3,16394,9.1,2.96
1780612156.435,581.3,16394,9.1,2.96
1780612156.545,581.3,16394,9.1,2.96
1780612156.653,581.3,16394,9.2,2.96
1780612156.763,581.3,16394,0.0,2.96
1780612156.874,581.4,16394,9.0,2.96
1780612156.984,581.4,16394,18.1,2.96
1780612157.095,581.4,16394,18.1,2.96
1780612157.246,581.4,16394,52.7,3.31
1780612157.357,581.4,16394,9.0,3.31
1780612157.468,581.4,16394,9.0,3.31
1780612157.578,581.4,16394,9.0,3.31
1780612157.688,581.4,16394,0.0,3.31
1780612157.797,581.4,16394,9.2,3.31
1780612157.907,581.4,16394,9.1,3.31
1780612158.017,581.4,16394,9.1,3.31
1780612158.128,581.4,16394,9.1,3.31
1780612158.238,581.4,16394,9.1,3.31
1780612158.360,581.4,16394,24.5,3.31
1780612158.470,581.4,16394,9.1,3.31
1780612158.579,581.4,16394,9.2,3.31
1780612158.690,581.4,16394,9.1,3.31
1780612158.800,581.4,16394,9.1,3.31
1780612158.910,581.4,16394,9.1,3.31
1780612159.020,581.4,16394,9.1,3.31
1780612159.130,581.4,16394,9.1,3.31
1780612159.240,581.4,16394,9.1,3.31
1780612159.351,581.4,16394,9.1,3.31
1780612159.461,581.4,16394,9.1,3.31
1780612159.571,581.4,16394,9.0,3.31
1780612159.682,581.4,16394,9.1,3.31
1780612159.800,581.6,16394,76.3,13.06
1780612159.910,581.6,16394,9.1,13.06
1780612160.020,581.6,16394,9.1,13.06
1780612160.131,581.6,16394,18.1,13.06
1780612160.240,581.6,16394,9.1,13.06
1780612160.349,581.6,16394,9.2,13.06
1780612160.457,581.6,16394,0.0,13.06
1780612160.564,581.6,16394,18.6,13.06
1780612160.671,581.6,16394,0.0,13.06
1780612160.781,581.6,16394,9.1,13.06
1780612160.891,581.6,16394,9.1,13.06
1780612161.002,581.6,16394,9.1,13.06
1780612161.112,581.6,16394,9.1,13.06
1780612161.222,581.6,16394,9.1,13.06
1780612161.381,581.6,16394,51.3,13.06
1780612161.492,582.4,16394,26.4,13.06
1780612161.601,582.4,16394,0.0,13.06
1780612161.710,582.4,16394,9.2,13.06
1780612161.821,582.4,16394,9.1,13.06
1780612161.959,582.4,16394,36.2,13.06
1780612162.069,582.9,16394,9.1,13.06
1780612162.180,582.9,16394,18.1,13.06
1780612162.290,583.6,16394,36.2,26.60
1780612162.401,583.7,16394,27.0,26.60
1780612162.511,583.7,16394,9.1,26.60
1780612162.622,583.7,16394,9.1,26.60
1780612162.732,583.7,16394,9.0,26.60
1780612162.843,583.7,16394,9.0,26.60
1780612162.953,583.7,16394,45.2,26.60
1780612163.064,583.7,16394,9.1,26.60
1780612163.174,583.7,16394,9.0,26.60
1780612163.293,583.7,16394,25.3,26.60
1780612163.404,559.8,16394,81.2,27.82
1780612163.514,559.8,16394,9.1,27.82
1780612163.624,559.8,16394,9.1,27.82
1780612163.734,559.8,16394,9.1,27.82
1780612163.856,569.6,16394,65.7,27.82
1780612163.966,569.6,16394,0.0,27.82
1780612164.076,569.6,16394,27.2,27.82
1780612164.186,569.6,16394,9.1,27.82
1780612164.296,569.6,16394,9.1,27.82
1780612164.406,569.6,16394,9.1,27.82
1780612164.517,569.6,16394,18.1,27.82
1780612164.627,569.6,16394,9.0,27.82
1780612164.738,569.6,16394,9.1,27.82
1780612164.848,569.6,16394,0.0,27.82
1780612164.959,569.6,16394,18.1,27.82
1780612165.069,569.6,16394,9.1,27.82
1780612165.180,569.6,16394,0.0,27.82
1780612165.290,569.6,16394,18.1,27.82
1780612165.400,569.6,16394,9.1,27.82
1780612165.542,569.6,16394,35.3,27.82
1780612165.653,569.6,16394,9.0,27.82
1780612165.763,569.6,16394,9.0,27.82
1780612165.874,569.6,16394,9.0,27.82
1780612165.983,569.6,16394,9.2,27.82
1780612166.092,569.6,16394,9.2,27.82
1780612166.201,569.6,16394,0.0,27.82
1780612166.309,569.6,16394,9.2,26.60
1780612166.418,569.6,16394,18.4,26.60
1780612166.528,569.6,16394,0.0,26.60
1780612166.638,569.6,16394,9.1,26.60
1780612166.749,569.6,16394,9.1,26.60
1780612166.859,569.6,16394,9.1,26.60
1780612166.970,569.6,16394,18.1,26.60
1780612167.080,569.6,16394,9.1,26.60
1780612167.191,569.6,16394,9.0,26.60
1780612167.301,569.6,16394,9.0,26.60
1780612167.411,569.6,16394,9.1,26.60
1780612167.522,569.6,16394,9.0,26.60
1780612167.632,569.6,16394,9.1,26.60
1780612167.742,569.6,16394,0.0,26.60
1780612167.851,569.6,16394,18.3,26.60
1780612167.961,569.6,16394,9.1,26.60
1780612168.070,569.6,16394,0.0,26.60
1780612168.179,569.6,16394,18.3,26.60
1780612168.288,569.6,16394,9.2,26.60
1780612168.397,569.6,16394,0.0,26.60
1780612168.506,569.6,16394,9.2,26.60
1780612168.614,569.6,16394,9.2,26.60
1780612168.722,569.6,16394,9.2,1.44
1780612168.830,569.6,16394,0.0,1.44
1780612168.938,569.6,16394,9.2,1.44
1780612169.047,569.6,16394,9.2,1.44
1780612169.156,569.6,16394,9.1,1.44
1780612169.265,569.6,16394,9.2,1.44
1780612169.376,569.6,16394,18.1,1.44
1780612169.486,569.6,16394,9.0,1.44
1780612169.597,569.6,16394,9.1,1.44
1780612169.707,569.6,16394,9.1,1.44
1780612169.818,569.6,16394,9.0,0.86
1780612169.928,569.6,16394,9.1,0.86
1780612170.039,569.6,16394,18.1,0.86
1780612170.149,569.6,16394,0.0,0.86
1780612170.259,569.6,16394,18.1,0.86
1780612170.370,569.6,16394,0.0,0.83
1780612170.480,569.6,16394,9.1,0.83
1780612170.591,569.6,16394,9.1,0.83
1780612170.701,569.6,16394,18.1,0.83
1780612170.812,569.6,16394,9.1,0.81
1780612170.955,569.6,16394,41.9,0.81
1780612171.065,571.6,16394,9.1,0.81
1780612171.175,571.6,16394,9.1,0.81
1780612171.285,571.6,16394,9.1,0.81
1780612171.395,571.6,16394,18.1,0.81
1780612171.506,571.6,16394,9.1,0.81
1780612171.616,571.6,16394,18.1,0.81
1780612171.727,571.6,16394,18.1,0.86
1780612171.837,571.6,16394,9.1,0.86
1780612171.948,571.6,16394,9.1,0.86
1780612172.057,571.6,16394,9.1,0.86
1780612172.168,571.6,16394,18.1,0.86
1780612172.278,571.6,16394,9.0,0.86
1780612172.393,571.6,16394,34.9,1.72
1780612172.503,571.6,16394,9.1,1.72
1780612172.614,571.6,16394,9.0,1.72
1780612172.724,572.5,16394,54.2,1.72
1780612172.835,572.5,16394,0.0,1.72
1780612172.944,572.5,16394,9.1,1.72
1780612173.053,572.5,16394,18.4,1.72
1780612173.160,572.5,16394,0.0,1.72
1780612173.277,572.5,16394,17.2,1.72
1780612173.387,572.5,16394,45.3,1.72
1780612173.497,572.5,16394,9.1,1.72
1780612173.608,572.6,16394,45.3,1.72
1780612173.718,572.6,16394,9.1,1.72
1780612173.829,572.6,16394,9.1,1.72
1780612173.939,572.6,16394,9.0,1.72
1780612174.050,572.6,16394,27.2,1.72
1780612174.160,572.6,16394,9.1,1.72
1780612174.271,572.6,16394,9.1,1.72
1780612174.381,572.6,16394,9.0,1.72
1780612174.492,572.6,16394,18.1,1.72
1780612174.602,572.6,16394,9.1,1.72
1780612174.713,572.6,16394,9.1,1.72
1780612174.823,572.6,16394,9.1,1.72
1780612174.934,572.6,16394,9.1,1.72
1780612175.077,577.3,16394,76.7,9.11
1780612175.187,552.6,16394,9.1,9.11
1780612175.296,552.6,16394,0.0,9.11
1780612175.406,552.6,16394,18.2,9.11
1780612175.517,558.1,16394,9.1,9.11
1780612175.627,558.1,16394,27.2,9.11
1780612175.737,558.1,16394,18.1,9.11
1780612175.846,558.1,16394,0.0,9.11
1780612175.955,558.1,16394,9.2,9.11
1780612176.062,558.1,16394,9.3,9.11
1780612176.172,558.1,16394,9.1,9.11
1780612176.282,558.1,16394,18.1,9.11
1780612176.393,558.1,16394,9.1,9.11
1780612176.503,558.1,16394,9.1,9.11
1780612176.614,558.1,16394,18.1,9.11
1780612176.724,561.4,16394,45.3,9.11
1780612176.835,561.4,16394,0.0,9.11
1780612176.945,561.4,16394,9.1,9.11
1780612177.056,561.4,16394,18.1,9.11
1780612177.165,561.4,16394,0.0,9.11
1780612177.275,561.4,16394,9.1,9.11
1780612177.384,561.4,16394,9.2,9.11
1780612177.493,561.4,16394,9.1,9.11
1780612177.603,561.4,16394,18.2,9.11
1780612177.714,561.4,16394,9.1,9.11
1780612177.824,561.4,16394,9.1,9.11
1780612177.935,561.4,16394,9.0,9.11
1780612178.046,561.4,16394,9.1,9.11
1780612178.156,561.4,16394,9.1,1.72
1780612178.267,561.4,16394,18.1,1.72
1780612178.417,561.4,16394,33.9,1.72
1780612178.535,576.1,16394,41.3,4.05
1780612178.646,576.1,16394,9.0,4.05
1780612178.757,576.1,16394,9.0,4.05
1780612178.867,576.1,16394,9.1,4.05
1780612178.977,576.1,16394,9.1,4.05
1780612179.088,576.1,16394,9.1,4.05
1780612179.198,576.1,16394,18.1,4.05
1780612179.309,576.1,16394,9.1,4.05
1780612179.419,576.1,16394,9.1,4.05
1780612179.529,576.1,16394,9.1,4.05
1780612179.640,576.1,16394,9.1,4.05
1780612179.750,576.1,16394,9.1,4.05
1780612179.860,576.1,16394,9.1,4.05
1780612179.971,576.1,16394,9.1,4.05
1780612180.081,576.1,16394,9.1,4.05
1780612180.192,576.1,16394,9.1,4.05
1780612180.302,576.1,16394,9.1,4.05
1780612180.412,576.1,16394,9.1,4.05
1780612180.523,576.1,16394,9.1,4.05
1780612180.633,576.1,16394,9.0,4.05
1780612180.744,578.2,16394,72.5,4.05
1780612180.854,578.2,16394,9.1,4.05
1780612180.965,578.2,16394,9.1,4.05
1780612181.075,578.2,16394,18.1,4.05
1780612181.185,578.2,16394,9.0,4.05
1780612181.296,578.2,16394,9.1,4.05
1780612181.406,578.2,16394,18.1,4.05
1780612181.517,578.2,16394,9.1,1.92
1780612181.627,578.2,16394,9.1,1.92
1780612181.738,578.2,16394,18.1,1.92
1780612181.848,578.2,16394,9.0,1.92
1780612181.958,578.2,16394,9.1,1.92
1780612182.069,578.2,16394,0.0,1.92
1780612182.179,578.2,16394,9.1,1.92
1780612182.288,578.2,16394,9.2,1.92
1780612182.396,578.2,16394,9.2,1.92
1780612182.503,578.2,16394,18.6,1.92
1780612182.610,578.2,16394,0.0,1.92
1780612182.719,578.2,16394,9.2,1.92
1780612182.829,578.2,16394,9.1,1.92
1780612182.940,578.2,16394,9.1,1.92
1780612183.050,578.2,16394,18.1,1.92
1780612183.161,578.2,16394,9.1,1.92
1780612183.271,578.2,16394,9.1,1.92
1780612183.381,578.2,16394,9.1,1.92
1780612183.492,578.2,16394,9.1,1.92
1780612183.602,578.2,16394,9.1,1.92
1780612183.712,578.2,16394,9.1,1.92
1780612183.822,578.3,16394,9.1,1.92
1780612183.933,578.3,16394,9.1,1.92
1780612184.043,578.3,16394,9.1,1.92
1780612184.154,578.3,16394,18.1,1.92
1780612184.278,582.3,16394,88.2,4.05
1780612184.389,582.3,16394,9.1,4.05
1780612184.498,582.3,16394,9.1,4.05
1780612184.608,582.3,16394,9.1,4.05
1780612184.718,582.3,16394,18.3,4.05
1780612184.827,582.3,16394,0.0,4.05
1780612184.936,582.3,16394,9.2,1.92
1780612185.044,582.3,16394,9.2,1.92
1780612185.155,582.3,16394,9.1,1.92
1780612185.271,582.3,16394,25.7,1.92
1780612185.382,582.3,16394,9.1,1.92
1780612185.491,582.3,16394,9.1,1.92
1780612185.601,582.3,16394,0.0,1.92
1780612185.711,582.5,16394,54.4,5.27
1780612185.821,582.5,16394,9.1,5.27
1780612185.937,582.5,16394,17.1,5.27
1780612186.048,582.8,16394,81.4,12.32
1780612186.158,582.8,16394,9.1,12.32
1780612186.268,582.8,16394,9.1,12.32
1780612186.377,582.8,16394,18.3,12.32
1780612186.486,582.8,16394,0.0,12.32
1780612186.596,582.8,16394,0.0,12.32
1780612186.747,582.8,16394,66.0,15.86
1780612186.873,582.8,16394,31.9,15.86
1780612186.983,582.8,16394,9.0,15.86
1780612187.094,582.8,16394,0.0,15.86
1780612187.204,582.8,16394,9.1,15.86
1780612187.361,582.8,16394,51.2,16.86
1780612187.471,584.8,16394,27.1,16.86
1780612187.582,584.8,16394,9.0,16.86
1780612187.692,584.8,16394,0.0,16.86
1780612187.803,584.8,16394,18.1,16.86
1780612187.913,584.8,16394,9.0,16.86
1780612188.024,584.8,16394,27.2,16.86
1780612188.134,584.8,16394,9.1,16.86
1780612188.245,584.8,16394,9.1,16.86
1780612188.355,584.8,16394,9.1,16.86
1780612188.465,584.8,16394,9.1,16.86
1780612188.576,584.8,16394,9.1,16.86
1780612188.686,584.8,16394,18.1,16.86
1780612188.797,584.8,16394,9.1,16.86
1780612188.907,584.8,16394,9.1,16.86
1780612189.018,584.8,16394,9.1,16.86
1780612189.128,584.8,16394,9.1,16.86
1780612189.238,584.8,16394,9.1,16.86
1780612189.349,584.8,16394,9.1,16.86
1780612189.459,584.8,16394,9.0,16.86
1780612189.569,584.8,16394,9.1,16.86
1780612189.679,584.8,16394,9.1,16.86
1780612189.787,584.8,16394,9.2,16.86
1780612189.897,584.8,16394,9.1,16.86
1780612190.006,584.8,16394,0.0,16.86
1780612190.116,584.8,16394,9.1,16.86
1780612190.227,584.8,16394,18.1,16.86
1780612190.337,584.8,16394,9.0,16.86
1780612190.448,584.8,16394,9.1,16.86
1780612190.558,584.8,16394,9.0,16.86
1780612190.669,584.8,16394,9.1,16.86
1780612190.778,584.8,16394,0.0,16.86
1780612190.886,584.8,16394,9.3,16.86
1780612190.993,584.8,16394,9.3,16.86
1780612191.100,584.8,16394,9.3,16.86
1780612191.208,584.8,16394,9.3,16.86
1780612191.318,584.8,16394,9.1,16.86
1780612191.428,584.8,16394,0.0,16.86
1780612191.538,584.8,16394,9.1,16.86
1780612191.648,584.8,16394,18.1,16.86
1780612191.759,584.8,16394,9.0,16.86
1780612191.869,584.8,16394,9.1,16.86
1780612191.980,584.8,16394,9.0,16.86
1780612192.090,584.8,16394,72.5,16.86
1780612192.200,584.8,16394,9.1,15.86
1780612192.310,584.8,16394,18.2,15.86
1780612192.420,584.8,16394,0.0,15.86
1780612192.530,584.8,16394,9.1,15.86
1780612192.641,584.8,16394,9.1,15.86
1780612192.761,584.8,16394,24.9,15.86
1780612192.871,584.8,16394,9.1,15.86
1780612192.982,584.8,16394,18.1,15.86
1780612193.163,585.1,16394,61.6,15.86
1780612193.274,558.6,16394,26.4,6.88
1780612193.384,558.6,16394,9.1,6.88
1780612193.495,558.6,16394,18.1,6.88
1780612193.604,558.6,16394,9.1,6.88
1780612193.713,558.6,16394,9.2,6.88
1780612193.820,558.6,16394,9.3,1.83
1780612193.928,558.6,16394,0.0,1.83
1780612194.038,558.6,16394,9.1,1.83
1780612194.148,558.6,16394,9.1,1.83
1780612194.258,558.6,16394,45.3,1.83
1780612194.369,558.6,16394,9.0,1.83
1780612194.479,558.6,16394,9.0,1.83
1780612194.590,558.6,16394,27.1,1.83
1780612194.700,558.6,16394,9.1,1.83
1780612194.811,558.6,16394,9.1,1.83
1780612194.921,558.6,16394,9.1,1.83
1780612195.031,558.6,16394,9.1,1.83
1780612195.142,558.6,16394,9.1,1.83
1780612195.252,558.6,16394,0.0,1.83
1780612195.363,558.6,16394,18.1,1.83
1780612195.473,558.6,16394,9.1,1.83
1780612195.584,558.6,16394,9.1,1.83
1780612195.699,558.7,16394,9.0,1.83
1780612195.809,558.7,16394,8.7,1.83
1780612195.920,558.7,16394,9.1,1.83
1780612196.030,558.7,16394,9.1,1.83
1780612196.190,558.8,16394,68.9,1.83
1780612196.300,573.1,16394,45.1,6.88
1780612196.411,573.1,16394,9.0,6.88
1780612196.522,573.1,16394,9.0,6.88
1780612196.632,573.1,16394,9.0,6.88
1780612196.743,573.1,16394,9.1,6.88
1780612196.853,573.1,16394,9.1,6.88
1780612196.964,573.1,16394,18.1,6.88
1780612197.074,573.1,16394,9.1,6.88
1780612197.184,573.1,16394,9.0,6.88
1780612197.295,573.1,16394,0.0,6.88
1780612197.405,573.1,16394,9.1,6.88
1780612197.516,573.1,16394,9.1,6.88
1780612197.626,573.1,16394,9.1,6.88
1780612197.736,573.1,16394,18.1,6.88
1780612197.847,573.1,16394,9.1,6.88
1780612197.957,573.1,16394,0.0,6.88
1780612198.067,573.1,16394,9.1,6.88
1780612198.178,573.1,16394,9.1,6.88
1780612198.288,573.1,16394,9.1,6.88
1780612198.398,573.1,16394,9.1,6.88
1780612198.508,573.1,16394,18.2,6.88
1780612198.619,573.1,16394,0.0,6.88
1780612198.729,573.1,16394,18.1,6.88
1780612198.839,573.1,16394,0.0,6.88
1780612198.949,573.1,16394,27.2,6.88
1780612199.060,573.1,16394,9.1,6.88
1780612199.170,573.1,16394,27.2,6.88
1780612199.280,573.1,16394,9.1,6.88
1780612199.391,573.6,16394,45.3,6.88
1780612199.500,573.6,16394,9.1,6.88
1780612199.609,573.6,16394,9.2,1.65
1780612199.717,573.6,16394,0.0,1.65
1780612199.827,573.6,16394,9.1,1.65
1780612199.937,573.6,16394,9.1,1.65
1780612200.049,573.6,16394,9.0,1.65
1780612200.160,573.6,16394,18.0,1.65
1780612200.270,573.6,16394,18.1,1.65
1780612200.381,573.6,16394,9.1,1.65
1780612200.491,573.6,16394,54.3,1.65
1780612200.602,575.4,16394,72.3,1.17
1780612200.712,575.4,16394,18.1,1.17
1780612200.823,575.4,16394,0.0,1.17
1780612200.932,575.4,16394,9.1,1.17
1780612201.041,575.4,16394,9.2,1.10
1780612201.150,575.4,16394,9.2,1.10
1780612201.260,575.4,16394,18.1,1.10
1780612201.371,575.4,16394,9.0,1.10
1780612201.482,575.4,16394,9.1,1.10
1780612201.598,575.4,16394,25.7,1.10
1780612201.713,575.4,16394,8.7,1.10
1780612201.828,575.4,16394,17.5,1.10
1780612201.938,575.4,16394,0.0,1.10
1780612202.048,575.4,16394,18.2,1.10
1780612202.158,575.4,16394,9.1,1.10
1780612202.298,576.7,16394,71.4,1.03
1780612202.409,576.7,16394,9.0,1.06
1780612202.519,576.7,16394,9.0,1.06
1780612202.630,576.7,16394,36.2,1.03
1780612202.740,576.7,16394,9.0,1.03
1780612202.850,576.7,16394,9.1,1.03
1780612202.960,576.7,16394,9.1,1.03
1780612203.071,576.7,16394,9.1,1.03
1780612203.180,576.7,16394,9.1,1.03
1780612203.297,576.7,16394,25.8,1.06
1780612203.407,576.7,16394,9.1,1.06
1780612203.518,576.7,16394,9.0,1.06
1780612203.628,576.8,16394,18.1,1.06
1780612203.760,576.8,16394,31.0,1.06
1780612203.870,576.9,16394,17.7,1.06
1780612203.980,576.9,16394,18.3,1.06
1780612204.090,576.9,16394,18.1,1.06
1780612204.200,576.9,16394,9.1,1.06
1780612204.311,576.9,16394,9.1,1.06
1780612204.421,576.9,16394,9.1,1.06
1780612204.532,576.9,16394,18.1,1.06
1780612204.642,576.9,16394,9.1,1.06
1780612204.773,576.9,16394,30.6,1.06
1780612204.883,576.9,16394,18.1,1.06
1780612204.994,578.9,16394,45.3,1.06
1780612205.104,578.9,16394,18.1,1.06
1780612205.214,578.9,16394,9.1,1.06
1780612205.336,578.9,16394,16.4,1.14
1780612205.447,578.9,16394,9.1,1.14
1780612205.557,578.9,16394,9.1,1.14
1780612205.668,578.9,16394,9.1,1.20
1780612205.778,578.9,16394,18.1,1.20
1780612205.888,578.9,16394,9.1,1.20
1780612205.999,578.9,16394,0.0,1.20
1780612206.744,578.9,16394,89.9,1.20
