t,rss_mb,num_fds,cpu_pct,loop_lag_p99_ms
1780611183.943,147.9,10,96.1,0.00
1780611184.081,163.0,132,50.6,0.00
1780611184.201,168.1,517,41.5,0.00
1780611184.315,175.8,967,96.7,0.00
1780611184.422,187.2,1660,74.8,0.00
1780611184.531,197.8,2278,82.8,0.00
1780611184.644,202.3,2555,97.0,0.00
1780611184.758,218.0,3507,105.4,0.00
1780611184.947,227.1,4048,100.5,0.00
1780611185.149,242.5,4106,98.8,1139.22
1780611185.252,251.6,4106,68.1,109.02
1780611185.355,251.6,4106,0.0,109.02
1780611185.457,251.6,4106,0.0,109.02
1780611185.559,251.6,4106,0.0,109.02
1780611185.662,251.6,4106,0.0,109.02
1780611185.764,251.6,4106,0.0,109.02
1780611185.867,251.6,4106,9.8,109.02
1780611185.969,251.6,4106,0.0,109.02
1780611186.072,251.6,4106,0.0,109.02
1780611186.174,251.6,4106,0.0,109.02
1780611186.277,251.6,4106,9.8,109.02
1780611186.379,251.6,4106,0.0,109.02
1780611186.481,251.6,4106,0.0,109.02
1780611186.584,251.6,4106,0.0,109.02
1780611186.686,251.6,4106,9.8,109.02
1780611186.789,251.6,4106,0.0,109.02
1780611186.891,251.6,4106,0.0,109.02
1780611186.993,251.6,4106,0.0,109.02
1780611187.096,251.6,4106,9.8,109.02
1780611187.198,251.6,4106,0.0,109.02
1780611187.300,251.6,4106,0.0,109.02
1780611187.403,251.6,4106,9.8,109.02
1780611187.505,251.6,4106,0.0,109.02
1780611187.608,251.6,4106,0.0,109.02
1780611187.710,251.6,4106,0.0,109.02
1780611187.812,251.6,4106,0.0,109.02
1780611187.914,251.6,4106,0.0,109.02
1780611188.016,251.6,4106,9.8,109.02
1780611188.117,251.6,4106,0.0,109.02
1780611188.220,251.6,4106,9.8,109.02
1780611188.322,251.6,4106,0.0,109.02
1780611188.425,251.6,4106,0.0,109.02
1780611188.527,251.6,4106,0.0,109.02
1780611188.629,251.6,4106,0.0,109.02
1780611188.731,251.6,4106,9.8,109.02
1780611188.833,251.6,4106,0.0,109.02
1780611188.934,251.6,4106,0.0,109.02
1780611189.036,251.6,4106,0.0,109.02
1780611189.137,251.6,4106,0.0,109.02
1780611189.239,251.6,4106,0.0,109.02
1780611189.341,251.6,4106,9.8,109.02
1780611189.443,251.6,4106,0.0,109.02
1780611189.546,251.6,4106,0.0,109.02
1780611189.648,251.6,4106,0.0,109.02
1780611189.751,251.6,4106,0.0,109.02
1780611189.853,251.6,4106,0.0,109.02
1780611189.956,251.6,4106,9.8,109.02
1780611190.058,251.6,4106,0.0,109.02
1780611190.161,251.6,4106,0.0,109.02
1780611190.263,251.6,4106,9.8,109.02
1780611190.365,251.6,4106,0.0,109.02
1780611190.468,251.6,4106,0.0,109.02
1780611190.570,251.6,4106,0.0,109.02
1780611190.673,251.6,4106,0.0,109.02
1780611190.775,251.6,4106,0.0,109.02
1780611190.877,251.6,4106,9.8,109.02
1780611190.980,251.6,4106,0.0,109.02
1780611191.082,251.6,4106,0.0,109.02
1780611191.185,251.6,4106,0.0,109.02
1780611191.287,251.6,4106,9.8,109.02
1780611191.390,251.6,4106,0.0,109.02
1780611191.492,251.6,4106,0.0,109.02
1780611191.595,251.6,4106,0.0,0.15
1780611191.697,251.6,4106,9.8,0.13
1780611191.799,251.6,4106,0.0,0.13
1780611191.902,251.6,4106,0.0,0.12
1780611192.004,251.6,4106,0.0,0.12
1780611192.107,251.6,4106,0.0,0.12
1780611192.209,251.6,4106,9.8,0.12
1780611192.311,251.6,4106,0.0,0.12
1780611192.414,251.6,4106,0.0,0.12
1780611192.516,251.6,4106,0.0,0.12
1780611192.619,251.6,4106,9.8,0.12
1780611192.721,251.6,4106,9.8,0.12
1780611192.824,251.6,4106,0.0,0.12
1780611192.926,251.6,4106,0.0,0.12
1780611193.028,251.6,4106,0.0,0.12
1780611193.131,251.6,4106,0.0,0.12
1780611193.233,251.6,4106,9.8,0.12
1780611193.335,251.6,4106,0.0,0.12
1780611193.438,251.6,4106,0.0,0.12
1780611193.540,251.6,4106,0.0,0.12
1780611193.643,251.6,4106,9.8,0.12
1780611193.745,251.6,4106,0.0,0.12
1780611193.847,251.6,4106,0.0,0.12
1780611193.950,251.6,4106,0.0,0.12
1780611194.052,251.6,4106,9.8,0.12
1780611194.155,251.6,4106,0.0,0.12
1780611194.257,251.6,4106,0.0,0.12
1780611194.360,251.6,4106,0.0,0.12
1780611194.462,251.6,4106,0.0,0.12
1780611194.565,251.6,4106,0.0,0.12
1780611194.674,253.6,4106,18.3,0.27
1780611194.776,274.7,4106,29.2,0.67
1780611194.879,274.7,4106,9.8,0.88
1780611194.981,274.7,4106,9.8,0.88
1780611195.084,274.7,4106,0.0,0.88
1780611195.186,274.7,4106,0.0,0.88
1780611195.289,274.7,4106,0.0,0.88
1780611195.391,255.6,4106,48.7,0.88
1780611195.497,264.1,4106,9.5,0.89
1780611195.599,264.1,4106,0.0,0.89
1780611195.702,264.1,4106,0.0,0.89
1780611195.817,273.4,4106,34.7,0.89
1780611195.920,275.4,4106,0.0,0.95
1780611196.022,275.4,4106,9.8,0.95
1780611196.125,275.4,4106,0.0,0.95
1780611196.227,275.4,4106,0.0,0.95
1780611196.330,275.4,4106,0.0,0.95
1780611196.432,275.4,4106,0.0,0.95
1780611196.535,275.4,4106,9.8,0.95
1780611196.637,275.4,4106,0.0,0.95
1780611196.740,275.4,4106,0.0,0.95
1780611196.842,275.4,4106,0.0,0.95
1780611196.945,275.4,4106,0.0,0.95
1780611197.047,275.4,4106,9.8,0.95
1780611197.149,275.4,4106,0.0,0.95
1780611197.252,275.4,4106,0.0,0.95
1780611197.354,275.4,4106,9.8,0.95
1780611197.457,275.4,4106,19.5,1.29
1780611197.559,275.4,4106,0.0,1.30
1780611197.662,280.7,4106,39.0,1.30
1780611197.764,280.7,4106,0.0,1.30
1780611197.866,280.7,4106,0.0,1.30
1780611197.969,281.1,4106,39.0,1.82
1780611198.071,281.4,4106,9.7,1.82
1780611198.174,281.4,4106,0.0,1.82
1780611198.276,281.4,4106,0.0,1.82
1780611198.379,281.4,4106,9.8,1.82
1780611198.481,281.4,4106,9.8,1.82
1780611198.584,281.4,4106,0.0,1.82
1780611198.687,281.4,4106,0.0,1.82
1780611198.790,281.4,4106,0.0,1.82
1780611198.892,281.4,4106,9.7,1.82
1780611198.995,281.4,4106,0.0,1.82
1780611199.098,281.4,4106,0.0,1.82
1780611199.200,281.4,4106,0.0,1.82
1780611199.302,281.4,4106,9.8,1.82
1780611199.405,281.4,4106,0.0,1.82
1780611199.508,281.4,4106,0.0,1.82
1780611199.610,281.4,4106,0.0,1.82
1780611199.713,281.4,4106,9.8,1.82
1780611199.815,281.4,4106,0.0,1.82
1780611199.918,281.4,4106,9.8,1.82
1780611200.020,281.4,4106,9.8,1.82
1780611200.123,281.4,4106,0.0,1.82
1780611200.225,281.4,4106,0.0,1.82
1780611200.328,281.4,4106,0.0,1.82
1780611200.430,281.4,4106,0.0,1.82
1780611200.533,281.4,4106,9.8,1.82
1780611200.635,281.4,4106,0.0,1.82
1780611200.737,281.4,4106,0.0,1.82
1780611200.840,281.4,4106,0.0,1.82
1780611200.942,281.4,4106,29.3,2.47
1780611201.045,281.4,4106,0.0,2.47
1780611201.148,281.4,4106,0.0,2.47
1780611201.250,281.4,4106,0.0,2.47
1780611201.353,281.4,4106,19.5,2.47
1780611201.456,281.4,4106,9.7,2.47
1780611201.558,281.4,4106,0.0,2.47
1780611201.661,281.4,4106,0.0,2.47
1780611201.763,281.4,4106,0.0,2.47
1780611201.866,281.4,4106,0.0,2.47
1780611201.968,281.4,4106,0.0,2.47
1780611202.071,281.4,4106,9.8,2.47
1780611202.173,281.4,4106,0.0,2.47
1780611202.276,281.4,4106,0.0,2.47
1780611202.378,281.4,4106,0.0,2.47
1780611202.481,281.4,4106,9.8,2.47
1780611202.583,281.4,4106,0.0,2.47
1780611202.686,281.4,4106,0.0,2.47
1780611202.788,281.4,4106,0.0,2.47
1780611202.891,281.4,4106,29.3,2.47
1780611202.993,281.6,4106,19.5,2.47
1780611203.096,281.6,4106,9.8,2.47
1780611203.198,281.6,4106,0.0,2.47
1780611203.301,281.6,4106,0.0,2.47
1780611203.403,281.6,4106,9.8,2.47
1780611203.506,281.6,4106,0.0,2.47
1780611203.608,281.6,4106,0.0,2.47
1780611203.712,279.9,4106,86.5,3.32
1780611203.815,279.9,4106,0.0,3.32
1780611203.917,279.9,4106,9.8,3.32
1780611204.020,279.9,4106,0.0,3.32
1780611204.122,279.9,4106,0.0,3.32
1780611204.224,279.9,4106,0.0,3.32
1780611204.327,279.9,4106,9.7,3.32
1780611204.430,279.9,4106,0.0,3.32
1780611204.532,280.4,4106,19.5,3.32
1780611204.634,280.4,4106,0.0,3.32
1780611204.737,280.4,4106,0.0,3.32
1780611204.839,280.6,4106,39.0,3.32
1780611204.948,280.6,4106,9.2,3.32
1780611205.061,289.2,4106,53.2,3.32
1780611205.164,267.6,4106,9.7,3.32
1780611205.266,267.6,4106,9.8,3.32
1780611205.369,267.6,4106,0.0,3.32
1780611205.471,267.6,4106,9.8,3.32
1780611205.573,267.6,4106,0.0,3.32
1780611205.676,267.6,4106,0.0,3.32
1780611205.778,267.6,4106,0.0,3.32
1780611205.881,267.6,4106,0.0,3.32
1780611205.983,267.6,4106,0.0,3.32
1780611206.086,267.6,4106,9.7,3.32
1780611206.188,267.6,4106,0.0,3.32
1780611206.291,267.6,4106,9.8,3.32
1780611206.393,267.6,4106,0.0,3.32
1780611206.496,267.6,4106,0.0,3.32
1780611206.598,267.6,4106,0.0,3.32
1780611206.701,267.6,4106,0.0,3.32
1780611206.803,267.6,4106,9.8,3.32
1780611206.906,267.6,4106,0.0,3.32
1780611207.008,267.6,4106,0.0,3.32
1780611207.111,267.6,4106,0.0,3.32
1780611207.213,267.6,4106,0.0,3.32
1780611207.316,267.6,4106,0.0,1.16
1780611207.418,267.6,4106,9.8,1.16
1780611207.520,267.6,4106,0.0,1.16
1780611207.623,267.6,4106,0.0,1.16
1780611207.725,267.6,4106,9.8,1.16
1780611207.828,267.6,4106,0.0,1.16
1780611207.930,267.6,4106,0.0,1.16
1780611208.032,267.6,4106,0.0,1.16
1780611208.135,267.6,4106,0.0,1.16
1780611208.237,267.6,4106,9.8,1.16
1780611208.340,267.6,4106,0.0,1.16
1780611208.442,267.6,4106,0.0,1.16
1780611208.544,267.6,4106,9.8,1.16
1780611208.647,267.6,4106,0.0,1.16
1780611208.780,297.4,4106,90.1,14.32
1780611208.883,272.5,4106,0.0,14.32
1780611208.985,272.5,4106,9.8,14.32
1780611209.087,272.5,4106,0.0,14.32
1780611209.190,272.5,4106,0.0,14.32
1780611209.292,280.5,4106,39.0,14.32
1780611209.395,280.5,4106,0.0,14.32
1780611209.497,280.5,4106,0.0,14.32
1780611209.600,280.5,4106,9.8,14.32
1780611209.702,280.5,4106,0.0,14.32
1780611209.804,280.5,4106,0.0,14.32
1780611209.907,280.5,4106,0.0,14.32
1780611210.009,280.5,4106,9.8,14.32
1780611210.112,280.5,4106,0.0,14.32
1780611210.214,280.5,4106,0.0,12.63
1780611210.316,280.5,4106,0.0,12.63
1780611210.419,280.5,4106,0.0,12.63
1780611210.521,280.5,4106,0.0,12.63
1780611210.624,280.5,4106,0.0,12.63
1780611210.726,280.5,4106,0.0,12.63
1780611210.828,280.5,4106,9.8,12.63
1780611210.931,280.5,4106,0.0,12.63
1780611211.033,280.5,4106,0.0,12.63
1780611211.151,284.2,4106,34.1,12.63
1780611211.256,255.9,4106,28.5,16.19
1780611211.359,255.9,4106,0.0,16.19
1780611211.461,274.1,4106,39.0,16.19
1780611211.564,274.1,4106,0.0,16.19
1780611211.666,274.1,4106,0.0,16.19
1780611211.768,274.1,4106,0.0,16.19
1780611211.871,274.1,4106,0.0,16.19
1780611211.973,274.1,4106,9.8,16.19
1780611212.076,274.1,4106,0.0,16.19
1780611212.178,274.1,4106,9.8,16.19
1780611212.281,274.1,4106,0.0,16.19
1780611212.383,274.1,4106,0.0,16.19
1780611212.486,274.1,4106,0.0,16.19
1780611212.588,274.1,4106,9.8,16.19
1780611212.691,274.1,4106,0.0,16.19
1780611212.793,274.1,4106,0.0,16.19
1780611212.895,274.1,4106,0.0,16.19
1780611212.998,274.1,4106,9.8,16.19
1780611213.100,274.1,4106,0.0,16.19
1780611213.203,274.1,4106,0.0,16.19
1780611213.305,274.1,4106,0.0,16.19
1780611213.408,274.1,4106,0.0,16.19
1780611213.510,274.1,4106,9.8,16.19
1780611213.613,274.1,4106,0.0,16.19
1780611213.715,274.1,4106,0.0,16.19
1780611213.818,274.1,4106,0.0,16.19
1780611213.920,274.1,4106,0.0,16.19
1780611214.022,274.1,4106,9.8,16.19
1780611214.125,274.1,4106,0.0,16.19
1780611214.227,274.1,4106,0.0,16.19
1780611214.330,274.1,4106,0.0,16.19
1780611214.432,274.1,4106,9.8,16.19
1780611214.535,274.1,4106,0.0,16.19
1780611214.637,274.1,4106,0.0,16.19
1780611214.740,274.1,4106,0.0,16.19
1780611214.842,274.1,4106,0.0,16.19
1780611214.945,274.1,4106,9.8,16.19
1780611215.047,274.1,4106,9.8,16.19
1780611215.150,274.1,4106,0.0,16.19
1780611215.252,274.1,4106,0.0,12.63
1780611215.355,274.1,4106,0.0,12.63
1780611215.457,274.1,4106,9.8,12.63
1780611215.560,274.1,4106,0.0,12.63
1780611215.662,274.1,4106,0.0,12.63
1780611215.765,274.1,4106,0.0,0.86
1780611215.867,274.1,4106,0.0,0.86
1780611215.970,274.1,4106,0.0,0.86
1780611216.072,274.1,4106,0.0,0.86
1780611216.175,274.1,4106,9.8,0.86
1780611216.277,274.1,4106,0.0,0.86
1780611216.379,274.1,4106,0.0,0.86
1780611216.482,276.1,4106,19.5,0.86
1780611216.584,278.1,4106,29.3,0.86
1780611216.687,278.1,4106,0.0,0.86
1780611216.789,278.1,4106,0.0,0.86
1780611216.892,256.5,4106,48.8,1.74
1780611216.994,256.5,4106,0.0,1.74
1780611217.097,256.5,4106,0.0,1.74
1780611217.199,266.6,4106,29.3,1.74
1780611217.302,266.6,4106,0.0,1.74
1780611217.404,266.6,4106,0.0,1.74
1780611217.506,266.6,4106,9.8,1.74
1780611217.609,266.6,4106,0.0,0.78
1780611217.711,266.6,4106,0.0,0.78
1780611217.814,266.6,4106,0.0,0.78
1780611217.916,266.6,4106,0.0,0.78
1780611218.019,266.6,4106,9.8,0.78
1780611218.121,266.6,4106,0.0,0.78
1780611218.241,281.6,4106,43.0,0.99
1780611218.343,256.5,4106,0.0,0.99
1780611218.446,256.5,4106,0.0,0.99
1780611218.548,256.5,4106,9.7,0.99
1780611218.666,274.7,4106,34.1,0.99
1780611218.772,285.0,4106,47.2,0.99
1780611218.874,285.0,4106,9.8,0.99
1780611218.977,285.0,4106,0.0,0.99
1780611219.080,285.0,4106,0.0,0.99
1780611219.183,285.0,4106,9.7,0.99
1780611219.285,285.0,4106,0.0,1.06
1780611219.398,285.0,4106,18.1,1.06
1780611219.501,285.0,4106,19.0,1.06
1780611219.604,285.0,4106,0.0,1.06
1780611219.721,288.4,4106,26.2,1.06
1780611219.823,289.5,4106,47.5,1.06
1780611219.926,289.5,4106,0.0,1.06
1780611220.028,289.5,4106,0.0,1.06
1780611220.131,289.5,4106,9.8,1.06
1780611220.233,289.5,4106,0.0,1.06
1780611220.336,289.5,4106,9.8,1.06
1780611220.438,289.5,4106,0.0,1.06
1780611220.541,289.5,4106,0.0,1.06
1780611220.643,289.5,4106,0.0,1.06
1780611220.758,289.5,4106,8.9,1.06
1780611220.862,289.7,4106,28.3,1.08
1780611220.964,290.7,4106,39.0,1.74
1780611221.066,290.7,4106,9.8,1.74
1780611221.169,290.7,4106,9.8,1.74
1780611221.271,290.7,4106,0.0,1.74
1780611221.374,290.7,4106,0.0,1.74
1780611221.477,290.7,4106,9.7,1.74
1780611221.592,291.2,4106,88.8,1.74
1780611221.694,291.2,4106,38.0,19.17
1780611221.797,291.2,4106,0.0,19.17
1780611221.899,291.2,4106,0.0,19.17
1780611222.002,291.2,4106,9.8,19.17
1780611222.104,291.2,4106,0.0,19.17
1780611222.206,291.2,4106,0.0,19.17
1780611222.309,291.2,4106,0.0,19.17
1780611222.411,291.2,4106,9.8,19.17
1780611222.514,291.2,4106,0.0,19.17
1780611222.616,291.2,4106,0.0,19.17
1780611222.719,291.2,4106,0.0,19.17
1780611222.821,291.2,4106,0.0,19.17
1780611222.924,291.2,4106,0.0,19.17
1780611223.026,291.2,4106,9.8,19.17
1780611223.129,291.2,4106,0.0,19.17
1780611223.231,291.2,4106,0.0,19.17
1780611223.334,291.2,4106,0.0,19.17
1780611223.436,291.2,4106,9.8,19.17
1780611223.538,291.2,4106,0.0,19.17
1780611223.650,295.5,4106,64.5,19.17
1780611223.752,295.5,4106,19.0,19.17
1780611223.855,295.5,4106,0.0,19.17
1780611223.957,295.5,4106,0.0,19.17
1780611224.060,295.5,4106,0.0,19.17
1780611224.162,295.5,4106,9.8,19.17
1780611224.265,295.5,4106,0.0,19.17
1780611224.367,295.5,4106,0.0,19.17
1780611224.469,295.5,4106,0.0,19.17
1780611224.572,295.5,4106,0.0,19.17
1780611224.674,295.5,4106,0.0,19.17
1780611224.777,295.5,4106,9.8,19.17
1780611224.879,295.5,4106,0.0,19.17
1780611224.981,295.5,4106,0.0,19.17
1780611225.084,295.5,4106,0.0,19.17
1780611225.186,296.6,4106,58.6,19.69
1780611225.288,296.6,4106,0.0,19.69
1780611225.390,296.6,4106,0.0,19.69
1780611225.492,296.6,4106,0.0,19.69
1780611225.593,296.6,4106,0.0,19.69
1780611225.695,296.6,4106,0.0,19.69
1780611225.797,296.6,4106,9.8,19.69
1780611225.900,296.6,4106,9.8,19.69
1780611226.002,296.6,4106,0.0,19.69
1780611226.105,296.6,4106,9.8,19.69
1780611226.207,296.6,4106,0.0,19.69
1780611226.310,296.6,4106,0.0,19.69
1780611226.415,296.6,4106,0.0,19.69
1780611226.518,296.6,4106,0.0,19.69
1780611226.620,296.6,4106,9.8,19.69
1780611226.721,296.6,4106,0.0,19.69
1780611226.838,297.8,4106,42.9,19.69
1780611226.940,297.8,4106,58.5,19.69
1780611227.043,297.8,4106,0.0,19.69
1780611227.145,297.8,4106,9.8,19.69
1780611227.248,297.8,4106,0.0,19.69
1780611227.350,297.8,4106,9.8,19.69
1780611227.453,297.8,4106,0.0,19.17
1780611227.555,297.8,4106,0.0,19.17
1780611227.658,297.8,4106,0.0,19.17
1780611227.760,297.8,4106,9.8,19.17
1780611227.863,297.8,4106,0.0,19.17
1780611227.974,299.1,4106,53.8,19.17
1780611228.077,299.1,4106,0.0,19.17
1780611228.179,299.1,4106,0.0,16.73
1780611228.282,299.1,4106,0.0,16.73
1780611228.385,299.1,4106,9.7,16.73
1780611228.487,299.1,4106,0.0,16.73
1780611228.590,299.1,4106,0.0,16.73
1780611228.693,299.1,4106,0.0,16.73
1780611228.795,299.1,4106,9.8,16.73
1780611228.898,299.1,4106,0.0,16.73
1780611229.000,299.1,4106,0.0,16.73
1780611229.103,299.1,4106,0.0,16.73
1780611229.205,299.1,4106,9.7,16.73
1780611229.308,299.1,4106,0.0,16.73
1780611229.410,299.1,4106,0.0,16.73
1780611229.512,299.1,4106,0.0,16.73
1780611229.615,299.1,4106,0.0,16.73
1780611229.717,299.1,4106,0.0,16.73
1780611229.820,299.1,4106,0.0,16.73
1780611229.922,299.1,4106,9.8,16.73
1780611230.024,299.1,4106,9.7,16.73
1780611230.127,299.1,4106,0.0,13.17
1780611230.229,299.1,4106,0.0,13.17
1780611230.332,299.1,4106,0.0,13.17
1780611230.434,299.1,4106,0.0,13.17
1780611230.537,299.1,4106,0.0,13.17
1780611230.639,299.1,4106,0.0,13.17
1780611230.741,299.1,4106,9.8,13.17
1780611230.844,299.1,4106,0.0,13.17
1780611230.946,299.1,4106,0.0,13.17
1780611231.048,299.1,4106,0.0,13.17
1780611231.151,299.1,4106,9.8,13.17
1780611231.253,299.1,4106,9.8,13.17
1780611231.356,299.1,4106,0.0,13.17
1780611231.458,299.1,4106,9.8,13.17
1780611231.576,299.1,4106,25.4,13.17
1780611231.682,299.1,4106,9.5,2.21
1780611231.784,299.1,4106,0.0,2.21
1780611231.890,299.1,4106,18.9,2.21
1780611231.993,299.5,4106,48.7,13.17
1780611232.095,299.5,4106,0.0,13.17
1780611232.198,299.5,4106,0.0,13.17
1780611232.300,299.5,4106,9.8,13.17
1780611232.402,299.5,4106,0.0,13.17
1780611232.505,299.5,4106,0.0,13.17
1780611232.610,299.5,4106,28.4,13.17
1780611232.713,299.5,4106,0.0,13.17
1780611232.815,299.5,4106,19.5,13.17
1780611232.935,300.6,4106,25.0,13.17
1780611233.038,270.0,4106,97.6,20.72
1780611233.140,270.0,4106,9.8,20.72
1780611233.243,270.0,4106,0.0,20.72
1780611233.345,270.0,4106,0.0,20.72
1780611233.447,270.0,4106,0.0,20.72
1780611233.550,270.0,4106,0.0,20.72
1780611233.652,270.0,4106,9.8,20.72
1780611233.759,274.9,4106,9.3,20.72
1780611233.862,284.4,4106,39.0,20.72
1780611233.964,284.4,4106,29.3,20.72
1780611234.067,284.4,4106,0.0,20.72
1780611234.169,284.4,4106,0.0,20.72
1780611234.271,284.4,4106,0.0,20.72
1780611234.374,284.4,4106,0.0,20.72
1780611234.476,284.4,4106,9.8,20.72
1780611234.579,284.4,4106,0.0,20.72
1780611234.681,284.4,4106,0.0,20.72
1780611234.783,284.4,4106,0.0,20.72
1780611234.886,284.4,4106,9.8,20.72
1780611234.988,284.4,4106,0.0,20.72
1780611235.091,284.4,4106,9.8,20.72
1780611235.200,284.4,4106,18.4,20.72
1780611235.312,290.4,4106,53.4,38.07
1780611235.417,290.5,4106,19.0,38.07
1780611235.520,290.5,4106,0.0,38.07
1780611235.622,290.5,4106,0.0,38.07
1780611235.725,290.5,4106,0.0,38.07
1780611235.827,290.5,4106,0.0,38.07
1780611235.929,290.5,4106,19.5,38.07
1780611236.032,290.6,4106,48.8,38.07
1780611236.134,290.6,4106,0.0,38.07
1780611236.237,290.6,4106,0.0,38.07
1780611236.339,290.6,4106,0.0,38.07
1780611236.442,290.6,4106,0.0,38.07
1780611236.544,290.6,4106,0.0,38.07
1780611236.646,290.6,4106,9.8,38.07
1780611236.749,290.6,4106,0.0,38.07
1780611236.851,290.6,4106,0.0,38.07
1780611236.954,290.6,4106,0.0,38.07
1780611237.056,290.6,4106,9.8,38.07
1780611237.158,290.6,4106,0.0,38.07
1780611237.261,290.6,4106,0.0,38.07
1780611237.363,291.3,4106,39.1,38.07
1780611237.466,291.3,4106,9.8,38.07
1780611237.568,291.3,4106,0.0,38.07
1780611237.671,291.3,4106,19.5,38.07
1780611237.773,291.3,4106,0.0,38.07
1780611237.875,291.3,4106,9.8,38.07
1780611237.978,291.3,4106,0.0,38.07
1780611238.080,291.3,4106,0.0,38.07
1780611238.183,291.3,4106,0.0,38.07
1780611238.285,291.3,4106,19.5,38.07
1780611238.388,291.3,4106,29.3,38.07
1780611238.490,291.3,4106,9.8,20.72
1780611238.593,291.3,4106,0.0,20.72
1780611238.695,291.3,4106,0.0,20.72
1780611238.797,291.3,4106,0.0,20.72
1780611238.900,291.3,4106,0.0,20.72
1780611239.002,291.3,4106,9.8,20.72
1780611239.104,291.3,4106,0.0,20.72
1780611239.206,291.3,4106,0.0,20.72
1780611239.309,291.3,4106,0.0,20.72
1780611239.411,291.3,4106,0.0,20.72
1780611239.514,292.3,4106,68.0,7.09
1780611239.617,292.4,4106,19.5,7.09
1780611239.719,292.4,4106,19.5,7.09
1780611239.822,292.4,4106,0.0,7.09
1780611239.924,292.4,4106,9.8,7.09
1780611240.027,292.4,4106,0.0,7.09
1780611240.130,292.4,4106,0.0,7.09
1780611240.233,292.4,4106,19.5,7.09
1780611240.335,292.4,4106,9.8,7.09
1780611240.438,292.4,4106,0.0,7.09
1780611240.540,292.4,4106,0.0,7.09
1780611240.643,292.4,4106,0.0,7.09
1780611240.745,292.4,4106,9.8,7.09
1780611240.848,292.4,4106,0.0,7.09
1780611240.950,292.4,4106,0.0,7.09
1780611241.052,292.4,4106,0.0,7.09
1780611241.155,292.4,4106,9.8,7.09
1780611241.257,292.4,4106,0.0,7.09
1780611241.359,292.4,4106,0.0,7.09
1780611241.462,292.4,4106,0.0,7.09
1780611241.564,292.5,4106,0.0,7.09
1780611241.667,292.8,4106,78.1,12.80
1780611241.769,292.8,4106,0.0,7.09
1780611241.871,292.8,4106,9.8,7.09
1780611241.974,292.8,4106,9.8,7.09
1780611242.076,292.8,4106,0.0,7.09
1780611242.179,292.8,4106,0.0,7.09
1780611242.281,292.8,4106,0.0,7.09
1780611242.383,292.8,4106,9.8,7.09
1780611242.486,292.8,4106,0.0,7.09
1780611242.588,292.8,4106,0.0,7.09
1780611242.691,292.8,4106,9.8,7.09
1780611242.793,292.8,4106,0.0,7.09
1780611242.896,292.8,4106,0.0,7.09
1780611242.998,292.8,4106,9.8,7.09
1780611243.100,292.8,4106,0.0,7.09
1780611243.203,292.8,4106,0.0,7.09
1780611243.305,292.8,4106,0.0,7.09
1780611243.408,293.2,4106,68.3,12.80
1780611243.510,293.2,4106,0.0,12.80
1780611243.612,293.3,4106,9.8,12.80
1780611243.715,293.3,4106,0.0,12.80
1780611243.817,293.3,4106,0.0,12.80
1780611243.920,293.3,4106,0.0,12.80
1780611244.022,293.3,4106,9.8,12.80
1780611244.124,293.3,4106,0.0,12.80
1780611244.227,293.3,4106,0.0,12.80
1780611244.329,293.3,4106,0.0,12.80
1780611244.431,293.3,4106,0.0,12.80
1780611244.534,293.3,4106,9.8,12.80
1780611244.636,293.6,4106,39.1,22.87
1780611244.739,293.6,4106,9.8,22.87
1780611244.841,293.6,4106,0.0,22.87
1780611244.943,293.6,4106,9.8,22.87
1780611245.046,293.6,4106,0.0,22.87
1780611245.148,293.6,4106,0.0,22.87
1780611245.250,293.6,4106,0.0,22.87
1780611245.353,293.6,4106,0.0,22.87
1780611245.456,293.6,4106,19.5,22.87
1780611245.558,293.6,4106,29.3,22.87
1780611245.661,293.6,4106,9.8,22.87
1780611245.763,293.6,4106,0.0,22.87
1780611245.866,293.6,4106,0.0,22.87
1780611245.968,293.6,4106,0.0,22.87
1780611246.070,293.6,4106,0.0,22.87
1780611246.173,293.6,4106,9.8,22.87
1780611246.275,293.6,4106,0.0,22.87
1780611246.378,293.6,4106,0.0,22.87
1780611246.480,293.6,4106,0.0,22.87
1780611246.582,293.6,4106,9.8,22.87
1780611246.685,293.6,4106,0.0,22.87
1780611246.787,293.6,4106,0.0,22.87
1780611246.890,293.6,4106,0.0,22.87
1780611246.992,293.6,4106,9.8,22.87
1780611247.095,293.6,4106,0.0,22.87
1780611247.197,293.6,4106,0.0,22.87
1780611247.299,293.6,4106,0.0,22.87
1780611247.402,293.6,4106,9.8,22.87
1780611247.504,293.6,4106,9.8,22.87
1780611247.606,293.6,4106,0.0,22.87
1780611247.709,293.6,4106,0.0,22.87
1780611247.811,293.6,4106,9.8,22.87
1780611247.913,293.6,4106,9.8,22.87
1780611248.016,293.6,4106,0.0,22.87
1780611248.126,293.6,4106,18.6,22.87
1780611248.229,293.6,4106,19.0,22.87
1780611248.332,293.6,4106,9.7,22.87
1780611248.435,293.6,4106,0.0,22.87
1780611248.537,293.6,4106,0.0,22.87
1780611248.639,293.6,4106,0.0,22.87
1780611248.742,293.6,4106,9.8,22.87
1780611248.859,293.9,4106,25.5,22.87
1780611248.965,293.9,4106,18.9,22.87
1780611249.068,293.9,4106,0.0,22.87
1780611249.170,293.9,4106,0.0,22.87
1780611249.272,293.9,4106,29.3,22.87
1780611249.375,293.9,4106,0.0,22.87
1780611249.477,293.9,4106,9.8,22.87
1780611249.580,293.9,4106,0.0,22.87
1780611249.682,293.9,4106,0.0,22.87
1780611249.785,293.9,4106,0.0,22.87
1780611249.887,293.9,4106,9.8,2.34
1780611249.990,293.9,4106,0.0,2.34
1780611250.092,293.9,4106,0.0,2.34
1780611250.194,293.9,4106,0.0,2.34
1780611250.297,293.9,4106,9.8,2.34
1780611250.399,293.9,4106,0.0,2.34
1780611250.502,293.9,4106,0.0,2.34
1780611250.604,293.9,4106,0.0,2.34
1780611250.706,293.9,4106,9.8,2.34
1780611250.809,293.9,4106,0.0,2.34
1780611250.911,293.9,4106,0.0,2.34
1780611251.013,293.9,4106,0.0,2.34
1780611251.116,293.9,4106,0.0,2.04
1780611251.218,293.9,4106,0.0,2.04
1780611251.334,296.7,4106,35.3,2.04
1780611251.437,277.1,4106,56.9,2.34
1780611251.540,277.1,4106,9.7,2.34
1780611251.642,277.1,4106,0.0,2.34
1780611251.744,279.1,4106,19.5,2.34
1780611251.847,279.1,4106,0.0,2.34
1780611251.949,279.1,4106,0.0,2.34
1780611252.052,279.1,4106,0.0,2.34
1780611252.154,279.1,4106,0.0,2.34
1780611252.256,279.1,4106,9.8,2.34
1780611252.359,279.1,4106,29.3,2.34
1780611252.461,279.1,4106,0.0,2.34
1780611252.563,279.1,4106,0.0,2.34
1780611252.666,279.1,4106,0.0,2.34
1780611252.768,279.1,4106,0.0,2.34
1780611252.871,279.1,4106,0.0,2.34
1780611252.973,279.1,4106,9.7,2.34
1780611253.076,279.1,4106,0.0,2.34
1780611253.178,279.1,4106,0.0,2.34
1780611253.281,279.1,4106,0.0,2.34
1780611253.383,279.1,4106,9.8,2.34
1780611253.486,279.1,4106,0.0,2.34
1780611253.601,285.1,4106,26.0,2.34
1780611253.704,270.3,4106,87.8,6.75
1780611253.814,275.0,4106,18.1,6.75
1780611253.917,275.0,4106,0.0,6.75
1780611254.019,275.0,4106,9.8,6.75
1780611254.121,275.0,4106,0.0,6.75
1780611254.224,275.0,4106,0.0,6.75
1780611254.326,275.0,4106,9.7,6.75
1780611254.429,275.2,4106,0.0,6.75
1780611254.531,279.9,4106,48.8,6.75
1780611254.644,279.9,4106,26.6,6.75
1780611254.747,279.9,4106,19.5,9.01
1780611254.849,279.9,4106,9.8,9.01
1780611254.952,279.9,4106,0.0,9.01
1780611255.054,279.9,4106,0.0,9.01
1780611255.156,280.0,4106,19.5,9.01
1780611255.259,280.0,4106,9.8,9.01
1780611255.361,280.0,4106,19.5,9.01
1780611255.464,280.0,4106,0.0,9.01
1780611255.567,280.0,4106,19.5,9.01
1780611255.669,280.0,4106,9.8,9.01
1780611255.772,280.0,4106,0.0,9.01
1780611255.874,280.0,4106,0.0,9.01
1780611255.977,280.0,4106,0.0,9.01
1780611256.079,280.0,4106,0.0,9.01
1780611256.181,280.0,4106,0.0,9.01
1780611256.284,280.0,4106,9.8,9.01
1780611256.386,280.0,4106,0.0,9.01
1780611256.489,280.0,4106,0.0,9.01
1780611256.591,280.0,4106,0.0,9.01
1780611256.694,280.0,4106,0.0,9.01
1780611256.796,280.0,4106,9.8,9.01
1780611256.902,280.0,4106,18.8,9.01
1780611257.005,280.0,4106,0.0,9.01
1780611257.107,280.0,4106,0.0,9.01
1780611257.209,280.0,4106,0.0,9.01
1780611257.312,280.0,4106,9.8,9.01
1780611257.414,280.0,4106,0.0,9.01
1780611257.517,280.0,4106,0.0,9.01
1780611257.619,280.0,4106,9.8,9.01
1780611257.721,280.0,4106,0.0,9.01
1780611257.824,280.0,4106,0.0,6.75
1780611257.926,280.0,4106,0.0,6.75
1780611258.029,280.0,4106,9.8,6.75
1780611258.131,280.0,4106,0.0,6.75
1780611258.234,280.0,4106,0.0,6.75
1780611258.336,280.0,4106,39.0,6.75
1780611258.439,280.0,4106,0.0,6.75
1780611258.541,280.0,4106,0.0,6.75
1780611258.643,280.0,4106,0.0,6.75
1780611258.745,280.0,4106,9.8,6.75
1780611258.847,280.0,4106,0.0,6.75
1780611258.950,280.0,4106,0.0,6.75
1780611259.052,280.0,4106,0.0,6.75
1780611259.154,280.0,4106,9.8,6.75
1780611259.257,280.0,4106,0.0,6.75
1780611259.359,280.0,4106,19.5,6.75
1780611259.461,280.0,4106,0.0,6.75
1780611259.564,280.0,4106,0.0,6.75
1780611259.666,280.0,4106,9.8,6.75
1780611259.769,280.0,4106,9.8,6.75
1780611259.871,280.0,4106,0.0,6.75
1780611259.978,280.0,4106,0.0,6.75
1780611260.080,280.0,4106,29.2,6.75
1780611260.183,280.0,4106,0.0,5.83
1780611260.285,280.0,4106,0.0,5.83
1780611260.388,284.5,4106,58.6,5.83
1780611260.490,284.5,4106,29.3,5.83
1780611260.593,284.5,4106,0.0,5.83
1780611260.695,284.5,4106,0.0,5.83
1780611260.797,284.5,4106,9.8,5.83
1780611260.900,284.5,4106,0.0,5.83
1780611261.002,284.5,4106,0.0,5.83
1780611261.104,284.5,4106,0.0,5.83
1780611261.207,284.5,4106,9.8,3.52
1780611261.309,284.5,4106,0.0,3.52
1780611261.412,284.5,4106,0.0,3.52
1780611261.514,284.5,4106,0.0,3.52
1780611261.616,284.5,4106,9.8,3.52
1780611261.719,284.5,4106,0.0,3.52
1780611261.821,284.5,4106,0.0,3.52
1780611261.924,284.5,4106,9.8,1.58
1780611262.026,284.6,4106,0.0,1.25
1780611262.129,284.6,4106,9.8,1.25
1780611262.231,284.6,4106,0.0,1.25
1780611262.334,284.6,4106,0.0,1.25
1780611262.436,284.6,4106,9.8,1.25
1780611262.539,284.6,4106,0.0,1.25
1780611262.642,284.6,4106,0.0,1.25
1780611262.744,284.6,4106,0.0,1.25
1780611262.846,284.6,4106,9.8,1.25
1780611262.949,284.6,4106,0.0,1.25
1780611263.051,284.6,4106,9.8,1.25
1780611263.154,284.6,4106,0.0,1.25
1780611263.256,284.6,4106,0.0,1.25
1780611263.358,284.6,4106,0.0,1.10
1780611263.461,284.6,4106,9.8,1.10
1780611263.563,284.6,4106,0.0,1.10
1780611263.666,284.6,4106,0.0,1.10
1780611263.768,284.6,4106,0.0,1.10
1780611263.871,284.6,4106,9.8,1.10
1780611263.973,284.6,4106,0.0,1.10
1780611264.076,284.6,4106,0.0,1.10
1780611264.178,284.6,4106,0.0,1.10
1780611264.280,284.6,4106,0.0,1.10
1780611264.383,284.6,4106,0.0,1.10
1780611264.485,284.6,4106,9.8,0.98
1780611264.588,284.6,4106,0.0,0.98
1780611264.691,284.6,4106,0.0,0.98
1780611264.793,284.6,4106,0.0,0.86
1780611264.895,284.6,4106,9.8,0.86
1780611264.998,284.6,4106,0.0,0.86
1780611265.114,286.8,4106,25.7,0.86
1780611265.220,286.8,4106,19.0,0.98
1780611265.322,286.8,4106,0.0,0.98
1780611265.425,286.8,4106,9.8,0.86
1780611265.543,295.4,4106,68.9,12.78
1780611265.646,295.4,4106,19.0,12.78
1780611265.749,295.4,4106,0.0,12.78
1780611265.851,295.4,4106,9.8,12.78
1780611265.954,295.4,4106,0.0,12.78
1780611266.056,295.4,4106,0.0,12.78
1780611266.158,295.4,4106,0.0,12.78
1780611266.261,295.4,4106,0.0,12.78
1780611266.363,295.4,4106,9.7,12.78
1780611266.467,295.4,4106,0.0,12.78
1780611266.570,295.4,4106,0.0,12.78
1780611266.674,295.4,4106,9.7,12.78
1780611266.778,295.4,4106,0.0,12.78
1780611266.881,295.4,4106,9.6,12.78
1780611266.985,295.4,4106,0.0,12.78
1780611267.088,295.4,4106,0.0,12.78
1780611267.192,295.4,4106,0.0,12.78
1780611267.296,295.4,4106,19.3,12.78
1780611267.399,295.4,4106,0.0,12.78
1780611267.503,295.4,4106,0.0,12.78
1780611267.607,295.4,4106,9.6,12.78
1780611267.710,295.4,4106,0.0,12.78
1780611267.814,295.4,4106,0.0,12.78
1780611267.917,295.4,4106,0.0,12.78
1780611268.021,295.4,4106,0.0,12.78
1780611268.125,295.4,4106,9.7,12.78
1780611268.228,295.4,4106,0.0,12.78
1780611268.330,295.4,4106,9.7,12.78
1780611268.433,295.4,4106,0.0,12.78
1780611268.536,295.4,4106,0.0,12.78
1780611268.638,295.4,4106,9.8,12.78
1780611268.741,295.4,4106,0.0,12.78
1780611268.843,295.4,4106,0.0,12.78
1780611268.946,295.4,4106,0.0,12.78
1780611269.048,295.4,4106,0.0,12.78
1780611269.150,295.4,4106,9.8,12.78
1780611269.253,295.4,4106,0.0,12.78
1780611269.355,295.4,4106,0.0,12.78
1780611269.458,295.4,4106,0.0,12.78
1780611269.560,295.4,4106,9.8,12.78
1780611269.663,295.4,4106,0.0,12.78
1780611269.765,295.4,4106,0.0,12.78
1780611269.868,295.4,4106,0.0,12.78
1780611269.970,295.4,4106,0.0,12.78
1780611270.073,295.4,4106,9.8,12.78
1780611270.175,295.4,4106,0.0,12.78
1780611270.278,295.4,4106,0.0,12.78
1780611270.380,295.4,4106,0.0,12.78
1780611270.483,295.4,4106,9.8,12.78
1780611270.585,295.4,4106,0.0,12.78
1780611270.695,311.4,4106,90.8,15.53
1780611270.817,313.2,4106,101.1,15.53
1780611270.919,274.7,4106,38.0,31.27
1780611271.022,274.7,4106,0.0,31.27
1780611271.125,274.7,4106,0.0,31.27
1780611271.227,274.7,4106,9.8,31.27
1780611271.330,274.7,4106,0.0,31.27
1780611271.433,274.7,4106,0.0,31.27
1780611271.535,274.7,4106,0.0,31.27
1780611271.637,274.7,4106,9.8,31.27
1780611271.740,274.7,4106,0.0,31.27
1780611271.842,274.7,4106,0.0,31.27
1780611271.945,274.7,4106,0.0,31.27
1780611272.047,274.7,4106,9.8,31.27
1780611272.150,274.7,4106,0.0,31.27
1780611272.252,274.7,4106,0.0,31.27
1780611272.355,274.7,4106,0.0,31.27
1780611272.457,274.7,4106,9.8,31.27
1780611272.559,274.7,4106,0.0,31.27
1780611272.662,274.7,4106,0.0,31.27
1780611272.764,274.7,4106,0.0,31.27
1780611272.867,274.7,4106,9.8,31.27
1780611272.969,274.7,4106,0.0,31.27
1780611273.071,274.7,4106,0.0,31.27
1780611273.174,274.7,4106,0.0,31.27
1780611273.276,274.7,4106,0.0,31.27
1780611273.378,274.7,4106,9.8,31.27
1780611273.480,274.7,4106,0.0,31.27
1780611273.583,274.7,4106,0.0,31.27
1780611273.685,274.7,4106,0.0,31.27
1780611273.788,274.7,4106,9.8,31.27
1780611273.890,274.7,4106,0.0,31.27
1780611273.993,274.8,4106,0.0,31.27
1780611274.095,274.8,4106,0.0,31.27
1780611274.197,274.8,4106,0.0,31.27
1780611274.300,274.8,4106,0.0,31.27
1780611274.402,274.8,4106,9.8,31.27
1780611274.505,274.8,4106,9.8,31.27
1780611274.607,274.8,4106,0.0,31.27
1780611274.710,274.8,4106,0.0,31.27
1780611274.812,274.8,4106,0.0,31.27
1780611274.915,274.8,4106,9.8,31.27
1780611275.017,274.8,4106,0.0,31.27
1780611275.119,274.8,4106,0.0,31.27
1780611275.222,274.8,4106,0.0,31.27
1780611275.324,274.8,4106,0.0,31.27
1780611275.429,274.8,4106,19.2,31.27
1780611275.541,304.9,4106,97.7,31.27
1780611275.646,283.4,4106,76.0,47.79
1780611275.749,283.4,4106,0.0,47.79
1780611275.850,283.4,4106,9.8,47.79
1780611275.953,283.6,4106,0.0,47.79
1780611276.055,283.6,4106,9.8,47.79
1780611276.158,283.6,4106,0.0,47.79
1780611276.260,283.6,4106,0.0,47.79
1780611276.363,283.6,4106,0.0,47.79
1780611276.465,283.6,4106,9.8,47.79
1780611276.568,283.6,4106,0.0,47.79
1780611276.670,283.6,4106,0.0,47.79
1780611276.773,283.6,4106,0.0,47.79
1780611276.875,283.6,4106,9.8,47.79
1780611276.978,283.6,4106,0.0,47.79
1780611277.080,283.6,4106,19.5,47.79
1780611277.183,283.6,4106,0.0,47.79
1780611277.285,283.6,4106,9.8,47.79
1780611277.388,283.6,4106,0.0,3.61
1780611277.490,283.6,4106,0.0,3.61
1780611277.592,283.6,4106,9.8,3.61
1780611277.695,283.6,4106,0.0,3.61
1780611277.797,283.6,4106,0.0,3.61
1780611277.906,283.6,4106,9.4,3.61
1780611278.022,293.2,4106,67.6,4.44
1780611278.124,293.4,4106,29.2,4.44
1780611278.227,293.4,4106,0.0,4.44
1780611278.329,293.4,4106,9.8,4.44
1780611278.432,293.4,4106,0.0,4.44
1780611278.534,293.4,4106,0.0,4.44
1780611278.637,293.4,4106,0.0,4.44
1780611278.739,293.4,4106,0.0,4.44
1780611278.842,293.4,4106,0.0,4.44
1780611278.944,293.4,4106,9.8,4.44
1780611279.047,293.4,4106,0.0,4.44
1780611279.149,293.4,4106,0.0,4.44
1780611279.251,293.4,4106,0.0,4.44
1780611279.354,293.4,4106,9.8,4.44
1780611279.456,293.4,4106,0.0,4.44
1780611279.559,293.4,4106,9.8,4.44
1780611279.661,293.4,4106,0.0,4.44
1780611279.764,293.4,4106,0.0,4.44
1780611279.866,293.4,4106,0.0,4.44
1780611279.968,293.4,4106,0.0,4.44
1780611280.071,293.4,4106,0.0,4.44
1780611280.173,293.4,4106,9.8,4.44
1780611280.276,293.4,4106,0.0,4.44
1780611280.378,293.4,4106,0.0,4.44
1780611280.481,293.4,4106,0.0,4.44
1780611280.583,293.4,4106,9.8,4.44
1780611280.685,293.4,4106,0.0,4.44
1780611280.788,293.4,4106,0.0,4.44
1780611280.890,293.4,4106,9.8,4.44
1780611280.993,293.4,4106,0.0,4.44
1780611281.095,293.4,4106,0.0,4.44
1780611281.212,295.4,4106,42.8,4.44
1780611281.315,295.4,4106,0.0,4.44
1780611281.417,295.4,4106,0.0,4.44
1780611281.519,295.4,4106,0.0,4.44
1780611281.622,295.4,4106,9.8,4.44
1780611281.724,295.4,4106,19.5,4.44
1780611281.827,295.4,4106,0.0,4.44
1780611281.929,295.4,4106,0.0,4.44
1780611282.032,295.4,4106,0.0,1.76
1780611282.134,295.4,4106,0.0,1.09
1780611282.236,295.4,4106,9.8,1.09
1780611282.339,295.7,4106,48.8,4.44
1780611282.441,295.7,4106,0.0,4.44
1780611282.544,295.7,4106,0.0,4.44
1780611282.646,295.7,4106,19.5,4.44
1780611282.749,295.7,4106,39.0,4.44
1780611282.851,295.7,4106,0.0,4.44
1780611282.954,295.7,4106,0.0,4.44
1780611283.056,295.7,4106,0.0,4.44
1780611283.159,295.7,4106,0.0,4.44
1780611283.261,295.7,4106,0.0,4.44
1780611283.375,302.4,4106,61.6,4.44
1780611283.478,284.7,4106,87.7,7.16
1780611283.580,284.7,4106,0.0,7.16
1780611283.683,284.7,4106,9.8,7.16
1780611283.786,284.7,4106,9.7,7.16
1780611283.889,284.7,4106,0.0,7.16
1780611283.999,284.7,4106,63.6,7.16
1780611284.101,284.7,4106,0.0,7.16
1780611284.204,284.7,4106,9.8,7.16
1780611284.306,284.7,4106,0.0,7.16
1780611284.409,284.7,4106,9.7,7.16
1780611284.511,284.7,4106,0.0,7.16
1780611284.614,284.7,4106,0.0,7.16
1780611284.716,284.7,4106,0.0,7.16
1780611284.819,284.7,4106,9.8,7.16
1780611284.921,284.7,4106,0.0,7.16
1780611285.027,284.8,4106,19.0,7.16
1780611285.129,292.8,4106,68.3,14.62
1780611285.232,292.8,4106,9.8,14.62
1780611285.334,292.8,4106,0.0,14.62
1780611285.436,292.8,4106,0.0,14.62
1780611285.539,292.8,4106,0.0,14.62
1780611285.641,292.8,4106,0.0,14.62
1780611285.744,292.8,4106,0.0,14.62
1780611285.846,292.8,4106,9.8,14.62
1780611285.948,292.8,4106,9.8,14.62
1780611286.051,292.8,4106,0.0,14.62
1780611286.153,292.8,4106,0.0,14.62
1780611286.255,292.8,4106,0.0,14.62
1780611286.358,292.8,4106,0.0,14.62
1780611286.460,292.8,4106,0.0,14.62
1780611286.562,292.8,4106,0.0,14.62
1780611286.665,292.8,4106,9.8,14.62
1780611286.767,292.8,4106,0.0,14.62
1780611286.869,292.8,4106,0.0,14.62
1780611286.972,292.8,4106,0.0,14.62
1780611287.074,292.8,4106,0.0,14.62
1780611287.177,292.8,4106,19.5,14.62
1780611287.279,292.8,4106,0.0,14.62
1780611287.381,292.8,4106,19.5,14.62
1780611287.484,292.8,4106,0.0,14.62
1780611287.605,292.8,4106,24.8,14.62
1780611287.707,292.8,4106,0.0,14.62
1780611287.810,292.8,4106,0.0,14.62
1780611287.912,292.8,4106,0.0,14.62
1780611288.014,292.8,4106,19.5,14.62
1780611288.117,292.8,4106,0.0,14.62
1780611288.219,292.8,4106,0.0,14.62
1780611288.322,292.8,4106,0.0,14.62
1780611288.424,292.8,4106,9.8,14.62
1780611288.526,292.8,4106,0.0,14.62
1780611288.629,292.8,4106,0.0,14.62
1780611288.731,292.8,4106,0.0,14.62
1780611288.833,292.8,4106,0.0,14.62
1780611288.936,292.8,4106,0.0,14.62
1780611289.038,292.8,4106,9.8,14.62
1780611289.140,292.8,4106,0.0,14.62
1780611289.243,292.8,4106,0.0,14.62
1780611289.345,292.8,4106,9.8,14.62
1780611289.447,292.8,4106,0.0,14.62
1780611289.550,292.8,4106,0.0,14.62
1780611289.652,292.8,4106,9.8,14.62
1780611289.755,292.8,4106,0.0,14.62
1780611289.857,292.8,4106,0.0,3.81
1780611289.959,292.8,4106,0.0,3.81
1780611290.062,292.8,4106,0.0,3.81
1780611290.164,292.8,4106,0.0,3.81
1780611290.266,292.8,4106,9.8,3.81
1780611290.369,292.8,4106,0.0,3.81
1780611290.471,292.9,4106,19.5,3.81
1780611290.573,292.9,4106,0.0,3.81
1780611290.676,292.9,4106,9.8,3.81
1780611290.778,292.9,4106,0.0,3.81
1780611290.880,292.9,4106,0.0,3.81
1780611290.983,292.9,4106,0.0,3.81
1780611291.085,292.9,4106,9.8,3.81
1780611291.187,292.9,4106,0.0,3.81
1780611291.290,292.9,4106,0.0,3.81
1780611291.392,292.9,4106,0.0,3.81
1780611291.509,294.5,4106,60.1,3.81
1780611291.611,294.7,4106,9.8,3.81
1780611291.714,295.0,4106,58.6,3.81
1780611291.816,295.0,4106,0.0,3.81
1780611291.918,295.0,4106,0.0,3.81
1780611292.021,295.0,4106,9.8,3.81
1780611292.123,295.0,4106,0.0,3.81
1780611292.225,295.0,4106,0.0,3.81
1780611292.328,295.0,4106,0.0,3.81
1780611292.430,295.0,4106,19.5,3.81
1780611292.532,295.0,4106,0.0,3.81
1780611292.634,295.0,4106,0.0,3.81
1780611292.737,295.0,4106,0.0,3.81
1780611292.838,295.0,4106,0.0,3.81
1780611292.940,295.0,4106,9.8,3.81
1780611293.042,295.0,4106,0.0,3.81
1780611293.143,295.0,4106,0.0,3.81
1780611293.245,295.0,4106,9.8,3.81
1780611293.347,295.0,4106,0.0,3.81
1780611293.449,295.0,4106,0.0,3.81
1780611293.550,295.0,4106,9.9,3.81
1780611293.652,295.0,4106,0.0,3.81
1780611293.753,295.0,4106,0.0,3.81
1780611293.855,295.0,4106,0.0,3.81
1780611293.958,295.0,4106,0.0,3.81
1780611294.060,295.0,4106,0.0,1.47
1780611294.163,295.0,4106,9.8,1.47
1780611294.265,295.0,4106,9.8,1.47
1780611294.378,295.1,4106,35.5,1.47
1780611294.489,302.1,4106,54.0,1.47
1780611294.594,280.0,4106,95.1,8.72
1780611294.696,280.0,4106,0.0,8.72
1780611294.799,280.0,4106,0.0,8.72
1780611294.901,280.0,4106,0.0,8.72
1780611295.003,280.0,4106,0.0,8.72
1780611295.106,280.0,4106,0.0,8.72
1780611295.208,280.0,4106,0.0,8.72
1780611295.310,280.0,4106,9.8,8.72
1780611295.413,280.0,4106,0.0,8.72
1780611295.515,280.0,4106,0.0,8.72
1780611295.632,297.9,4106,96.3,8.72
1780611295.840,280.0,4106,94.9,13.06
1780611295.942,280.0,4106,0.0,13.06
1780611296.045,280.0,4106,0.0,13.06
1780611296.147,280.0,4106,9.8,13.06
1780611296.250,280.0,4106,0.0,13.06
1780611296.353,280.0,4106,0.0,13.06
1780611296.455,280.0,4106,0.0,13.06
1780611296.558,280.0,4106,9.7,13.06
1780611296.661,280.0,4106,0.0,13.06
1780611296.763,280.0,4106,0.0,13.06
1780611296.865,280.0,4106,0.0,13.06
1780611296.968,280.0,4106,9.8,13.06
1780611297.070,280.0,4106,0.0,13.06
1780611297.178,280.0,4106,9.3,13.06
1780611297.281,280.0,4106,0.0,13.06
1780611297.383,280.0,4106,0.0,13.06
1780611297.486,280.0,4106,9.8,13.06
1780611297.588,280.0,4106,0.0,13.06
1780611297.691,280.0,4106,0.0,13.06
1780611297.794,280.0,4106,19.5,13.06
1780611297.896,280.0,4106,0.0,13.06
1780611297.998,280.0,4106,0.0,13.06
1780611298.101,280.0,4106,0.0,13.06
1780611298.203,280.0,4106,0.0,13.06
1780611298.306,280.0,4106,9.7,13.06
1780611298.409,280.0,4106,0.0,13.06
1780611298.511,280.0,4106,0.0,13.06
1780611298.613,280.0,4106,0.0,13.06
1780611298.716,280.0,4106,9.7,13.06
1780611298.819,280.0,4106,0.0,13.06
1780611298.921,280.0,4106,0.0,13.06
1780611299.023,280.0,4106,0.0,13.06
1780611299.126,280.0,4106,9.8,13.06
1780611299.229,280.0,4106,0.0,13.06
1780611299.331,280.0,4106,9.7,13.06
1780611299.434,280.0,4106,0.0,13.06
1780611299.536,280.0,4106,0.0,13.06
1780611299.639,280.0,4106,0.0,13.06
1780611299.741,280.0,4106,9.8,13.06
1780611299.844,280.0,4106,0.0,13.06
1780611299.946,280.0,4106,0.0,13.06
1780611300.048,280.0,4106,0.0,13.06
1780611300.151,280.0,4106,0.0,13.06
1780611300.265,294.6,4106,70.0,13.06
1780611300.368,298.6,4106,48.7,20.31
1780611300.471,298.6,4106,0.0,20.31
1780611300.573,298.6,4106,9.8,20.31
1780611300.675,298.6,4106,0.0,20.31
1780611300.778,298.6,4106,0.0,20.31
1780611300.880,298.6,4106,0.0,20.31
1780611300.982,298.6,4106,9.8,20.31
1780611301.085,298.6,4106,0.0,20.31
1780611301.187,298.6,4106,0.0,20.31
1780611301.290,298.6,4106,0.0,20.31
1780611301.392,298.6,4106,9.8,20.31
1780611301.495,298.6,4106,0.0,20.31
1780611301.597,298.6,4106,0.0,20.31
1780611301.708,306.1,4106,35.9,20.31
1780611301.830,309.2,4106,98.5,20.31
1780611301.933,280.0,4106,48.8,20.31
1780611302.035,280.0,4106,0.0,20.31
1780611302.138,280.0,4106,0.0,20.31
1780611302.240,280.0,4106,0.0,20.31
1780611302.343,280.0,4106,9.7,12.89
1780611302.446,280.0,4106,0.0,12.89
1780611302.549,280.0,4106,9.7,12.89
1780611302.651,280.0,4106,0.0,12.89
1780611302.754,280.0,4106,0.0,12.89
1780611302.856,280.0,4106,0.0,12.89
1780611302.959,280.0,4106,9.8,12.89
1780611303.061,280.0,4106,0.0,12.89
1780611303.164,280.0,4106,0.0,12.89
1780611303.266,280.0,4106,9.8,12.89
1780611303.369,280.0,4106,0.0,12.89
1780611303.471,280.0,4106,0.0,12.89
1780611303.573,280.0,4106,0.0,12.89
1780611303.676,280.0,4106,0.0,12.89
1780611303.778,280.0,4106,0.0,12.89
1780611303.880,280.0,4106,9.8,12.89
1780611303.983,280.0,4106,0.0,12.89
1780611304.085,280.0,4106,0.0,12.89
1780611304.188,280.0,4106,0.0,12.89
1780611304.290,280.0,4106,9.8,12.89
1780611304.393,280.0,4106,0.0,12.89
1780611304.495,280.0,4106,0.0,12.89
1780611304.597,280.0,4106,0.0,12.89
1780611304.700,280.0,4106,9.8,12.89
1780611304.802,280.0,4106,0.0,12.89
1780611304.904,280.0,4106,0.0,12.89
1780611305.007,280.0,4106,9.8,12.89
1780611305.109,280.0,4106,0.0,12.89
1780611305.211,280.0,4106,0.0,12.89
1780611305.314,280.0,4106,0.0,12.89
1780611305.416,280.0,4106,0.0,12.89
1780611305.519,280.0,4106,9.8,12.89
1780611305.621,280.0,4106,0.0,12.89
1780611305.723,280.0,4106,0.0,12.89
1780611305.826,280.0,4106,0.0,12.89
1780611305.928,280.0,4106,0.0,12.89
1780611306.031,280.0,4106,0.0,12.89
1780611306.133,280.0,4106,9.8,12.89
1780611306.235,280.0,4106,0.0,12.89
1780611306.338,280.0,4106,0.0,12.89
1780611306.440,280.0,4106,0.0,12.89
1780611306.543,280.0,4106,9.8,12.89
1780611306.645,280.0,4106,0.0,12.89
1780611306.751,306.9,4106,75.6,3.87
1780611306.867,319.5,4106,103.0,12.89
1780611306.973,294.3,4106,47.5,12.89
1780611307.075,294.3,4106,0.0,12.89
1780611307.178,294.3,4106,0.0,12.89
1780611307.280,294.3,4106,9.8,12.89
1780611307.383,294.3,4106,0.0,12.89
1780611307.485,294.3,4106,0.0,12.89
1780611307.587,294.3,4106,0.0,12.89
1780611307.690,294.3,4106,9.8,12.89
1780611307.792,294.3,4106,0.0,12.89
1780611307.894,294.3,4106,0.0,12.89
1780611307.997,294.3,4106,0.0,12.89
1780611308.099,294.3,4106,9.8,12.89
1780611308.202,294.3,4106,0.0,12.89
1780611308.304,294.3,4106,0.0,3.87
1780611308.407,294.3,4106,0.0,3.87
1780611308.509,294.3,4106,9.8,3.87
1780611308.612,294.3,4106,0.0,3.87
1780611308.714,294.3,4106,9.8,3.87
1780611308.816,294.3,4106,0.0,3.87
1780611308.918,294.3,4106,0.0,3.87
1780611309.021,294.3,4106,0.0,3.87
1780611309.123,294.3,4106,9.8,3.87
1780611309.225,294.3,4106,0.0,3.87
1780611309.328,294.3,4106,0.0,3.87
1780611309.430,294.3,4106,0.0,3.87
1780611309.533,294.3,4106,0.0,3.87
1780611309.635,294.3,4106,9.8,3.87
1780611309.738,294.3,4106,0.0,3.87
1780611309.840,294.3,4106,0.0,3.87
1780611309.943,294.3,4106,0.0,3.87
1780611310.045,294.3,4106,9.8,3.87
1780611310.147,294.3,4106,0.0,3.87
1780611310.250,294.3,4106,0.0,3.87
1780611310.352,294.3,4106,0.0,3.87
1780611310.455,294.3,4106,9.8,3.87
1780611310.557,294.3,4106,0.0,3.87
1780611310.677,295.3,4106,34.1,3.87
1780611310.779,297.5,4106,28.5,30.68
1780611310.882,297.5,4106,0.0,30.68
1780611310.984,297.5,4106,0.0,30.68
1780611311.087,297.5,4106,0.0,30.68
1780611311.189,297.5,4106,9.8,30.68
1780611311.291,297.5,4106,0.0,30.68
1780611311.394,297.5,4106,0.0,30.68
1780611311.505,299.3,4106,72.1,30.68
1780611311.607,299.3,4106,19.5,30.68
1780611311.710,299.3,4106,0.0,30.68
1780611311.812,299.3,4106,0.0,30.68
1780611311.915,299.3,4106,0.0,30.68
1780611312.017,299.3,4106,9.8,30.68
1780611312.120,299.3,4106,0.0,30.68
1780611312.222,299.3,4106,0.0,30.68
1780611312.324,299.3,4106,0.0,30.68
1780611312.427,299.3,4106,9.8,30.68
1780611312.529,299.3,4106,0.0,30.68
1780611312.632,299.3,4106,0.0,30.68
1780611312.735,299.3,4106,9.8,30.68
1780611312.837,299.3,4106,0.0,30.68
1780611312.940,299.3,4106,0.0,30.68
1780611313.042,299.3,4106,0.0,30.68
1780611313.144,299.3,4106,0.0,30.68
1780611313.247,299.3,4106,0.0,30.68
1780611313.349,299.3,4106,9.8,9.13
1780611313.452,299.3,4106,0.0,9.13
1780611313.554,299.3,4106,9.8,9.13
1780611313.657,299.3,4106,0.0,9.13
1780611313.759,299.3,4106,0.0,9.13
1780611313.861,299.3,4106,0.0,9.13
1780611313.964,299.3,4106,19.5,9.13
1780611314.066,299.3,4106,0.0,9.13
1780611314.169,299.3,4106,0.0,9.13
1780611314.271,299.3,4106,0.0,9.13
1780611314.373,299.3,4106,0.0,9.13
1780611314.476,299.3,4106,0.0,9.13
1780611314.578,299.3,4106,0.0,9.13
1780611314.681,299.3,4106,9.8,9.13
1780611314.783,299.3,4106,0.0,9.13
1780611314.899,299.6,4106,26.0,9.13
1780611315.001,299.6,4106,0.0,9.13
1780611315.103,299.6,4106,9.8,9.13
1780611315.206,299.6,4106,0.0,9.13
1780611315.308,299.6,4106,0.0,9.13
1780611315.411,299.6,4106,9.8,9.13
1780611315.513,299.6,4106,9.8,9.13
1780611315.616,299.6,4106,0.0,9.13
1780611315.718,299.6,4106,9.8,9.13
1780611315.820,299.6,4106,9.8,9.13
1780611315.923,299.6,4106,0.0,9.13
1780611316.025,299.6,4106,29.3,9.13
1780611316.128,299.6,4106,9.8,9.13
1780611316.230,299.6,4106,0.0,9.13
1780611316.332,299.6,4106,0.0,9.13
1780611316.435,299.6,4106,9.8,9.13
1780611316.537,299.6,4106,0.0,9.13
1780611316.640,299.6,4106,0.0,9.13
1780611316.742,299.6,4106,0.0,9.13
1780611316.844,299.6,4106,0.0,9.13
1780611316.947,299.6,4106,0.0,9.13
1780611317.049,299.6,4106,9.8,9.13
1780611317.151,299.6,4106,0.0,2.30
1780611317.254,299.6,4106,9.8,2.30
1780611317.356,299.6,4106,0.0,2.30
1780611317.459,299.6,4106,0.0,2.30
1780611317.561,299.6,4106,0.0,2.30
1780611317.664,299.6,4106,9.8,2.30
1780611317.766,299.6,4106,0.0,2.30
1780611317.868,299.6,4106,0.0,2.30
1780611317.971,299.6,4106,0.0,1.67
1780611318.073,299.6,4106,0.0,1.60
1780611318.175,299.6,4106,0.0,1.60
1780611318.278,299.6,4106,9.8,1.60
1780611318.380,299.6,4106,0.0,1.60
1780611318.483,299.6,4106,0.0,1.60
1780611318.585,299.6,4106,0.0,1.60
1780611318.687,299.6,4106,9.8,1.60
1780611318.790,299.6,4106,0.0,1.60
1780611318.892,299.6,4106,0.0,1.60
1780611318.995,299.6,4106,0.0,1.60
1780611319.097,299.6,4106,0.0,1.60
1780611319.199,299.6,4106,9.8,1.60
1780611319.302,299.6,4106,0.0,1.60
1780611319.404,299.6,4106,0.0,1.60
1780611319.507,299.6,4106,0.0,1.60
1780611319.609,299.6,4106,9.8,1.60
1780611319.711,299.6,4106,0.0,1.60
1780611319.814,299.6,4106,0.0,1.60
1780611319.916,299.6,4106,0.0,1.60
1780611320.019,299.6,4106,9.8,1.60
1780611320.121,299.6,4106,0.0,1.60
1780611320.223,299.6,4106,0.0,1.60
1780611320.326,299.6,4106,0.0,1.60
1780611320.428,299.6,4106,9.8,1.60
1780611320.531,299.6,4106,0.0,1.60
1780611320.633,299.6,4106,0.0,1.60
1780611320.736,299.6,4106,38.6,2.30
1780611320.839,299.6,4106,0.0,2.30
1780611320.941,299.6,4106,9.8,2.30
1780611321.060,300.5,4106,33.6,2.30
1780611321.165,300.5,4106,19.0,18.86
1780611321.268,300.5,4106,0.0,18.86
1780611321.378,300.5,4106,45.2,18.86
1780611321.481,300.5,4106,0.0,18.86
1780611321.583,300.5,4106,9.8,18.86
1780611321.686,300.5,4106,0.0,18.86
1780611321.788,300.5,4106,0.0,18.86
1780611321.890,300.5,4106,9.8,18.86
1780611321.993,300.5,4106,0.0,18.86
1780611322.095,300.5,4106,0.0,18.86
1780611322.198,300.5,4106,0.0,18.86
1780611322.300,300.5,4106,9.7,18.86
1780611322.403,300.5,4106,0.0,18.86
1780611322.505,300.5,4106,0.0,18.86
1780611322.607,300.5,4106,0.0,18.86
1780611322.710,300.5,4106,9.8,18.86
1780611322.812,300.5,4106,0.0,18.86
1780611322.915,300.5,4106,0.0,18.86
1780611323.017,300.5,4106,0.0,18.86
1780611323.120,300.5,4106,9.8,18.86
1780611323.222,300.5,4106,0.0,18.86
1780611323.325,300.5,4106,0.0,18.86
1780611323.427,300.5,4106,9.8,18.86
1780611323.529,300.5,4106,0.0,18.86
1780611323.632,300.5,4106,0.0,18.86
1780611323.734,300.5,4106,0.0,18.86
1780611323.837,300.5,4106,0.0,18.86
1780611323.939,300.5,4106,0.0,18.86
1780611324.042,300.5,4106,29.3,18.86
1780611324.144,300.5,4106,19.5,18.86
1780611324.247,300.5,4106,0.0,18.86
1780611324.357,300.5,4106,18.1,18.86
1780611324.460,300.7,4106,19.5,18.86
1780611324.562,300.7,4106,0.0,18.86
1780611324.665,300.7,4106,0.0,18.86
1780611324.780,302.8,4106,34.8,18.86
1780611324.900,306.3,4106,108.1,18.86
1780611325.003,280.1,4106,39.0,18.86
1780611325.105,280.1,4106,9.8,18.86
1780611325.207,280.1,4106,0.0,18.86
1780611325.310,280.1,4106,0.0,18.86
1780611325.412,280.1,4106,0.0,18.86
1780611325.515,280.1,4106,9.8,18.86
1780611325.617,280.1,4106,0.0,18.86
1780611325.719,280.1,4106,0.0,18.86
1780611325.828,280.1,4106,27.5,18.86
1780611325.931,280.1,4106,0.0,18.86
1780611326.033,280.1,4106,0.0,18.86
1780611326.136,280.1,4106,9.8,18.86
1780611326.238,280.1,4106,0.0,18.86
1780611326.341,280.1,4106,0.0,18.86
1780611326.443,280.1,4106,0.0,18.86
1780611326.545,280.1,4106,9.8,18.86
1780611326.648,280.1,4106,0.0,18.86
1780611326.750,280.1,4106,0.0,18.86
1780611326.852,280.1,4106,0.0,18.86
1780611326.955,280.1,4106,0.0,18.86
1780611327.057,280.1,4106,0.0,18.86
1780611327.160,280.1,4106,9.8,18.86
1780611327.262,280.1,4106,9.8,15.00
1780611327.364,280.1,4106,0.0,15.00
1780611327.467,280.1,4106,0.0,15.00
1780611327.569,280.1,4106,0.0,14.36
1780611327.671,280.1,4106,9.8,14.36
1780611327.774,280.1,4106,0.0,14.36
1780611327.876,280.1,4106,9.8,14.36
1780611327.979,280.1,4106,0.0,14.36
1780611328.081,280.1,4106,0.0,14.36
1780611328.183,280.1,4106,0.0,14.36
1780611328.286,280.1,4106,0.0,14.36
1780611328.388,280.1,4106,9.8,14.36
1780611328.490,280.1,4106,0.0,14.36
1780611328.593,280.1,4106,0.0,14.36
1780611328.695,280.1,4106,0.0,14.36
1780611328.798,280.1,4106,9.8,14.36
1780611328.900,280.1,4106,0.0,14.36
1780611329.003,280.1,4106,0.0,14.36
1780611329.105,280.1,4106,0.0,14.36
1780611329.207,280.1,4106,19.5,14.36
1780611329.310,280.1,4106,0.0,14.36
1780611329.412,280.1,4106,0.0,14.36
1780611329.515,280.1,4106,0.0,14.36
1780611329.617,294.3,4106,68.3,14.36
1780611329.733,301.6,4106,86.4,14.36
1780611329.836,301.6,4106,0.0,14.36
1780611329.938,301.6,4106,0.0,14.36
1780611330.040,301.6,4106,0.0,14.36
1780611330.143,301.6,4106,0.0,14.36
1780611330.245,301.6,4106,9.8,14.36
1780611330.347,301.6,4106,0.0,14.36
1780611330.450,301.6,4106,0.0,14.36
1780611330.552,301.6,4106,0.0,14.36
1780611330.654,301.6,4106,9.8,14.36
1780611330.757,301.6,4106,0.0,14.36
1780611330.859,301.6,4106,0.0,14.36
1780611330.961,301.6,4106,0.0,14.36
1780611331.064,301.6,4106,9.8,14.36
1780611331.166,301.6,4106,0.0,14.36
1780611331.268,301.6,4106,0.0,9.25
1780611331.371,301.6,4106,0.0,4.92
1780611331.473,301.6,4106,9.8,4.92
1780611331.575,301.6,4106,0.0,4.92
1780611331.678,301.6,4106,9.8,4.92
1780611331.780,301.6,4106,0.0,4.92
1780611331.882,301.6,4106,0.0,4.92
1780611331.985,301.6,4106,0.0,4.92
1780611332.087,301.6,4106,9.8,4.92
1780611332.189,301.6,4106,0.0,4.92
1780611332.292,301.6,4106,0.0,1.30
1780611332.394,301.6,4106,0.0,1.30
1780611332.496,301.6,4106,0.0,1.30
1780611332.599,301.6,4106,0.0,1.30
1780611332.701,301.8,4106,19.5,1.30
1780611332.817,310.1,4106,86.6,4.92
1780611332.927,310.1,4106,108.3,38.79
1780611333.030,280.3,4106,0.0,38.79
1780611333.132,280.3,4106,0.0,38.79
1780611333.234,280.3,4106,0.0,38.79
1780611333.337,280.3,4106,9.8,38.79
1780611333.439,280.3,4106,0.0,38.79
1780611333.541,280.3,4106,0.0,38.79
1780611333.644,280.3,4106,0.0,38.79
1780611333.746,280.3,4106,0.0,38.79
1780611333.848,280.3,4106,0.0,38.79
1780611333.961,280.3,4106,26.5,38.79
1780611334.067,280.3,4106,9.8,38.79
1780611334.170,280.5,4106,0.0,38.79
1780611334.273,280.5,4106,9.7,38.79
1780611334.375,280.5,4106,0.0,38.79
1780611334.477,280.5,4106,0.0,38.79
1780611334.580,280.5,4106,9.8,38.79
1780611334.699,334.0,4106,92.6,38.79
1780611334.821,338.1,4106,106.7,44.96
1780611334.923,280.5,4106,38.9,44.96
1780611335.026,280.5,4106,9.8,44.96
1780611335.128,280.5,4106,0.0,44.96
1780611335.231,280.5,4106,0.0,44.96
1780611335.333,280.5,4106,0.0,44.96
1780611335.452,280.8,4106,33.6,44.96
1780611335.557,281.1,4106,9.5,44.96
1780611335.660,281.1,4106,0.0,44.96
1780611335.762,281.1,4106,9.8,44.96
1780611335.865,281.1,4106,0.0,44.96
1780611335.967,281.1,4106,0.0,44.96
1780611336.070,281.1,4106,9.8,44.96
1780611336.172,281.1,4106,0.0,44.96
1780611336.274,281.1,4106,0.0,44.96
1780611336.377,281.1,4106,0.0,44.96
1780611336.479,281.1,4106,9.8,44.96
1780611336.582,281.1,4106,0.0,44.96
1780611336.684,281.1,4106,0.0,44.96
1780611336.786,281.1,4106,0.0,44.96
1780611336.889,281.1,4106,0.0,44.96
1780611336.991,281.1,4106,9.8,44.96
1780611337.093,281.1,4106,0.0,44.96
1780611337.196,281.1,4106,0.0,44.96
1780611337.298,281.1,4106,0.0,44.96
1780611337.400,281.1,4106,0.0,44.96
1780611337.503,281.1,4106,9.8,44.96
1780611337.605,281.1,4106,0.0,44.96
1780611337.708,281.1,4106,0.0,44.96
1780611337.810,281.1,4106,0.0,44.96
1780611337.912,281.1,4106,0.0,44.96
1780611338.015,281.1,4106,0.0,44.96
1780611338.117,281.1,4106,0.0,44.96
1780611338.220,281.1,4106,9.8,44.96
1780611338.322,281.1,4106,0.0,44.96
1780611338.424,281.1,4106,0.0,44.96
1780611338.527,281.1,4106,0.0,44.96
1780611338.629,281.1,4106,9.8,44.96
1780611338.732,281.1,4106,0.0,44.96
1780611338.834,281.1,4106,0.0,44.96
1780611338.937,281.1,4106,0.0,44.96
1780611339.039,281.1,4106,9.8,44.96
1780611339.141,281.1,4106,0.0,44.96
1780611339.244,281.1,4106,9.8,44.96
1780611339.346,281.1,4106,0.0,44.96
1780611339.448,281.1,4106,0.0,6.67
1780611339.551,281.1,4106,0.0,6.67
1780611339.653,281.1,4106,0.0,6.67
1780611339.756,281.1,4106,9.8,6.67
1780611339.858,281.1,4106,0.0,6.67
1780611339.960,281.1,4106,9.8,6.67
1780611340.063,281.1,4106,0.0,6.67
1780611340.165,281.1,4106,0.0,6.67
1780611340.267,281.1,4106,0.0,6.67
1780611340.370,281.1,4106,9.8,6.67
1780611340.472,281.1,4106,0.0,6.67
1780611340.574,281.1,4106,0.0,6.67
1780611340.677,281.1,4106,0.0,6.67
1780611340.779,281.1,4106,0.0,6.67
1780611340.881,281.1,4106,9.8,6.67
1780611340.983,281.1,4106,0.0,6.67
1780611341.085,281.1,4106,0.0,6.67
1780611341.186,281.1,4106,0.0,0.59
1780611341.287,281.1,4106,0.0,0.30
1780611341.389,281.1,4106,0.0,0.13
1780611341.491,281.1,4106,9.8,0.12
1780611341.593,281.1,4106,0.0,0.12
1780611341.695,281.1,4106,0.0,0.12
1780611341.797,281.1,4106,0.0,0.12
1780611341.899,281.1,4106,0.0,0.12
1780611342.001,281.1,4106,9.8,0.12
1780611342.103,281.1,4106,0.0,0.12
1780611342.205,281.1,4106,0.0,0.12
1780611342.307,281.1,4106,0.0,0.12
1780611342.410,281.1,4106,0.0,0.12
1780611342.512,281.1,4106,0.0,0.12
1780611342.614,281.1,4106,9.8,0.12
1780611342.717,281.1,4106,0.0,0.12
1780611342.819,281.1,4106,0.0,0.12
1780611342.921,281.1,4106,0.0,0.12
1780611343.023,281.1,4106,0.0,0.12
1780611343.124,281.1,4106,9.8,0.12
1780611343.226,281.1,4106,0.0,0.12
1780611343.327,281.1,4106,0.0,0.12
1780611343.429,281.1,4106,0.0,0.12
1780611343.530,281.1,4106,0.0,0.12
1780611343.632,281.1,4106,0.0,0.12
1780611343.733,281.1,4106,0.0,0.12
1780611343.834,281.1,4106,9.9,0.12
1780611343.936,281.1,4106,0.0,0.12
1780611344.037,281.1,4106,0.0,0.12
1780611344.138,281.1,4106,0.0,0.16
1780611344.240,281.1,4106,0.0,0.16
1780611344.342,281.1,4106,0.0,0.16
1780611344.444,281.1,4106,9.8,0.16
1780611344.547,281.1,4106,0.0,0.16
1780611344.649,281.1,4106,0.0,0.16
1780611344.752,281.1,4106,0.0,0.16
1780611344.854,281.1,4106,0.0,0.16
1780611344.956,281.1,4106,9.8,0.16
1780611345.059,281.1,4106,0.0,0.16
1780611345.161,281.1,4106,0.0,0.16
1780611345.263,281.1,4106,0.0,0.16
1780611345.365,281.1,4106,0.0,0.16
1780611345.467,281.1,4106,0.0,0.16
1780611345.570,281.1,4106,9.8,0.16
1780611345.672,281.1,4106,0.0,0.16
1780611345.780,315.6,4106,83.3,0.20
1780611345.899,342.6,4106,100.8,0.22
1780611346.022,366.0,4106,106.0,22.59
1780611346.142,366.2,4106,100.2,22.59
1780611346.244,301.5,4106,87.8,44.89
1780611346.347,301.5,4106,0.0,44.89
1780611346.449,301.5,4106,9.8,44.89
1780611346.552,301.5,4106,9.8,44.89
1780611346.654,301.5,4106,0.0,44.89
1780611346.756,301.5,4106,0.0,44.89
1780611346.859,301.5,4106,0.0,44.89
1780611346.961,301.5,4106,0.0,44.89
1780611347.064,301.6,4106,48.8,44.89
1780611347.166,301.6,4106,0.0,44.89
1780611347.269,301.6,4106,0.0,44.89
1780611347.382,301.6,4106,17.7,44.89
1780611347.484,301.6,4106,9.8,44.89
1780611347.587,301.6,4106,0.0,44.89
1780611347.689,301.6,4106,9.8,44.89
1780611347.792,301.6,4106,0.0,44.89
1780611347.894,301.6,4106,0.0,44.89
1780611347.996,301.6,4106,0.0,44.89
1780611348.099,301.6,4106,0.0,44.89
1780611348.201,301.6,4106,0.0,44.89
1780611348.304,301.6,4106,9.8,44.89
1780611348.406,301.6,4106,9.8,44.89
1780611348.508,301.6,4106,0.0,44.89
1780611348.611,301.6,4106,0.0,44.89
1780611348.713,301.6,4106,0.0,44.89
1780611348.815,301.6,4106,0.0,44.89
1780611348.918,301.6,4106,9.8,44.89
1780611349.020,301.6,4106,0.0,44.89
1780611349.122,301.6,4106,0.0,44.89
1780611349.225,301.6,4106,0.0,44.89
1780611349.327,301.6,4106,9.8,44.89
1780611349.430,301.6,4106,0.0,44.89
1780611349.532,301.6,4106,0.0,44.89
1780611349.634,301.6,4106,0.0,44.89
1780611349.737,301.6,4106,9.8,44.89
1780611349.839,301.6,4106,0.0,44.89
1780611349.941,301.6,4106,0.0,44.89
1780611350.044,301.6,4106,0.0,44.89
1780611350.146,301.6,4106,0.0,44.89
1780611350.248,301.6,4106,0.0,44.89
1780611350.351,301.6,4106,0.0,44.89
1780611350.453,301.6,4106,9.8,44.89
1780611350.555,301.6,4106,0.0,44.89
1780611350.658,301.6,4106,0.0,44.89
1780611350.760,301.6,4106,0.0,44.89
1780611350.862,301.6,4106,0.0,44.89
1780611350.965,301.6,4106,9.8,44.89
1780611351.067,301.6,4106,0.0,44.89
1780611351.169,301.6,4106,0.0,44.89
1780611351.272,301.6,4106,0.0,44.89
1780611351.374,301.6,4106,9.8,44.89
1780611351.477,301.6,4106,0.0,44.89
1780611351.583,301.6,4106,9.4,44.89
1780611351.685,301.6,4106,9.8,44.89
1780611351.787,301.6,4106,0.0,44.89
1780611351.894,301.6,4106,0.0,44.89
1780611351.997,301.6,4106,48.8,44.89
1780611352.099,301.6,4106,0.0,44.89
1780611352.201,301.6,4106,0.0,44.89
1780611352.304,301.6,4106,0.0,44.89
1780611352.406,301.6,4106,0.0,44.89
1780611352.508,301.6,4106,0.0,44.89
1780611352.611,301.6,4106,0.0,1.06
1780611352.713,301.6,4106,9.8,0.87
1780611352.815,301.6,4106,0.0,0.87
1780611352.933,302.0,4106,59.4,0.87
1780611353.055,306.8,4106,98.5,1.06
1780611353.161,306.9,4106,19.0,11.59
1780611353.263,306.9,4106,0.0,11.59
1780611353.365,306.9,4106,0.0,11.59
1780611353.468,306.9,4106,0.0,11.59
1780611353.570,306.9,4106,0.0,11.59
1780611353.672,306.9,4106,39.1,11.59
1780611353.775,306.9,4106,0.0,11.59
1780611353.877,306.9,4106,0.0,11.59
1780611353.981,306.9,4106,57.5,11.61
1780611354.084,306.9,4106,0.0,11.61
1780611354.186,306.9,4106,0.0,11.61
1780611354.289,306.9,4106,0.0,11.61
1780611354.391,306.9,4106,9.8,11.61
1780611354.493,306.9,4106,0.0,11.61
1780611354.596,306.9,4106,0.0,11.61
1780611354.698,306.9,4106,0.0,11.61
1780611354.800,306.9,4106,9.8,11.61
1780611354.903,306.9,4106,0.0,11.61
1780611355.005,306.9,4106,0.0,11.61
1780611355.108,306.9,4106,0.0,11.61
1780611355.210,306.9,4106,0.0,11.61
1780611355.312,306.9,4106,9.8,11.61
1780611355.415,306.9,4106,0.0,11.61
1780611355.517,306.9,4106,0.0,11.61
1780611355.620,306.9,4106,0.0,11.61
1780611355.722,306.9,4106,9.8,11.61
1780611355.825,306.9,4106,0.0,11.61
1780611355.927,306.9,4106,0.0,11.61
1780611356.029,306.9,4106,0.0,11.61
1780611356.132,306.9,4106,0.0,11.61
1780611356.234,306.9,4106,0.0,11.61
1780611356.337,306.9,4106,9.8,11.61
1780611356.439,306.9,4106,9.8,11.61
1780611356.541,306.9,4106,0.0,11.61
1780611356.644,306.9,4106,0.0,11.61
1780611356.746,306.9,4106,9.8,11.61
1780611356.849,306.9,4106,0.0,11.61
1780611356.951,306.9,4106,0.0,11.61
1780611357.053,306.9,4106,0.0,11.61
1780611357.156,306.9,4106,0.0,11.61
1780611357.258,306.9,4106,0.0,11.61
1780611357.361,306.9,4106,9.7,11.61
1780611357.463,306.9,4106,0.0,11.61
1780611357.566,306.9,4106,0.0,11.61
1780611357.668,306.9,4106,0.0,11.61
1780611357.770,306.9,4106,9.8,11.61
1780611357.873,306.9,4106,0.0,11.61
1780611357.975,306.9,4106,0.0,11.61
1780611358.078,306.9,4106,0.0,11.61
1780611358.180,306.9,4106,0.0,11.61
1780611358.282,306.9,4106,9.8,11.61
1780611358.385,306.9,4106,0.0,11.61
1780611358.488,306.9,4106,0.0,11.61
1780611358.590,306.9,4106,0.0,11.61
1780611358.692,306.9,4106,9.8,11.61
1780611358.795,306.9,4106,0.0,11.61
1780611358.897,306.9,4106,0.0,11.61
1780611359.000,306.9,4106,0.0,11.61
1780611359.102,306.9,4106,9.8,11.61
1780611359.204,306.9,4106,0.0,11.61
1780611359.307,306.9,4106,0.0,11.61
1780611359.409,306.9,4106,9.8,11.59
1780611359.512,306.9,4106,0.0,0.84
1780611359.614,306.9,4106,0.0,0.84
1780611359.716,306.9,4106,0.0,0.84
1780611359.819,306.9,4106,0.0,0.84
1780611359.921,306.9,4106,0.0,0.84
1780611360.023,306.9,4106,9.8,0.84
1780611360.126,306.9,4106,0.0,0.84
1780611360.228,306.9,4106,0.0,0.84
1780611360.331,306.9,4106,0.0,0.74
1780611360.433,306.9,4106,9.8,0.14
1780611360.536,306.9,4106,0.0,0.14
1780611360.638,306.9,4106,0.0,0.14
1780611360.741,306.9,4106,0.0,0.14
1780611360.843,306.9,4106,9.8,0.14
1780611360.946,306.9,4106,0.0,0.14
1780611361.048,306.9,4106,0.0,0.14
1780611361.151,306.9,4106,0.0,0.14
1780611361.253,306.9,4106,9.8,0.14
1780611361.356,306.9,4106,0.0,0.14
1780611361.458,306.9,4106,0.0,0.14
1780611361.561,306.9,4106,0.0,0.14
1780611361.663,306.9,4106,0.0,0.14
1780611361.766,306.9,4106,9.8,0.14
1780611361.868,306.9,4106,0.0,0.14
1780611361.970,306.9,4106,0.0,0.14
1780611362.073,306.9,4106,0.0,0.14
1780611362.175,306.9,4106,9.8,0.14
1780611362.277,306.9,4106,0.0,0.14
1780611362.380,306.9,4106,0.0,0.14
1780611362.482,306.9,4106,0.0,0.14
1780611362.585,306.9,4106,9.8,0.14
1780611362.688,306.9,4106,0.0,0.14
1780611362.790,306.9,4106,0.0,0.14
1780611362.892,306.9,4106,0.0,0.14
1780611362.995,306.9,4106,9.8,0.14
1780611363.097,306.9,4106,0.0,0.14
1780611363.200,306.9,4106,9.8,0.14
1780611363.302,306.9,4106,0.0,0.14
1780611363.404,306.9,4106,0.0,0.14
1780611363.506,306.9,4106,0.0,0.14
1780611363.608,306.9,4106,0.0,0.14
1780611363.710,306.9,4106,0.0,0.14
1780611363.812,306.9,4106,0.0,0.14
1780611363.914,306.9,4106,0.0,0.14
1780611364.016,306.9,4106,9.8,0.14
1780611364.118,306.9,4106,0.0,0.17
1780611364.220,306.9,4106,0.0,0.17
1780611364.322,306.9,4106,0.0,0.17
1780611364.424,306.9,4106,0.0,0.17
1780611364.526,306.9,4106,9.8,0.17
1780611364.628,306.9,4106,0.0,0.17
1780611364.730,306.9,4106,9.8,0.17
1780611364.832,306.9,4106,0.0,0.17
1780611364.934,306.9,4106,0.0,0.17
1780611365.036,306.9,4106,0.0,0.17
1780611365.138,306.9,4106,0.0,0.17
1780611365.240,306.9,4106,0.0,0.17
1780611365.342,306.9,4106,9.8,0.17
1780611365.444,306.9,4106,0.0,0.17
1780611365.546,306.9,4106,0.0,0.17
1780611365.648,306.9,4106,0.0,0.17
1780611365.750,306.9,4106,9.8,0.17
1780611365.852,306.9,4106,0.0,0.17
1780611365.955,306.9,4106,0.0,0.17
1780611366.057,306.9,4106,0.0,0.17
1780611366.160,306.9,4106,0.0,0.17
1780611366.262,306.9,4106,0.0,0.17
1780611366.365,306.9,4106,0.0,0.17
1780611366.467,306.9,4106,9.8,0.17
1780611366.569,306.9,4106,9.8,0.17
1780611366.672,306.9,4106,0.0,0.17
1780611366.775,306.9,4106,0.0,0.17
1780611366.877,306.9,4106,0.0,0.17
1780611366.980,306.9,4106,9.8,0.17
1780611367.082,306.9,4106,0.0,0.17
1780611367.185,306.9,4106,0.0,0.17
1780611367.287,306.9,4106,0.0,0.17
1780611367.389,306.9,4106,9.8,0.17
1780611367.492,306.9,4106,0.0,0.17
1780611367.594,306.9,4106,0.0,0.17
1780611367.697,306.9,4106,0.0,0.12
1780611367.799,306.9,4106,9.7,0.12
1780611367.903,306.9,4106,0.0,0.12
1780611368.005,306.9,4106,0.0,0.12
1780611368.108,306.9,4106,0.0,0.12
1780611368.211,306.9,4106,9.7,0.12
1780611368.314,306.9,4106,0.0,0.12
1780611368.417,306.9,4106,0.0,0.12
1780611368.519,306.9,4106,0.0,0.12
1780611368.622,306.9,4106,0.0,0.12
1780611368.724,306.9,4106,9.8,0.12
1780611368.826,306.9,4106,0.0,0.12
1780611368.929,306.9,4106,0.0,0.12
1780611369.031,306.9,4106,0.0,0.12
1780611369.133,306.9,4106,9.8,0.12
1780611369.235,306.9,4106,0.0,0.12
1780611369.338,306.9,4106,0.0,0.12
1780611369.440,306.9,4106,9.7,0.18
1780611369.543,306.9,4106,0.0,0.18
1780611369.645,306.9,4106,0.0,0.18
1780611369.748,306.9,4106,0.0,0.18
1780611369.866,307.0,4106,43.3,0.18
1780611369.982,382.0,4106,92.7,0.69
1780611370.102,410.1,4106,108.6,14.37
1780611370.222,410.3,4106,100.0,14.37
1780611370.340,410.3,4106,101.0,14.37
1780611370.446,343.5,4106,85.4,29.53
1780611370.548,343.5,4106,0.0,29.53
1780611370.651,343.5,4106,0.0,29.53
1780611370.753,343.5,4106,0.0,29.53
1780611370.856,343.5,4106,0.0,29.53
1780611370.958,343.5,4106,0.0,29.53
1780611371.061,343.5,4106,0.0,29.53
1780611371.163,343.5,4106,0.0,29.53
1780611371.265,343.5,4106,9.8,29.53
1780611371.368,343.5,4106,0.0,29.53
1780611371.471,343.5,4106,0.0,29.53
1780611371.573,343.5,4106,0.0,29.53
1780611371.675,343.5,4106,9.8,29.53
1780611371.778,343.5,4106,0.0,29.53
1780611371.880,343.5,4106,0.0,29.53
1780611371.983,343.5,4106,0.0,29.53
1780611372.085,343.5,4106,9.8,29.53
1780611372.187,343.5,4106,0.0,29.53
1780611372.290,343.5,4106,0.0,29.53
1780611372.392,343.5,4106,0.0,29.53
1780611372.495,343.5,4106,9.7,29.53
1780611372.597,343.5,4106,0.0,29.53
1780611372.700,343.5,4106,9.8,29.53
1780611372.802,343.5,4106,0.0,29.53
1780611372.905,343.5,4106,0.0,29.53
1780611373.007,343.5,4106,0.0,29.53
1780611373.109,343.5,4106,9.8,29.53
1780611373.212,343.5,4106,0.0,29.53
1780611373.314,343.5,4106,0.0,29.53
1780611373.417,343.5,4106,0.0,29.53
1780611373.519,343.5,4106,0.0,29.53
1780611373.633,343.5,4106,72.5,34.77
1780611373.735,343.5,4106,9.5,34.77
1780611373.837,343.5,4106,0.0,34.77
1780611373.940,343.5,4106,0.0,34.77
1780611374.042,343.5,4106,0.0,34.77
1780611374.144,343.5,4106,9.8,34.77
1780611374.247,343.5,4106,0.0,34.77
1780611374.349,343.5,4106,0.0,34.77
1780611374.452,343.5,4106,0.0,34.77
1780611374.554,343.5,4106,0.0,34.77
1780611374.657,343.5,4106,9.8,34.77
1780611374.759,343.5,4106,9.8,34.77
1780611374.861,343.5,4106,0.0,34.77
1780611374.964,343.5,4106,0.0,34.77
1780611375.066,343.5,4106,0.0,34.77
1780611375.169,343.5,4106,0.0,34.77
1780611375.271,343.5,4106,0.0,34.77
1780611375.374,343.5,4106,9.7,34.77
1780611375.476,343.5,4106,0.0,34.77
1780611375.579,343.5,4106,0.0,34.77
1780611375.681,343.5,4106,0.0,34.77
1780611375.784,343.5,4106,9.8,34.77
1780611375.886,343.5,4106,0.0,34.77
1780611375.988,343.5,4106,0.0,34.77
1780611376.091,343.5,4106,0.0,34.77
1780611376.194,343.5,4106,9.7,34.77
1780611376.297,343.5,4106,9.7,34.77
1780611376.399,343.5,4106,0.0,34.77
1780611376.502,343.5,4106,0.0,34.77
1780611376.604,343.5,4106,0.0,34.77
1780611376.707,343.5,4106,9.8,34.77
1780611376.809,343.5,4106,9.8,34.77
1780611376.912,343.5,4106,0.0,1.99
1780611377.014,343.5,4106,0.0,1.63
1780611377.116,343.5,4106,0.0,1.63
1780611377.219,343.5,4106,0.0,1.63
1780611377.321,343.5,4106,0.0,1.63
1780611377.424,343.5,4106,9.8,1.63
1780611377.526,343.5,4106,0.0,1.63
1780611377.629,343.5,4106,0.0,1.63
1780611377.731,343.5,4106,0.0,1.63
1780611377.833,343.5,4106,9.8,1.63
1780611377.936,343.5,4106,0.0,1.63
1780611378.038,343.5,4106,0.0,1.63
1780611378.140,343.5,4106,9.8,1.63
1780611378.243,343.5,4106,0.0,1.63
1780611378.346,343.5,4106,0.0,1.63
1780611378.448,343.5,4106,0.0,1.63
1780611378.551,343.5,4106,9.8,1.63
1780611378.653,343.5,4106,0.0,1.63
1780611378.756,343.5,4106,0.0,1.63
1780611378.858,343.5,4106,0.0,1.63
1780611378.961,343.5,4106,9.8,1.63
1780611379.063,343.5,4106,0.0,1.63
1780611379.166,343.5,4106,0.0,1.63
1780611379.268,343.5,4106,0.0,1.63
1780611379.371,343.5,4106,9.8,1.63
1780611379.473,343.5,4106,0.0,1.63
1780611379.576,343.5,4106,0.0,1.63
1780611379.678,343.5,4106,0.0,1.63
1780611379.781,343.5,4106,9.7,1.63
1780611379.883,343.5,4106,0.0,1.63
1780611379.986,343.5,4106,0.0,1.63
1780611380.088,343.5,4106,0.0,0.77
1780611380.190,343.5,4106,9.8,0.77
1780611380.293,343.5,4106,0.0,0.77
1780611380.395,343.5,4106,0.0,0.77
1780611380.498,343.5,4106,0.0,0.77
1780611380.600,343.5,4106,9.8,0.16
1780611380.703,343.5,4106,0.0,0.16
1780611380.805,343.5,4106,0.0,0.16
1780611380.907,343.5,4106,0.0,0.16
1780611381.010,343.5,4106,0.0,0.16
1780611381.112,343.5,4106,0.0,0.16
1780611381.215,343.5,4106,9.8,0.16
1780611381.317,343.5,4106,0.0,0.16
1780611381.420,343.5,4106,9.8,0.16
1780611381.522,343.5,4106,0.0,0.16
1780611381.625,343.5,4106,0.0,0.16
1780611381.727,343.5,4106,0.0,0.16
1780611381.830,343.5,4106,9.8,0.16
1780611381.932,343.5,4106,0.0,0.16
1780611382.034,343.5,4106,0.0,0.16
1780611382.137,343.5,4106,0.0,0.16
1780611382.239,343.5,4106,9.8,0.12
1780611382.342,343.5,4106,0.0,0.12
1780611382.444,343.5,4106,0.0,0.12
1780611382.547,343.5,4106,0.0,0.12
1780611382.649,343.5,4106,0.0,0.12
1780611382.752,343.5,4106,0.0,0.12
1780611382.854,343.5,4106,9.8,0.12
1780611382.956,343.5,4106,0.0,0.12
1780611383.059,343.5,4106,0.0,0.12
1780611383.161,343.5,4106,0.0,0.12
1780611383.263,343.5,4106,0.0,0.12
1780611383.366,343.5,4106,9.7,0.12
1780611383.469,343.5,4106,0.0,0.12
1780611383.571,343.5,4106,0.0,0.12
1780611383.674,343.5,4106,0.0,0.12
1780611383.777,343.5,4106,9.7,0.12
1780611383.879,343.5,4106,0.0,0.12
1780611383.982,343.5,4106,0.0,0.12
1780611384.085,343.5,4106,9.8,0.12
1780611384.187,343.5,4106,0.0,0.12
1780611384.290,343.5,4106,0.0,0.12
1780611384.392,343.5,4106,0.0,0.14
1780611384.494,343.5,4106,0.0,0.14
1780611384.597,343.5,4106,9.8,0.14
1780611384.699,343.5,4106,0.0,0.14
1780611384.802,343.5,4106,0.0,0.14
1780611384.904,343.5,4106,0.0,0.14
1780611385.006,343.5,4106,9.8,0.14
1780611385.109,343.5,4106,0.0,0.14
1780611385.211,343.5,4106,0.0,0.14
1780611385.313,343.5,4106,0.0,0.17
1780611385.416,343.5,4106,9.8,0.17
1780611385.518,343.5,4106,0.0,0.17
1780611385.620,343.5,4106,0.0,0.17
1780611385.723,343.5,4106,9.8,0.17
1780611385.825,343.5,4106,0.0,0.17
1780611385.927,343.5,4106,0.0,0.17
1780611386.030,343.5,4106,9.8,0.17
1780611386.132,343.5,4106,0.0,0.17
1780611386.234,343.5,4106,0.0,0.17
1780611386.337,343.5,4106,0.0,0.17
1780611386.439,343.5,4106,0.0,0.17
1780611386.541,343.5,4106,0.0,0.17
1780611386.644,343.5,4106,9.8,0.17
1780611386.746,343.5,4106,0.0,0.17
1780611386.848,343.5,4106,0.0,0.17
1780611386.950,343.5,4106,0.0,0.17
1780611387.053,343.5,4106,0.0,0.17
1780611387.155,343.5,4106,9.8,0.17
1780611387.258,343.5,4106,0.0,0.17
1780611387.360,343.5,4106,0.0,0.17
1780611387.462,343.5,4106,0.0,0.17
1780611387.565,343.5,4106,9.8,0.17
1780611387.667,343.5,4106,0.0,0.17
1780611387.769,343.5,4106,0.0,0.17
1780611387.872,343.5,4106,0.0,0.17
1780611387.974,343.5,4106,9.8,0.17
1780611388.077,343.5,4106,0.0,0.17
1780611388.179,343.5,4106,0.0,0.17
1780611388.282,343.5,4106,0.0,0.17
1780611388.384,343.5,4106,9.8,0.17
1780611388.487,343.5,4106,0.0,0.17
1780611388.589,343.5,4106,0.0,0.17
1780611388.691,343.5,4106,0.0,0.17
1780611388.794,343.5,4106,0.0,0.17
1780611388.896,343.5,4106,9.8,0.17
1780611388.998,343.5,4106,0.0,0.17
1780611389.101,343.5,4106,0.0,0.17
1780611389.203,343.5,4106,0.0,0.17
1780611389.305,343.5,4106,9.8,0.17
1780611389.408,343.5,4106,0.0,0.17
1780611389.510,343.5,4106,0.0,0.17
1780611389.613,343.5,4106,0.0,0.17
1780611389.715,343.5,4106,0.0,0.17
1780611389.817,343.5,4106,9.8,0.17
1780611389.920,343.5,4106,0.0,0.17
1780611390.022,343.5,4106,9.8,0.17
1780611390.125,343.5,4106,0.0,0.17
1780611390.227,343.5,4106,0.0,0.17
1780611390.329,343.5,4106,0.0,0.17
1780611390.432,343.5,4106,9.8,0.14
1780611390.534,343.5,4106,0.0,0.14
1780611390.636,343.5,4106,0.0,0.14
1780611390.739,343.5,4106,0.0,0.14
1780611390.841,343.5,4106,0.0,0.12
1780611390.943,343.5,4106,0.0,0.12
1780611391.046,343.5,4106,9.8,0.12
1780611391.148,343.5,4106,0.0,0.12
1780611391.250,343.5,4106,0.0,0.12
1780611391.353,343.5,4106,0.0,0.12
1780611391.455,343.5,4106,0.0,0.12
1780611391.558,343.5,4106,9.8,0.12
1780611391.660,343.5,4106,0.0,0.12
1780611391.763,343.5,4106,0.0,0.12
1780611391.865,343.5,4106,0.0,0.12
1780611391.967,343.5,4106,9.8,0.12
1780611392.070,343.5,4106,0.0,0.12
1780611392.172,343.5,4106,0.0,0.12
1780611392.274,343.5,4106,0.0,0.12
1780611392.377,343.5,4106,9.8,0.12
1780611392.479,343.5,4106,0.0,0.12
1780611392.581,343.5,4106,0.0,0.12
1780611392.684,343.5,4106,0.0,0.12
1780611392.786,343.5,4106,0.0,0.12
1780611392.888,343.5,4106,9.8,0.12
1780611392.991,343.5,4106,0.0,0.12
1780611393.093,343.5,4106,0.0,0.12
1780611393.195,343.5,4106,0.0,0.12
1780611393.298,343.5,4106,9.8,0.12
1780611393.400,343.5,4106,0.0,0.12
1780611393.502,343.5,4106,0.0,0.12
1780611393.605,343.5,4106,0.0,0.12
1780611393.707,343.5,4106,0.0,0.12
1780611393.809,343.5,4106,0.0,0.12
1780611393.912,343.5,4106,9.8,0.12
1780611394.014,343.5,4106,9.8,0.12
1780611394.116,343.5,4106,0.0,0.12
1780611394.219,343.5,4106,0.0,0.12
1780611394.321,343.5,4106,0.0,0.12
1780611394.424,343.5,4106,0.0,0.12
1780611394.526,343.5,4106,0.0,0.12
1780611394.628,343.5,4106,0.0,0.12
1780611394.731,343.5,4106,9.8,0.12
1780611394.833,343.5,4106,0.0,0.12
1780611394.936,343.5,4106,0.0,0.12
1780611395.038,343.5,4106,9.8,0.12
1780611395.140,343.5,4106,0.0,0.12
1780611395.243,343.5,4106,0.0,0.12
1780611395.345,343.5,4106,0.0,0.12
1780611395.447,343.5,4106,0.0,0.12
1780611395.549,343.5,4106,9.8,0.12
1780611395.652,343.5,4106,9.8,0.12
1780611395.754,343.5,4106,0.0,0.12
1780611395.856,343.5,4106,0.0,0.12
1780611395.959,343.5,4106,0.0,0.12
1780611396.061,343.5,4106,0.0,0.12
1780611396.164,343.5,4106,0.0,0.12
1780611396.266,343.5,4106,0.0,0.12
1780611396.369,343.5,4106,0.0,0.12
1780611396.471,343.5,4106,9.8,0.12
1780611396.573,343.5,4106,0.0,0.12
1780611396.676,343.5,4106,0.0,0.12
1780611396.778,343.5,4106,0.0,0.12
1780611396.881,343.5,4106,9.8,0.12
1780611396.983,343.5,4106,0.0,0.12
1780611397.086,343.5,4106,0.0,0.71
1780611397.188,343.5,4106,0.0,0.71
1780611397.290,343.5,4106,0.0,0.71
1780611397.393,343.5,4106,9.8,0.71
1780611397.495,343.5,4106,0.0,0.71
1780611397.598,343.5,4106,0.0,0.71
1780611397.700,343.5,4106,0.0,0.71
1780611397.802,343.5,4106,9.8,0.71
1780611397.905,343.5,4106,0.0,0.71
1780611398.007,343.5,4106,0.0,0.71
1780611398.110,343.5,4106,19.5,0.71
1780611398.212,343.5,4106,0.0,0.71
1780611398.314,343.5,4106,0.0,0.71
1780611398.417,343.5,4106,0.0,0.71
1780611398.519,343.5,4106,9.8,0.71
1780611398.622,343.5,4106,0.0,0.71
1780611398.724,343.5,4106,0.0,0.71
1780611398.827,343.5,4106,0.0,0.71
1780611398.929,343.5,4106,9.8,0.71
1780611399.032,343.5,4106,0.0,0.71
1780611399.134,343.5,4106,0.0,0.71
1780611399.236,343.5,4106,0.0,0.71
1780611399.339,343.5,4106,9.7,0.71
1780611399.442,343.5,4106,0.0,0.71
1780611399.544,343.5,4106,0.0,0.71
1780611399.646,343.5,4106,0.0,0.71
1780611399.749,343.5,4106,9.8,0.71
1780611399.851,343.5,4106,0.0,0.71
1780611399.954,343.5,4106,0.0,0.71
1780611400.056,343.5,4106,0.0,0.71
1780611400.159,343.5,4106,9.8,0.71
1780611400.261,343.5,4106,0.0,0.71
1780611400.364,343.5,4106,0.0,0.71
1780611400.466,343.5,4106,0.0,0.67
1780611400.568,343.5,4106,0.0,0.67
1780611400.671,343.5,4106,0.0,0.67
1780611400.773,343.5,4106,9.8,0.67
1780611400.875,343.5,4106,0.0,0.67
1780611400.978,343.5,4106,0.0,0.67
1780611401.080,343.5,4106,0.0,0.67
1780611401.182,343.5,4106,9.8,0.67
1780611401.286,343.5,4106,0.0,0.67
1780611401.388,343.5,4106,0.0,0.67
1780611401.491,343.5,4106,0.0,0.67
1780611401.593,343.5,4106,9.8,0.67
1780611401.696,343.5,4106,0.0,0.67
1780611401.798,343.5,4106,0.0,0.67
1780611401.901,343.5,4106,0.0,0.67
1780611402.003,343.5,4106,9.8,0.67
1780611402.106,343.5,4106,0.0,0.67
1780611402.208,343.5,4106,9.8,0.67
1780611402.311,343.5,4106,0.0,0.67
1780611402.413,343.5,4106,0.0,0.67
1780611402.516,343.5,4106,9.8,0.67
1780611402.618,343.5,4106,0.0,0.67
1780611402.735,343.5,4106,51.5,0.67
1780611402.838,343.5,4106,48.7,1.09
1780611402.940,343.5,4106,0.0,1.09
1780611403.043,343.5,4106,9.7,1.09
1780611403.145,343.5,4106,0.0,1.09
1780611403.248,343.5,4106,0.0,1.09
1780611403.350,343.5,4106,0.0,1.09
1780611403.453,343.5,4106,0.0,1.09
1780611403.555,343.5,4106,0.0,0.85
1780611403.658,343.5,4106,9.8,0.85
1780611403.760,343.5,4106,0.0,0.85
1780611403.863,343.5,4106,0.0,0.85
1780611403.965,343.5,4106,0.0,0.85
1780611404.068,343.5,4106,9.8,0.85
1780611404.170,343.5,4106,9.8,0.85
1780611404.273,343.5,4106,0.0,0.85
1780611404.375,343.5,4106,0.0,0.85
1780611404.478,343.5,4106,0.0,0.85
1780611404.580,343.5,4106,9.8,0.85
1780611404.682,343.5,4106,0.0,0.85
1780611404.785,343.5,4106,0.0,0.85
1780611404.887,343.5,4106,0.0,0.85
1780611404.990,343.5,4106,9.7,0.85
1780611405.092,343.5,4106,0.0,0.85
1780611405.194,343.5,4106,0.0,0.85
1780611405.297,343.5,4106,0.0,0.85
1780611405.399,343.5,4106,9.8,0.85
1780611405.502,343.5,4106,0.0,0.85
1780611405.604,343.5,4106,0.0,0.85
1780611405.706,343.5,4106,0.0,0.85
1780611405.809,343.5,4106,0.0,0.85
1780611405.911,343.5,4106,9.8,0.85
1780611406.014,343.5,4106,0.0,0.85
1780611406.116,343.5,4106,0.0,0.85
1780611406.218,343.5,4106,0.0,0.85
1780611406.321,343.5,4106,9.8,0.85
1780611406.423,343.5,4106,0.0,0.85
1780611406.525,343.5,4106,0.0,0.85
1780611406.628,343.5,4106,0.0,0.85
1780611406.730,343.5,4106,9.8,0.85
1780611406.833,343.5,4106,0.0,0.85
1780611406.935,343.5,4106,0.0,0.85
1780611407.038,343.5,4106,0.0,0.85
1780611407.140,343.5,4106,9.8,0.85
1780611407.243,343.5,4106,0.0,0.85
1780611407.345,343.5,4106,0.0,0.85
1780611407.448,343.5,4106,0.0,0.85
1780611407.550,343.5,4106,0.0,0.85
1780611407.652,343.5,4106,0.0,0.85
1780611407.755,343.5,4106,0.0,0.85
1780611407.857,343.5,4106,9.8,0.85
1780611407.959,343.5,4106,0.0,0.85
1780611408.062,343.5,4106,0.0,0.85
1780611408.164,343.5,4106,0.0,0.85
1780611408.266,343.5,4106,9.8,0.85
1780611408.367,343.5,4106,0.0,0.85
1780611408.469,343.5,4106,0.0,0.85
1780611408.570,343.5,4106,0.0,0.85
1780611408.672,343.5,4106,9.9,0.85
1780611408.774,343.5,4106,0.0,0.85
1780611408.877,343.5,4106,0.0,0.85
1780611408.979,343.5,4106,0.0,0.85
1780611409.081,343.5,4106,9.8,0.85
1780611409.184,343.5,4106,0.0,0.62
1780611409.286,343.5,4106,0.0,0.13
1780611409.388,343.5,4106,0.0,0.13
1780611409.491,343.5,4106,0.0,0.13
1780611409.593,343.5,4106,9.8,0.13
1780611409.695,343.5,4106,0.0,0.13
1780611409.798,343.5,4106,0.0,0.13
1780611409.900,343.5,4106,0.0,0.13
1780611410.003,343.5,4106,9.8,0.13
1780611410.105,343.5,4106,0.0,0.13
1780611410.207,343.5,4106,0.0,0.13
1780611410.310,343.5,4106,0.0,0.13
1780611410.412,343.5,4106,0.0,0.13
1780611410.514,343.5,4106,0.0,0.12
1780611410.617,343.5,4106,9.8,0.12
1780611410.719,343.5,4106,0.0,0.12
1780611410.821,343.5,4106,0.0,0.12
1780611410.924,343.5,4106,0.0,0.12
1780611411.026,343.5,4106,0.0,0.12
1780611411.129,343.5,4106,9.8,0.12
1780611411.231,343.5,4106,0.0,0.12
1780611411.334,343.5,4106,0.0,0.12
1780611411.436,343.5,4106,9.8,0.12
1780611411.538,343.5,4106,0.0,0.12
1780611411.641,343.5,4106,0.0,0.12
1780611411.743,343.5,4106,9.8,0.12
1780611411.845,343.5,4106,0.0,0.12
1780611411.948,343.5,4106,0.0,0.12
1780611412.050,343.5,4106,0.0,0.12
1780611412.153,343.5,4106,0.0,0.12
1780611412.255,343.5,4106,0.0,0.12
1780611412.357,343.5,4106,9.8,0.12
1780611412.460,343.5,4106,0.0,0.12
1780611412.562,343.5,4106,0.0,0.12
1780611412.664,343.5,4106,0.0,0.12
1780611412.767,343.5,4106,0.0,0.12
1780611412.869,343.5,4106,0.0,0.12
1780611412.971,343.5,4106,9.8,0.12
1780611413.074,343.5,4106,0.0,0.12
1780611413.176,343.5,4106,0.0,0.12
1780611413.278,343.5,4106,0.0,0.12
1780611413.381,343.5,4106,9.8,0.12
1780611413.483,343.5,4106,0.0,0.12
1780611413.585,343.5,4106,0.0,0.12
1780611413.688,343.5,4106,9.8,0.12
1780611413.790,343.5,4106,0.0,0.12
1780611413.892,343.5,4106,0.0,0.12
1780611413.995,343.5,4106,9.8,0.12
1780611414.097,343.5,4106,0.0,0.62
1780611414.200,343.5,4106,0.0,0.62
1780611414.302,343.5,4106,0.0,0.62
1780611414.405,343.5,4106,0.0,0.62
1780611414.507,343.5,4106,0.0,0.62
1780611414.609,343.5,4106,9.8,0.62
1780611414.712,343.5,4106,0.0,0.62
1780611414.814,343.5,4106,9.8,0.62
1780611414.916,343.5,4106,0.0,0.62
1780611415.019,343.5,4106,0.0,0.62
1780611415.121,343.5,4106,9.8,0.62
1780611415.224,343.5,4106,0.0,0.62
1780611415.326,343.5,4106,0.0,0.62
1780611415.429,343.5,4106,0.0,0.62
1780611415.531,343.5,4106,0.0,0.62
1780611415.634,343.5,4106,0.0,0.62
1780611415.736,343.5,4106,9.8,0.62
1780611415.838,343.5,4106,0.0,0.62
1780611415.941,343.5,4106,0.0,0.62
1780611416.043,343.5,4106,0.0,0.62
1780611416.146,343.5,4106,9.8,0.62
1780611416.248,343.5,4106,0.0,0.62
1780611416.351,343.5,4106,0.0,0.62
1780611416.453,343.5,4106,0.0,0.62
1780611416.556,343.5,4106,0.0,0.62
1780611416.658,343.5,4106,9.8,0.62
1780611416.760,343.5,4106,0.0,0.62
1780611416.863,343.5,4106,0.0,1.04
1780611416.965,343.5,4106,9.8,1.04
1780611417.068,343.5,4106,0.0,1.04
1780611417.170,343.5,4106,0.0,1.04
1780611417.272,343.5,4106,0.0,1.04
1780611417.374,343.5,4106,9.8,1.04
1780611417.477,343.5,4106,0.0,1.04
1780611417.579,343.5,4106,0.0,1.04
1780611417.681,343.5,4106,0.0,1.04
1780611417.783,343.5,4106,0.0,1.04
1780611417.886,343.5,4106,0.0,1.04
1780611417.988,343.5,4106,0.0,1.04
1780611418.090,343.5,4106,9.8,1.04
1780611418.192,343.5,4106,0.0,1.04
1780611418.295,343.5,4106,0.0,1.04
1780611418.397,343.5,4106,9.8,1.04
1780611418.499,343.5,4106,0.0,1.04
1780611418.600,343.5,4106,0.0,1.04
1780611418.702,343.5,4106,0.0,1.04
1780611418.803,343.5,4106,0.0,1.04
1780611418.905,343.5,4106,0.0,1.04
1780611419.006,343.5,4106,9.9,1.04
1780611419.107,343.5,4106,0.0,1.04
1780611419.209,343.5,4106,0.0,1.04
1780611419.310,343.5,4106,0.0,1.04
1780611419.411,343.5,4106,0.0,1.04
1780611419.513,343.5,4106,0.0,1.04
1780611419.614,343.5,4106,0.0,0.62
1780611419.715,343.5,4106,0.0,0.62
1780611419.817,343.5,4106,9.9,0.62
1780611419.918,343.5,4106,0.0,0.62
1780611420.019,343.5,4106,0.0,0.62
1780611420.121,343.5,4106,0.0,0.62
1780611420.222,343.5,4106,0.0,0.62
1780611420.323,343.5,4106,0.0,0.62
1780611420.426,343.5,4106,0.0,0.62
1780611420.528,343.5,4106,9.8,0.13
1780611420.630,343.5,4106,0.0,0.13
1780611420.733,343.5,4106,9.8,0.67
1780611420.835,343.5,4106,0.0,0.67
1780611420.938,343.5,4106,9.8,0.67
1780611421.040,343.5,4106,0.0,1.00
1780611421.149,343.5,4106,18.4,1.00
1780611421.255,343.5,4106,94.7,1.00
1780611421.357,343.5,4106,77.8,1.04
1780611421.460,343.5,4106,9.8,1.04
1780611421.562,343.5,4106,0.0,1.04
1780611421.664,343.5,4106,0.0,1.04
1780611421.767,343.5,4106,0.0,1.04
1780611421.869,343.5,4106,0.0,1.04
1780611421.971,343.5,4106,0.0,1.04
1780611422.074,343.5,4106,9.8,1.04
1780611422.176,343.5,4106,0.0,1.04
1780611422.279,343.5,4106,0.0,1.04
1780611422.381,343.5,4106,0.0,1.04
1780611422.483,343.5,4106,9.8,1.04
1780611422.585,343.5,4106,0.0,1.04
1780611422.688,343.5,4106,0.0,1.04
1780611422.790,343.5,4106,0.0,1.04
1780611422.892,343.5,4106,0.0,1.04
1780611422.995,343.5,4106,0.0,1.04
1780611423.097,343.6,4106,19.5,1.04
1780611423.200,343.6,4106,9.8,1.04
1780611423.302,343.6,4106,0.0,1.00
1780611423.404,343.6,4106,0.0,1.00
1780611423.507,343.6,4106,9.8,1.00
1780611423.609,343.6,4106,0.0,1.00
1780611423.711,343.6,4106,0.0,1.00
1780611423.814,343.6,4106,0.0,1.00
1780611423.916,343.6,4106,0.0,1.00
1780611424.019,343.6,4106,9.8,1.00
1780611424.121,343.6,4106,0.0,1.00
1780611424.224,343.6,4106,0.0,1.00
1780611424.326,343.6,4106,0.0,1.00
1780611424.429,343.6,4106,0.0,1.00
1780611424.531,343.6,4106,9.8,1.00
1780611424.633,343.6,4106,0.0,1.00
1780611424.736,343.6,4106,0.0,1.00
1780611424.838,343.6,4106,9.8,1.00
1780611424.940,343.6,4106,0.0,1.00
1780611425.043,343.6,4106,0.0,1.00
1780611425.145,343.6,4106,9.8,1.00
1780611425.247,343.6,4106,0.0,1.00
1780611425.350,343.6,4106,0.0,1.00
1780611425.452,343.6,4106,0.0,1.00
1780611425.554,343.6,4106,0.0,1.00
1780611425.656,343.6,4106,0.0,1.00
1780611425.758,343.6,4106,0.0,1.00
1780611425.861,343.6,4106,9.8,1.00
1780611425.963,343.6,4106,0.0,1.00
1780611426.065,343.6,4106,0.0,1.00
1780611426.168,343.6,4106,0.0,1.00
1780611426.270,343.6,4106,9.8,1.00
1780611426.373,343.6,4106,87.5,1.00
1780611426.497,399.1,4106,107.5,23.90
1780611426.618,427.1,4106,96.9,23.90
1780611426.738,427.1,4106,108.0,23.90
1780611426.860,427.2,4106,98.1,23.90
1780611426.966,319.4,4106,94.9,81.76
1780611427.068,319.4,4106,0.0,81.76
1780611427.171,319.4,4106,0.0,81.76
1780611427.273,319.4,4106,0.0,81.76
1780611427.376,319.4,4106,0.0,81.76
1780611427.478,319.4,4106,9.8,81.76
1780611427.580,319.4,4106,0.0,81.76
1780611427.682,319.4,4106,9.8,81.76
1780611427.785,319.4,4106,0.0,81.76
1780611427.887,319.4,4106,0.0,81.76
1780611427.990,319.4,4106,0.0,81.76
1780611428.092,319.4,4106,0.0,23.90
1780611428.194,319.4,4106,9.8,23.90
1780611428.297,319.4,4106,0.0,23.90
1780611428.399,319.4,4106,0.0,23.90
1780611428.502,319.4,4106,0.0,23.90
1780611428.604,319.4,4106,9.8,23.90
1780611428.706,319.4,4106,0.0,23.90
1780611428.809,319.4,4106,0.0,23.90
1780611428.911,319.4,4106,0.0,23.90
1780611429.014,319.4,4106,9.8,23.90
1780611429.116,319.4,4106,0.0,23.90
1780611429.218,319.4,4106,0.0,23.90
1780611429.321,319.4,4106,0.0,23.90
1780611429.423,319.4,4106,0.0,23.90
1780611429.525,319.4,4106,9.8,23.90
1780611429.628,319.4,4106,0.0,23.90
1780611429.730,319.4,4106,0.0,23.90
1780611429.832,319.4,4106,0.0,23.90
1780611429.935,319.4,4106,9.8,23.90
1780611430.037,319.4,4106,0.0,23.90
1780611430.140,319.4,4106,0.0,23.90
1780611430.242,319.4,4106,0.0,23.90
1780611430.345,319.4,4106,9.8,23.90
1780611430.447,319.4,4106,0.0,23.90
1780611430.550,319.4,4106,0.0,23.90
1780611430.652,319.4,4106,0.0,23.90
1780611430.755,319.4,4106,9.8,23.90
1780611430.857,319.4,4106,0.0,23.90
1780611430.960,319.4,4106,0.0,23.90
1780611431.062,319.4,4106,0.0,23.90
1780611431.165,319.4,4106,0.0,23.90
1780611431.267,319.4,4106,0.0,23.90
1780611431.370,319.4,4106,9.8,23.90
1780611431.472,319.4,4106,0.0,23.90
1780611431.575,319.4,4106,0.0,23.90
1780611431.677,319.4,4106,0.0,23.90
1780611431.780,319.4,4106,9.7,23.90
1780611431.883,319.4,4106,0.0,23.90
1780611431.985,319.4,4106,0.0,23.90
1780611432.088,319.4,4106,0.0,23.90
1780611432.190,319.4,4106,9.8,23.90
1780611432.292,319.4,4106,9.8,23.90
1780611432.395,319.4,4106,0.0,23.90
1780611432.506,319.4,4106,90.2,28.72
1780611432.614,319.4,4106,101.2,28.72
1780611432.720,319.5,4106,75.9,28.72
1780611432.822,319.5,4106,0.0,28.72
1780611432.928,319.5,4106,28.5,28.72
1780611433.037,319.8,4106,100.7,28.72
1780611433.159,327.6,4106,100.1,28.72
1780611433.262,327.6,4106,38.0,51.95
1780611433.364,327.6,4106,0.0,51.95
1780611433.467,327.6,4106,0.0,51.95
1780611433.569,327.6,4106,0.0,28.72
1780611433.672,327.6,4106,0.0,28.72
1780611433.774,327.6,4106,0.0,28.72
1780611433.877,327.6,4106,9.8,28.72
1780611433.979,327.6,4106,0.0,28.72
1780611434.082,327.6,4106,0.0,28.72
1780611434.184,327.6,4106,0.0,28.72
1780611434.287,327.6,4106,19.5,28.72
1780611434.389,327.6,4106,0.0,28.72
1780611434.492,327.6,4106,0.0,28.72
1780611434.594,327.6,4106,0.0,28.72
1780611434.697,327.6,4106,0.0,28.72
1780611434.799,327.6,4106,0.0,28.72
1780611434.902,327.6,4106,9.8,28.72
1780611435.005,327.6,4106,0.0,28.72
1780611435.107,327.6,4106,0.0,28.72
1780611435.210,327.6,4106,0.0,28.72
1780611435.312,327.6,4106,9.8,28.72
1780611435.415,327.6,4106,0.0,28.72
1780611435.517,327.6,4106,0.0,28.72
1780611435.620,327.6,4106,0.0,28.72
1780611435.722,327.6,4106,9.8,28.72
1780611435.824,327.6,4106,0.0,28.72
1780611435.927,327.6,4106,0.0,28.72
1780611436.029,327.6,4106,0.0,28.72
1780611436.131,327.6,4106,0.0,28.72
1780611436.235,327.6,4106,9.7,28.72
1780611436.337,327.6,4106,0.0,28.72
1780611436.440,327.6,4106,0.0,28.72
1780611436.542,327.6,4106,9.8,28.72
1780611436.645,327.6,4106,0.0,28.72
1780611436.747,327.6,4106,0.0,28.72
1780611436.850,327.6,4106,0.0,28.72
1780611436.952,327.6,4106,0.0,28.72
1780611437.055,327.6,4106,0.0,28.72
1780611437.157,327.6,4106,9.8,28.72
1780611437.260,327.6,4106,0.0,28.72
1780611437.362,327.6,4106,0.0,28.72
1780611437.465,327.6,4106,0.0,28.72
1780611437.567,327.6,4106,9.8,28.72
1780611437.670,327.6,4106,0.0,28.72
1780611437.772,327.6,4106,9.7,28.72
1780611437.875,327.6,4106,0.0,28.72
1780611437.978,327.6,4106,0.0,28.72
1780611438.080,327.6,4106,9.8,28.72
1780611438.183,327.6,4106,0.0,28.72
1780611438.285,327.6,4106,0.0,28.72
1780611438.387,327.6,4106,0.0,28.72
1780611438.490,327.6,4106,0.0,28.72
1780611438.592,327.6,4106,0.0,28.72
1780611438.695,327.6,4106,9.8,28.72
1780611438.797,327.6,4106,9.8,28.72
1780611438.900,327.6,4106,0.0,28.72
1780611439.002,327.6,4106,0.0,27.09
1780611439.105,327.6,4106,0.0,27.09
1780611439.207,327.6,4106,0.0,27.09
1780611439.310,327.6,4106,0.0,27.09
1780611439.412,327.6,4106,9.8,27.09
1780611439.514,327.6,4106,0.0,0.82
1780611439.617,327.6,4106,0.0,0.23
1780611439.719,327.6,4106,0.0,0.23
1780611439.821,327.6,4106,0.0,0.23
1780611439.924,327.6,4106,9.8,0.23
1780611440.026,327.6,4106,0.0,0.23
1780611440.128,327.6,4106,0.0,0.23
1780611440.231,327.6,4106,9.8,0.23
1780611440.333,327.6,4106,0.0,0.23
1780611440.435,327.6,4106,0.0,0.23
1780611440.554,327.6,4106,92.5,0.23
1780611440.657,327.6,4106,0.0,0.27
1780611440.759,327.6,4106,9.8,0.27
1780611440.861,327.6,4106,0.0,0.27
1780611440.964,327.6,4106,0.0,0.27
1780611441.066,327.6,4106,9.8,0.27
1780611441.169,327.6,4106,0.0,0.27
1780611441.271,327.6,4106,0.0,0.27
1780611441.373,327.6,4106,9.8,0.27
1780611441.476,327.6,4106,0.0,0.27
1780611441.578,327.6,4106,0.0,0.27
1780611441.680,327.6,4106,0.0,0.27
1780611441.783,327.6,4106,0.0,0.27
1780611441.885,327.6,4106,0.0,0.27
1780611441.987,327.6,4106,9.8,0.27
1780611442.090,327.6,4106,0.0,1.93
1780611442.192,327.6,4106,0.0,1.93
1780611442.295,327.6,4106,0.0,1.93
1780611442.397,327.6,4106,0.0,1.93
1780611442.499,327.6,4106,9.8,1.93
1780611442.602,327.6,4106,9.8,1.93
1780611442.704,327.6,4106,0.0,1.93
1780611442.806,327.6,4106,0.0,1.93
1780611442.908,327.6,4106,0.0,1.93
1780611443.011,327.6,4106,0.0,1.93
1780611443.113,327.6,4106,0.0,1.93
1780611443.215,327.6,4106,9.8,1.93
1780611443.318,327.6,4106,0.0,1.93
1780611443.420,327.6,4106,0.0,1.93
1780611443.522,327.6,4106,0.0,1.93
1780611443.624,327.6,4106,0.0,1.93
1780611443.727,327.6,4106,0.0,1.93
1780611443.829,327.6,4106,9.8,1.93
1780611443.931,327.6,4106,0.0,1.93
1780611444.033,327.6,4106,0.0,1.93
1780611444.136,327.6,4106,0.0,1.93
1780611444.238,327.6,4106,9.8,1.93
1780611444.340,327.6,4106,0.0,1.93
1780611444.443,327.6,4106,0.0,1.93
1780611444.545,327.6,4106,0.0,1.93
1780611444.647,327.6,4106,9.8,1.93
1780611444.749,327.6,4106,0.0,1.93
1780611444.852,327.6,4106,0.0,1.93
1780611444.954,327.6,4106,0.0,1.93
1780611445.056,327.6,4106,29.3,1.93
1780611445.159,327.6,4106,0.0,1.93
1780611445.261,327.6,4106,0.0,1.93
1780611445.363,327.6,4106,9.8,1.93
1780611445.466,327.6,4106,9.8,1.93
1780611445.568,327.6,4106,0.0,1.93
1780611445.670,327.6,4106,0.0,1.93
1780611445.773,327.7,4106,9.7,1.93
1780611445.884,327.7,4106,99.3,5.57
1780611445.987,327.7,4106,39.0,5.57
1780611446.089,327.7,4106,9.8,5.57
1780611446.191,327.7,4106,0.0,5.57
1780611446.294,327.7,4106,0.0,5.57
1780611446.396,327.7,4106,0.0,5.57
1780611446.498,327.7,4106,0.0,5.57
1780611446.600,327.7,4106,0.0,5.57
1780611446.703,327.7,4106,19.6,5.57
1780611446.805,327.7,4106,0.0,5.57
1780611446.907,327.7,4106,0.0,5.57
1780611447.010,327.7,4106,0.0,1.93
1780611447.112,327.7,4106,0.0,1.93
1780611447.214,327.7,4106,9.8,1.93
1780611447.317,327.7,4106,0.0,1.93
1780611447.419,327.7,4106,0.0,1.93
1780611447.521,327.7,4106,0.0,1.93
1780611447.624,327.7,4106,9.8,1.93
1780611447.726,327.7,4106,0.0,1.93
1780611447.828,327.7,4106,0.0,1.93
1780611447.930,327.7,4106,0.0,1.93
1780611448.033,327.7,4106,0.0,1.93
1780611448.135,327.7,4106,9.8,1.93
1780611448.238,327.7,4106,9.8,1.93
1780611448.340,327.7,4106,0.0,1.93
1780611448.442,327.7,4106,0.0,1.35
1780611448.545,327.7,4106,0.0,1.35
1780611448.647,327.7,4106,9.8,1.35
1780611448.750,327.7,4106,0.0,1.35
1780611448.852,327.7,4106,0.0,1.35
1780611448.954,327.7,4106,0.0,1.35
1780611449.057,327.7,4106,9.8,1.35
1780611449.159,327.7,4106,0.0,1.35
1780611449.261,327.7,4106,0.0,1.35
1780611449.364,327.7,4106,0.0,1.35
1780611449.466,327.7,4106,0.0,1.35
1780611449.569,327.7,4106,9.8,1.35
1780611449.671,327.7,4106,0.0,1.35
1780611449.774,327.7,4106,0.0,1.35
1780611449.876,327.7,4106,0.0,1.35
1780611449.978,327.7,4106,9.8,1.35
1780611450.081,327.7,4106,0.0,1.35
1780611450.183,327.7,4106,0.0,1.35
1780611450.285,327.7,4106,0.0,1.35
1780611450.387,327.7,4106,9.8,1.35
1780611450.490,327.7,4106,0.0,1.35
1780611450.592,327.7,4106,9.8,1.35
1780611450.694,327.7,4106,0.0,1.35
1780611450.797,327.7,4106,0.0,1.35
1780611450.914,327.7,4106,42.7,1.35
1780611451.018,349.8,4106,105.7,20.78
1780611451.128,380.3,4106,99.5,20.78
1780611451.238,380.4,4106,100.5,22.88
1780611451.351,380.4,4106,108.9,22.88
1780611451.453,380.5,4106,66.5,66.42
1780611451.556,380.5,4106,0.0,66.42
1780611451.658,380.5,4106,0.0,66.42
1780611451.760,380.5,4106,9.8,66.42
1780611451.862,380.5,4106,0.0,66.42
1780611451.965,380.5,4106,0.0,66.42
1780611452.067,380.5,4106,0.0,66.42
1780611452.169,380.5,4106,9.8,66.42
1780611452.272,380.5,4106,0.0,66.42
1780611452.374,380.5,4106,9.8,66.42
1780611452.476,380.5,4106,0.0,66.42
1780611452.579,380.5,4106,0.0,66.42
1780611452.681,380.5,4106,0.0,66.42
1780611452.783,380.5,4106,0.0,66.42
1780611452.886,380.5,4106,9.8,66.42
1780611452.988,380.5,4106,0.0,66.42
1780611453.091,380.5,4106,0.0,66.42
1780611453.193,380.5,4106,0.0,66.42
1780611453.296,380.5,4106,9.8,66.42
1780611453.398,380.5,4106,0.0,66.42
1780611453.500,380.5,4106,0.0,66.42
1780611453.603,380.5,4106,0.0,66.42
1780611453.705,380.5,4106,9.8,66.42
1780611453.807,380.5,4106,0.0,66.42
1780611453.910,380.5,4106,0.0,66.42
1780611454.012,380.5,4106,0.0,66.42
1780611454.114,380.5,4106,9.8,66.42
1780611454.217,380.5,4106,9.8,66.42
1780611454.319,380.5,4106,0.0,66.42
1780611454.421,380.5,4106,9.8,66.42
1780611454.526,380.5,4106,19.2,66.42
1780611454.638,380.5,4106,106.7,66.42
1780611454.756,380.6,4106,95.9,66.42
1780611454.874,380.6,4106,107.4,66.42
1780611454.983,380.6,4106,63.9,66.42
1780611455.086,380.6,4106,68.2,66.42
1780611455.188,380.6,4106,9.8,66.42
1780611455.291,380.6,4106,0.0,66.42
1780611455.393,380.6,4106,0.0,66.42
1780611455.495,380.6,4106,0.0,66.42
1780611455.597,380.6,4106,0.0,66.42
1780611455.700,380.6,4106,9.8,66.42
1780611455.802,380.6,4106,0.0,66.42
1780611455.904,380.6,4106,58.7,66.42
1780611456.007,380.6,4106,0.0,66.42
1780611456.109,380.6,4106,0.0,66.42
1780611456.211,380.6,4106,0.0,66.42
1780611456.313,380.6,4106,9.8,66.42
1780611456.416,380.6,4106,0.0,66.42
1780611456.518,380.6,4106,0.0,66.42
1780611456.620,380.6,4106,0.0,66.42
1780611456.739,380.6,4106,33.9,66.42
1780611456.841,380.6,4106,9.8,66.42
1780611456.944,380.6,4106,0.0,66.42
1780611457.046,380.6,4106,9.8,66.42
1780611457.153,380.7,4106,9.4,66.42
1780611457.267,380.7,4106,104.7,66.42
1780611457.373,380.7,4106,66.4,66.42
1780611457.475,380.7,4106,0.0,66.42
1780611457.578,380.7,4106,0.0,66.42
1780611457.680,380.8,4106,39.1,66.42
1780611457.783,380.8,4106,9.7,66.42
1780611457.885,380.8,4106,0.0,66.42
1780611457.988,380.8,4106,0.0,57.19
1780611458.090,380.8,4106,0.0,52.50
1780611458.193,380.8,4106,0.0,52.50
1780611458.295,380.8,4106,0.0,52.50
1780611458.398,380.8,4106,0.0,52.50
1780611458.500,380.8,4106,9.7,52.50
1780611458.603,380.8,4106,0.0,52.50
1780611458.705,380.8,4106,0.0,52.50
1780611458.808,380.8,4106,0.0,52.50
1780611458.910,380.8,4106,9.8,52.50
1780611459.023,380.8,4106,8.9,52.50
1780611459.125,380.8,4106,9.8,52.50
1780611459.228,380.8,4106,0.0,52.50
1780611459.330,380.8,4106,0.0,52.50
1780611459.432,380.8,4106,0.0,52.50
1780611459.535,380.8,4106,9.8,52.50
1780611459.637,380.8,4106,0.0,52.50
1780611459.739,380.8,4106,0.0,52.50
1780611459.841,380.8,4106,0.0,52.50
1780611459.959,380.8,4106,42.4,52.50
1780611460.069,380.9,4106,109.9,52.50
1780611460.171,380.9,4106,0.0,52.50
1780611460.285,380.9,4106,96.8,52.50
1780611460.390,381.0,4106,47.5,52.50
1780611460.492,381.0,4106,9.8,52.50
1780611460.595,381.0,4106,19.5,52.50
1780611460.697,381.0,4106,0.0,52.50
1780611460.799,381.0,4106,9.8,52.50
1780611460.902,381.0,4106,0.0,52.50
1780611461.005,381.0,4106,38.8,52.50
1780611461.107,381.0,4106,9.8,52.50
1780611461.220,381.0,4106,62.1,52.50
1780611461.322,381.0,4106,0.0,52.50
1780611461.434,381.0,4106,35.9,52.50
1780611461.545,381.0,4106,99.3,50.97
1780611461.647,381.0,4106,0.0,50.51
1780611461.749,381.0,4106,0.0,50.51
1780611461.852,381.0,4106,0.0,50.51
1780611461.962,381.1,4106,36.4,50.51
1780611462.064,381.1,4106,0.0,50.51
1780611462.167,381.1,4106,0.0,50.51
1780611462.273,381.1,4106,56.3,50.51
1780611462.394,381.1,4106,49.7,50.51
1780611462.496,381.1,4106,0.0,50.51
1780611462.599,381.1,4106,0.0,50.51
1780611462.701,381.1,4106,39.1,50.51
1780611462.803,381.1,4106,0.0,50.51
1780611462.906,381.1,4106,0.0,50.51
1780611463.008,381.1,4106,39.0,50.51
1780611463.111,381.1,4106,0.0,50.51
1780611463.213,381.1,4106,9.8,50.51
1780611463.316,381.1,4106,0.0,50.51
1780611463.418,381.1,4106,0.0,50.51
1780611463.520,381.1,4106,0.0,50.51
1780611463.623,381.1,4106,9.8,50.51
1780611463.725,381.1,4106,0.0,50.51
1780611463.828,381.1,4106,0.0,50.51
1780611463.930,381.1,4106,0.0,46.98
1780611464.033,381.2,4106,0.0,46.98
1780611464.135,381.2,4106,0.0,46.98
1780611464.238,381.2,4106,9.8,46.98
1780611464.340,381.2,4106,0.0,46.98
1780611464.442,381.2,4106,0.0,46.98
1780611464.545,381.2,4106,0.0,46.98
1780611464.647,381.2,4106,9.8,46.98
1780611464.749,381.2,4106,0.0,46.98
1780611464.866,381.2,4106,79.2,46.98
1780611464.969,381.2,4106,0.0,46.98
1780611465.071,381.2,4106,39.0,46.98
1780611465.174,381.2,4106,0.0,46.98
1780611465.276,381.2,4106,0.0,46.98
1780611465.379,381.2,4106,19.5,46.98
1780611465.482,381.2,4106,9.7,46.98
1780611465.585,381.2,4106,39.1,46.98
1780611465.691,381.2,4106,65.8,46.98
1780611465.793,381.2,4106,0.0,46.98
1780611465.896,381.2,4106,19.5,46.98
1780611465.998,381.2,4106,0.0,46.98
1780611466.101,381.2,4106,0.0,46.98
1780611466.211,381.2,4106,9.3,46.98
1780611466.314,381.2,4106,28.4,46.98
1780611466.416,381.2,4106,0.0,46.98
1780611466.518,381.2,4106,0.0,46.98
1780611466.630,381.3,4106,17.9,46.98
1780611466.732,381.3,4106,9.8,46.98
1780611466.835,381.3,4106,19.5,46.98
1780611466.937,381.3,4106,9.8,46.98
1780611467.040,381.3,4106,19.5,46.98
1780611467.142,381.3,4106,68.3,46.98
1780611467.245,381.3,4106,0.0,46.98
1780611467.347,381.3,4106,9.8,46.98
1780611467.450,381.3,4106,0.0,46.98
1780611467.566,381.3,4106,25.8,46.98
1780611467.671,381.3,4106,38.0,46.98
1780611467.774,381.3,4106,29.3,46.98
1780611467.876,381.3,4106,0.0,42.94
1780611467.979,381.3,4106,0.0,42.94
1780611468.081,381.3,4106,19.5,29.58
1780611468.183,381.3,4106,19.5,29.58
1780611468.286,381.3,4106,39.0,29.58
1780611468.388,381.3,4106,0.0,29.58
1780611468.491,381.3,4106,29.3,29.58
1780611468.593,381.3,4106,19.5,29.58
1780611468.696,381.3,4106,0.0,29.58
1780611468.798,381.3,4106,0.0,29.58
1780611468.901,381.3,4106,0.0,29.58
1780611469.003,381.3,4106,0.0,29.58
1780611469.106,381.3,4106,19.5,29.58
1780611469.211,381.4,4106,28.5,29.58
1780611469.314,381.4,4106,9.8,29.58
1780611469.416,381.4,4106,29.3,29.58
1780611469.519,381.4,4106,9.8,29.58
1780611469.621,381.4,4106,0.0,29.58
1780611469.724,381.4,4106,9.8,29.58
1780611469.832,381.4,4106,18.5,29.58
1780611469.935,381.4,4106,9.8,29.58
1780611470.037,381.4,4106,0.0,29.58
1780611470.140,381.4,4106,0.0,29.58
1780611470.242,381.4,4106,0.0,29.58
1780611470.345,381.4,4106,9.8,29.58
1780611470.456,381.4,4106,26.9,29.58
1780611470.559,381.4,4106,0.0,29.58
1780611470.661,381.4,4106,19.5,29.58
1780611470.764,381.4,4106,0.0,29.58
1780611470.866,381.4,4106,0.0,29.58
1780611470.968,381.4,4106,9.8,29.58
1780611471.071,381.4,4106,19.5,29.58
1780611471.173,381.4,4106,0.0,29.58
1780611471.276,381.4,4106,0.0,29.58
1780611471.378,381.4,4106,0.0,3.23
1780611471.480,381.4,4106,19.5,3.23
1780611471.583,381.4,4106,9.8,3.23
1780611471.685,381.4,4106,19.5,3.23
1780611471.788,381.4,4106,9.8,3.23
1780611471.890,381.4,4106,19.5,14.98
1780611471.993,381.4,4106,19.5,14.98
1780611472.095,381.4,4106,0.0,14.98
1780611472.198,381.4,4106,19.5,14.98
1780611472.300,381.4,4106,9.8,14.98
1780611472.403,381.4,4106,9.8,14.98
1780611472.505,381.5,4106,9.8,14.98
1780611472.607,381.5,4106,9.8,14.98
1780611472.710,381.5,4106,9.8,14.98
1780611472.812,381.5,4106,9.8,14.98
1780611472.917,381.5,4106,0.0,14.98
1780611473.019,381.5,4106,9.8,14.98
1780611473.122,381.5,4106,0.0,14.98
1780611473.224,381.5,4106,0.0,14.98
1780611473.327,381.5,4106,0.0,14.98
1780611473.429,381.5,4106,9.8,14.98
1780611473.531,381.5,4106,0.0,14.98
1780611473.634,381.5,4106,29.3,14.98
1780611473.736,381.5,4106,19.5,14.98
1780611473.839,381.5,4106,9.8,14.98
1780611473.941,381.5,4106,0.0,14.98
1780611474.055,381.5,4106,17.6,3.23
1780611474.157,381.5,4106,0.0,3.23
1780611474.260,381.5,4106,9.8,3.23
1780611474.362,381.5,4106,9.8,3.23
1780611474.465,381.5,4106,9.7,3.23
1780611474.567,381.5,4106,19.5,3.23
1780611474.670,381.5,4106,0.0,3.23
1780611474.772,381.5,4106,29.3,3.23
1780611474.875,381.5,4106,0.0,3.23
1780611474.977,381.5,4106,0.0,3.23
1780611475.080,381.5,4106,0.0,3.23
1780611475.182,381.5,4106,0.0,3.23
1780611475.285,381.5,4106,9.8,3.23
1780611475.387,381.5,4106,9.8,3.23
1780611475.490,381.5,4106,0.0,3.23
1780611475.592,381.5,4106,0.0,3.23
1780611475.694,381.5,4106,0.0,1.91
1780611475.797,381.5,4106,9.8,1.91
1780611475.899,381.5,4106,0.0,1.91
1780611476.002,381.5,4106,0.0,1.91
1780611476.104,381.5,4106,0.0,1.91
1780611476.207,381.5,4106,0.0,1.91
1780611476.320,381.5,4106,17.7,1.91
1780611476.422,381.5,4106,9.8,1.91
1780611476.525,381.5,4106,9.8,1.91
1780611476.627,381.5,4106,0.0,1.91
1780611476.730,381.5,4106,0.0,1.91
1780611476.832,381.5,4106,19.5,1.91
1780611476.949,381.5,4106,8.8,1.91
1780611477.052,381.5,4106,9.4,13.43
1780611477.158,381.5,4106,56.3,13.43
1780611477.261,381.5,4106,9.8,13.43
1780611477.363,381.6,4106,0.0,13.43
1780611477.475,381.6,4106,35.6,14.98
1780611477.578,381.6,4106,0.0,14.98
1780611477.680,381.6,4106,9.8,14.98
1780611477.783,381.6,4106,0.0,14.98
1780611477.885,381.6,4106,0.0,14.98
1780611477.988,381.6,4106,0.0,14.98
1780611478.091,381.6,4106,9.7,14.98
1780611478.193,381.6,4106,9.8,14.98
1780611478.296,381.6,4106,0.0,13.43
1780611478.398,381.6,4106,0.0,13.43
1780611478.501,381.6,4106,0.0,13.43
1780611478.603,381.6,4106,19.5,13.43
1780611478.725,381.6,4106,32.9,13.43
1780611478.827,381.6,4106,0.0,13.43
1780611478.930,381.6,4106,0.0,13.43
1780611479.033,381.6,4106,0.0,13.43
1780611479.135,381.6,4106,0.0,13.43
1780611479.238,381.6,4106,9.8,13.43
1780611479.340,381.6,4106,0.0,13.43
1780611479.443,381.6,4106,0.0,13.43
1780611479.545,381.6,4106,9.8,13.43
1780611479.648,381.6,4106,0.0,13.43
1780611479.750,381.6,4106,0.0,13.43
1780611479.853,381.6,4106,19.5,13.43
1780611479.955,381.6,4106,0.0,13.43
1780611480.058,381.6,4106,9.7,13.43
1780611480.160,381.6,4106,0.0,13.43
1780611480.263,381.6,4106,19.5,13.43
1780611480.365,381.6,4106,0.0,13.43
1780611480.467,381.6,4106,0.0,13.43
1780611480.572,381.6,4106,19.1,13.43
1780611480.675,381.6,4106,39.0,17.45
1780611480.777,381.6,4106,39.0,17.45
1780611480.879,381.6,4106,0.0,17.45
1780611480.982,381.6,4106,0.0,17.45
1780611481.084,381.6,4106,0.0,17.45
1780611481.187,381.6,4106,0.0,17.45
1780611481.289,381.6,4106,9.8,17.45
1780611481.391,381.6,4106,0.0,17.45
1780611481.494,381.6,4106,0.0,17.45
1780611481.596,381.6,4106,0.0,17.45
1780611481.698,381.6,4106,9.8,17.45
1780611481.801,381.6,4106,0.0,17.45
1780611481.903,381.6,4106,0.0,17.45
1780611482.006,381.6,4106,0.0,17.45
1780611482.108,381.6,4106,9.8,17.45
1780611482.211,381.6,4106,0.0,17.45
1780611482.313,381.6,4106,0.0,17.45
1780611482.416,381.6,4106,0.0,17.45
1780611482.518,381.6,4106,0.0,17.45
1780611482.620,381.6,4106,9.8,17.45
1780611482.723,381.6,4106,0.0,17.45
1780611482.825,381.6,4106,29.3,17.45
1780611482.928,381.6,4106,0.0,17.45
1780611483.030,381.6,4106,0.0,17.45
1780611483.133,381.6,4106,0.0,17.45
1780611483.235,381.6,4106,0.0,17.45
1780611483.338,381.6,4106,19.5,17.45
1780611483.441,381.6,4106,0.0,17.45
1780611483.557,381.6,4106,51.5,17.45
1780611483.663,381.6,4106,28.4,17.45
1780611483.766,381.6,4106,19.5,17.45
1780611483.868,381.6,4106,0.0,17.45
1780611483.971,381.6,4106,0.0,1.36
1780611484.073,381.6,4106,0.0,1.36
