t,rss_mb,num_fds,cpu_pct,loop_lag_p99_ms
1780606297.539,132.0,10,0.0,0.00
1780606297.640,132.3,26,9.9,100.24
1780606297.740,132.3,26,0.0,0.14
1780606297.841,132.3,26,0.0,0.15
1780606297.941,132.3,26,0.0,0.16
1780606298.041,132.3,26,0.0,0.16
1780606298.141,132.3,26,0.0,0.16
1780606298.242,132.3,26,10.0,0.16
1780606298.342,132.3,26,0.0,0.16
1780606298.442,132.3,26,0.0,0.16
1780606298.543,132.3,26,0.0,0.16
1780606298.643,132.3,26,0.0,0.16
1780606298.743,132.3,26,0.0,0.16
1780606298.843,132.3,26,0.0,0.16
1780606298.944,132.3,26,0.0,0.16
1780606299.044,132.3,26,0.0,0.16
1780606299.144,132.3,26,0.0,0.16
1780606299.244,132.3,26,0.0,0.16
1780606299.345,132.3,26,0.0,0.16
1780606299.445,132.3,26,0.0,0.16
1780606299.545,132.3,26,0.0,0.16
1780606299.645,132.3,26,0.0,0.16
1780606299.746,132.3,26,0.0,0.16
1780606299.846,132.3,26,0.0,0.16
1780606299.946,132.3,26,0.0,0.16
1780606300.046,132.3,26,0.0,0.16
1780606300.147,132.3,26,0.0,0.16
1780606300.247,132.3,26,0.0,0.16
1780606300.347,132.3,26,0.0,0.16
1780606300.447,132.3,26,0.0,0.16
1780606300.548,132.3,26,0.0,0.16
1780606300.648,132.3,26,0.0,0.16
1780606300.748,132.3,26,0.0,0.16
1780606300.848,132.3,26,0.0,0.16
1780606300.949,132.3,26,0.0,0.16
1780606301.049,132.3,26,0.0,0.16
1780606301.149,132.3,26,0.0,0.16
1780606301.249,132.3,26,0.0,0.16
1780606301.350,132.3,26,0.0,0.16
1780606301.450,132.3,26,0.0,0.16
1780606301.550,132.3,26,0.0,0.16
1780606301.650,132.3,26,0.0,0.16
1780606301.751,132.3,26,0.0,0.16
1780606301.851,132.3,26,10.0,0.18
1780606301.951,132.3,26,0.0,0.18
1780606302.052,132.3,26,0.0,0.18
1780606302.152,132.3,26,0.0,0.18
1780606302.252,132.3,26,0.0,0.18
1780606302.353,132.3,26,0.0,0.18
1780606302.453,132.3,26,0.0,0.18
1780606302.553,132.3,26,0.0,0.18
1780606302.653,132.3,26,0.0,0.18
1780606302.754,132.3,26,0.0,0.18
1780606302.854,132.3,26,0.0,0.18
1780606302.954,132.3,26,0.0,0.18
1780606303.055,132.3,26,0.0,0.18
1780606303.155,132.3,26,0.0,0.18
1780606303.255,132.3,26,0.0,0.18
1780606303.356,132.3,26,0.0,0.18
1780606303.456,132.3,26,0.0,0.18
1780606303.556,132.3,26,0.0,0.18
1780606303.657,132.3,26,0.0,0.18
1780606303.757,132.3,26,0.0,0.18
1780606303.857,132.3,26,0.0,0.18
1780606303.957,132.3,26,0.0,0.18
1780606304.058,132.3,26,0.0,0.17
1780606304.158,132.3,26,0.0,0.17
1780606304.258,132.3,26,0.0,0.17
1780606304.359,132.3,26,0.0,0.17
1780606304.459,132.3,26,0.0,0.17
1780606304.559,132.3,26,0.0,0.17
1780606304.659,132.3,26,0.0,0.17
1780606304.760,132.3,26,0.0,0.17
1780606304.860,132.3,26,0.0,0.17
1780606304.960,132.3,26,0.0,0.17
1780606305.061,132.3,26,0.0,0.17
1780606305.161,132.3,26,0.0,0.17
1780606305.261,132.3,26,0.0,0.17
1780606305.361,132.3,26,0.0,0.17
1780606305.462,132.3,26,0.0,0.17
1780606305.562,132.3,26,0.0,0.17
1780606305.662,132.3,26,0.0,0.17
1780606305.763,132.3,26,0.0,0.17
1780606305.863,132.3,26,0.0,0.17
1780606305.963,132.3,26,0.0,0.17
1780606306.064,132.3,26,0.0,0.17
1780606306.164,132.3,26,0.0,0.17
1780606306.264,132.3,26,0.0,0.17
1780606306.365,132.3,26,0.0,0.17
1780606306.465,132.3,26,0.0,0.17
1780606306.565,132.3,26,0.0,0.17
1780606306.665,132.3,26,0.0,0.17
1780606306.766,132.3,26,0.0,0.17
1780606306.866,132.3,26,0.0,0.17
1780606306.966,132.3,26,0.0,0.17
1780606307.066,132.3,26,0.0,0.17
1780606307.167,132.3,26,0.0,0.17
1780606307.267,132.3,26,0.0,0.17
1780606307.367,132.3,26,0.0,0.17
1780606307.468,132.3,26,0.0,0.17
1780606307.568,132.3,26,10.0,0.18
1780606307.668,132.3,26,0.0,0.18
1780606307.769,132.3,26,0.0,0.18
1780606307.869,132.3,26,0.0,0.18
1780606307.969,132.3,26,0.0,0.18
1780606308.070,132.3,26,0.0,0.18
1780606308.170,132.3,26,0.0,0.18
1780606308.270,132.3,26,0.0,0.17
1780606308.371,132.3,26,0.0,0.17
1780606308.471,132.3,26,0.0,0.17
1780606308.571,132.3,26,0.0,0.17
1780606308.671,132.3,26,0.0,0.17
1780606308.772,132.3,26,0.0,0.17
1780606308.872,132.3,26,0.0,0.17
1780606308.972,132.3,26,0.0,0.17
1780606309.073,132.3,26,0.0,0.17
1780606309.173,132.3,26,0.0,0.17
1780606309.273,132.3,26,0.0,0.17
1780606309.374,132.3,26,0.0,0.17
1780606309.474,132.3,26,0.0,0.17
1780606309.574,132.3,26,0.0,0.17
1780606309.675,132.3,26,0.0,0.17
1780606309.775,132.3,26,0.0,0.17
1780606309.875,132.3,26,0.0,0.17
1780606309.975,132.3,26,0.0,0.17
1780606310.076,132.3,26,0.0,0.17
1780606310.176,132.3,26,0.0,0.17
1780606310.276,132.3,26,0.0,0.17
1780606310.377,132.3,26,0.0,0.17
1780606310.477,132.3,26,10.0,0.17
1780606310.577,132.3,26,0.0,0.17
1780606310.677,132.3,26,0.0,0.17
1780606310.778,132.3,26,0.0,0.17
1780606310.878,132.3,26,0.0,0.17
1780606310.978,132.3,26,0.0,0.17
1780606311.078,132.3,26,0.0,0.17
1780606311.179,132.3,26,0.0,0.17
1780606311.279,132.3,26,0.0,0.17
1780606311.379,132.3,26,0.0,0.17
1780606311.479,132.3,26,0.0,0.17
1780606311.580,132.3,26,0.0,0.17
1780606311.680,132.3,26,0.0,0.17
1780606311.780,132.3,26,0.0,0.17
1780606311.880,132.3,26,0.0,0.17
1780606311.981,132.3,26,0.0,0.17
1780606312.081,132.3,26,0.0,0.17
1780606312.181,132.3,26,0.0,0.17
1780606312.281,132.3,26,0.0,0.17
1780606312.382,132.3,26,0.0,0.17
1780606312.482,132.3,26,10.0,0.17
1780606312.582,132.3,26,0.0,0.17
1780606312.682,132.3,26,0.0,0.17
1780606312.783,132.3,26,0.0,0.17
1780606312.883,132.3,26,0.0,0.17
1780606312.983,132.3,26,0.0,0.17
1780606313.083,132.3,26,0.0,0.17
1780606313.184,132.3,26,0.0,0.17
1780606313.284,132.3,26,0.0,0.17
1780606313.384,132.3,26,0.0,0.17
1780606313.484,132.3,26,0.0,0.17
1780606313.585,132.3,26,0.0,0.17
1780606313.685,132.3,26,0.0,0.17
1780606313.785,132.3,26,0.0,0.17
1780606313.885,132.3,26,0.0,0.17
1780606313.986,132.3,26,0.0,0.16
1780606314.086,132.3,26,0.0,0.16
1780606314.186,132.3,26,0.0,0.16
1780606314.286,132.3,26,0.0,0.16
1780606314.387,132.3,26,0.0,0.16
1780606314.487,132.3,26,0.0,0.16
1780606314.587,132.3,26,0.0,0.16
1780606314.687,132.3,26,0.0,0.16
1780606314.788,132.3,26,0.0,0.16
1780606314.888,132.3,26,0.0,0.16
1780606314.988,132.3,26,0.0,0.16
1780606315.088,132.3,26,0.0,0.16
1780606315.189,132.3,26,0.0,0.16
1780606315.289,132.3,26,0.0,0.16
1780606315.389,132.3,26,0.0,0.16
1780606315.489,132.3,26,0.0,0.16
1780606315.590,132.3,26,0.0,0.16
1780606315.690,132.3,26,0.0,0.16
1780606315.790,132.3,26,0.0,0.16
1780606315.890,132.3,26,0.0,0.16
1780606315.991,132.3,26,0.0,0.16
1780606316.091,132.3,26,0.0,0.16
1780606316.191,132.3,26,0.0,0.16
1780606316.291,132.3,26,0.0,0.15
1780606316.392,132.3,26,0.0,0.15
1780606316.492,132.3,26,0.0,0.15
1780606316.592,132.3,26,0.0,0.15
1780606316.692,132.3,26,0.0,0.15
1780606316.793,132.3,26,0.0,0.15
1780606316.893,132.3,26,10.0,0.15
1780606316.993,132.3,26,0.0,0.15
1780606317.093,132.3,26,0.0,0.15
1780606317.194,132.3,26,0.0,0.15
1780606317.294,132.3,26,0.0,0.15
1780606317.394,132.3,26,0.0,0.15
1780606317.494,132.3,26,0.0,0.15
1780606317.594,132.3,26,0.0,0.16
1780606317.695,132.3,26,0.0,0.16
1780606317.795,132.3,26,0.0,0.18
1780606317.895,132.3,26,0.0,0.18
1780606317.996,132.3,26,0.0,0.18
1780606318.096,132.3,26,0.0,0.18
1780606318.196,132.3,26,0.0,0.18
1780606318.296,132.3,26,0.0,0.18
1780606318.397,132.3,26,0.0,0.18
1780606318.497,132.3,26,0.0,0.18
1780606318.597,132.3,26,0.0,0.18
1780606318.697,132.3,26,0.0,0.18
1780606318.798,132.3,26,0.0,0.18
1780606318.898,132.3,26,0.0,0.18
1780606318.998,132.3,26,0.0,0.18
1780606319.098,132.3,26,0.0,0.18
1780606319.199,132.3,26,0.0,0.18
1780606319.299,132.3,26,0.0,0.18
1780606319.399,132.3,26,0.0,0.18
1780606319.499,132.3,26,0.0,0.18
1780606319.600,132.3,26,0.0,0.18
1780606319.700,132.3,26,0.0,0.18
1780606319.800,132.3,26,0.0,0.18
1780606319.900,132.3,26,0.0,0.18
1780606320.001,132.3,26,0.0,0.18
1780606320.101,132.3,26,0.0,0.18
1780606320.201,132.3,26,0.0,0.18
1780606320.301,132.3,26,0.0,0.18
1780606320.402,132.3,26,0.0,0.18
1780606320.502,132.3,26,0.0,0.18
1780606320.602,132.3,26,0.0,0.18
1780606320.702,132.3,26,0.0,0.18
1780606320.803,132.3,26,0.0,0.18
1780606320.903,132.3,26,0.0,0.18
1780606321.003,132.3,26,0.0,0.18
1780606321.103,132.3,26,0.0,0.18
1780606321.204,132.3,26,0.0,0.18
1780606321.304,132.3,26,0.0,0.18
1780606321.404,132.3,26,0.0,0.18
1780606321.505,132.3,26,0.0,0.18
1780606321.605,132.3,26,0.0,0.18
1780606321.705,132.3,26,0.0,0.18
1780606321.806,132.3,26,0.0,0.18
1780606321.906,132.3,26,0.0,0.18
1780606322.006,132.3,26,0.0,0.18
1780606322.106,132.3,26,0.0,0.18
1780606322.207,132.3,26,0.0,0.18
1780606322.307,132.3,26,0.0,0.18
1780606322.407,132.3,26,10.0,0.18
1780606322.507,132.3,26,0.0,0.18
1780606322.607,132.3,26,0.0,0.18
1780606322.708,132.3,26,0.0,0.18
1780606322.808,132.3,26,0.0,0.18
1780606322.908,132.3,26,0.0,0.18
1780606323.008,132.3,26,0.0,0.18
1780606323.109,132.3,26,0.0,0.18
1780606323.209,132.3,26,0.0,0.18
1780606323.309,132.3,26,0.0,0.18
1780606323.409,132.3,26,0.0,0.18
1780606323.510,132.3,26,0.0,0.18
1780606323.610,132.3,26,0.0,0.18
1780606323.710,132.3,26,0.0,0.18
1780606323.811,132.3,26,0.0,0.18
1780606323.911,132.3,26,0.0,0.18
1780606324.011,132.3,26,0.0,0.17
1780606324.111,132.3,26,0.0,0.17
1780606324.211,132.3,26,0.0,0.16
1780606324.312,132.3,26,0.0,0.15
1780606324.412,132.3,26,0.0,0.15
1780606324.512,132.3,26,0.0,0.15
1780606324.612,132.3,26,0.0,0.15
1780606324.713,132.3,26,0.0,0.15
1780606324.813,132.3,26,0.0,0.15
1780606324.913,132.3,26,0.0,0.15
1780606325.013,132.3,26,0.0,0.15
1780606325.114,132.3,26,0.0,0.15
1780606325.214,132.3,26,0.0,0.15
1780606325.314,132.3,26,0.0,0.15
1780606325.414,132.3,26,0.0,0.15
1780606325.515,132.3,26,0.0,0.15
1780606325.615,132.3,26,0.0,0.15
1780606325.715,132.3,26,0.0,0.15
1780606325.815,132.3,26,0.0,0.15
1780606325.916,132.3,26,0.0,0.15
1780606326.016,132.3,26,0.0,0.17
1780606326.116,132.3,26,0.0,0.17
1780606326.216,132.3,26,0.0,0.17
1780606326.317,132.3,26,0.0,0.17
1780606326.417,132.3,26,0.0,0.17
1780606326.517,132.3,26,0.0,0.17
1780606326.617,132.3,26,0.0,0.17
1780606326.718,132.3,26,0.0,0.17
1780606326.818,132.3,26,0.0,0.17
1780606326.918,132.3,26,0.0,0.17
1780606327.019,132.3,26,0.0,0.17
1780606327.119,132.3,26,0.0,0.17
1780606327.219,132.3,26,0.0,0.17
1780606327.319,132.3,26,10.0,0.17
1780606327.420,132.3,26,0.0,0.17
1780606327.520,132.3,26,0.0,0.17
1780606327.620,132.3,26,0.0,0.17
1780606327.720,132.3,26,0.0,0.17
1780606327.821,132.3,26,0.0,0.17
1780606327.921,132.3,26,0.0,0.17
1780606328.021,132.3,26,10.0,0.17
1780606328.121,132.3,26,0.0,0.17
1780606328.222,132.3,26,0.0,0.17
1780606328.322,132.3,26,0.0,0.17
1780606328.422,132.3,26,0.0,0.17
1780606328.522,132.3,26,0.0,0.17
1780606328.623,132.3,26,0.0,0.17
1780606328.723,132.3,26,0.0,0.17
1780606328.823,132.3,26,0.0,0.17
1780606328.923,132.3,26,0.0,0.17
1780606329.023,132.3,26,0.0,0.17
1780606329.124,132.3,26,0.0,0.17
1780606329.224,132.3,26,0.0,0.17
1780606329.324,132.3,26,0.0,0.17
1780606329.424,132.3,26,0.0,0.17
1780606329.525,132.3,26,0.0,0.17
1780606329.625,132.3,26,0.0,0.17
1780606329.725,132.3,26,0.0,0.17
1780606329.826,132.3,26,0.0,0.17
1780606329.926,132.3,26,0.0,0.17
1780606330.026,132.3,26,0.0,0.17
1780606330.126,132.3,26,0.0,0.17
1780606330.226,132.3,26,0.0,0.17
1780606330.327,132.3,26,0.0,0.17
1780606330.427,132.3,26,0.0,0.17
1780606330.527,132.3,26,0.0,0.17
1780606330.627,132.3,26,0.0,0.17
1780606330.728,132.3,26,0.0,0.17
1780606330.828,132.3,26,0.0,0.17
1780606330.928,132.3,26,0.0,0.17
1780606331.028,132.3,26,0.0,0.17
1780606331.129,132.3,26,0.0,0.17
1780606331.229,132.3,26,0.0,0.17
1780606331.329,132.3,26,0.0,0.17
1780606331.429,132.3,26,0.0,0.17
1780606331.530,132.3,26,0.0,0.17
1780606331.630,132.3,26,0.0,0.17
1780606331.730,132.3,26,0.0,0.17
1780606331.830,132.3,26,0.0,0.17
1780606331.931,132.3,26,0.0,0.17
1780606332.031,132.3,26,0.0,0.17
1780606332.131,132.3,26,0.0,0.17
1780606332.231,132.3,26,0.0,0.17
1780606332.331,132.3,26,0.0,0.17
1780606332.432,132.3,26,0.0,0.17
1780606332.532,132.3,26,0.0,0.17
1780606332.632,132.3,26,0.0,0.17
1780606332.733,132.3,26,0.0,0.17
1780606332.833,132.3,26,0.0,0.17
1780606332.933,132.3,26,0.0,0.17
1780606333.033,132.3,26,0.0,0.17
1780606333.134,132.3,26,0.0,0.17
1780606333.234,132.3,26,0.0,0.17
1780606333.334,132.3,26,0.0,0.17
1780606333.434,132.3,26,0.0,0.17
1780606333.534,132.3,26,0.0,0.17
1780606333.635,132.3,26,0.0,0.17
1780606333.735,132.3,26,0.0,0.17
1780606333.835,132.3,26,0.0,0.17
1780606333.936,132.3,26,0.0,0.17
1780606334.036,132.3,26,0.0,0.17
1780606334.136,132.3,26,0.0,0.17
1780606334.236,132.3,26,0.0,0.17
1780606334.337,132.3,26,0.0,0.17
1780606334.437,132.3,26,0.0,0.17
1780606334.537,132.3,26,0.0,0.17
1780606334.637,132.3,26,0.0,0.17
1780606334.738,132.3,26,0.0,0.17
1780606334.838,132.3,26,0.0,0.17
1780606334.938,132.3,26,0.0,0.17
1780606335.038,132.3,26,0.0,0.17
1780606335.139,132.3,26,0.0,0.17
1780606335.239,132.3,26,0.0,0.17
1780606335.339,132.3,26,0.0,0.17
1780606335.439,132.3,26,0.0,0.17
1780606335.540,132.3,26,0.0,0.17
1780606335.640,132.3,26,10.0,0.17
1780606335.740,132.3,26,0.0,0.17
1780606335.840,132.3,26,0.0,0.17
1780606335.941,132.3,26,0.0,0.17
1780606336.041,132.3,26,0.0,0.17
1780606336.141,132.3,26,0.0,0.17
1780606336.241,132.3,26,0.0,0.17
1780606336.342,132.3,26,0.0,0.16
1780606336.442,132.3,26,0.0,0.16
1780606336.542,132.3,26,0.0,0.16
1780606336.642,132.3,26,0.0,0.16
1780606336.742,132.3,26,0.0,0.16
1780606336.843,132.3,26,0.0,0.16
1780606336.943,132.3,26,0.0,0.16
1780606337.043,132.3,26,0.0,0.16
1780606337.144,132.3,26,0.0,0.16
1780606337.244,132.3,26,0.0,0.16
1780606337.344,132.3,26,0.0,0.16
1780606337.444,132.3,26,0.0,0.16
1780606337.545,132.3,26,0.0,0.16
1780606337.645,132.3,26,0.0,0.17
1780606337.745,132.3,26,0.0,0.17
1780606337.845,132.3,26,0.0,0.17
1780606337.946,132.3,26,0.0,0.17
1780606338.046,132.3,26,0.0,0.19
1780606338.146,132.3,26,0.0,0.19
1780606338.246,132.3,26,0.0,0.19
1780606338.347,132.3,26,0.0,0.19
1780606338.447,132.3,26,0.0,0.19
1780606338.547,132.3,26,0.0,0.19
1780606338.647,132.3,26,0.0,0.19
1780606338.748,132.3,26,0.0,0.19
1780606338.848,132.3,26,0.0,0.19
1780606338.948,132.3,26,0.0,0.19
1780606339.048,132.3,26,0.0,0.19
1780606339.149,132.3,26,0.0,0.19
1780606339.249,132.3,26,0.0,0.19
1780606339.349,132.3,26,10.0,0.19
1780606339.449,132.3,26,0.0,0.19
1780606339.549,132.3,26,0.0,0.19
1780606339.650,132.3,26,0.0,0.19
1780606339.750,132.3,26,0.0,0.19
1780606339.850,132.3,26,0.0,0.19
1780606339.951,132.3,26,0.0,0.19
1780606340.051,132.3,26,0.0,0.19
1780606340.151,132.3,26,0.0,0.19
1780606340.251,132.3,26,0.0,0.19
1780606340.352,132.3,26,0.0,0.19
1780606340.452,132.3,26,0.0,0.19
1780606340.552,132.3,26,0.0,0.19
1780606340.652,132.3,26,0.0,0.19
1780606340.753,132.3,26,0.0,0.19
1780606340.853,132.3,26,0.0,0.19
1780606340.953,132.3,26,0.0,0.19
1780606341.053,132.3,26,0.0,0.19
1780606341.153,132.3,26,0.0,0.19
1780606341.254,132.3,26,0.0,0.19
1780606341.354,132.3,26,0.0,0.19
1780606341.454,132.3,26,0.0,0.19
1780606341.555,132.3,26,0.0,0.19
1780606341.655,132.3,26,0.0,0.19
1780606341.755,132.3,26,0.0,0.19
1780606341.856,132.3,26,0.0,0.19
1780606341.956,132.3,26,0.0,0.19
1780606342.056,132.3,26,0.0,0.19
1780606342.156,132.3,26,0.0,0.19
1780606342.257,132.3,26,0.0,0.19
1780606342.357,132.3,26,0.0,0.19
1780606342.457,132.3,26,0.0,0.19
1780606342.558,132.3,26,0.0,0.19
1780606342.658,132.3,26,0.0,0.19
1780606342.758,132.3,26,0.0,0.19
1780606342.858,132.3,26,0.0,0.19
1780606342.959,132.3,26,0.0,0.19
1780606343.059,132.3,26,0.0,0.19
1780606343.159,132.3,26,10.0,0.19
1780606343.260,132.3,26,0.0,0.19
1780606343.360,132.3,26,0.0,0.19
1780606343.460,132.3,26,0.0,0.19
1780606343.561,132.3,26,0.0,0.19
1780606343.661,132.3,26,0.0,0.19
1780606343.761,132.3,26,10.0,0.19
1780606343.861,132.3,26,0.0,0.19
1780606343.962,132.3,26,0.0,0.19
1780606344.062,132.3,26,0.0,0.18
1780606344.162,132.3,26,0.0,0.18
1780606344.263,132.3,26,0.0,0.18
1780606344.363,132.3,26,0.0,0.18
1780606344.464,132.3,26,0.0,0.17
1780606344.564,132.3,26,0.0,0.17
1780606344.665,132.3,26,0.0,0.18
1780606344.765,132.3,26,0.0,0.18
1780606344.865,132.3,26,0.0,0.18
1780606344.965,132.3,26,0.0,0.18
1780606345.066,132.3,26,0.0,0.18
1780606345.166,132.3,26,0.0,0.18
1780606345.266,132.3,26,0.0,0.18
1780606345.367,132.3,26,0.0,0.18
1780606345.467,132.3,26,0.0,0.18
1780606345.567,132.3,26,0.0,0.18
1780606345.667,132.3,26,0.0,0.18
1780606345.768,132.3,26,0.0,0.18
1780606345.868,132.3,26,0.0,0.18
1780606345.969,132.3,26,0.0,0.18
1780606346.069,132.3,26,0.0,0.20
1780606346.169,132.3,26,0.0,0.20
1780606346.269,132.3,26,0.0,0.20
1780606346.370,132.3,26,0.0,0.20
1780606346.470,132.3,26,0.0,0.20
1780606346.570,132.3,26,0.0,0.20
1780606346.671,132.3,26,0.0,0.20
1780606346.771,132.3,26,0.0,0.20
1780606346.871,132.3,26,10.0,0.20
1780606346.971,132.3,26,0.0,0.20
1780606347.072,132.3,26,0.0,0.20
1780606347.172,132.3,26,0.0,0.20
1780606347.272,132.3,26,0.0,0.20
1780606347.373,132.3,26,0.0,0.20
1780606347.473,132.3,26,0.0,0.20
1780606347.573,132.3,26,0.0,0.20
1780606347.674,132.3,26,0.0,0.20
1780606347.774,132.3,26,0.0,0.20
1780606347.874,132.3,26,0.0,0.20
1780606347.974,132.3,26,0.0,0.20
1780606348.075,132.3,26,0.0,0.20
1780606348.175,132.3,26,0.0,0.20
1780606348.275,132.3,26,0.0,0.20
1780606348.376,132.3,26,0.0,0.20
1780606348.476,132.3,26,0.0,0.20
1780606348.576,132.3,26,0.0,0.20
1780606348.677,132.3,26,0.0,0.20
1780606348.777,132.3,26,0.0,0.20
1780606348.877,132.3,26,0.0,0.20
1780606348.977,132.3,26,0.0,0.20
1780606349.078,132.3,26,0.0,0.20
1780606349.178,132.3,26,0.0,0.20
1780606349.278,132.3,26,0.0,0.20
1780606349.379,132.3,26,0.0,0.20
1780606349.479,132.3,26,0.0,0.20
1780606349.579,132.3,26,0.0,0.20
1780606349.680,132.3,26,0.0,0.20
1780606349.780,132.3,26,0.0,0.20
1780606349.880,132.3,26,0.0,0.20
1780606349.981,132.3,26,0.0,0.20
1780606350.081,132.3,26,0.0,0.20
1780606350.181,132.3,26,0.0,0.20
1780606350.282,132.3,26,0.0,0.20
1780606350.382,132.3,26,0.0,0.20
1780606350.482,132.3,26,0.0,0.20
1780606350.583,132.3,26,0.0,0.20
1780606350.683,132.3,26,0.0,0.20
1780606350.783,132.3,26,0.0,0.20
1780606350.884,132.3,26,0.0,0.20
1780606350.984,132.3,26,0.0,0.20
1780606351.084,132.3,26,0.0,0.20
1780606351.184,132.3,26,0.0,0.20
1780606351.285,132.3,26,0.0,0.20
1780606351.385,132.3,26,0.0,0.20
1780606351.485,132.3,26,0.0,0.20
1780606351.586,132.3,26,0.0,0.20
1780606351.686,132.3,26,0.0,0.20
1780606351.786,132.3,26,0.0,0.20
1780606351.886,132.3,26,0.0,0.20
1780606351.987,132.3,26,0.0,0.20
1780606352.087,132.3,26,0.0,0.20
1780606352.187,132.3,26,0.0,0.20
1780606352.288,132.3,26,0.0,0.20
1780606352.388,132.3,26,0.0,0.20
1780606352.488,132.3,26,0.0,0.20
1780606352.588,132.3,26,0.0,0.20
1780606352.689,132.3,26,0.0,0.20
1780606352.789,132.3,26,0.0,0.20
1780606352.889,132.3,26,10.0,0.20
1780606352.990,132.3,26,0.0,0.20
1780606353.090,132.3,26,0.0,0.20
1780606353.190,132.3,26,0.0,0.20
1780606353.291,132.3,26,0.0,0.20
1780606353.391,132.3,26,0.0,0.20
1780606353.491,132.3,26,0.0,0.20
1780606353.592,132.3,26,0.0,0.20
1780606353.692,132.3,26,0.0,0.20
1780606353.792,132.3,26,0.0,0.20
1780606353.893,132.3,26,0.0,0.20
1780606353.993,132.3,26,0.0,0.20
1780606354.093,132.3,26,0.0,0.20
1780606354.193,132.3,26,0.0,0.20
1780606354.294,132.3,26,0.0,0.20
1780606354.394,132.3,26,0.0,0.20
1780606354.494,132.3,26,0.0,0.20
1780606354.595,132.3,26,0.0,0.20
1780606354.695,132.3,26,0.0,0.20
1780606354.795,132.3,26,0.0,0.20
1780606354.896,132.3,26,0.0,0.20
1780606354.996,132.3,26,0.0,0.20
1780606355.096,132.3,26,0.0,0.20
1780606355.197,132.3,26,0.0,0.20
1780606355.297,132.3,26,10.0,0.20
1780606355.397,132.3,26,0.0,0.20
1780606355.497,132.3,26,0.0,0.20
1780606355.598,132.3,26,0.0,0.20
1780606355.698,132.3,26,0.0,0.20
1780606355.798,132.3,26,0.0,0.20
1780606355.899,132.3,26,0.0,0.20
1780606355.999,132.3,26,0.0,0.20
1780606356.099,132.3,26,0.0,0.20
1780606356.199,132.3,26,0.0,0.20
1780606356.300,132.3,26,0.0,0.20
1780606356.400,132.3,26,0.0,0.17
1780606356.500,132.3,26,0.0,0.17
1780606356.601,198.0,26,49.5,0.16
1780606356.702,419.4,26,99.0,0.16
1780606357.509,348.8,26,100.3,0.17
1780606357.610,135.8,26,0.0,0.62
1780606357.710,135.8,26,0.0,0.62
1780606357.810,135.8,26,0.0,0.62
1780606357.911,135.8,26,10.0,0.62
1780606358.011,135.8,26,0.0,0.62
1780606358.111,135.8,26,0.0,0.62
1780606358.212,135.8,26,0.0,0.62
1780606358.312,135.8,26,0.0,0.62
1780606358.412,135.8,26,0.0,0.62
1780606358.513,135.8,26,0.0,0.62
1780606358.613,135.8,26,0.0,0.62
1780606358.713,135.8,26,0.0,0.62
1780606358.813,135.8,26,0.0,0.62
1780606358.914,135.8,26,0.0,0.62
1780606359.014,135.8,26,0.0,0.62
1780606359.114,135.8,26,0.0,0.62
1780606359.215,135.8,26,0.0,0.62
1780606359.315,135.8,26,0.0,0.62
1780606359.415,135.8,26,0.0,0.62
1780606359.515,135.8,26,0.0,0.62
1780606359.616,135.8,26,0.0,0.62
1780606359.716,135.8,26,0.0,0.62
1780606359.816,135.8,26,0.0,0.62
1780606359.916,135.8,26,0.0,0.62
1780606360.017,135.8,26,0.0,0.62
1780606360.117,135.8,26,0.0,0.62
1780606360.217,135.8,26,0.0,0.62
1780606360.317,135.8,26,0.0,0.62
1780606360.418,135.8,26,0.0,0.62
1780606360.518,135.8,26,0.0,0.62
1780606360.618,135.8,26,0.0,0.62
1780606360.718,135.8,26,0.0,0.62
1780606360.819,135.8,26,0.0,0.62
1780606360.919,135.8,26,0.0,0.62
1780606361.019,135.8,26,0.0,0.62
1780606361.119,135.8,26,0.0,0.62
1780606361.220,135.8,26,0.0,0.62
1780606361.320,135.8,26,0.0,0.62
1780606361.420,135.8,26,0.0,0.62
1780606361.520,135.8,26,0.0,0.62
1780606361.621,135.8,26,0.0,0.62
1780606361.721,135.8,26,0.0,0.62
1780606361.821,135.8,26,0.0,0.62
1780606361.921,135.8,26,10.0,0.62
1780606362.022,135.8,26,0.0,0.62
1780606362.122,135.8,26,0.0,0.62
1780606362.222,135.8,26,0.0,0.62
1780606362.323,135.8,26,0.0,0.62
1780606362.423,135.8,26,0.0,0.62
1780606362.523,135.8,26,0.0,0.62
1780606362.623,135.8,26,0.0,0.62
1780606362.723,135.8,26,0.0,0.62
1780606362.824,135.8,26,0.0,0.62
1780606362.924,135.8,26,0.0,0.62
1780606363.024,135.8,26,0.0,0.62
1780606363.125,135.8,26,0.0,0.62
1780606363.225,135.8,26,0.0,0.62
1780606363.325,135.8,26,0.0,0.62
1780606363.425,135.8,26,0.0,0.62
1780606363.526,135.8,26,10.0,0.62
1780606363.626,135.8,26,0.0,0.62
1780606363.726,135.8,26,0.0,0.62
1780606363.826,135.8,26,0.0,0.62
1780606363.927,135.8,26,0.0,0.19
1780606364.027,135.8,26,0.0,0.19
1780606364.127,135.8,26,0.0,0.19
1780606364.227,135.8,26,0.0,0.19
1780606364.328,135.8,26,0.0,0.19
1780606364.428,135.8,26,0.0,0.18
1780606364.528,135.8,26,0.0,0.18
1780606364.628,135.8,26,0.0,0.18
1780606364.729,135.8,26,0.0,0.18
1780606364.829,135.8,26,0.0,0.18
1780606364.929,135.8,26,0.0,0.18
1780606365.029,135.8,26,0.0,0.18
1780606365.130,135.8,26,0.0,0.18
1780606365.230,135.8,26,0.0,0.18
1780606365.330,135.8,26,0.0,0.18
1780606365.430,135.8,26,0.0,0.18
1780606365.531,135.8,26,0.0,0.18
1780606365.631,135.8,26,0.0,0.18
1780606365.731,135.8,26,0.0,0.18
1780606365.831,135.8,26,0.0,0.18
1780606365.932,135.8,26,0.0,0.18
1780606366.032,135.8,26,0.0,0.18
1780606366.132,135.8,26,0.0,0.18
1780606366.232,135.8,26,0.0,0.18
1780606366.333,135.8,26,0.0,0.18
1780606366.433,135.8,26,0.0,0.18
1780606366.533,135.8,26,0.0,0.18
1780606366.633,135.8,26,0.0,0.18
1780606366.734,135.8,26,0.0,0.18
1780606366.834,135.8,26,0.0,0.18
1780606366.934,135.8,26,0.0,0.18
1780606367.034,135.8,26,0.0,0.18
1780606367.135,135.8,26,0.0,0.18
1780606367.235,135.8,26,0.0,0.18
1780606367.335,135.8,26,0.0,0.18
1780606367.435,135.8,26,0.0,0.18
1780606367.536,135.8,26,0.0,0.18
1780606367.636,135.8,26,0.0,0.19
1780606367.736,135.8,26,0.0,0.19
1780606367.837,135.8,26,0.0,0.19
1780606367.937,135.8,26,0.0,0.19
1780606368.037,135.8,26,0.0,0.19
1780606368.138,135.8,26,0.0,0.19
1780606368.238,135.8,26,0.0,0.19
1780606368.338,135.8,26,0.0,0.18
1780606368.438,135.8,26,0.0,0.17
1780606368.539,135.8,26,0.0,0.17
1780606368.639,135.8,26,0.0,0.17
1780606368.739,135.8,26,10.0,0.17
1780606368.839,135.8,26,0.0,0.17
1780606368.940,135.8,26,0.0,0.17
1780606369.040,135.8,26,0.0,0.17
1780606369.140,135.8,26,0.0,0.17
1780606369.241,135.8,26,0.0,0.17
1780606369.341,135.8,26,0.0,0.17
1780606369.441,135.8,26,0.0,0.17
1780606369.541,135.8,26,0.0,0.17
1780606369.641,135.8,26,0.0,0.17
1780606369.742,135.8,26,0.0,0.17
1780606369.842,135.8,26,0.0,0.17
1780606369.942,135.8,26,0.0,0.17
1780606370.042,135.8,26,0.0,0.17
1780606370.143,135.8,26,0.0,0.17
1780606370.243,135.8,26,0.0,0.17
1780606370.343,135.8,26,0.0,0.17
1780606370.444,135.8,26,0.0,0.17
1780606370.544,135.8,26,0.0,0.17
1780606370.644,135.8,26,0.0,0.17
1780606370.745,135.8,26,0.0,0.17
1780606370.845,135.8,26,0.0,0.17
1780606370.945,135.8,26,0.0,0.17
1780606371.045,135.8,26,0.0,0.17
1780606371.146,135.8,26,0.0,0.17
1780606371.246,135.8,26,0.0,0.17
1780606371.346,135.8,26,10.0,0.17
1780606371.446,135.8,26,0.0,0.17
1780606371.547,135.8,26,0.0,0.17
1780606371.647,135.8,26,0.0,0.17
1780606371.747,135.8,26,0.0,0.17
1780606371.847,135.8,26,0.0,0.17
1780606371.948,135.8,26,0.0,0.17
1780606372.048,135.8,26,0.0,0.17
1780606372.148,135.8,26,0.0,0.17
1780606372.249,135.8,26,0.0,0.17
1780606372.349,135.8,26,0.0,0.17
1780606372.449,135.8,26,0.0,0.22
1780606372.549,135.8,26,0.0,0.22
1780606372.650,135.8,26,0.0,0.22
1780606372.750,135.8,26,0.0,0.22
1780606372.850,135.8,26,0.0,0.22
1780606372.950,135.8,26,0.0,0.22
1780606373.051,135.8,26,0.0,0.22
1780606373.151,135.8,26,0.0,0.22
1780606373.251,135.8,26,0.0,0.22
1780606373.352,135.8,26,0.0,0.22
1780606373.452,135.8,26,0.0,0.22
1780606373.552,135.8,26,0.0,0.22
1780606373.652,135.8,26,0.0,0.22
1780606373.753,135.8,26,0.0,0.22
1780606373.853,135.8,26,0.0,0.22
1780606373.953,135.8,26,0.0,0.22
1780606374.053,135.8,26,0.0,0.17
1780606374.154,135.8,26,0.0,0.17
1780606374.254,135.8,26,0.0,0.17
1780606374.354,135.8,26,0.0,0.17
1780606374.454,135.8,26,0.0,0.17
1780606374.555,135.8,26,0.0,0.17
1780606374.655,135.8,26,0.0,0.17
1780606374.755,135.8,26,0.0,0.17
1780606374.855,135.8,26,0.0,0.17
1780606374.956,135.8,26,0.0,0.17
1780606375.056,135.8,26,0.0,0.17
1780606375.156,135.8,26,0.0,0.17
1780606375.256,135.8,26,0.0,0.17
1780606375.357,135.8,26,0.0,0.17
1780606375.457,135.8,26,0.0,0.17
1780606375.557,135.8,26,0.0,0.17
1780606375.657,135.8,26,0.0,0.17
1780606375.758,135.8,26,0.0,0.17
1780606375.858,135.8,26,0.0,0.17
1780606375.958,135.8,26,0.0,0.17
1780606376.058,135.8,26,0.0,0.17
1780606376.159,135.8,26,0.0,0.17
1780606376.259,135.8,26,0.0,0.17
1780606376.359,135.8,26,0.0,0.17
1780606376.459,135.8,26,0.0,0.17
1780606376.560,135.8,26,0.0,0.17
1780606376.660,135.8,26,0.0,0.17
1780606376.760,135.8,26,10.0,0.17
1780606376.860,135.8,26,0.0,0.17
1780606376.960,135.8,26,0.0,0.17
1780606377.061,135.8,26,0.0,0.17
1780606377.161,135.8,26,0.0,0.17
1780606377.261,135.8,26,0.0,0.17
1780606377.361,135.8,26,0.0,0.17
1780606377.462,135.8,26,0.0,0.17
1780606377.562,135.8,26,0.0,0.17
1780606377.662,135.8,26,0.0,0.22
1780606377.763,135.8,26,0.0,0.22
1780606377.863,135.8,26,0.0,0.22
1780606377.963,135.8,26,0.0,0.22
1780606378.064,135.8,26,0.0,0.22
1780606378.164,135.8,26,0.0,0.22
1780606378.264,135.8,26,0.0,0.22
1780606378.364,135.8,26,0.0,0.22
1780606378.465,135.8,26,0.0,0.22
1780606378.565,135.8,26,0.0,0.22
1780606378.665,135.8,26,0.0,0.22
1780606378.765,135.8,26,0.0,0.22
1780606378.866,135.8,26,0.0,0.17
1780606378.966,135.8,26,0.0,0.17
1780606379.066,135.8,26,0.0,0.17
1780606379.166,135.8,26,0.0,0.17
1780606379.267,135.8,26,0.0,0.17
1780606379.367,135.8,26,0.0,0.17
1780606379.467,135.8,26,0.0,0.17
1780606379.567,135.8,26,0.0,0.17
1780606379.668,135.8,26,0.0,0.17
1780606379.768,135.8,26,0.0,0.17
1780606379.868,135.8,26,0.0,0.17
1780606379.968,135.8,26,0.0,0.17
1780606380.069,135.8,26,0.0,0.17
1780606380.169,135.8,26,0.0,0.17
1780606380.269,135.8,26,0.0,0.17
1780606380.369,135.8,26,0.0,0.17
1780606380.470,135.8,26,0.0,0.17
1780606380.570,135.8,26,10.0,0.17
1780606380.670,135.8,26,0.0,0.17
1780606380.770,135.8,26,0.0,0.17
1780606380.871,135.8,26,0.0,0.17
1780606380.971,135.8,26,0.0,0.17
1780606381.071,135.8,26,0.0,0.17
1780606381.171,135.8,26,0.0,0.17
1780606381.272,135.8,26,0.0,0.17
1780606381.372,135.8,26,0.0,0.17
1780606381.472,135.8,26,0.0,0.17
1780606381.572,135.8,26,0.0,0.17
1780606381.673,135.8,26,0.0,0.17
1780606381.773,135.8,26,0.0,0.17
1780606381.873,135.8,26,0.0,0.17
1780606381.973,135.8,26,0.0,0.17
1780606382.074,135.8,26,0.0,0.17
1780606382.174,135.8,26,0.0,0.17
1780606382.274,135.8,26,0.0,0.17
1780606382.374,135.8,26,0.0,0.17
1780606382.475,135.8,26,0.0,0.17
1780606382.575,135.8,26,0.0,0.17
1780606382.675,135.8,26,0.0,0.17
1780606382.776,135.8,26,0.0,0.17
1780606382.876,135.8,26,0.0,0.17
1780606382.976,135.8,26,0.0,0.17
1780606383.077,135.8,26,0.0,0.17
1780606383.177,135.8,26,10.0,0.17
1780606383.277,135.8,26,0.0,0.17
1780606383.377,135.8,26,0.0,0.17
1780606383.478,135.8,26,0.0,0.17
1780606383.578,135.8,26,0.0,0.17
1780606383.678,135.8,26,0.0,0.17
1780606383.778,135.8,26,0.0,0.17
1780606383.879,135.8,26,0.0,0.17
1780606383.979,135.8,26,0.0,0.17
1780606384.079,135.8,26,0.0,0.17
1780606384.179,135.8,26,0.0,0.17
1780606384.279,135.8,26,0.0,0.17
1780606384.380,135.8,26,0.0,0.17
1780606384.480,135.8,26,0.0,0.17
1780606384.580,135.8,26,0.0,0.17
1780606384.681,135.8,26,0.0,0.17
1780606384.781,135.8,26,0.0,0.17
1780606384.881,135.8,26,0.0,0.17
1780606384.981,135.8,26,0.0,0.17
1780606385.082,135.8,26,0.0,0.17
1780606385.182,135.8,26,0.0,0.17
1780606385.282,135.8,26,0.0,0.17
1780606385.382,135.8,26,0.0,0.17
1780606385.483,135.8,26,0.0,0.17
1780606385.583,135.8,26,0.0,0.17
1780606385.683,135.8,26,0.0,0.17
1780606385.783,135.8,26,0.0,0.17
1780606385.883,135.8,26,0.0,0.17
1780606385.984,135.8,26,0.0,0.17
1780606386.084,135.8,26,0.0,0.17
1780606386.184,135.8,26,0.0,0.17
1780606386.284,135.8,26,0.0,0.17
1780606386.385,135.8,26,0.0,0.17
1780606386.485,135.8,26,0.0,0.17
1780606386.585,135.8,26,0.0,0.17
1780606386.685,135.8,26,0.0,0.17
1780606386.786,135.8,26,0.0,0.17
1780606386.886,135.8,26,0.0,0.17
1780606386.986,135.8,26,0.0,0.17
1780606387.086,135.8,26,0.0,0.17
1780606387.187,135.8,26,0.0,0.17
1780606387.287,135.8,26,0.0,0.17
1780606387.387,135.8,26,0.0,0.17
1780606387.487,135.8,26,0.0,0.17
1780606387.588,135.8,26,0.0,0.19
1780606387.688,135.8,26,0.0,0.19
1780606387.788,135.8,26,0.0,0.19
1780606387.888,135.8,26,0.0,0.19
1780606387.989,135.8,26,0.0,0.19
1780606388.089,135.8,26,0.0,0.19
1780606388.190,135.8,26,0.0,0.19
1780606388.290,135.8,26,0.0,0.19
1780606388.390,135.8,26,0.0,0.19
1780606388.490,135.8,26,0.0,0.19
1780606388.591,135.8,26,0.0,0.19
1780606388.691,135.8,26,10.0,0.19
1780606388.791,135.8,26,0.0,0.19
1780606388.891,135.8,26,0.0,0.19
1780606388.992,135.8,26,0.0,0.19
1780606389.092,135.8,26,0.0,0.19
1780606389.192,135.8,26,0.0,0.19
1780606389.292,135.8,26,0.0,0.19
1780606389.393,135.8,26,0.0,0.19
1780606389.493,135.8,26,0.0,0.19
1780606389.593,135.8,26,0.0,0.19
1780606389.693,135.8,26,0.0,0.19
1780606389.794,135.8,26,0.0,0.19
1780606389.894,135.8,26,0.0,0.19
1780606389.994,135.8,26,0.0,0.19
1780606390.094,135.8,26,0.0,0.19
1780606390.195,135.8,26,0.0,0.19
1780606390.295,135.8,26,0.0,0.19
1780606390.395,135.8,26,0.0,0.19
1780606390.495,135.8,26,0.0,0.19
1780606390.596,135.8,26,0.0,0.19
1780606390.696,135.8,26,0.0,0.19
1780606390.796,135.8,26,0.0,0.19
1780606390.897,135.8,26,0.0,0.19
1780606390.997,135.8,26,0.0,0.19
1780606391.097,135.8,26,0.0,0.19
1780606391.197,135.8,26,0.0,0.19
1780606391.298,135.8,26,0.0,0.19
1780606391.398,135.8,26,0.0,0.19
1780606391.498,135.8,26,0.0,0.19
1780606391.598,135.8,26,10.0,0.19
1780606391.699,135.8,26,0.0,0.19
1780606391.799,135.8,26,0.0,0.19
1780606391.899,135.8,26,0.0,0.19
1780606391.999,135.8,26,0.0,0.19
1780606392.100,135.8,26,0.0,0.19
1780606392.200,135.8,26,0.0,0.19
1780606392.300,135.8,26,0.0,0.19
1780606392.400,135.8,26,0.0,0.19
1780606392.501,135.8,26,0.0,0.19
1780606392.601,135.8,26,0.0,0.19
1780606392.701,135.8,26,0.0,0.19
1780606392.802,135.8,26,0.0,0.19
1780606392.902,135.8,26,0.0,0.19
1780606393.002,135.8,26,0.0,0.19
1780606393.102,135.8,26,0.0,0.19
1780606393.203,135.8,26,0.0,0.19
1780606393.303,135.8,26,0.0,0.19
1780606393.403,135.8,26,0.0,0.19
1780606393.503,135.8,26,0.0,0.19
1780606393.604,135.8,26,0.0,0.19
1780606393.704,135.8,26,0.0,0.19
1780606393.804,135.8,26,0.0,0.19
1780606393.905,135.8,26,0.0,0.19
1780606394.005,135.8,26,0.0,0.18
1780606394.105,135.8,26,0.0,0.18
1780606394.205,135.8,26,0.0,0.18
1780606394.306,135.8,26,0.0,0.18
1780606394.406,135.8,26,10.0,0.18
1780606394.506,135.8,26,0.0,0.18
1780606394.606,135.8,26,0.0,0.18
1780606394.707,135.8,26,0.0,0.18
1780606394.807,135.8,26,0.0,0.18
1780606394.907,135.8,26,0.0,0.18
1780606395.007,135.8,26,0.0,0.18
1780606395.108,135.8,26,0.0,0.18
1780606395.208,135.8,26,0.0,0.18
1780606395.308,135.8,26,0.0,0.18
1780606395.408,135.8,26,0.0,0.18
1780606395.509,135.8,26,0.0,0.18
1780606395.609,135.8,26,0.0,0.18
1780606395.709,135.8,26,0.0,0.18
1780606395.809,135.8,26,0.0,0.18
1780606395.910,135.8,26,0.0,0.18
1780606396.010,135.8,26,0.0,0.18
1780606396.110,135.8,26,0.0,0.18
1780606396.210,135.8,26,0.0,0.18
1780606396.311,135.8,26,0.0,0.18
1780606396.411,135.8,26,0.0,0.18
1780606396.511,135.8,26,0.0,0.18
1780606396.611,135.8,26,0.0,0.18
1780606396.712,135.8,26,0.0,0.18
1780606396.812,135.8,26,0.0,0.18
1780606396.912,135.8,26,0.0,0.14
1780606397.012,135.8,26,0.0,0.14
1780606397.113,135.8,26,0.0,0.14
1780606397.213,135.8,26,0.0,0.14
1780606397.313,135.8,26,0.0,0.14
1780606397.413,135.8,26,0.0,0.14
1780606397.514,135.8,26,0.0,0.14
1780606397.614,135.8,26,0.0,0.14
1780606397.714,135.8,26,0.0,0.14
1780606397.814,135.8,26,0.0,0.14
1780606397.915,135.8,26,0.0,0.14
1780606398.015,135.8,26,0.0,0.14
1780606398.115,135.8,26,0.0,0.14
1780606398.216,135.8,26,0.0,0.14
1780606398.316,135.8,26,0.0,0.14
1780606398.416,135.8,26,0.0,0.14
1780606398.517,135.8,26,0.0,0.14
1780606398.617,135.8,26,0.0,0.14
1780606398.717,135.8,26,0.0,0.14
1780606398.817,135.8,26,0.0,0.14
1780606398.918,135.8,26,0.0,0.14
1780606399.018,135.8,26,0.0,0.14
1780606399.118,135.8,26,0.0,0.14
1780606399.218,135.8,26,0.0,0.14
1780606399.319,135.8,26,0.0,0.14
1780606399.419,135.8,26,0.0,0.14
1780606399.519,135.8,26,0.0,0.14
1780606399.619,135.8,26,0.0,0.14
1780606399.720,135.8,26,0.0,0.14
1780606399.820,135.8,26,0.0,0.14
1780606399.920,135.8,26,0.0,0.14
1780606400.020,135.8,26,10.0,0.14
1780606400.121,135.8,26,0.0,0.14
1780606400.221,135.8,26,0.0,0.14
1780606400.321,135.8,26,0.0,0.14
1780606400.421,135.8,26,0.0,0.14
1780606400.522,135.8,26,0.0,0.14
1780606400.622,135.8,26,0.0,0.14
1780606400.722,135.8,26,0.0,0.14
1780606400.822,135.8,26,0.0,0.14
1780606400.923,135.8,26,0.0,0.14
1780606401.023,135.8,26,0.0,0.14
1780606401.123,135.8,26,0.0,0.14
1780606401.223,135.8,26,0.0,0.14
1780606401.324,135.8,26,0.0,0.14
1780606401.424,135.8,26,0.0,0.14
1780606401.524,135.8,26,0.0,0.14
1780606401.624,135.8,26,0.0,0.14
1780606401.725,135.8,26,0.0,0.14
1780606401.825,135.8,26,0.0,0.14
1780606401.925,135.8,26,0.0,0.14
1780606402.025,135.8,26,0.0,0.14
1780606402.126,135.8,26,0.0,0.14
1780606402.226,135.8,26,0.0,0.14
1780606402.326,135.8,26,0.0,0.14
1780606402.426,135.8,26,0.0,0.14
1780606402.527,135.8,26,0.0,0.14
1780606402.627,135.8,26,0.0,0.14
1780606402.727,135.8,26,0.0,0.14
1780606402.827,135.8,26,0.0,0.14
1780606402.928,135.8,26,0.0,0.14
1780606403.028,135.8,26,0.0,0.14
1780606403.128,135.8,26,0.0,0.14
1780606403.229,135.8,26,0.0,0.14
1780606403.329,135.8,26,0.0,0.14
1780606403.429,135.8,26,0.0,0.14
1780606403.529,135.8,26,0.0,0.14
1780606403.630,135.8,26,0.0,0.14
1780606403.730,135.8,26,0.0,0.14
1780606403.830,135.8,26,0.0,0.14
1780606403.930,135.8,26,0.0,0.14
1780606404.031,135.8,26,0.0,0.14
1780606404.131,135.8,26,0.0,0.14
1780606404.231,135.8,26,0.0,0.14
1780606404.331,135.8,26,0.0,0.14
1780606404.432,135.8,26,0.0,0.14
1780606404.532,135.8,26,0.0,0.14
1780606404.632,135.8,26,0.0,0.14
1780606404.732,135.8,26,0.0,0.14
1780606404.833,135.8,26,0.0,0.14
1780606404.933,135.8,26,0.0,0.14
1780606405.033,135.8,26,0.0,0.14
1780606405.133,135.8,26,0.0,0.14
1780606405.234,135.8,26,0.0,0.14
1780606405.334,135.8,26,0.0,0.14
1780606405.434,135.8,26,0.0,0.14
1780606405.535,135.8,26,0.0,0.14
1780606405.635,135.8,26,0.0,0.14
1780606405.735,135.8,26,0.0,0.14
1780606405.835,135.8,26,0.0,0.14
1780606405.936,135.8,26,0.0,0.14
1780606406.036,135.8,26,0.0,0.14
1780606406.136,135.8,26,10.0,0.14
1780606406.236,135.8,26,0.0,0.14
1780606406.337,135.8,26,0.0,0.14
1780606406.437,135.8,26,0.0,0.14
1780606406.537,135.8,26,0.0,0.14
1780606406.637,135.8,26,0.0,0.14
1780606406.738,135.8,26,0.0,0.14
1780606406.838,135.8,26,0.0,0.14
1780606406.938,135.8,26,0.0,0.14
1780606407.039,135.8,26,0.0,0.14
1780606407.139,135.8,26,0.0,0.14
1780606407.239,135.8,26,0.0,0.14
1780606407.340,135.8,26,0.0,0.14
1780606407.440,135.8,26,10.0,0.14
1780606407.540,135.8,26,0.0,0.14
1780606407.640,135.8,26,0.0,0.14
1780606407.741,135.8,26,0.0,0.14
1780606407.841,135.8,26,0.0,0.14
1780606407.941,135.8,26,0.0,0.14
1780606408.042,135.8,26,0.0,0.14
1780606408.142,135.8,26,0.0,0.14
1780606408.242,135.8,26,0.0,0.14
1780606408.343,135.8,26,0.0,0.14
1780606408.443,135.8,26,0.0,0.14
1780606408.543,135.8,26,0.0,0.14
1780606408.644,135.8,26,0.0,0.14
1780606408.744,135.8,26,0.0,0.14
1780606408.844,135.8,26,0.0,0.14
1780606408.944,135.8,26,0.0,0.14
1780606409.045,135.8,26,0.0,0.14
1780606409.145,135.8,26,0.0,0.14
1780606409.245,135.8,26,0.0,0.15
1780606409.345,135.8,26,0.0,0.15
1780606409.446,135.8,26,0.0,0.15
1780606409.546,135.8,26,0.0,0.15
1780606409.646,135.8,26,0.0,0.15
1780606409.746,135.8,26,0.0,0.15
1780606409.847,135.8,26,0.0,0.15
1780606409.947,135.8,26,0.0,0.15
1780606410.047,135.8,26,0.0,0.15
1780606410.147,135.8,26,0.0,0.15
1780606410.248,135.8,26,0.0,0.15
1780606410.348,135.8,26,0.0,0.15
1780606410.448,135.8,26,0.0,0.15
1780606410.548,135.8,26,0.0,0.15
1780606410.649,135.8,26,0.0,0.15
1780606410.749,135.8,26,0.0,0.15
1780606410.849,135.8,26,0.0,0.15
1780606410.949,135.8,26,0.0,0.15
1780606411.050,135.8,26,0.0,0.15
1780606411.150,135.8,26,0.0,0.15
1780606411.250,135.8,26,0.0,0.15
1780606411.350,135.8,26,0.0,0.15
1780606411.451,135.8,26,0.0,0.15
1780606411.551,135.8,26,10.0,0.15
1780606411.651,135.8,26,0.0,0.15
1780606411.751,135.8,26,0.0,0.15
1780606411.852,135.8,26,0.0,0.15
1780606411.952,135.8,26,0.0,0.15
1780606412.052,135.8,26,0.0,0.15
1780606412.152,135.8,26,0.0,0.15
1780606412.253,135.8,26,0.0,0.15
1780606412.353,135.8,26,0.0,0.15
1780606412.453,135.8,26,0.0,0.15
1780606412.553,135.8,26,0.0,0.15
1780606412.654,135.8,26,0.0,0.15
1780606412.754,135.8,26,0.0,0.15
1780606412.854,135.8,26,0.0,0.15
1780606412.954,135.8,26,0.0,0.15
1780606413.055,135.8,26,0.0,0.15
1780606413.155,135.8,26,0.0,0.15
1780606413.255,135.8,26,0.0,0.15
1780606413.356,135.8,26,0.0,0.15
1780606413.456,135.8,26,0.0,0.15
1780606413.556,135.8,26,0.0,0.15
1780606413.656,135.8,26,0.0,0.15
1780606413.757,135.8,26,0.0,0.15
1780606413.857,135.8,26,0.0,0.15
1780606413.957,135.8,26,0.0,0.15
1780606414.057,135.8,26,0.0,0.14
1780606414.158,135.8,26,0.0,0.14
1780606414.258,135.8,26,0.0,0.13
1780606414.358,135.8,26,0.0,0.13
1780606414.458,135.8,26,0.0,0.13
1780606414.559,135.8,26,0.0,0.13
1780606414.659,135.8,26,0.0,0.13
1780606414.759,135.8,26,0.0,0.13
1780606414.859,135.8,26,0.0,0.13
1780606414.960,135.8,26,0.0,0.13
1780606415.060,135.8,26,0.0,0.13
1780606415.160,135.8,26,0.0,0.13
1780606415.260,135.8,26,0.0,0.13
1780606415.361,135.8,26,0.0,0.13
1780606415.461,135.8,26,0.0,0.13
1780606415.561,135.8,26,0.0,0.14
1780606415.661,135.8,26,0.0,0.13
1780606415.762,135.8,26,0.0,0.13
1780606415.862,135.8,26,0.0,0.13
1780606415.962,135.8,26,0.0,0.13
1780606416.062,135.8,26,0.0,0.13
1780606416.163,135.8,26,0.0,0.13
1780606416.263,135.8,26,0.0,0.13
1780606416.363,135.8,26,0.0,0.13
1780606416.463,135.8,26,0.0,0.13
1780606416.564,135.8,26,0.0,0.13
1780606416.664,135.8,26,0.0,0.13
1780606416.764,135.8,26,0.0,0.13
1780606416.864,135.8,26,0.0,0.13
1780606416.965,135.8,26,0.0,0.13
1780606417.065,135.8,26,0.0,0.13
1780606417.165,135.8,26,0.0,0.13
1780606417.265,135.8,26,0.0,0.13
1780606417.366,135.8,26,10.0,0.13
1780606417.466,135.8,26,0.0,0.13
1780606417.566,135.8,26,0.0,0.13
1780606417.666,135.8,26,0.0,0.14
1780606417.767,135.8,26,0.0,0.14
1780606417.867,135.8,26,0.0,0.14
1780606417.967,135.8,26,0.0,0.14
1780606418.068,135.8,26,0.0,0.14
1780606418.168,135.8,26,0.0,0.14
1780606418.268,135.8,26,0.0,0.14
1780606418.368,135.8,26,0.0,0.14
1780606418.469,135.8,26,0.0,0.14
1780606418.569,135.8,26,0.0,0.14
1780606418.669,135.8,26,0.0,0.14
1780606418.770,135.8,26,0.0,0.14
1780606418.870,135.8,26,0.0,0.14
1780606418.970,135.8,26,10.0,0.14
1780606419.070,135.8,26,0.0,0.14
1780606419.171,135.8,26,0.0,0.14
1780606419.271,135.8,26,0.0,0.14
1780606419.371,135.8,26,0.0,0.14
1780606419.472,135.8,26,0.0,0.14
1780606419.572,135.8,26,0.0,0.14
1780606419.672,135.8,26,0.0,0.14
1780606419.772,135.8,26,0.0,0.14
1780606419.873,135.8,26,0.0,0.14
1780606419.973,135.8,26,0.0,0.14
1780606420.073,135.8,26,0.0,0.14
1780606420.173,135.8,26,0.0,0.14
1780606420.273,135.8,26,0.0,0.14
1780606420.374,135.8,26,0.0,0.14
1780606420.474,135.8,26,0.0,0.14
1780606420.574,135.8,26,0.0,0.14
1780606420.674,135.8,26,0.0,0.14
1780606420.775,135.8,26,0.0,0.14
1780606420.875,135.8,26,0.0,0.14
1780606420.975,135.8,26,0.0,0.14
1780606421.075,135.8,26,0.0,0.14
1780606421.176,135.8,26,0.0,0.14
1780606421.276,135.8,26,0.0,0.14
1780606421.376,135.8,26,0.0,0.14
1780606421.476,135.8,26,0.0,0.14
1780606421.577,135.8,26,0.0,0.14
1780606421.677,135.8,26,0.0,0.14
1780606421.777,135.8,26,0.0,0.14
1780606421.878,135.8,26,0.0,0.14
1780606421.978,135.8,26,0.0,0.14
1780606422.078,135.8,26,0.0,0.14
1780606422.178,135.8,26,0.0,0.14
1780606422.279,135.8,26,0.0,0.14
1780606422.379,135.8,26,0.0,0.14
1780606422.479,135.8,26,0.0,0.14
1780606422.579,135.8,26,0.0,0.14
1780606422.680,135.8,26,0.0,0.14
1780606422.780,135.8,26,0.0,0.14
1780606422.880,135.8,26,0.0,0.14
1780606422.980,135.8,26,0.0,0.14
1780606423.081,135.8,26,0.0,0.14
1780606423.181,135.8,26,0.0,0.14
1780606423.282,135.8,26,0.0,0.14
1780606423.382,135.8,26,0.0,0.14
1780606423.482,135.8,26,0.0,0.14
1780606423.582,135.8,26,0.0,0.14
1780606423.683,135.8,26,0.0,0.14
1780606423.783,135.8,26,0.0,0.14
1780606423.883,135.8,26,0.0,0.14
1780606423.983,135.8,26,0.0,0.14
1780606424.084,135.8,26,0.0,0.14
1780606424.184,135.8,26,0.0,0.14
1780606424.284,135.8,26,0.0,0.14
1780606424.384,135.8,26,10.0,0.14
1780606424.485,135.8,26,0.0,0.14
1780606424.585,135.8,26,0.0,0.14
1780606424.685,135.8,26,0.0,0.14
1780606424.785,135.8,26,0.0,0.14
1780606424.886,135.8,26,0.0,0.14
1780606424.986,135.8,26,0.0,0.14
1780606425.086,135.8,26,0.0,0.14
1780606425.187,135.8,26,0.0,0.14
1780606425.287,135.8,26,0.0,0.14
1780606425.387,135.8,26,0.0,0.14
1780606425.487,135.8,26,0.0,0.14
1780606425.588,135.8,26,0.0,0.14
1780606425.688,135.8,26,0.0,0.14
1780606425.788,135.8,26,0.0,0.14
1780606425.888,135.8,26,0.0,0.14
1780606425.989,135.8,26,0.0,0.14
1780606426.089,135.8,26,0.0,0.14
1780606426.189,135.8,26,0.0,0.14
1780606426.289,135.8,26,0.0,0.14
1780606426.390,135.8,26,0.0,0.14
1780606426.490,135.8,26,0.0,0.14
1780606426.590,135.8,26,0.0,0.14
1780606426.690,135.8,26,0.0,0.14
1780606426.791,135.8,26,0.0,0.14
1780606426.891,135.8,26,0.0,0.14
1780606426.991,135.8,26,0.0,0.14
1780606427.091,135.8,26,0.0,0.14
1780606427.192,135.8,26,0.0,0.14
1780606427.292,135.8,26,0.0,0.14
1780606427.392,135.8,26,0.0,0.14
1780606427.492,135.8,26,0.0,0.14
1780606427.593,135.8,26,0.0,0.14
1780606427.693,135.8,26,0.0,0.14
1780606427.793,135.8,26,0.0,0.14
1780606427.893,135.8,26,0.0,0.14
1780606427.994,135.8,26,0.0,0.14
1780606428.094,135.8,26,0.0,0.14
1780606428.194,135.8,26,0.0,0.14
1780606428.295,135.8,26,0.0,0.14
1780606428.395,135.8,26,0.0,0.14
1780606428.495,135.8,26,0.0,0.14
1780606428.595,135.8,26,10.0,0.14
1780606428.696,135.8,26,0.0,0.14
1780606428.796,135.8,26,0.0,0.14
1780606428.896,135.8,26,0.0,0.14
1780606428.996,135.8,26,0.0,0.14
1780606429.097,135.8,26,0.0,0.14
1780606429.197,135.8,26,0.0,0.14
1780606429.297,135.8,26,0.0,0.14
1780606429.397,135.8,26,0.0,0.14
1780606429.498,135.8,26,0.0,0.14
1780606429.598,135.8,26,0.0,0.14
1780606429.698,135.8,26,0.0,0.14
1780606429.798,135.8,26,0.0,0.14
1780606429.899,135.8,26,0.0,0.14
1780606429.999,135.8,26,0.0,0.14
1780606430.099,135.8,26,10.0,0.15
1780606430.200,135.8,26,0.0,0.15
1780606430.300,135.8,26,0.0,0.15
1780606430.400,135.8,26,0.0,0.15
1780606430.500,135.8,26,0.0,0.15
1780606430.601,135.8,26,0.0,0.15
1780606430.701,135.8,26,0.0,0.15
1780606430.801,135.8,26,0.0,0.15
1780606430.902,135.8,26,0.0,0.15
1780606431.002,135.8,26,0.0,0.15
1780606431.102,135.8,26,0.0,0.15
1780606431.202,135.8,26,0.0,0.15
1780606431.303,135.8,26,0.0,0.15
1780606431.403,135.8,26,0.0,0.15
1780606431.503,135.8,26,0.0,0.15
1780606431.603,135.8,26,0.0,0.15
1780606431.704,135.8,26,0.0,0.15
1780606431.804,135.8,26,0.0,0.15
1780606431.904,135.8,26,0.0,0.15
1780606432.004,135.8,26,0.0,0.15
1780606432.105,135.8,26,0.0,0.15
1780606432.205,135.8,26,0.0,0.15
1780606432.305,135.8,26,0.0,0.15
1780606432.405,135.8,26,0.0,0.15
1780606432.506,135.8,26,0.0,0.15
1780606432.606,135.8,26,0.0,0.15
1780606432.706,135.8,26,0.0,0.15
1780606432.806,135.8,26,0.0,0.15
1780606432.907,135.8,26,0.0,0.15
1780606433.007,135.8,26,0.0,0.15
1780606433.108,135.8,26,0.0,0.15
1780606433.208,135.8,26,0.0,0.15
1780606433.308,135.8,26,0.0,0.15
1780606433.408,135.8,26,0.0,0.15
1780606433.509,135.8,26,0.0,0.15
1780606433.609,135.8,26,0.0,0.15
1780606433.710,135.8,26,0.0,0.15
1780606433.810,135.8,26,0.0,0.15
1780606433.910,135.8,26,0.0,0.15
1780606434.011,135.8,26,0.0,0.15
1780606434.111,135.8,26,0.0,0.15
1780606434.211,135.8,26,0.0,0.15
1780606434.312,135.8,26,0.0,0.15
1780606434.412,135.8,26,0.0,0.15
1780606434.512,135.8,26,0.0,0.15
1780606434.612,135.8,26,0.0,0.15
1780606434.713,135.8,26,0.0,0.15
1780606434.813,135.8,26,0.0,0.15
1780606434.913,135.8,26,0.0,0.15
1780606435.013,135.8,26,0.0,0.15
1780606435.114,135.8,26,0.0,0.15
1780606435.214,135.8,26,0.0,0.15
1780606435.314,135.8,26,0.0,0.15
1780606435.414,135.8,26,0.0,0.15
1780606435.515,135.8,26,0.0,0.15
1780606435.615,135.8,26,0.0,0.15
1780606435.715,135.8,26,0.0,0.15
1780606435.816,135.8,26,0.0,0.15
1780606435.916,135.8,26,0.0,0.15
1780606436.016,135.8,26,0.0,0.15
1780606436.116,135.8,26,0.0,0.15
1780606436.217,135.8,26,0.0,0.15
1780606436.317,135.8,26,0.0,0.15
1780606436.417,135.8,26,10.0,0.15
1780606436.517,135.8,26,0.0,0.15
1780606436.618,135.8,26,0.0,0.15
1780606436.718,135.8,26,0.0,0.15
1780606436.818,135.8,26,0.0,0.15
1780606436.919,135.8,26,0.0,0.15
1780606437.019,135.8,26,0.0,0.15
1780606437.119,135.8,26,0.0,0.15
1780606437.219,135.8,26,0.0,0.15
1780606437.320,135.8,26,0.0,0.15
1780606437.420,135.8,26,0.0,0.15
1780606437.520,135.8,26,0.0,0.15
1780606437.621,135.8,26,0.0,0.15
1780606437.721,135.8,26,0.0,0.15
1780606437.821,135.8,26,0.0,0.15
1780606437.921,135.8,26,0.0,0.15
1780606438.022,135.8,26,0.0,0.15
1780606438.122,135.8,26,0.0,0.15
1780606438.222,135.8,26,0.0,0.15
1780606438.323,135.8,26,0.0,0.15
1780606438.423,135.8,26,0.0,0.15
1780606438.523,135.8,26,0.0,0.15
1780606438.624,135.8,26,0.0,0.15
1780606438.724,135.8,26,0.0,0.15
1780606438.824,135.8,26,0.0,0.15
1780606438.925,135.8,26,0.0,0.16
1780606439.025,135.8,26,0.0,0.16
1780606439.125,135.8,26,0.0,0.16
1780606439.225,135.8,26,0.0,0.16
1780606439.326,135.8,26,0.0,0.16
1780606439.426,135.8,26,0.0,0.16
1780606439.526,135.8,26,0.0,0.16
1780606439.627,135.8,26,0.0,0.16
1780606439.727,135.8,26,0.0,0.16
1780606439.827,135.8,26,0.0,0.16
1780606439.927,135.8,26,10.0,0.16
1780606440.028,135.8,26,0.0,0.16
1780606440.128,135.8,26,0.0,0.16
1780606440.229,135.8,26,0.0,0.16
1780606440.329,135.8,26,0.0,0.18
1780606440.429,135.8,26,0.0,0.18
1780606440.530,135.8,26,0.0,0.18
1780606440.630,135.8,26,0.0,0.18
1780606440.730,135.8,26,0.0,0.18
1780606440.831,135.8,26,0.0,0.18
1780606440.931,135.8,26,0.0,0.18
1780606441.031,135.8,26,0.0,0.18
1780606441.131,135.8,26,0.0,0.18
1780606441.232,135.8,26,0.0,0.18
1780606441.332,135.8,26,0.0,0.18
1780606441.432,135.8,26,0.0,0.18
1780606441.533,135.8,26,0.0,0.18
1780606441.633,135.8,26,0.0,0.18
1780606441.733,135.8,26,0.0,0.18
1780606441.833,135.8,26,0.0,0.18
1780606441.934,135.8,26,0.0,0.18
1780606442.034,135.8,26,0.0,0.18
1780606442.134,135.8,26,0.0,0.18
1780606442.234,135.8,26,0.0,0.18
1780606442.335,135.8,26,10.0,0.18
1780606442.435,135.8,26,0.0,0.18
1780606442.535,135.8,26,0.0,0.18
1780606442.636,135.8,26,0.0,0.18
1780606442.736,135.8,26,0.0,0.18
1780606442.836,135.8,26,0.0,0.18
1780606442.936,135.8,26,0.0,0.18
1780606443.037,135.8,26,0.0,0.18
1780606443.137,135.8,26,0.0,0.18
1780606443.237,135.8,26,0.0,0.18
1780606443.338,135.8,26,0.0,0.18
1780606443.438,135.8,26,0.0,0.18
1780606443.538,135.8,26,0.0,0.18
1780606443.638,135.8,26,0.0,0.18
1780606443.739,135.8,26,0.0,0.18
1780606443.839,135.8,26,0.0,0.18
1780606443.939,135.8,26,0.0,0.18
1780606444.039,135.8,26,0.0,0.16
1780606444.140,135.8,26,0.0,0.16
1780606444.240,135.8,26,0.0,0.16
1780606444.340,135.8,26,0.0,0.16
1780606444.440,135.8,26,0.0,0.16
1780606444.541,135.8,26,0.0,0.16
1780606444.641,135.8,26,0.0,0.16
1780606444.741,135.8,26,0.0,0.16
1780606444.842,135.8,26,0.0,0.16
1780606444.942,135.8,26,0.0,0.16
1780606445.042,135.8,26,0.0,0.16
1780606445.142,135.8,26,0.0,0.16
1780606445.243,135.8,26,0.0,0.16
1780606445.343,135.8,26,0.0,0.16
1780606445.443,135.8,26,0.0,0.16
1780606445.543,135.8,26,0.0,0.16
1780606445.644,135.8,26,0.0,0.16
1780606445.744,135.8,26,0.0,0.16
1780606445.844,135.8,26,0.0,0.16
1780606445.945,135.8,26,0.0,0.16
1780606446.045,135.8,26,0.0,0.16
1780606446.145,135.8,26,0.0,0.16
1780606446.245,135.8,26,0.0,0.16
1780606446.346,135.8,26,0.0,0.16
1780606446.446,135.8,26,0.0,0.16
1780606446.546,135.8,26,0.0,0.16
1780606446.646,135.8,26,0.0,0.15
1780606446.747,135.8,26,0.0,0.15
1780606446.847,135.8,26,0.0,0.15
1780606446.947,135.8,26,0.0,0.15
1780606447.048,135.8,26,0.0,0.15
1780606447.148,135.8,26,0.0,0.15
1780606447.248,135.8,26,0.0,0.15
1780606447.348,135.8,26,0.0,0.15
1780606447.449,135.8,26,0.0,0.15
1780606447.549,135.8,26,0.0,0.15
1780606447.649,135.8,26,10.0,0.15
1780606447.749,135.8,26,0.0,0.15
1780606447.850,135.8,26,0.0,0.15
1780606447.950,135.8,26,0.0,0.15
1780606448.050,135.8,26,0.0,0.15
1780606448.151,135.8,26,0.0,0.15
1780606448.251,135.8,26,0.0,0.15
1780606448.351,135.8,26,0.0,0.15
1780606448.451,135.8,26,0.0,0.15
1780606448.552,135.8,26,0.0,0.15
1780606448.652,135.8,26,0.0,0.15
1780606448.752,135.8,26,0.0,0.15
1780606448.852,135.8,26,0.0,0.15
1780606448.953,135.8,26,0.0,0.15
1780606449.053,135.8,26,0.0,0.15
1780606449.153,135.8,26,0.0,0.15
1780606449.253,135.8,26,0.0,0.15
1780606449.354,135.8,26,0.0,0.15
1780606449.454,135.8,26,0.0,0.15
1780606449.554,135.8,26,0.0,0.15
1780606449.655,135.8,26,0.0,0.15
1780606449.755,135.8,26,0.0,0.15
1780606449.855,135.8,26,0.0,0.15
1780606449.955,135.8,26,0.0,0.15
1780606450.056,135.8,26,0.0,0.15
1780606450.156,135.8,26,0.0,0.15
1780606450.256,135.8,26,0.0,0.15
1780606450.356,135.8,26,0.0,0.15
1780606450.457,135.8,26,0.0,0.15
1780606450.557,135.8,26,0.0,0.15
1780606450.657,135.8,26,0.0,0.16
1780606450.758,135.8,26,0.0,0.16
1780606450.858,135.8,26,0.0,0.16
1780606450.958,135.8,26,0.0,0.16
1780606451.059,135.8,26,0.0,0.16
1780606451.159,135.8,26,0.0,0.16
1780606451.259,135.8,26,0.0,0.16
1780606451.359,135.8,26,0.0,0.16
1780606451.460,135.8,26,10.0,0.16
1780606451.560,135.8,26,0.0,0.16
1780606451.660,135.8,26,0.0,0.16
1780606451.760,135.8,26,0.0,0.16
1780606451.861,135.8,26,0.0,0.16
1780606451.961,135.8,26,0.0,0.16
1780606452.061,135.8,26,0.0,0.16
1780606452.161,135.8,26,10.0,0.16
1780606452.262,135.8,26,0.0,0.16
1780606452.362,135.8,26,0.0,0.16
1780606452.462,135.8,26,0.0,0.16
1780606452.562,135.8,26,0.0,0.16
1780606452.663,135.8,26,0.0,0.16
1780606452.763,135.8,26,0.0,0.16
1780606452.863,135.8,26,0.0,0.16
1780606452.963,135.8,26,0.0,0.16
1780606453.064,135.8,26,0.0,0.16
1780606453.164,135.8,26,0.0,0.16
1780606453.264,135.8,26,0.0,0.16
1780606453.365,135.8,26,0.0,0.16
1780606453.465,135.8,26,0.0,0.16
1780606453.565,135.8,26,0.0,0.16
1780606453.665,135.8,26,0.0,0.16
1780606453.766,135.8,26,0.0,0.16
1780606453.866,135.8,26,0.0,0.16
1780606453.966,135.8,26,0.0,0.16
1780606454.067,135.8,26,0.0,0.15
1780606454.167,135.8,26,0.0,0.15
1780606454.267,135.8,26,0.0,0.15
1780606454.367,135.8,26,0.0,0.15
1780606454.468,135.8,26,0.0,0.15
1780606454.568,135.8,26,0.0,0.15
1780606454.668,135.8,26,0.0,0.15
1780606454.769,135.8,26,0.0,0.15
1780606454.869,135.8,26,0.0,0.15
1780606454.969,135.8,26,0.0,0.15
1780606455.069,135.8,26,0.0,0.15
1780606455.170,135.8,26,0.0,0.15
1780606455.270,135.8,26,0.0,0.15
1780606455.370,135.8,26,0.0,0.15
1780606455.470,135.8,26,0.0,0.15
1780606455.571,135.8,26,0.0,0.15
1780606455.671,135.8,26,0.0,0.15
1780606455.771,135.8,26,0.0,0.15
1780606455.871,135.8,26,0.0,0.15
1780606455.972,135.8,26,0.0,0.15
1780606456.072,135.8,26,10.0,0.15
1780606456.172,135.8,26,0.0,0.15
1780606456.272,135.8,26,0.0,0.15
1780606456.373,135.8,26,0.0,0.15
1780606456.473,135.8,26,0.0,0.15
1780606456.573,135.8,26,0.0,0.15
1780606456.674,135.8,26,0.0,0.15
1780606456.774,135.8,26,0.0,0.15
1780606456.874,135.8,26,0.0,0.15
1780606456.975,135.8,26,0.0,0.15
1780606457.075,135.8,26,0.0,0.15
1780606457.175,135.8,26,0.0,0.14
1780606457.276,135.8,26,0.0,0.14
1780606457.376,135.8,26,0.0,0.14
1780606457.476,135.8,26,0.0,0.14
1780606457.576,135.8,26,0.0,0.14
1780606457.677,135.8,26,0.0,0.14
1780606457.777,135.8,26,0.0,0.14
1780606457.877,135.8,26,0.0,0.14
1780606457.977,135.8,26,0.0,0.14
1780606458.078,135.8,26,0.0,0.14
1780606458.178,135.8,26,0.0,0.14
1780606458.279,135.8,26,0.0,0.14
1780606458.379,135.8,26,0.0,0.14
1780606458.479,135.8,26,0.0,0.14
1780606458.580,135.8,26,0.0,0.14
1780606458.680,135.8,26,0.0,0.14
1780606458.780,135.8,26,0.0,0.14
1780606458.881,135.8,26,0.0,0.14
1780606458.981,135.8,26,0.0,0.14
1780606459.081,135.8,26,0.0,0.14
1780606459.181,135.8,26,0.0,0.14
1780606459.281,135.8,26,0.0,0.14
1780606459.382,135.8,26,0.0,0.14
1780606459.482,135.8,26,0.0,0.14
1780606459.582,135.8,26,0.0,0.14
1780606459.683,135.8,26,10.0,0.14
1780606459.783,135.8,26,0.0,0.14
1780606459.883,135.8,26,0.0,0.14
1780606459.983,135.8,26,0.0,0.14
1780606460.084,135.8,26,0.0,0.14
1780606460.184,135.8,26,0.0,0.16
1780606460.284,135.8,26,0.0,0.17
1780606460.384,135.8,26,0.0,0.17
1780606460.485,135.8,26,0.0,0.17
1780606460.585,135.8,26,0.0,0.17
1780606460.685,135.8,26,0.0,0.17
1780606460.786,135.8,26,0.0,0.17
1780606460.886,135.8,26,0.0,0.17
1780606460.986,135.8,26,0.0,0.17
1780606461.086,135.8,26,0.0,0.17
1780606461.187,135.8,26,0.0,0.17
1780606461.287,135.8,26,0.0,0.17
1780606461.388,135.8,26,0.0,0.17
1780606461.488,135.8,26,0.0,0.17
1780606461.588,135.8,26,0.0,0.17
1780606461.689,135.8,26,0.0,0.17
1780606461.789,135.8,26,0.0,0.17
1780606461.889,135.8,26,0.0,0.17
1780606461.989,135.8,26,0.0,0.17
1780606462.090,135.8,26,0.0,0.17
1780606462.190,135.8,26,0.0,0.17
1780606462.290,135.8,26,0.0,0.17
1780606462.390,135.8,26,0.0,0.17
1780606462.491,135.8,26,0.0,0.17
1780606462.591,135.8,26,0.0,0.17
1780606462.691,135.8,26,0.0,0.17
1780606462.792,135.8,26,0.0,0.17
1780606462.892,135.8,26,0.0,0.17
1780606462.992,135.8,26,0.0,0.17
1780606463.092,135.8,26,0.0,0.17
1780606463.193,135.8,26,0.0,0.17
1780606463.293,135.8,26,10.0,0.17
1780606463.393,135.8,26,0.0,0.17
1780606463.493,135.8,26,0.0,0.17
1780606463.594,135.8,26,0.0,0.17
1780606463.694,135.8,26,0.0,0.17
1780606463.794,135.8,26,0.0,0.17
1780606463.894,135.8,26,0.0,0.17
1780606463.995,135.8,26,0.0,0.17
1780606464.095,135.8,26,0.0,0.16
1780606464.195,135.8,26,0.0,0.16
1780606464.296,135.8,26,0.0,0.16
1780606464.396,135.8,26,0.0,0.16
1780606464.496,135.8,26,0.0,0.16
1780606464.596,135.8,26,0.0,0.16
1780606464.697,135.8,26,0.0,0.16
1780606464.797,135.8,26,0.0,0.16
1780606464.897,135.8,26,0.0,0.16
1780606464.997,135.8,26,0.0,0.16
1780606465.098,135.8,26,0.0,0.16
1780606465.198,135.8,26,0.0,0.16
1780606465.298,135.8,26,0.0,0.16
1780606465.398,135.8,26,0.0,0.16
1780606465.499,135.8,26,0.0,0.16
1780606465.599,135.8,26,0.0,0.16
1780606465.699,135.8,26,0.0,0.16
1780606465.799,135.8,26,0.0,0.16
1780606465.900,135.8,26,0.0,0.16
1780606466.000,135.8,26,0.0,0.16
1780606466.100,135.8,26,0.0,0.16
1780606466.201,135.8,26,0.0,0.16
1780606466.301,135.8,26,0.0,0.16
1780606466.401,135.8,26,0.0,0.16
1780606466.501,135.8,26,0.0,0.16
1780606466.602,135.8,26,0.0,0.15
1780606466.702,135.8,26,0.0,0.15
1780606466.802,135.8,26,0.0,0.15
1780606466.902,135.8,26,0.0,0.15
1780606467.003,135.8,26,0.0,0.15
1780606467.103,135.8,26,0.0,0.15
1780606467.203,135.8,26,0.0,0.15
1780606467.304,135.8,26,0.0,0.15
1780606467.404,135.8,26,0.0,0.15
1780606467.504,135.8,26,0.0,0.15
1780606467.604,135.8,26,0.0,0.15
1780606467.705,135.8,26,0.0,0.15
1780606467.805,135.8,26,0.0,0.15
1780606467.905,135.8,26,0.0,0.15
1780606468.005,135.8,26,0.0,0.15
1780606468.106,135.8,26,0.0,0.14
1780606468.206,135.8,26,0.0,0.14
1780606468.307,135.8,26,0.0,0.14
1780606468.407,135.8,26,0.0,0.14
1780606468.507,135.8,26,10.0,0.14
1780606468.607,135.8,26,0.0,0.14
1780606468.708,135.8,26,0.0,0.14
1780606468.808,135.8,26,0.0,0.14
1780606468.908,135.8,26,0.0,0.14
1780606469.009,135.8,26,0.0,0.14
1780606469.109,135.8,26,0.0,0.14
1780606469.209,135.8,26,0.0,0.14
1780606469.309,135.8,26,0.0,0.14
1780606469.410,135.8,26,0.0,0.14
1780606469.510,135.8,26,0.0,0.14
1780606469.610,135.8,26,0.0,0.14
1780606469.710,135.8,26,0.0,0.14
1780606469.811,135.8,26,0.0,0.14
1780606469.911,135.8,26,0.0,0.14
1780606470.011,135.8,26,0.0,0.14
1780606470.111,135.8,26,0.0,0.14
1780606470.212,135.8,26,0.0,0.14
1780606470.312,135.8,26,0.0,0.14
1780606470.412,135.8,26,0.0,0.14
1780606470.513,135.8,26,0.0,0.14
1780606470.613,135.8,26,0.0,0.14
1780606470.713,135.8,26,0.0,0.14
1780606470.813,135.8,26,0.0,0.14
1780606470.914,135.8,26,0.0,0.14
1780606471.014,135.8,26,0.0,0.14
1780606471.114,135.8,26,0.0,0.14
1780606471.214,135.8,26,0.0,0.14
1780606471.315,135.8,26,0.0,0.14
1780606471.415,135.8,26,0.0,0.14
1780606471.515,135.8,26,0.0,0.14
1780606471.615,135.8,26,0.0,0.14
1780606471.716,135.8,26,0.0,0.14
1780606471.816,135.8,26,0.0,0.14
1780606471.916,135.8,26,0.0,0.14
1780606472.016,135.8,26,0.0,0.14
1780606472.117,135.8,26,0.0,0.14
1780606472.217,135.8,26,0.0,0.14
1780606472.317,135.8,26,0.0,0.14
1780606472.418,135.8,26,0.0,0.14
1780606472.518,135.8,26,0.0,0.13
1780606472.618,135.8,26,0.0,0.13
1780606472.718,135.8,26,0.0,0.13
1780606472.819,135.8,26,0.0,0.13
1780606472.919,135.8,26,0.0,0.13
1780606473.019,135.8,26,0.0,0.13
1780606473.119,135.8,26,0.0,0.13
1780606473.220,135.8,26,0.0,0.13
1780606473.320,135.8,26,0.0,0.13
1780606473.420,135.8,26,0.0,0.13
1780606473.520,135.8,26,0.0,0.13
1780606473.621,135.8,26,0.0,0.13
1780606473.721,135.8,26,0.0,0.13
1780606473.821,135.8,26,0.0,0.13
1780606473.922,135.8,26,0.0,0.13
1780606474.022,135.8,26,0.0,0.13
1780606474.122,135.8,26,0.0,0.13
1780606474.222,135.8,26,0.0,0.13
1780606474.323,135.8,26,0.0,0.13
1780606474.423,135.8,26,10.0,0.13
1780606474.523,135.8,26,0.0,0.13
1780606474.623,135.8,26,0.0,0.13
1780606474.724,135.8,26,0.0,0.13
1780606474.824,135.8,26,0.0,0.13
1780606474.924,135.8,26,0.0,0.13
1780606475.025,172.3,26,69.4,0.13
1780606475.126,283.7,26,89.1,0.13
1780606475.979,350.1,26,100.8,0.19
1780606476.079,137.0,26,0.0,0.37
1780606476.180,137.0,26,0.0,0.37
1780606476.280,137.0,26,0.0,0.37
1780606476.380,137.0,26,0.0,0.37
1780606476.481,137.0,26,0.0,0.37
1780606476.581,137.0,26,0.0,0.37
1780606476.681,137.0,26,0.0,0.37
1780606476.781,137.0,26,0.0,0.37
1780606476.882,137.0,26,0.0,0.37
1780606476.982,137.0,26,0.0,0.37
1780606477.082,137.0,26,0.0,0.37
1780606477.182,137.0,26,0.0,0.37
1780606477.282,137.0,26,0.0,0.37
1780606477.383,137.0,26,0.0,0.37
1780606477.483,137.0,26,0.0,0.37
1780606477.583,137.0,26,0.0,0.48
1780606477.683,137.0,26,0.0,0.48
1780606477.784,137.0,26,0.0,0.48
1780606477.884,137.0,26,0.0,0.48
1780606477.984,137.0,26,0.0,0.48
1780606478.084,137.0,26,0.0,0.48
1780606478.185,137.0,26,0.0,0.48
1780606478.285,137.0,26,0.0,0.48
1780606478.385,137.0,26,0.0,0.48
1780606478.486,137.0,26,0.0,0.48
1780606478.586,137.0,26,10.0,0.48
1780606478.686,137.0,26,0.0,0.48
1780606478.786,137.0,26,0.0,0.48
1780606478.887,137.0,26,0.0,0.48
1780606478.987,137.0,26,0.0,0.48
1780606479.087,137.0,26,0.0,0.48
1780606479.187,137.0,26,0.0,0.48
1780606479.288,137.0,26,0.0,0.48
1780606479.388,137.0,26,0.0,0.48
1780606479.488,137.0,26,0.0,0.48
1780606479.588,137.0,26,0.0,0.48
1780606479.689,137.0,26,0.0,0.48
1780606479.789,137.0,26,0.0,0.48
1780606479.889,137.0,26,0.0,0.48
1780606479.990,137.0,26,0.0,0.48
1780606480.090,137.0,26,0.0,0.48
1780606480.190,137.0,26,0.0,0.48
1780606480.290,137.0,26,0.0,0.48
1780606480.391,137.0,26,0.0,0.48
1780606480.491,137.0,26,0.0,0.48
1780606480.591,137.0,26,0.0,0.48
1780606480.691,137.0,26,0.0,0.48
1780606480.792,137.0,26,0.0,0.48
1780606480.892,137.0,26,0.0,0.48
1780606480.992,137.0,26,0.0,0.48
1780606481.092,137.0,26,0.0,0.48
1780606481.193,137.0,26,0.0,0.48
1780606481.293,137.0,26,0.0,0.48
1780606481.393,137.0,26,0.0,0.48
1780606481.493,137.0,26,0.0,0.48
1780606481.594,137.0,26,0.0,0.48
1780606481.694,137.0,26,0.0,0.48
1780606481.794,137.0,26,0.0,0.48
1780606481.894,137.0,26,0.0,0.48
1780606481.995,137.0,26,0.0,0.48
1780606482.095,137.0,26,0.0,0.48
1780606482.195,137.0,26,0.0,0.48
1780606482.295,137.0,26,0.0,0.48
1780606482.396,137.0,26,0.0,0.37
1780606482.496,137.0,26,0.0,0.16
1780606482.596,137.0,26,0.0,0.14
1780606482.696,137.0,26,0.0,0.14
1780606482.797,137.0,26,0.0,0.14
1780606482.897,137.0,26,0.0,0.14
1780606482.997,137.0,26,0.0,0.14
1780606483.097,137.0,26,0.0,0.14
1780606483.198,137.0,26,10.0,0.14
1780606483.298,137.0,26,0.0,0.14
1780606483.398,137.0,26,0.0,0.14
1780606483.498,137.0,26,0.0,0.14
1780606483.599,137.0,26,0.0,0.14
1780606483.699,137.0,26,0.0,0.14
1780606483.799,137.0,26,0.0,0.14
1780606483.900,137.0,26,0.0,0.14
1780606484.000,137.0,26,0.0,0.14
1780606484.100,137.0,26,0.0,0.14
1780606484.200,137.0,26,0.0,0.14
1780606484.301,137.0,26,0.0,0.14
1780606484.401,137.0,26,0.0,0.14
1780606484.501,137.0,26,0.0,0.14
1780606484.601,137.0,26,0.0,0.14
1780606484.702,137.0,26,0.0,0.14
1780606484.802,137.0,26,0.0,0.14
1780606484.902,137.0,26,0.0,0.14
1780606485.003,137.0,26,0.0,0.14
1780606485.103,137.0,26,0.0,0.14
1780606485.203,137.0,26,0.0,0.14
1780606485.303,137.0,26,0.0,0.14
1780606485.404,137.0,26,0.0,0.14
1780606485.504,137.0,26,0.0,0.14
1780606485.604,137.0,26,0.0,0.14
1780606485.704,137.0,26,0.0,0.14
1780606485.805,137.0,26,0.0,0.14
1780606485.905,137.0,26,0.0,0.14
1780606486.005,137.0,26,0.0,0.14
1780606486.105,137.0,26,0.0,0.14
1780606486.206,137.0,26,0.0,0.14
1780606486.306,137.0,26,0.0,0.14
1780606486.407,183.7,26,79.5,0.14
1780606486.508,305.9,26,98.9,0.14
1780606487.358,351.1,26,101.2,0.20
1780606487.458,138.0,26,0.0,0.41
1780606487.558,138.0,26,0.0,0.41
1780606487.659,138.0,26,0.0,0.41
1780606487.759,138.0,26,0.0,0.41
1780606487.859,138.0,26,0.0,0.41
1780606487.959,138.0,26,0.0,0.41
1780606488.060,138.0,26,0.0,0.41
1780606488.160,138.0,26,0.0,0.41
1780606488.260,138.0,26,0.0,0.41
1780606488.361,138.0,26,0.0,0.41
1780606488.461,138.0,26,0.0,0.41
1780606488.561,138.0,26,0.0,0.41
1780606488.661,138.0,26,0.0,0.41
1780606488.762,138.0,26,0.0,0.41
1780606488.862,138.0,26,0.0,0.41
1780606488.962,138.0,26,0.0,0.41
1780606489.062,138.0,26,0.0,0.41
1780606489.163,138.0,26,0.0,0.41
1780606489.263,138.0,26,0.0,0.41
1780606489.363,138.0,26,0.0,0.41
1780606489.464,138.0,26,0.0,0.41
1780606489.564,138.0,26,0.0,0.41
1780606489.664,138.0,26,0.0,0.41
1780606489.764,138.0,26,0.0,0.41
1780606489.865,138.0,26,0.0,0.41
1780606489.965,138.0,26,0.0,0.41
1780606490.065,138.0,26,0.0,0.41
1780606490.165,138.0,26,0.0,0.41
1780606490.265,138.0,26,0.0,0.41
1780606490.366,138.0,26,0.0,0.41
1780606490.466,138.0,26,0.0,0.41
1780606490.566,138.0,26,0.0,0.41
1780606490.666,138.0,26,0.0,0.41
1780606490.767,138.0,26,0.0,0.41
1780606490.867,138.0,26,0.0,0.41
1780606490.967,138.0,26,0.0,0.41
1780606491.067,138.0,26,0.0,0.41
1780606491.168,138.0,26,0.0,0.41
1780606491.268,138.0,26,0.0,0.41
1780606491.368,138.0,26,0.0,0.41
1780606491.468,138.0,26,0.0,0.41
1780606491.569,138.0,26,0.0,0.41
1780606491.669,138.0,26,0.0,0.41
1780606491.769,138.0,26,0.0,0.41
1780606491.869,138.0,26,0.0,0.41
1780606491.970,138.0,26,0.0,0.41
1780606492.070,138.0,26,0.0,0.41
1780606492.170,138.0,26,0.0,0.41
1780606492.270,138.0,26,0.0,0.41
1780606492.371,138.0,26,0.0,0.41
1780606492.471,138.0,26,10.0,0.41
1780606492.571,138.0,26,0.0,0.41
1780606492.671,138.0,26,0.0,0.41
1780606492.772,138.0,26,0.0,0.41
1780606492.872,138.0,26,0.0,0.41
1780606492.972,138.0,26,0.0,0.41
1780606493.073,138.0,26,0.0,0.41
1780606493.173,138.0,26,0.0,0.41
1780606493.273,138.0,26,0.0,0.41
1780606493.373,138.0,26,0.0,0.41
1780606493.474,138.0,26,0.0,0.41
1780606493.574,138.0,26,0.0,0.41
1780606493.674,138.0,26,0.0,0.41
1780606493.775,138.0,26,0.0,0.27
1780606493.875,138.0,26,0.0,0.25
1780606493.975,138.0,26,0.0,0.25
1780606494.075,138.0,26,0.0,0.17
1780606494.176,138.0,26,0.0,0.17
1780606494.276,138.0,26,0.0,0.17
1780606494.376,138.0,26,0.0,0.17
1780606494.476,138.0,26,0.0,0.17
1780606494.577,138.0,26,0.0,0.17
1780606494.677,138.0,26,0.0,0.17
1780606494.777,138.0,26,0.0,0.17
1780606494.877,138.0,26,0.0,0.17
1780606494.978,138.0,26,0.0,0.17
1780606495.078,138.0,26,0.0,0.17
1780606495.178,138.0,26,0.0,0.17
1780606495.278,138.0,26,0.0,0.17
1780606495.379,138.0,26,0.0,0.17
1780606495.479,138.0,26,0.0,0.17
1780606495.579,138.0,26,0.0,0.17
1780606495.679,138.0,26,0.0,0.17
1780606495.780,138.0,26,0.0,0.17
1780606495.880,138.0,26,0.0,0.17
1780606495.980,138.0,26,0.0,0.17
1780606496.080,138.0,26,0.0,0.17
1780606496.181,138.0,26,0.0,0.17
1780606496.281,138.0,26,0.0,0.17
1780606496.381,138.0,26,0.0,0.17
1780606496.481,138.0,26,0.0,0.17
1780606496.582,138.0,26,0.0,0.17
1780606496.682,138.0,26,0.0,0.17
1780606496.782,138.0,26,10.0,0.17
1780606496.882,138.0,26,0.0,0.15
1780606496.983,138.0,26,0.0,0.15
1780606497.083,138.0,26,0.0,0.15
1780606497.183,138.0,26,0.0,0.15
1780606497.283,138.0,26,0.0,0.15
1780606497.384,138.0,26,0.0,0.15
1780606497.484,138.0,26,0.0,0.15
1780606497.584,138.0,26,0.0,0.17
1780606497.685,138.0,26,0.0,0.17
1780606497.785,138.0,26,0.0,0.17
1780606497.885,138.0,26,0.0,0.17
1780606497.985,138.0,26,0.0,0.17
1780606498.086,138.0,26,0.0,0.17
1780606498.186,138.0,26,0.0,0.17
1780606498.286,138.0,26,0.0,0.17
1780606498.386,138.0,26,0.0,0.17
1780606498.487,138.0,26,0.0,0.17
1780606498.587,138.0,26,0.0,0.15
1780606498.687,138.0,26,0.0,0.15
1780606498.788,138.0,26,0.0,0.15
1780606498.888,138.0,26,0.0,0.15
1780606498.988,138.0,26,0.0,0.15
1780606499.088,138.0,26,0.0,0.15
1780606499.189,138.0,26,0.0,0.15
1780606499.289,138.0,26,0.0,0.15
1780606499.389,138.0,26,0.0,0.15
1780606499.489,138.0,26,0.0,0.15
1780606499.590,138.0,26,0.0,0.15
1780606499.690,138.0,26,0.0,0.15
1780606499.790,138.0,26,0.0,0.15
1780606499.890,138.0,26,0.0,0.15
1780606499.991,138.0,26,0.0,0.15
1780606500.091,138.0,26,0.0,0.15
1780606500.191,138.0,26,0.0,0.15
1780606500.291,138.0,26,0.0,0.15
1780606500.392,138.0,26,0.0,0.15
1780606500.492,138.0,26,0.0,0.15
1780606500.592,138.0,26,0.0,0.15
1780606500.692,138.0,26,0.0,0.15
1780606500.793,138.0,26,0.0,0.15
1780606500.893,138.0,26,0.0,0.15
1780606500.993,138.0,26,10.0,0.15
1780606501.093,138.0,26,0.0,0.15
1780606501.194,138.0,26,0.0,0.15
1780606501.294,138.0,26,0.0,0.15
1780606501.394,138.0,26,0.0,0.15
1780606501.494,138.0,26,0.0,0.15
1780606501.595,138.0,26,0.0,0.15
1780606501.695,138.0,26,0.0,0.15
1780606501.795,138.0,26,0.0,0.15
1780606501.896,138.0,26,0.0,0.15
1780606501.996,138.0,26,0.0,0.15
1780606502.096,138.0,26,0.0,0.15
1780606502.197,138.0,26,0.0,0.15
1780606502.297,138.0,26,0.0,0.15
1780606502.397,138.0,26,0.0,0.15
1780606502.497,138.0,26,0.0,0.15
1780606502.598,138.0,26,0.0,0.15
1780606502.698,138.0,26,0.0,0.15
1780606502.798,138.0,26,0.0,0.15
1780606502.898,138.0,26,0.0,0.15
1780606502.999,138.0,26,0.0,0.15
1780606503.099,138.0,26,0.0,0.15
1780606503.199,138.0,26,0.0,0.15
1780606503.300,138.0,26,0.0,0.15
1780606503.400,138.0,26,0.0,0.15
1780606503.500,138.0,26,0.0,0.15
1780606503.600,138.0,26,0.0,0.15
1780606503.701,138.0,26,0.0,0.15
1780606503.801,138.0,26,0.0,0.15
1780606503.901,138.0,26,0.0,0.15
1780606504.002,138.0,26,0.0,0.14
1780606504.102,138.0,26,0.0,0.14
1780606504.202,138.0,26,0.0,0.14
1780606504.302,138.0,26,0.0,0.14
1780606504.403,138.0,26,0.0,0.14
1780606504.503,138.0,26,0.0,0.14
1780606504.603,138.0,26,0.0,0.14
1780606504.703,138.0,26,0.0,0.14
1780606504.804,138.0,26,0.0,0.14
1780606504.904,138.0,26,0.0,0.14
1780606505.004,138.0,26,10.0,0.14
1780606505.105,138.0,26,0.0,0.14
1780606505.205,138.0,26,0.0,0.14
1780606505.305,138.0,26,0.0,0.14
1780606505.405,138.0,26,0.0,0.14
1780606505.506,138.0,26,0.0,0.14
1780606505.606,138.0,26,0.0,0.14
1780606505.706,138.0,26,0.0,0.14
1780606505.806,138.0,26,0.0,0.14
1780606505.907,138.0,26,0.0,0.14
1780606506.007,138.0,26,0.0,0.14
1780606506.107,138.0,26,0.0,0.14
1780606506.207,138.0,26,0.0,0.14
1780606506.308,138.0,26,0.0,0.14
1780606506.408,138.0,26,0.0,0.14
1780606506.508,138.0,26,0.0,0.14
1780606506.608,138.0,26,0.0,0.14
1780606506.709,138.0,26,0.0,0.14
1780606506.809,138.0,26,0.0,0.14
1780606506.909,138.0,26,0.0,0.14
1780606507.009,138.0,26,0.0,0.14
1780606507.110,138.0,26,0.0,0.14
1780606507.210,138.0,26,0.0,0.14
1780606507.310,138.0,26,0.0,0.14
1780606507.410,138.0,26,0.0,0.14
1780606507.511,138.0,26,0.0,0.14
1780606507.611,138.0,26,0.0,0.14
1780606507.711,138.0,26,0.0,0.14
1780606507.812,138.0,26,0.0,0.14
1780606507.912,138.0,26,0.0,0.14
1780606508.012,138.0,26,0.0,0.14
1780606508.112,138.0,26,0.0,0.14
1780606508.213,138.0,26,0.0,0.14
1780606508.313,138.0,26,0.0,0.14
1780606508.413,138.0,26,0.0,0.14
1780606508.513,138.0,26,0.0,0.14
1780606508.614,138.0,26,0.0,0.14
1780606508.714,138.0,26,0.0,0.14
1780606508.814,138.0,26,0.0,0.14
1780606508.915,138.0,26,10.0,0.14
1780606509.015,138.0,26,0.0,0.14
1780606509.115,138.0,26,0.0,0.14
1780606509.215,138.0,26,0.0,0.14
1780606509.316,138.0,26,0.0,0.14
1780606509.416,138.0,26,0.0,0.14
1780606509.516,138.0,26,0.0,0.14
1780606509.616,138.0,26,0.0,0.14
1780606509.717,138.0,26,0.0,0.14
1780606509.817,138.0,26,0.0,0.14
1780606509.917,138.0,26,0.0,0.15
1780606510.018,138.0,26,0.0,0.16
1780606510.118,138.0,26,0.0,0.16
1780606510.218,138.0,26,0.0,0.16
1780606510.318,138.0,26,0.0,0.16
1780606510.419,138.0,26,10.0,0.16
1780606510.519,138.0,26,0.0,0.16
1780606510.619,138.0,26,0.0,0.16
1780606510.720,138.0,26,0.0,0.16
1780606510.820,138.0,26,0.0,0.16
1780606510.920,138.0,26,0.0,0.16
1780606511.021,138.0,26,0.0,0.16
1780606511.121,138.0,26,0.0,0.16
1780606511.221,138.0,26,0.0,0.16
1780606511.321,138.0,26,0.0,0.16
1780606511.422,138.0,26,0.0,0.16
1780606511.522,138.0,26,0.0,0.16
1780606511.622,138.0,26,0.0,0.16
1780606511.723,138.0,26,0.0,0.16
1780606511.823,138.0,26,0.0,0.16
1780606511.923,138.0,26,0.0,0.16
1780606512.023,138.0,26,0.0,0.16
1780606512.124,138.0,26,0.0,0.16
1780606512.224,138.0,26,0.0,0.16
1780606512.324,138.0,26,0.0,0.16
1780606512.424,138.0,26,0.0,0.16
1780606512.525,138.0,26,0.0,0.16
1780606512.625,138.0,26,0.0,0.16
1780606512.727,216.4,26,98.8,0.16
1780606512.827,385.0,26,89.5,0.16
1780606513.628,352.1,26,101.2,0.48
1780606513.728,139.0,26,0.0,0.48
1780606513.828,139.0,26,0.0,0.48
1780606513.929,139.0,26,0.0,0.48
1780606514.029,139.0,26,0.0,0.48
1780606514.129,139.0,26,0.0,0.48
1780606514.230,139.0,26,0.0,0.48
1780606514.330,139.0,26,0.0,0.48
1780606514.430,139.0,26,0.0,0.48
1780606514.530,139.0,26,0.0,0.48
1780606514.631,139.0,26,0.0,0.48
1780606514.731,139.0,26,0.0,0.32
1780606514.831,139.0,26,0.0,0.32
1780606514.932,139.0,26,0.0,0.32
1780606515.032,139.0,26,0.0,0.32
1780606515.132,139.0,26,0.0,0.32
1780606515.233,139.0,26,0.0,0.32
1780606515.333,139.0,26,0.0,0.32
1780606515.433,139.0,26,0.0,0.32
1780606515.534,139.0,26,0.0,0.32
1780606515.634,139.0,26,0.0,0.32
1780606515.734,139.0,26,10.0,0.32
1780606515.835,139.0,26,0.0,0.32
1780606515.935,139.0,26,0.0,0.32
1780606516.035,139.0,26,0.0,0.32
1780606516.135,139.0,26,0.0,0.32
1780606516.236,139.0,26,0.0,0.32
1780606516.336,139.0,26,0.0,0.32
1780606516.436,139.0,26,0.0,0.32
1780606516.536,139.0,26,0.0,0.32
1780606516.637,139.0,26,0.0,0.32
1780606516.737,139.0,26,0.0,0.32
1780606516.837,139.0,26,10.0,0.32
1780606516.938,139.0,26,0.0,0.32
1780606517.038,139.0,26,0.0,0.32
1780606517.138,139.0,26,0.0,0.32
1780606517.239,139.0,26,0.0,0.32
1780606517.339,139.0,26,0.0,0.32
1780606517.439,139.0,26,0.0,0.32
1780606517.539,139.0,26,0.0,0.32
1780606517.640,139.0,26,0.0,1.48
1780606517.740,139.0,26,0.0,1.48
1780606517.840,139.0,26,0.0,1.48
1780606517.941,139.0,26,0.0,1.48
1780606518.041,139.0,26,0.0,1.48
1780606518.141,139.0,26,0.0,1.48
1780606518.242,139.0,26,0.0,1.48
1780606518.342,139.0,26,0.0,1.48
1780606518.442,139.0,26,0.0,1.48
1780606518.542,139.0,26,0.0,1.48
1780606518.643,139.0,26,0.0,1.48
1780606518.743,139.0,26,0.0,1.48
1780606518.843,139.0,26,0.0,1.48
1780606518.944,139.0,26,0.0,1.48
1780606519.044,139.0,26,0.0,1.48
1780606519.144,139.0,26,0.0,1.48
1780606519.244,139.0,26,0.0,1.48
1780606519.345,139.0,26,0.0,1.48
1780606519.445,139.0,26,0.0,1.48
1780606519.545,139.0,26,0.0,1.48
1780606519.645,139.0,26,0.0,1.48
1780606519.746,139.0,26,0.0,1.48
1780606519.846,139.0,26,0.0,1.48
1780606519.946,139.0,26,0.0,1.48
1780606520.046,139.0,26,0.0,0.32
1780606520.147,139.0,26,0.0,0.14
1780606520.247,139.0,26,0.0,0.14
1780606520.347,139.0,26,0.0,0.14
1780606520.448,139.0,26,10.0,0.14
1780606520.548,139.0,26,0.0,0.14
1780606520.648,139.0,26,0.0,0.14
1780606520.748,139.0,26,0.0,0.14
1780606520.849,139.0,26,0.0,0.14
1780606520.949,139.0,26,0.0,0.14
1780606521.049,139.0,26,0.0,0.14
1780606521.149,139.0,26,0.0,0.14
1780606521.250,139.0,26,0.0,0.14
1780606521.350,139.0,26,0.0,0.14
1780606521.450,139.0,26,0.0,0.14
1780606521.550,139.0,26,0.0,0.14
1780606521.651,139.0,26,0.0,0.14
1780606521.751,139.0,26,0.0,0.14
1780606521.851,139.0,26,0.0,0.14
1780606521.951,139.0,26,0.0,0.14
1780606522.052,139.0,26,0.0,0.14
1780606522.152,139.0,26,0.0,0.14
1780606522.252,139.0,26,0.0,0.14
1780606522.353,139.0,26,0.0,0.14
1780606522.454,139.0,26,0.0,0.14
1780606522.555,218.6,26,98.9,0.23
1780606522.655,236.9,26,9.9,0.71
1780606522.756,236.9,26,0.0,0.71
1780606522.856,236.9,26,0.0,0.71
1780606522.956,236.9,26,0.0,0.71
1780606523.057,236.9,26,0.0,0.71
1780606523.157,236.9,26,0.0,0.71
1780606523.257,236.9,26,0.0,0.71
1780606523.358,236.9,26,0.0,0.71
1780606523.458,236.9,26,0.0,0.71
1780606523.558,236.9,26,0.0,0.71
1780606523.658,236.9,26,0.0,0.71
1780606523.759,236.9,26,10.0,0.71
1780606523.859,236.9,26,0.0,0.71
1780606523.959,236.9,26,0.0,0.71
1780606524.059,236.9,26,0.0,0.23
1780606524.160,236.9,26,0.0,0.23
1780606524.260,236.9,26,0.0,0.23
1780606524.360,236.9,26,0.0,0.23
1780606524.460,236.9,26,0.0,0.23
1780606524.561,236.9,26,0.0,0.23
1780606524.661,236.9,26,0.0,0.23
1780606524.761,236.9,26,0.0,0.23
1780606524.861,236.9,26,0.0,0.23
1780606524.962,236.9,26,0.0,0.23
1780606525.062,236.9,26,0.0,0.23
1780606525.162,236.9,26,0.0,0.23
1780606525.263,236.9,26,0.0,0.23
1780606525.363,236.9,26,0.0,0.23
1780606525.463,236.9,26,0.0,0.23
1780606525.563,236.9,26,0.0,0.23
1780606525.664,236.9,26,0.0,0.23
1780606525.764,236.9,26,0.0,0.23
1780606525.864,236.9,26,0.0,0.23
1780606525.964,236.9,26,0.0,0.23
1780606526.065,284.3,26,69.4,0.68
1780606526.166,323.2,26,49.7,0.71
1780606526.266,323.2,26,0.0,0.71
1780606526.366,323.2,26,0.0,0.71
1780606526.466,323.2,26,0.0,0.71
1780606526.567,323.2,26,0.0,0.71
1780606526.667,323.2,26,0.0,0.71
1780606526.767,323.2,26,0.0,0.71
1780606526.868,323.2,26,0.0,0.71
1780606526.968,323.2,26,0.0,0.71
1780606527.068,323.2,26,0.0,0.71
1780606527.168,323.2,26,0.0,0.71
1780606527.269,323.2,26,0.0,0.71
1780606527.369,323.2,26,0.0,0.71
1780606527.469,323.2,26,0.0,0.71
1780606527.569,323.2,26,0.0,0.71
1780606527.670,323.2,26,0.0,0.71
1780606527.770,323.2,26,0.0,0.71
1780606527.870,323.2,26,0.0,0.71
1780606527.971,323.2,26,0.0,0.71
1780606528.071,323.2,26,0.0,0.71
1780606528.172,347.4,26,39.7,0.71
1780606528.273,478.3,26,98.9,0.71
1780606529.062,641.2,26,101.3,0.91
1780606529.909,481.1,26,98.0,710.95
1780606530.009,268.0,26,10.0,710.95
1780606530.110,268.0,26,0.0,710.95
1780606530.210,268.0,26,0.0,710.95
1780606530.310,268.0,26,0.0,710.95
1780606530.410,268.0,26,0.0,710.95
1780606530.511,268.0,26,0.0,710.95
1780606530.611,268.0,26,0.0,710.95
1780606530.711,268.0,26,0.0,710.95
1780606530.811,268.0,26,0.0,710.95
1780606530.912,268.0,26,0.0,710.95
1780606531.012,268.0,26,0.0,710.95
1780606531.112,268.0,26,10.0,710.95
1780606531.213,268.0,26,0.0,710.95
1780606531.313,268.0,26,0.0,710.95
1780606531.413,268.0,26,0.0,710.95
1780606531.513,268.0,26,0.0,710.95
1780606531.614,268.0,26,0.0,710.95
1780606531.714,268.0,26,0.0,710.95
1780606531.814,268.0,26,0.0,710.95
1780606531.915,268.0,26,0.0,710.95
1780606532.015,268.0,26,0.0,710.95
1780606532.115,268.0,26,0.0,710.95
1780606532.216,268.0,26,0.0,710.95
1780606532.316,268.0,26,0.0,710.95
1780606532.416,268.0,26,0.0,710.95
1780606532.517,268.0,26,0.0,710.95
1780606532.617,268.0,26,0.0,710.95
1780606532.717,268.0,26,0.0,710.95
1780606532.817,268.0,26,0.0,710.95
1780606532.918,268.0,26,0.0,710.95
1780606533.018,268.0,26,0.0,710.95
1780606533.118,268.0,26,0.0,710.95
1780606533.219,268.0,26,0.0,710.95
1780606533.319,268.0,26,0.0,710.95
1780606533.419,268.0,26,0.0,710.95
1780606533.519,268.0,26,0.0,710.95
1780606533.620,268.0,26,0.0,710.95
1780606533.720,268.0,26,0.0,710.95
1780606533.820,268.0,26,0.0,710.95
1780606533.920,268.0,26,0.0,710.95
1780606534.021,268.0,26,0.0,710.95
1780606534.121,268.0,26,0.0,710.95
1780606534.221,268.0,26,0.0,710.95
1780606534.322,268.0,26,0.0,710.95
1780606534.422,268.0,26,0.0,710.95
1780606534.522,268.0,26,0.0,710.95
1780606534.622,268.0,26,0.0,710.95
1780606534.723,268.0,26,0.0,710.95
1780606534.823,268.0,26,0.0,710.95
1780606534.923,268.0,26,0.0,710.95
1780606535.023,268.0,26,0.0,710.95
1780606535.124,268.0,26,0.0,710.95
1780606535.224,268.0,26,0.0,710.95
1780606535.324,268.0,26,0.0,710.95
1780606535.424,268.0,26,0.0,710.95
1780606535.525,268.0,26,10.0,710.95
1780606535.625,268.0,26,0.0,710.95
1780606535.725,268.0,26,0.0,710.95
1780606535.825,268.0,26,0.0,710.95
1780606535.927,289.9,26,89.3,710.95
1780606536.028,556.2,26,98.8,710.95
1780606536.789,475.3,26,99.9,747.05
1780606536.889,262.3,26,0.0,747.05
1780606536.989,262.3,26,0.0,747.05
1780606537.090,262.3,26,0.0,0.45
1780606537.190,262.3,26,0.0,0.45
1780606537.290,262.3,26,0.0,0.45
1780606537.391,262.3,26,0.0,0.45
1780606537.491,262.3,26,0.0,0.45
1780606537.591,262.3,26,0.0,1.64
1780606537.691,262.3,26,0.0,1.64
1780606537.792,262.3,26,0.0,1.64
1780606537.892,262.3,26,0.0,1.64
1780606537.992,262.3,26,0.0,1.64
1780606538.093,262.3,26,0.0,1.64
1780606538.193,262.3,26,10.0,1.64
1780606538.293,262.3,26,0.0,1.64
1780606538.393,262.3,26,0.0,1.64
1780606538.494,262.3,26,0.0,1.64
1780606538.594,262.3,26,0.0,1.64
1780606538.694,262.3,26,0.0,1.64
1780606538.794,262.3,26,0.0,1.64
1780606538.895,262.3,26,0.0,1.64
1780606538.995,262.3,26,0.0,1.64
1780606539.095,262.3,26,0.0,1.64
1780606539.195,262.3,26,0.0,1.64
1780606539.296,262.3,26,0.0,1.64
1780606539.396,262.3,26,0.0,1.64
1780606539.496,262.3,26,0.0,1.64
1780606539.596,262.3,26,0.0,1.64
1780606539.697,262.3,26,0.0,1.64
1780606539.797,262.3,26,0.0,1.64
1780606539.897,262.3,26,0.0,1.64
1780606539.997,262.3,26,0.0,1.64
1780606540.098,262.3,26,0.0,1.64
1780606540.198,262.3,26,0.0,1.64
1780606540.298,262.3,26,0.0,1.64
1780606540.398,262.3,26,0.0,1.64
1780606540.499,262.3,26,0.0,1.64
1780606540.599,262.3,26,0.0,1.64
1780606540.699,262.3,26,0.0,1.64
1780606540.799,262.3,26,0.0,1.64
1780606540.900,262.3,26,0.0,1.64
1780606541.000,262.3,26,0.0,1.64
1780606541.100,262.3,26,0.0,1.64
1780606541.200,262.3,26,0.0,1.64
1780606541.301,262.3,26,0.0,1.64
1780606541.401,262.3,26,0.0,1.64
1780606541.501,262.3,26,0.0,1.64
1780606541.601,262.3,26,0.0,1.64
1780606541.702,262.3,26,0.0,1.64
1780606541.802,262.3,26,0.0,1.64
1780606541.902,262.3,26,0.0,1.64
1780606542.002,262.3,26,0.0,1.64
1780606542.103,262.3,26,0.0,1.64
1780606542.203,262.3,26,0.0,1.64
1780606542.303,262.3,26,0.0,1.64
1780606542.403,262.3,26,0.0,1.64
1780606542.504,262.3,26,0.0,1.64
1780606542.604,262.3,26,0.0,1.64
1780606542.704,262.3,26,10.0,1.64
1780606542.805,262.3,26,0.0,1.64
1780606542.905,262.3,26,0.0,1.64
1780606543.005,262.3,26,0.0,1.64
1780606543.105,262.3,26,0.0,1.64
1780606543.206,262.3,26,0.0,0.45
1780606543.306,262.3,26,0.0,0.14
1780606543.406,262.3,26,0.0,0.14
1780606543.506,262.3,26,0.0,0.14
1780606543.607,262.3,26,0.0,0.14
1780606543.707,262.3,26,0.0,0.14
1780606543.807,262.3,26,0.0,0.14
1780606543.908,262.3,26,0.0,0.14
1780606544.008,262.3,26,0.0,0.14
1780606544.108,262.3,26,0.0,0.13
1780606544.208,262.3,26,0.0,0.13
1780606544.309,262.3,26,0.0,0.13
1780606544.409,262.3,26,0.0,0.14
1780606544.509,262.3,26,0.0,0.13
1780606544.609,262.3,26,0.0,0.13
1780606544.710,262.3,26,0.0,0.13
1780606544.810,262.3,26,0.0,0.13
1780606544.910,262.3,26,0.0,0.13
1780606545.010,262.3,26,0.0,0.13
1780606545.111,262.3,26,0.0,0.13
1780606545.211,262.3,26,0.0,0.13
1780606545.312,262.3,26,0.0,0.13
1780606545.412,262.3,26,0.0,0.13
1780606545.512,262.3,26,0.0,0.13
1780606545.612,262.3,26,0.0,0.13
1780606545.713,262.3,26,0.0,0.13
1780606545.813,262.3,26,0.0,0.13
1780606545.913,262.3,26,0.0,0.13
1780606546.013,262.3,26,0.0,0.13
1780606546.114,262.3,26,0.0,0.13
1780606546.214,262.3,26,0.0,0.13
1780606546.314,262.3,26,0.0,0.13
1780606546.415,262.3,26,0.0,0.13
1780606546.515,262.3,26,0.0,0.13
1780606546.615,262.3,26,0.0,0.13
1780606546.715,262.3,26,0.0,0.13
1780606546.815,262.3,26,10.0,0.13
1780606546.916,262.3,26,0.0,0.13
1780606547.016,262.3,26,0.0,0.13
1780606547.116,262.3,26,0.0,0.13
1780606547.216,262.3,26,0.0,0.13
1780606547.317,262.3,26,0.0,0.13
1780606547.417,262.3,26,0.0,0.13
1780606547.517,262.3,26,0.0,0.13
1780606547.617,262.3,26,0.0,0.23
1780606547.718,262.3,26,0.0,0.23
1780606547.818,262.3,26,0.0,0.23
1780606547.918,262.3,26,0.0,0.23
1780606548.019,262.3,26,0.0,0.23
1780606548.119,262.3,26,0.0,0.23
1780606548.219,262.3,26,0.0,0.23
1780606548.320,262.3,26,0.0,0.23
1780606548.420,262.3,26,0.0,0.23
1780606548.520,262.3,26,0.0,0.23
1780606548.621,262.3,26,0.0,0.23
1780606548.721,262.3,26,0.0,0.23
1780606548.821,262.3,26,0.0,0.23
1780606548.922,262.3,26,0.0,0.23
1780606549.022,262.3,26,0.0,0.23
1780606549.122,262.3,26,0.0,0.23
1780606549.223,262.3,26,0.0,0.23
1780606549.323,262.3,26,0.0,0.23
1780606549.423,262.3,26,0.0,0.23
1780606549.523,262.3,26,0.0,0.23
1780606549.624,262.3,26,0.0,0.23
1780606549.724,262.3,26,0.0,0.23
1780606549.824,262.3,26,0.0,0.23
1780606549.925,262.3,26,0.0,0.23
1780606550.025,262.3,26,0.0,0.23
1780606550.125,262.3,26,10.0,0.23
1780606550.225,262.3,26,0.0,0.23
1780606550.326,262.3,26,0.0,0.23
1780606550.426,262.3,26,0.0,0.23
1780606550.526,262.3,26,0.0,0.23
1780606550.626,262.3,26,0.0,0.23
1780606550.727,262.3,26,0.0,0.23
1780606550.827,262.3,26,0.0,0.17
1780606550.927,262.3,26,0.0,0.17
1780606551.028,262.3,26,0.0,0.17
1780606551.128,262.3,26,0.0,0.17
1780606551.228,262.3,26,0.0,0.17
1780606551.328,262.3,26,0.0,0.17
1780606551.429,262.3,26,0.0,0.17
1780606551.529,262.3,26,0.0,0.17
1780606551.629,262.3,26,10.0,0.17
1780606551.729,262.3,26,0.0,0.17
1780606551.830,262.3,26,0.0,0.17
1780606551.930,262.3,26,0.0,0.17
1780606552.030,262.3,26,0.0,0.17
1780606552.130,262.3,26,0.0,0.17
1780606552.231,262.3,26,0.0,0.17
1780606552.331,262.3,26,0.0,0.17
1780606552.431,262.3,26,0.0,0.17
1780606552.531,262.3,26,0.0,0.17
1780606552.632,262.3,26,0.0,0.17
1780606552.732,262.3,26,0.0,0.17
1780606552.832,262.3,26,0.0,0.17
1780606552.933,262.3,26,0.0,0.17
1780606553.033,262.3,26,0.0,0.17
1780606553.133,262.3,26,0.0,0.17
1780606553.233,262.3,26,0.0,0.17
1780606553.334,262.3,26,0.0,0.17
1780606553.434,262.3,26,0.0,0.17
1780606553.534,262.3,26,0.0,0.17
1780606553.634,262.3,26,0.0,0.17
1780606553.735,262.3,26,0.0,0.17
1780606553.835,262.3,26,0.0,0.17
1780606553.935,262.3,26,0.0,0.17
1780606554.035,262.3,26,0.0,0.15
1780606554.136,262.3,26,0.0,0.15
1780606554.236,262.3,26,0.0,0.15
1780606554.336,262.3,26,0.0,0.15
1780606554.436,262.3,26,0.0,0.15
1780606554.537,262.3,26,0.0,0.15
1780606554.637,262.3,26,0.0,0.15
1780606554.737,262.3,26,0.0,0.15
1780606554.837,262.3,26,0.0,0.15
1780606554.938,262.3,26,0.0,0.15
1780606555.038,262.3,26,0.0,0.15
1780606555.138,262.3,26,0.0,0.15
1780606555.238,262.3,26,0.0,0.15
1780606555.339,262.3,26,0.0,0.15
1780606555.439,262.3,26,0.0,0.15
1780606555.539,262.3,26,0.0,0.15
1780606555.639,262.3,26,0.0,0.15
1780606555.740,262.3,26,0.0,0.15
1780606555.840,262.3,26,0.0,0.15
1780606555.940,262.3,26,0.0,0.15
1780606556.040,262.3,26,0.0,0.15
1780606556.141,262.3,26,0.0,0.15
1780606556.241,262.3,26,0.0,0.15
1780606556.341,262.3,26,0.0,0.15
1780606556.441,262.3,26,0.0,0.15
1780606556.541,262.3,26,0.0,0.15
1780606556.642,262.3,26,0.0,0.14
1780606556.742,262.3,26,0.0,0.14
1780606556.842,262.3,26,0.0,0.14
1780606556.942,262.3,26,0.0,0.14
1780606557.043,262.3,26,0.0,0.14
1780606557.143,262.3,26,0.0,0.14
1780606557.243,262.3,26,0.0,0.14
1780606557.343,262.3,26,0.0,0.14
1780606557.444,262.3,26,0.0,0.14
1780606557.544,262.3,26,0.0,0.14
1780606557.644,262.3,26,0.0,0.14
1780606557.744,262.3,26,0.0,0.14
1780606557.845,262.3,26,10.0,0.14
1780606557.945,262.3,26,0.0,0.14
1780606558.045,262.3,26,0.0,0.14
1780606558.145,262.3,26,0.0,0.14
1780606558.246,262.3,26,0.0,0.14
1780606558.346,262.3,26,0.0,0.14
1780606558.446,262.3,26,0.0,0.14
1780606558.547,262.3,26,0.0,0.14
1780606558.647,262.3,26,0.0,0.14
1780606558.747,262.3,26,0.0,0.14
1780606558.847,262.3,26,0.0,0.14
1780606558.947,262.3,26,0.0,0.14
1780606559.048,262.3,26,0.0,0.14
1780606559.148,262.3,26,0.0,0.14
1780606559.248,262.3,26,0.0,0.14
1780606559.348,262.3,26,0.0,0.14
1780606559.449,262.3,26,0.0,0.14
1780606559.549,262.3,26,0.0,0.14
1780606559.649,262.3,26,0.0,0.14
1780606559.749,262.3,26,0.0,0.14
1780606559.850,262.3,26,0.0,0.14
1780606559.950,262.3,26,0.0,0.14
1780606560.050,262.3,26,0.0,0.14
1780606560.151,262.3,26,0.0,0.14
1780606560.251,262.3,26,0.0,0.14
1780606560.351,262.3,26,0.0,0.15
1780606560.452,262.3,26,0.0,0.15
1780606560.552,262.3,26,0.0,0.15
1780606560.652,262.3,26,0.0,0.15
1780606560.752,262.3,26,0.0,0.15
1780606560.853,262.3,26,0.0,0.15
1780606560.953,262.3,26,0.0,0.15
1780606561.053,262.3,26,0.0,0.15
1780606561.153,262.3,26,0.0,0.15
1780606561.254,262.3,26,0.0,0.15
1780606561.354,262.3,26,0.0,0.15
1780606561.454,262.3,26,0.0,0.15
1780606561.554,262.3,26,0.0,0.15
1780606561.655,262.3,26,10.0,0.15
1780606561.755,262.3,26,0.0,0.15
1780606561.855,262.3,26,0.0,0.15
1780606561.955,262.3,26,0.0,0.15
1780606562.056,262.3,26,0.0,0.15
1780606562.156,262.3,26,0.0,0.15
1780606562.256,262.3,26,0.0,0.15
1780606562.357,262.3,26,0.0,0.15
1780606562.457,262.3,26,0.0,0.15
1780606562.557,262.3,26,0.0,0.15
1780606562.657,262.3,26,0.0,0.15
1780606562.758,262.3,26,0.0,0.15
1780606562.858,262.3,26,0.0,0.15
1780606562.958,262.3,26,0.0,0.15
1780606563.058,262.3,26,0.0,0.15
1780606563.159,262.3,26,0.0,0.15
1780606563.259,262.3,26,0.0,0.15
1780606563.359,262.3,26,0.0,0.15
1780606563.459,262.3,26,0.0,0.15
1780606563.560,262.3,26,0.0,0.15
1780606563.660,262.3,26,10.0,0.15
1780606563.760,262.3,26,0.0,0.15
1780606563.860,262.3,26,0.0,0.15
1780606563.961,262.3,26,0.0,0.15
1780606564.061,262.3,26,0.0,0.15
1780606564.161,262.3,26,0.0,0.15
1780606564.261,262.3,26,0.0,0.15
1780606564.362,262.3,26,0.0,0.15
1780606564.462,262.3,26,0.0,0.15
1780606564.562,262.3,26,0.0,0.15
1780606564.662,262.3,26,0.0,0.15
1780606564.763,262.3,26,0.0,0.15
1780606564.863,262.3,26,0.0,0.15
1780606564.963,262.3,26,0.0,0.15
1780606565.063,262.3,26,0.0,0.15
1780606565.164,262.3,26,0.0,0.15
1780606565.264,262.3,26,0.0,0.15
1780606565.365,262.3,26,0.0,0.15
1780606565.465,262.3,26,0.0,0.15
1780606565.565,262.3,26,0.0,0.15
1780606565.666,262.3,26,0.0,0.15
1780606565.766,262.3,26,0.0,0.15
1780606565.866,262.3,26,0.0,0.15
1780606565.967,262.3,26,0.0,0.15
1780606566.067,262.3,26,0.0,0.15
1780606566.167,262.3,26,0.0,0.15
1780606566.267,262.3,26,0.0,0.15
1780606566.368,262.3,26,0.0,0.15
1780606566.468,262.3,26,0.0,0.15
1780606566.568,262.3,26,0.0,0.15
1780606566.668,262.3,26,0.0,0.15
1780606566.769,262.3,26,0.0,0.14
1780606566.869,262.3,26,0.0,0.14
1780606566.969,262.3,26,0.0,0.14
1780606567.069,262.3,26,0.0,0.14
1780606567.170,262.3,26,0.0,0.14
1780606567.270,262.3,26,0.0,0.14
1780606567.370,262.3,26,0.0,0.14
1780606567.471,262.3,26,0.0,0.14
1780606567.571,262.3,26,0.0,0.14
1780606567.671,262.3,26,0.0,0.15
1780606567.772,262.3,26,0.0,0.15
1780606567.872,262.3,26,0.0,0.15
1780606567.972,262.3,26,0.0,0.15
1780606568.073,262.3,26,0.0,0.15
1780606568.173,262.3,26,0.0,0.15
1780606568.273,262.3,26,0.0,0.14
1780606568.374,262.3,26,0.0,0.14
1780606568.474,262.3,26,10.0,0.14
1780606568.574,262.3,26,0.0,0.14
1780606568.674,262.3,26,0.0,0.14
1780606568.775,262.3,26,0.0,0.14
1780606568.875,262.3,26,0.0,0.14
1780606568.975,262.3,26,0.0,0.14
1780606569.076,262.3,26,0.0,0.14
1780606569.176,262.3,26,0.0,0.14
1780606569.276,262.3,26,0.0,0.14
1780606569.376,262.3,26,0.0,0.14
1780606569.477,262.3,26,0.0,0.14
1780606569.577,262.3,26,0.0,0.14
1780606569.677,262.3,26,0.0,0.14
1780606569.778,262.3,26,0.0,0.14
1780606569.878,262.3,26,0.0,0.14
1780606569.978,262.3,26,0.0,0.14
1780606570.078,262.3,26,0.0,0.14
1780606570.179,262.3,26,0.0,0.14
1780606570.279,262.3,26,0.0,0.16
1780606570.379,262.3,26,0.0,0.17
1780606570.479,262.3,26,0.0,0.17
1780606570.580,262.3,26,0.0,0.17
1780606570.680,262.3,26,0.0,0.17
1780606570.780,262.3,26,0.0,0.17
1780606570.881,262.3,26,0.0,0.17
1780606570.981,262.3,26,0.0,0.17
1780606571.081,262.3,26,0.0,0.17
1780606571.181,262.3,26,0.0,0.17
1780606571.282,262.3,26,0.0,0.17
1780606571.382,262.3,26,0.0,0.17
1780606571.482,262.3,26,0.0,0.17
1780606571.582,262.3,26,0.0,0.17
1780606571.683,262.3,26,0.0,0.17
1780606571.783,262.3,26,0.0,0.17
1780606571.883,262.3,26,0.0,0.17
1780606571.984,262.3,26,0.0,0.17
1780606572.084,262.3,26,0.0,0.17
1780606572.184,262.3,26,0.0,0.17
1780606572.284,262.3,26,0.0,0.17
1780606572.385,262.3,26,0.0,0.17
1780606572.485,262.3,26,0.0,0.17
1780606572.585,262.3,26,0.0,0.17
1780606572.686,262.3,26,49.8,0.17
1780606572.787,347.7,26,98.7,0.17
1780606573.621,476.3,26,100.7,0.48
1780606573.721,263.3,26,0.0,0.48
1780606573.821,263.3,26,0.0,0.48
1780606573.922,263.3,26,0.0,0.48
1780606574.022,263.3,26,0.0,0.48
1780606574.122,263.3,26,0.0,0.48
1780606574.223,263.3,26,0.0,0.48
1780606574.323,263.3,26,0.0,0.48
1780606574.423,263.3,26,0.0,0.48
1780606574.523,263.3,26,0.0,0.48
1780606574.624,263.3,26,0.0,0.48
1780606574.724,263.3,26,0.0,0.48
1780606574.824,263.3,26,0.0,0.32
1780606574.925,263.3,26,0.0,0.32
1780606575.025,263.3,26,0.0,0.32
1780606575.125,263.3,26,0.0,0.32
1780606575.225,263.3,26,0.0,0.32
1780606575.326,263.3,26,0.0,0.32
1780606575.426,263.3,26,0.0,0.32
1780606575.526,263.3,26,0.0,0.32
1780606575.626,263.3,26,0.0,0.32
1780606575.727,263.3,26,0.0,0.32
1780606575.827,263.3,26,0.0,0.32
1780606575.927,263.3,26,0.0,0.32
1780606576.028,263.3,26,0.0,0.32
1780606576.128,263.3,26,0.0,0.32
1780606576.228,263.3,26,0.0,0.32
1780606576.328,263.3,26,0.0,0.32
1780606576.429,263.3,26,0.0,0.32
1780606576.529,263.3,26,0.0,0.32
1780606576.629,263.3,26,0.0,0.32
1780606576.729,263.3,26,0.0,0.32
1780606576.830,263.3,26,0.0,0.32
1780606576.930,263.3,26,0.0,0.32
1780606577.030,263.3,26,0.0,0.32
1780606577.131,263.3,26,0.0,0.32
1780606577.231,263.3,26,0.0,0.32
1780606577.331,263.3,26,10.0,0.32
1780606577.431,263.3,26,0.0,0.32
1780606577.532,263.3,26,29.9,0.94
1780606577.632,263.3,26,10.0,1.54
1780606577.732,263.3,26,0.0,1.54
1780606577.833,263.3,26,0.0,1.54
1780606577.933,263.3,26,0.0,1.54
1780606578.033,263.3,26,0.0,1.54
1780606578.134,263.3,26,0.0,1.54
1780606578.234,263.3,26,0.0,1.54
1780606578.334,263.3,26,0.0,1.54
1780606578.435,263.3,26,0.0,1.54
1780606578.535,263.3,26,0.0,1.54
1780606578.635,263.3,26,0.0,1.54
1780606578.736,263.3,26,0.0,1.54
1780606578.836,263.3,26,0.0,1.54
1780606578.936,263.3,26,0.0,1.54
1780606579.037,263.3,26,0.0,1.54
1780606579.137,263.3,26,0.0,1.54
1780606579.237,263.3,26,0.0,1.54
1780606579.337,263.3,26,0.0,1.54
1780606579.438,263.3,26,0.0,1.54
1780606579.538,263.3,26,0.0,1.54
1780606579.638,263.3,26,0.0,1.54
1780606579.739,263.3,26,0.0,1.54
1780606579.839,263.3,26,0.0,1.54
1780606579.939,263.3,26,0.0,1.54
1780606580.039,263.3,26,0.0,0.94
1780606580.140,263.3,26,0.0,0.94
1780606580.240,263.3,26,0.0,0.94
1780606580.340,263.3,26,0.0,0.94
1780606580.441,263.3,26,0.0,0.94
1780606580.541,263.3,26,0.0,0.94
1780606580.641,263.3,26,0.0,0.94
1780606580.742,263.3,26,0.0,0.94
1780606580.842,263.3,26,0.0,0.94
1780606580.943,281.4,26,89.3,0.94
1780606581.044,418.3,26,98.8,0.94
1780606581.889,493.4,26,100.7,1.54
1780606581.989,493.4,26,0.0,1.54
1780606582.089,493.4,26,0.0,1.54
1780606582.190,493.4,26,0.0,1.54
1780606582.290,493.4,26,0.0,1.54
1780606582.390,493.4,26,0.0,1.54
1780606582.491,493.4,26,0.0,1.54
1780606582.591,493.4,26,0.0,1.54
1780606582.691,493.4,26,0.0,1.54
1780606582.791,493.4,26,0.0,1.54
1780606582.892,493.4,26,0.0,1.54
1780606582.992,493.4,26,0.0,1.54
1780606583.092,493.4,26,0.0,1.54
1780606583.193,493.4,26,0.0,1.54
1780606583.293,493.4,26,0.0,1.54
1780606583.393,493.4,26,0.0,1.54
1780606583.493,493.4,26,0.0,1.54
1780606583.594,493.4,26,10.0,1.54
1780606583.694,493.4,26,0.0,1.54
1780606583.794,493.4,26,29.9,1.54
1780606583.895,640.5,26,49.8,1.54
1780606584.677,483.6,26,101.0,755.13
1780606584.777,270.5,26,0.0,755.13
1780606584.877,270.5,26,0.0,755.13
1780606584.977,270.5,26,0.0,755.13
1780606585.078,270.5,26,0.0,755.13
1780606585.178,270.5,26,0.0,755.13
1780606585.278,270.5,26,0.0,755.13
1780606585.378,270.5,26,0.0,755.13
1780606585.479,270.5,26,0.0,755.13
1780606585.579,270.5,26,0.0,755.13
1780606585.679,270.5,26,0.0,755.13
1780606585.779,270.5,26,0.0,755.13
1780606585.880,270.5,26,0.0,755.13
1780606585.980,270.5,26,0.0,755.13
1780606586.080,270.5,26,0.0,755.13
1780606586.180,270.5,26,10.0,755.13
1780606586.281,270.5,26,0.0,755.13
1780606586.381,270.5,26,0.0,755.13
1780606586.481,270.5,26,0.0,755.13
1780606586.581,270.5,26,0.0,755.13
1780606586.681,270.5,26,0.0,755.13
1780606586.782,270.5,26,0.0,755.13
1780606586.882,270.5,26,0.0,755.13
1780606586.982,270.5,26,0.0,755.13
1780606587.082,270.5,26,0.0,755.13
1780606587.183,270.5,26,0.0,755.13
1780606587.283,270.5,26,0.0,755.13
1780606587.383,270.5,26,0.0,755.13
1780606587.483,270.5,26,0.0,755.13
1780606587.584,270.5,26,0.0,755.13
1780606587.684,270.5,26,0.0,755.13
1780606587.784,270.5,26,0.0,755.13
1780606587.884,270.5,26,0.0,755.13
1780606587.985,270.5,26,0.0,755.13
1780606588.085,270.5,26,0.0,755.13
1780606588.185,270.5,26,0.0,755.13
1780606588.285,270.5,26,0.0,755.13
1780606588.386,270.5,26,0.0,755.13
1780606588.486,270.5,26,0.0,755.13
1780606588.586,270.5,26,0.0,755.13
1780606588.686,270.5,26,0.0,755.13
1780606588.787,270.5,26,0.0,755.13
1780606588.887,270.5,26,0.0,755.13
1780606588.987,270.5,26,0.0,755.13
1780606589.088,270.5,26,0.0,0.50
1780606589.188,270.5,26,0.0,0.50
1780606589.288,270.5,26,0.0,0.50
1780606589.388,270.5,26,0.0,0.50
1780606589.489,270.5,26,0.0,0.50
1780606589.589,270.5,26,0.0,0.50
1780606589.689,270.5,26,0.0,0.50
1780606589.789,270.5,26,0.0,0.50
1780606589.889,270.5,26,0.0,0.50
1780606589.990,270.5,26,0.0,0.50
1780606590.090,270.5,26,0.0,0.50
1780606590.190,270.5,26,0.0,0.50
1780606590.290,270.5,26,0.0,0.50
1780606590.391,270.5,26,0.0,0.50
1780606590.491,270.5,26,0.0,0.50
1780606590.591,270.5,26,10.0,0.50
1780606590.691,270.5,26,0.0,0.50
1780606590.792,270.5,26,0.0,0.50
1780606590.892,270.5,26,0.0,0.50
1780606590.992,270.5,26,0.0,0.50
1780606591.092,270.5,26,0.0,0.34
1780606591.193,270.5,26,0.0,0.22
1780606591.293,270.5,26,0.0,0.22
1780606591.393,270.5,26,0.0,0.22
1780606591.493,270.5,26,0.0,0.22
1780606591.594,270.5,26,0.0,0.22
1780606591.694,270.5,26,0.0,0.22
1780606591.794,270.5,26,0.0,0.22
1780606591.894,270.5,26,0.0,0.22
1780606591.995,270.5,26,0.0,0.22
1780606592.095,270.5,26,0.0,0.22
1780606592.195,270.5,26,0.0,0.22
1780606592.295,270.5,26,0.0,0.22
1780606592.396,270.5,26,0.0,0.22
1780606592.496,270.5,26,0.0,0.22
1780606592.596,270.5,26,0.0,0.22
1780606592.696,270.5,26,0.0,0.22
1780606592.797,270.5,26,0.0,0.22
1780606592.897,270.5,26,0.0,0.22
1780606592.997,270.5,26,0.0,0.22
1780606593.097,270.5,26,0.0,0.22
1780606593.198,270.5,26,0.0,0.22
1780606593.298,270.5,26,0.0,0.22
1780606593.398,270.5,26,0.0,0.22
1780606593.499,270.5,26,0.0,0.22
1780606593.599,270.5,26,0.0,0.22
1780606593.699,270.5,26,0.0,0.22
1780606593.799,270.5,26,0.0,0.22
1780606593.900,270.5,26,0.0,0.22
1780606594.000,270.5,26,0.0,0.15
1780606594.100,270.5,26,0.0,0.14
1780606594.200,270.5,26,0.0,0.14
1780606594.301,270.5,26,0.0,0.14
1780606594.401,270.5,26,0.0,0.14
1780606594.501,270.5,26,0.0,0.14
1780606594.601,270.5,26,0.0,0.14
1780606594.702,270.5,26,0.0,0.14
1780606594.802,270.5,26,0.0,0.14
1780606594.902,270.5,26,0.0,0.14
1780606595.002,270.5,26,0.0,0.15
1780606595.103,270.5,26,0.0,0.15
1780606595.203,270.5,26,10.0,0.15
1780606595.303,270.5,26,0.0,0.15
1780606595.403,270.5,26,0.0,0.15
1780606595.504,270.5,26,0.0,0.15
1780606595.604,270.5,26,0.0,0.15
1780606595.704,270.5,26,0.0,0.15
1780606595.804,270.5,26,19.9,0.15
1780606595.905,270.5,26,0.0,0.16
1780606596.005,270.5,26,0.0,0.16
1780606596.105,270.5,26,0.0,0.16
1780606596.205,270.5,26,10.0,0.16
1780606596.306,270.5,26,0.0,0.16
1780606596.406,270.5,26,0.0,0.16
1780606596.506,270.5,26,0.0,0.16
1780606596.607,270.5,26,0.0,0.16
1780606596.707,270.5,26,39.8,0.16
1780606596.807,270.5,26,0.0,0.17
1780606596.907,270.5,26,0.0,0.17
1780606597.008,270.5,26,0.0,0.17
1780606597.108,270.5,26,0.0,0.17
1780606597.208,270.5,26,0.0,0.17
1780606597.308,270.5,26,0.0,0.17
1780606597.409,270.5,26,0.0,0.17
1780606597.509,270.5,26,0.0,0.17
1780606597.609,270.5,26,0.0,0.27
1780606597.710,270.5,26,0.0,0.27
1780606597.810,270.5,26,0.0,0.27
1780606597.910,270.5,26,0.0,0.27
1780606598.010,270.5,26,10.0,0.27
1780606598.111,270.5,26,0.0,0.27
1780606598.211,270.5,26,0.0,0.27
1780606598.311,270.5,26,0.0,0.27
1780606598.411,270.5,26,0.0,0.27
1780606598.512,270.5,26,0.0,0.27
1780606598.612,270.5,26,0.0,0.27
1780606598.712,270.5,26,0.0,0.27
1780606598.813,270.5,26,0.0,0.27
1780606598.913,270.5,26,0.0,0.27
1780606599.013,270.5,26,0.0,0.27
1780606599.113,270.5,26,0.0,0.27
1780606599.214,270.5,26,0.0,0.27
1780606599.314,270.5,26,0.0,0.27
1780606599.414,270.5,26,0.0,0.27
1780606599.514,270.5,26,0.0,0.27
1780606599.614,270.5,26,0.0,0.27
1780606599.715,270.5,26,0.0,0.27
1780606599.815,270.5,26,0.0,0.27
1780606599.915,270.5,26,0.0,0.27
1780606600.016,270.5,26,0.0,0.27
1780606600.116,297.8,26,59.8,0.27
1780606600.217,304.8,26,9.9,0.27
1780606600.318,391.4,26,99.2,0.27
1780606601.147,613.7,26,100.0,0.53
