t,rss_mb,num_fds,cpu_pct,loop_lag_p99_ms
1780610785.489,140.1,12,0.0,0.00
1780610785.629,161.5,11,93.1,0.00
1780610785.757,173.4,74,85.8,266.72
1780610785.857,173.7,74,0.0,0.64
1780610785.957,173.7,74,0.0,0.64
1780610786.058,173.7,74,0.0,0.64
1780610786.158,173.7,74,0.0,0.64
1780610786.258,173.7,74,0.0,0.64
1780610786.358,173.7,74,0.0,0.64
1780610786.458,173.7,74,0.0,0.64
1780610786.558,173.7,74,0.0,0.64
1780610786.658,173.7,74,0.0,0.64
1780610786.758,173.7,74,0.0,0.64
1780610786.859,173.7,74,0.0,0.64
1780610786.959,183.5,74,10.0,0.64
1780610787.059,183.5,74,0.0,0.64
1780610787.159,183.5,74,0.0,0.64
1780610787.261,191.0,74,9.8,0.64
1780610787.364,191.0,74,9.7,10.35
1780610787.464,191.0,74,0.0,10.35
1780610787.565,191.0,74,0.0,10.35
1780610787.665,191.0,74,0.0,10.35
1780610787.765,191.0,74,0.0,10.35
1780610787.865,191.0,74,0.0,10.35
1780610787.965,191.0,74,0.0,10.35
1780610788.065,191.0,74,0.0,10.35
1780610788.165,191.0,74,0.0,10.35
1780610788.266,191.0,74,0.0,10.35
1780610788.366,191.0,74,0.0,10.35
1780610788.466,191.0,74,0.0,10.35
1780610788.566,191.0,74,0.0,10.35
1780610788.666,193.6,74,30.0,10.35
1780610788.766,193.6,74,0.0,10.35
1780610788.866,193.6,74,0.0,10.35
1780610788.966,193.6,74,0.0,10.35
1780610789.067,193.6,74,0.0,10.35
1780610789.167,193.6,74,0.0,10.35
1780610789.267,193.6,74,0.0,10.35
1780610789.367,193.6,74,0.0,10.35
1780610789.467,193.6,74,0.0,10.35
1780610789.567,193.6,74,0.0,10.35
1780610789.667,193.6,74,10.0,10.35
1780610789.768,193.6,74,0.0,10.35
1780610789.868,193.6,74,0.0,10.35
1780610789.968,193.6,74,0.0,10.35
1780610790.068,193.6,74,0.0,10.35
1780610790.168,193.6,74,10.0,10.35
1780610790.268,193.6,74,0.0,10.35
1780610790.368,193.6,74,0.0,10.35
1780610790.469,194.8,74,30.0,10.35
1780610790.569,194.8,74,0.0,10.35
1780610790.669,194.8,74,0.0,10.35
1780610790.769,194.8,74,0.0,10.35
1780610790.869,194.8,74,0.0,10.35
1780610790.969,194.8,74,0.0,10.35
1780610791.069,194.8,74,0.0,10.35
1780610791.169,194.8,74,0.0,10.35
1780610791.270,199.4,74,30.0,10.35
1780610791.370,199.6,74,39.9,10.35
1780610791.470,200.4,74,10.0,10.35
1780610791.570,200.4,74,0.0,10.35
1780610791.670,200.4,74,0.0,10.35
1780610791.770,200.4,74,0.0,10.35
1780610791.870,200.4,74,0.0,10.35
1780610791.971,200.4,74,0.0,10.35
1780610792.071,200.4,74,0.0,10.35
1780610792.171,200.4,74,0.0,10.35
1780610792.271,200.4,74,10.0,1.22
1780610792.371,200.4,74,0.0,1.22
1780610792.471,200.4,74,0.0,1.22
1780610792.572,200.9,74,20.0,1.22
1780610792.672,200.9,74,0.0,1.22
1780610792.773,201.4,74,19.7,1.22
1780610792.873,201.4,74,10.0,1.22
1780610792.973,201.4,74,0.0,1.22
1780610793.074,202.2,74,39.9,1.22
1780610793.177,202.4,74,28.9,1.22
1780610793.278,202.5,74,0.0,1.22
1780610793.378,202.5,74,0.0,1.22
1780610793.478,202.5,74,0.0,1.22
1780610793.578,202.5,74,0.0,1.22
1780610793.678,202.5,74,0.0,1.22
1780610793.778,202.5,74,0.0,0.95
1780610793.878,202.8,74,20.0,0.95
1780610793.979,202.8,74,0.0,0.95
1780610794.079,202.8,74,0.0,0.95
1780610794.179,202.8,74,0.0,0.95
1780610794.279,202.8,74,0.0,0.95
1780610794.379,203.1,74,10.0,0.95
1780610794.479,203.1,74,0.0,0.95
1780610794.579,203.1,74,0.0,0.95
1780610794.679,203.1,74,0.0,0.95
1780610794.780,203.1,74,0.0,0.95
1780610794.880,203.4,74,30.0,0.95
1780610794.980,203.4,74,0.0,0.95
1780610795.080,203.4,74,0.0,0.95
1780610795.180,203.4,74,0.0,0.95
1780610795.280,203.4,74,0.0,0.95
1780610795.380,203.4,74,0.0,0.95
1780610795.481,203.4,74,0.0,0.95
1780610795.581,203.4,74,0.0,0.95
1780610795.683,203.5,74,19.6,0.95
1780610795.786,203.5,74,19.5,1.22
1780610795.886,203.5,74,0.0,1.22
1780610795.986,203.5,74,0.0,1.22
1780610796.086,203.5,74,0.0,1.22
1780610796.186,203.5,74,0.0,1.22
1780610796.287,203.5,74,0.0,1.22
1780610796.387,203.5,74,0.0,1.22
1780610796.487,203.5,74,0.0,1.22
1780610796.587,203.5,74,0.0,1.22
1780610796.687,203.5,74,0.0,1.22
1780610796.787,203.5,74,10.0,1.22
1780610796.887,204.6,74,39.9,17.42
1780610796.988,204.6,74,0.0,17.42
1780610797.088,204.6,74,0.0,17.42
1780610797.188,204.6,74,0.0,17.42
1780610797.288,204.6,74,0.0,17.42
1780610797.388,204.6,74,0.0,17.42
1780610797.488,204.6,74,0.0,17.42
1780610797.589,204.6,74,0.0,17.42
1780610797.689,204.6,74,0.0,17.42
1780610797.789,204.6,74,0.0,17.42
1780610797.889,204.6,74,0.0,17.42
1780610797.989,204.6,74,0.0,17.42
1780610798.089,205.0,74,10.0,17.42
1780610798.189,205.0,74,0.0,17.42
1780610798.290,205.0,74,0.0,17.42
1780610798.390,205.0,74,0.0,17.42
1780610798.491,209.4,74,39.3,17.42
1780610798.592,179.3,74,20.0,17.42
1780610798.692,179.3,74,0.0,17.42
1780610798.792,188.6,74,20.0,17.42
1780610798.892,189.1,74,10.0,17.42
1780610798.992,189.1,74,0.0,17.42
1780610799.092,189.1,74,0.0,17.42
1780610799.193,189.1,74,0.0,17.42
1780610799.293,189.1,74,0.0,17.42
1780610799.393,189.1,74,0.0,17.42
1780610799.493,189.1,74,0.0,17.42
1780610799.593,189.1,74,0.0,17.42
1780610799.693,189.1,74,0.0,17.42
1780610799.793,189.1,74,0.0,17.42
1780610799.893,199.9,74,39.9,17.42
1780610799.994,199.9,74,0.0,17.42
1780610800.094,199.9,74,0.0,17.42
1780610800.194,199.9,74,0.0,17.42
1780610800.294,199.9,74,0.0,17.42
1780610800.394,202.4,74,20.0,17.42
1780610800.494,202.4,74,0.0,17.42
1780610800.594,202.4,74,0.0,17.42
1780610800.695,202.4,74,10.0,17.42
1780610800.795,202.4,74,0.0,17.42
1780610800.895,202.4,74,0.0,17.42
1780610800.995,202.4,74,0.0,17.42
1780610801.095,202.4,74,0.0,17.42
1780610801.195,202.6,74,20.0,17.42
1780610801.295,202.6,74,0.0,17.42
1780610801.396,202.6,74,0.0,17.42
1780610801.496,202.6,74,0.0,17.42
1780610801.596,202.6,74,0.0,17.42
1780610801.696,203.1,74,29.9,17.42
1780610801.796,203.1,74,10.0,17.42
1780610801.896,203.1,74,0.0,17.42
1780610801.997,203.1,74,0.0,17.42
1780610802.097,203.1,74,0.0,17.42
1780610802.197,203.1,74,0.0,16.68
1780610802.297,203.1,74,0.0,16.68
1780610802.397,203.1,74,0.0,16.68
1780610802.497,203.1,74,0.0,16.68
1780610802.597,203.1,74,0.0,16.68
1780610802.698,203.1,74,0.0,16.68
1780610802.798,203.1,74,0.0,16.68
1780610802.898,203.3,74,10.0,16.68
1780610802.998,203.3,74,0.0,16.68
1780610803.098,203.3,74,0.0,16.68
1780610803.200,203.8,74,39.1,16.68
1780610803.301,203.8,74,0.0,9.33
1780610803.401,203.8,74,0.0,9.33
1780610803.501,203.8,74,0.0,9.33
1780610803.601,203.8,74,0.0,9.33
1780610803.701,203.8,74,0.0,9.33
1780610803.801,203.8,74,0.0,9.33
1780610803.901,203.8,74,0.0,9.33
1780610804.002,203.8,74,10.0,9.33
1780610804.102,203.8,74,0.0,9.33
1780610804.202,203.8,74,0.0,9.33
1780610804.302,203.8,74,0.0,9.33
1780610804.402,179.3,74,59.9,16.68
1780610804.502,186.6,74,0.0,16.68
1780610804.602,186.6,74,0.0,16.68
1780610804.703,189.7,74,10.0,16.68
1780610804.803,189.7,74,0.0,16.68
1780610804.903,192.7,74,20.0,16.68
1780610805.003,192.7,74,0.0,16.68
1780610805.103,192.7,74,0.0,16.68
1780610805.205,192.7,74,9.8,16.68
1780610805.305,193.9,74,10.0,16.68
1780610805.405,193.9,74,0.0,16.68
1780610805.507,199.0,74,9.9,16.68
1780610805.607,199.2,74,20.0,16.68
1780610805.707,199.2,74,0.0,16.68
1780610805.807,199.2,74,0.0,16.68
1780610805.907,199.2,74,0.0,16.68
1780610806.007,199.2,74,0.0,16.68
1780610806.107,199.2,74,0.0,16.68
1780610806.208,199.9,74,20.0,16.68
1780610806.308,199.9,74,0.0,9.33
1780610806.408,199.9,74,0.0,9.33
1780610806.508,199.9,74,0.0,9.33
1780610806.608,199.9,74,0.0,9.33
1780610806.708,199.9,74,0.0,9.33
1780610806.808,199.9,74,0.0,9.33
1780610806.909,199.9,74,0.0,9.33
1780610807.010,202.9,74,19.8,9.33
1780610807.110,202.9,74,20.0,9.33
1780610807.210,202.9,74,20.0,9.33
1780610807.310,202.9,74,0.0,9.33
1780610807.410,202.9,74,0.0,9.33
1780610807.511,202.9,74,0.0,9.33
1780610807.611,202.9,74,0.0,1.05
1780610807.711,202.9,74,0.0,1.05
1780610807.811,202.9,74,0.0,1.05
1780610807.911,202.9,74,0.0,1.05
1780610808.011,202.9,74,0.0,1.05
1780610808.111,202.9,74,10.0,1.05
1780610808.212,202.9,74,0.0,1.05
1780610808.312,203.3,74,30.0,1.05
1780610808.412,203.3,74,0.0,1.05
1780610808.512,203.3,74,0.0,1.05
1780610808.612,203.3,74,0.0,1.05
1780610808.712,203.3,74,0.0,1.05
1780610808.812,203.3,74,0.0,1.05
1780610808.913,203.3,74,0.0,1.05
1780610809.013,203.3,74,0.0,1.05
1780610809.113,203.6,74,0.0,1.05
1780610809.213,203.6,74,0.0,1.05
1780610809.313,203.6,74,0.0,1.05
1780610809.415,203.8,74,39.2,2.01
1780610809.515,203.8,74,29.9,2.01
1780610809.616,203.8,74,0.0,2.01
1780610809.716,203.8,74,0.0,2.01
1780610809.816,203.8,74,0.0,2.01
1780610809.916,203.8,74,0.0,2.01
1780610810.016,204.3,74,10.0,2.01
1780610810.116,204.3,74,0.0,2.01
1780610810.216,204.3,74,0.0,2.01
1780610810.317,204.3,74,0.0,2.01
1780610810.417,204.3,74,0.0,2.01
1780610810.517,204.3,74,30.0,2.01
1780610810.617,204.3,74,0.0,2.01
1780610810.717,204.3,74,0.0,2.01
1780610810.817,204.3,74,0.0,1.03
1780610810.917,204.3,74,10.0,1.01
1780610811.017,204.3,74,0.0,1.01
1780610811.118,204.3,74,0.0,1.01
1780610811.218,204.3,74,0.0,1.01
1780610811.318,204.3,74,0.0,1.01
1780610811.418,204.3,74,0.0,1.01
1780610811.518,204.3,74,0.0,1.01
1780610811.618,204.3,74,0.0,1.01
1780610811.719,205.8,74,39.9,1.01
1780610811.819,205.8,74,0.0,1.01
1780610811.919,205.8,74,0.0,1.01
1780610812.019,205.8,74,0.0,1.01
1780610812.119,205.8,74,0.0,1.01
1780610812.219,205.8,74,0.0,1.01
1780610812.320,205.8,74,0.0,1.01
1780610812.420,205.8,74,0.0,1.01
1780610812.520,205.8,74,0.0,1.01
1780610812.620,205.8,74,0.0,0.94
1780610812.720,205.8,74,10.0,0.94
1780610812.820,205.8,74,0.0,0.94
1780610812.922,205.8,74,9.9,0.94
1780610813.022,205.8,74,30.0,1.02
1780610813.122,205.8,74,0.0,1.02
1780610813.222,205.8,74,0.0,1.02
1780610813.322,205.8,74,0.0,1.57
1780610813.422,205.9,74,20.0,1.57
1780610813.523,205.9,74,0.0,1.57
1780610813.623,205.9,74,0.0,1.57
1780610813.723,205.9,74,0.0,1.57
1780610813.823,207.1,74,29.9,1.57
1780610813.923,207.4,74,10.0,2.01
1780610814.023,207.4,74,0.0,2.01
1780610814.124,207.4,74,0.0,2.01
1780610814.224,207.4,74,0.0,2.01
1780610814.324,207.4,74,0.0,2.01
1780610814.424,207.4,74,0.0,2.01
1780610814.524,207.4,74,0.0,2.01
1780610814.624,207.4,74,0.0,2.01
1780610814.724,207.4,74,0.0,2.01
1780610814.824,207.4,74,0.0,2.01
1780610814.925,207.4,74,0.0,2.07
1780610815.025,207.4,74,0.0,2.07
1780610815.125,207.4,74,0.0,2.07
1780610815.231,208.1,74,58.2,2.07
1780610815.331,208.1,74,0.0,2.07
1780610815.431,208.1,74,0.0,2.07
1780610815.531,208.1,74,0.0,2.07
1780610815.631,208.1,74,0.0,2.07
1780610815.732,208.1,74,0.0,2.07
1780610815.832,208.1,74,0.0,2.07
1780610815.932,208.1,74,0.0,2.07
1780610816.032,208.1,74,0.0,2.07
1780610816.132,208.4,74,20.0,2.07
1780610816.233,208.5,74,19.8,2.07
1780610816.333,208.5,74,10.0,8.39
1780610816.433,208.5,74,0.0,8.39
1780610816.534,208.5,74,0.0,8.39
1780610816.634,208.5,74,0.0,8.39
1780610816.734,208.5,74,0.0,8.39
1780610816.834,208.5,74,10.0,8.39
1780610816.934,208.5,74,0.0,8.39
1780610817.034,208.5,74,0.0,8.39
1780610817.134,208.7,74,39.9,8.39
1780610817.235,208.7,74,0.0,8.39
1780610817.335,208.7,74,0.0,8.39
1780610817.435,208.7,74,0.0,8.39
1780610817.537,208.7,74,0.0,8.39
1780610817.637,208.9,74,10.0,8.39
1780610817.737,208.9,74,0.0,8.39
1780610817.838,208.9,74,10.0,8.39
1780610817.938,208.9,74,0.0,8.39
1780610818.038,208.9,74,20.0,8.39
1780610818.138,208.9,74,0.0,8.39
1780610818.238,208.9,74,0.0,8.39
1780610818.338,208.9,74,0.0,8.39
1780610818.438,208.9,74,10.0,8.39
1780610818.539,208.9,74,0.0,8.39
1780610818.639,208.9,74,0.0,8.39
1780610818.739,208.9,74,0.0,8.39
1780610818.839,208.9,74,20.0,8.39
1780610818.939,208.9,74,0.0,8.39
1780610819.039,208.9,74,0.0,8.39
1780610819.139,208.9,74,0.0,8.39
1780610819.240,208.9,74,0.0,8.39
1780610819.340,208.9,74,0.0,8.39
1780610819.440,208.9,74,0.0,8.39
1780610819.540,208.9,74,0.0,8.39
1780610819.640,208.9,74,0.0,8.39
1780610819.740,208.9,74,0.0,8.39
1780610819.840,208.9,74,0.0,8.39
1780610819.940,208.9,74,0.0,8.39
1780610820.041,208.9,74,0.0,8.39
1780610820.141,208.9,74,10.0,8.39
1780610820.241,208.9,74,0.0,8.39
1780610820.342,208.9,74,9.9,2.07
1780610820.442,209.2,74,20.0,9.01
1780610820.542,209.2,74,0.0,9.01
1780610820.642,209.2,74,0.0,9.01
1780610820.743,209.2,74,0.0,9.01
1780610820.843,209.2,74,0.0,9.01
1780610820.943,209.2,74,0.0,9.01
1780610821.043,209.2,74,0.0,9.01
1780610821.143,209.2,74,0.0,9.01
1780610821.243,209.2,74,10.0,9.01
1780610821.344,209.2,74,0.0,9.01
1780610821.444,209.2,74,0.0,9.01
1780610821.544,209.2,74,0.0,9.01
1780610821.645,213.9,74,39.5,9.01
1780610821.745,179.3,74,39.9,9.01
1780610821.845,179.3,74,0.0,9.01
1780610821.945,179.3,74,0.0,9.01
1780610822.046,179.3,74,0.0,9.01
1780610822.146,179.3,74,0.0,9.01
1780610822.246,179.3,74,0.0,9.01
1780610822.346,179.4,74,49.9,9.01
1780610822.446,179.4,74,0.0,9.01
1780610822.546,189.4,74,10.0,9.01
1780610822.647,190.2,74,10.0,9.01
1780610822.747,190.2,74,0.0,8.72
1780610822.847,197.2,74,30.0,8.72
1780610822.947,197.2,74,0.0,8.72
1780610823.047,197.2,74,0.0,8.72
1780610823.148,197.2,74,0.0,8.72
1780610823.248,197.2,74,0.0,8.72
1780610823.348,200.4,74,10.0,8.72
1780610823.448,200.4,74,0.0,8.72
1780610823.548,200.4,74,0.0,8.72
1780610823.648,200.4,74,0.0,8.72
1780610823.748,200.4,74,0.0,8.72
1780610823.849,200.4,74,0.0,8.72
1780610823.949,200.4,74,0.0,8.72
1780610824.049,200.4,74,0.0,8.72
1780610824.149,200.4,74,0.0,8.72
1780610824.249,201.9,74,30.0,8.72
1780610824.350,201.9,74,0.0,8.72
1780610824.450,201.9,74,0.0,8.72
1780610824.550,201.9,74,0.0,8.72
1780610824.650,201.9,74,0.0,8.72
1780610824.750,201.9,74,0.0,8.72
1780610824.850,201.9,74,0.0,8.72
1780610824.950,201.9,74,0.0,8.72
1780610825.050,201.9,74,10.0,8.72
1780610825.151,201.9,74,0.0,8.72
1780610825.251,201.9,74,0.0,8.72
1780610825.351,201.9,74,10.0,8.72
1780610825.451,201.9,74,0.0,8.72
1780610825.551,201.9,74,0.0,8.72
1780610825.651,201.9,74,0.0,8.72
1780610825.751,201.9,74,0.0,8.72
1780610825.852,201.9,74,20.0,8.72
1780610825.952,201.9,74,0.0,8.72
1780610826.052,201.9,74,0.0,8.72
1780610826.152,202.9,74,49.9,8.72
1780610826.252,202.9,74,0.0,8.72
1780610826.352,202.9,74,0.0,8.72
1780610826.452,202.9,74,0.0,8.72
1780610826.553,202.9,74,0.0,8.72
1780610826.653,202.9,74,0.0,8.72
1780610826.753,202.9,74,0.0,8.72
1780610826.853,202.9,74,0.0,3.14
1780610826.953,202.9,74,0.0,3.14
1780610827.053,202.9,74,0.0,3.14
1780610827.153,202.9,74,0.0,3.14
1780610827.254,202.9,74,0.0,3.14
1780610827.355,202.9,74,9.9,3.14
1780610827.455,186.8,74,49.9,5.35
1780610827.555,186.8,74,0.0,5.35
1780610827.655,186.8,74,0.0,5.35
1780610827.756,186.8,74,0.0,5.35
1780610827.857,198.0,74,19.6,5.35
1780610827.960,198.5,74,29.1,5.35
1780610828.061,200.5,74,10.0,5.35
1780610828.161,200.5,74,0.0,3.14
1780610828.261,200.5,74,0.0,3.14
1780610828.361,200.5,74,0.0,3.14
1780610828.461,200.5,74,10.0,3.14
1780610828.561,200.5,74,20.0,3.14
1780610828.661,200.5,74,0.0,3.14
1780610828.762,200.5,74,0.0,3.14
1780610828.862,200.5,74,0.0,3.14
1780610828.962,202.5,74,10.0,3.14
1780610829.062,202.5,74,0.0,3.14
1780610829.162,202.5,74,0.0,3.14
1780610829.262,202.5,74,0.0,3.14
1780610829.362,202.5,74,0.0,3.14
1780610829.463,204.5,74,20.0,3.14
1780610829.563,204.5,74,0.0,3.14
1780610829.663,204.5,74,0.0,3.14
1780610829.763,204.5,74,0.0,3.14
1780610829.863,204.5,74,0.0,3.14
1780610829.963,204.5,74,0.0,3.14
1780610830.063,204.5,74,0.0,3.14
1780610830.164,204.5,74,0.0,3.14
1780610830.264,204.5,74,0.0,3.14
1780610830.367,205.2,74,9.7,3.14
1780610830.467,207.4,74,29.9,3.14
1780610830.567,207.4,74,0.0,3.14
1780610830.667,207.4,74,0.0,3.14
1780610830.767,207.4,74,0.0,3.14
1780610830.867,207.4,74,0.0,3.14
1780610830.968,207.4,74,0.0,3.14
1780610831.068,207.4,74,0.0,3.14
1780610831.168,207.4,74,0.0,3.14
1780610831.268,207.6,74,10.0,3.14
1780610831.368,207.6,74,10.0,3.14
1780610831.468,207.6,74,0.0,3.14
1780610831.570,207.6,74,9.9,3.14
1780610831.670,207.8,74,20.0,3.14
1780610831.770,207.8,74,0.0,3.14
1780610831.870,207.8,74,0.0,3.14
1780610831.970,207.8,74,0.0,3.14
1780610832.070,207.8,74,0.0,3.14
1780610832.171,207.8,74,0.0,3.14
1780610832.271,207.8,74,0.0,3.14
1780610832.371,207.8,74,0.0,3.14
1780610832.471,207.8,74,0.0,3.14
1780610832.571,207.8,74,0.0,1.38
1780610832.671,207.8,74,0.0,1.10
1780610832.771,207.8,74,0.0,1.10
1780610832.872,207.8,74,10.0,1.10
1780610832.972,207.8,74,10.0,1.10
1780610833.072,209.1,74,59.8,4.73
1780610833.172,209.1,74,0.0,4.73
1780610833.272,209.1,74,0.0,4.73
1780610833.373,209.1,74,30.0,4.73
1780610833.473,209.1,74,0.0,4.73
1780610833.573,209.2,74,10.0,4.73
1780610833.673,209.2,74,0.0,4.73
1780610833.773,209.2,74,0.0,4.73
1780610833.873,209.2,74,0.0,1.10
1780610833.973,209.2,74,0.0,1.10
1780610834.074,209.2,74,0.0,1.10
1780610834.174,209.5,74,20.0,1.10
1780610834.274,209.5,74,0.0,1.55
1780610834.374,209.5,74,0.0,1.55
1780610834.474,209.5,74,0.0,1.55
1780610834.574,209.5,74,0.0,1.55
1780610834.674,209.5,74,0.0,1.55
1780610834.775,209.5,74,0.0,1.55
1780610834.875,209.5,74,0.0,1.55
1780610834.975,209.5,74,0.0,1.55
1780610835.075,209.5,74,0.0,1.55
1780610835.175,209.5,74,0.0,1.55
1780610835.275,209.5,74,10.0,1.55
1780610835.375,209.5,74,0.0,1.55
1780610835.475,209.5,74,0.0,1.55
1780610835.576,209.5,74,0.0,1.55
1780610835.676,209.5,74,0.0,1.55
1780610835.776,209.5,74,30.0,1.55
1780610835.876,209.5,74,0.0,1.55
1780610835.976,209.5,74,39.9,1.55
1780610836.077,209.5,74,0.0,1.55
1780610836.177,209.5,74,0.0,1.55
1780610836.277,209.5,74,0.0,1.55
1780610836.377,209.5,74,0.0,1.55
1780610836.477,209.5,74,0.0,1.55
1780610836.577,209.5,74,0.0,1.55
1780610836.677,209.5,74,0.0,1.55
1780610836.778,209.5,74,9.9,1.55
1780610836.878,209.5,74,0.0,1.55
1780610836.978,209.5,74,0.0,1.55
1780610837.079,209.5,74,29.9,1.55
1780610837.179,209.5,74,0.0,1.55
1780610837.279,209.5,74,0.0,1.55
1780610837.379,209.5,74,0.0,1.55
1780610837.479,209.5,74,0.0,1.55
1780610837.579,209.5,74,0.0,1.55
1780610837.679,209.5,74,0.0,1.55
1780610837.780,209.5,74,0.0,1.55
1780610837.880,209.5,74,0.0,1.55
1780610837.980,209.5,74,0.0,1.55
1780610838.080,209.5,74,0.0,1.55
1780610838.180,209.5,74,10.0,1.55
1780610838.280,209.5,74,0.0,1.55
1780610838.380,209.5,74,0.0,1.55
1780610838.481,209.5,74,0.0,1.55
1780610838.581,213.9,74,69.7,4.73
1780610838.681,179.4,74,10.0,4.73
1780610838.781,179.4,74,0.0,4.73
1780610838.881,179.4,74,0.0,4.73
1780610838.982,193.3,74,20.0,4.73
1780610839.082,193.3,74,0.0,4.73
1780610839.182,193.3,74,0.0,4.73
1780610839.282,193.3,74,0.0,4.73
1780610839.382,193.3,74,0.0,4.73
1780610839.482,193.3,74,0.0,1.55
1780610839.582,193.3,74,0.0,1.55
1780610839.682,193.3,74,0.0,1.55
1780610839.783,193.3,74,0.0,1.55
1780610839.883,193.3,74,0.0,1.55
1780610839.983,200.8,74,39.9,1.64
1780610840.083,200.8,74,0.0,1.64
1780610840.183,200.8,74,0.0,1.64
1780610840.283,200.8,74,0.0,1.64
1780610840.383,200.8,74,0.0,1.64
1780610840.484,201.8,74,10.0,1.64
1780610840.584,201.8,74,0.0,1.64
1780610840.684,201.8,74,0.0,1.64
1780610840.784,201.8,74,0.0,1.64
1780610840.884,201.8,74,10.0,1.64
1780610840.984,201.8,74,0.0,1.64
1780610841.085,201.8,74,0.0,1.64
1780610841.185,201.8,74,0.0,1.64
1780610841.285,201.8,74,0.0,1.64
1780610841.385,201.8,74,0.0,1.64
1780610841.485,201.8,74,0.0,1.64
1780610841.585,202.5,74,30.0,1.64
1780610841.685,202.5,74,0.0,1.64
1780610841.786,203.5,74,19.9,1.64
1780610841.886,203.5,74,10.0,19.26
1780610841.986,203.5,74,0.0,19.26
1780610842.086,203.5,74,0.0,19.26
1780610842.186,203.5,74,0.0,19.26
1780610842.287,203.5,74,0.0,19.26
1780610842.387,203.5,74,0.0,19.26
1780610842.487,203.5,74,0.0,19.26
1780610842.587,203.5,74,0.0,19.26
1780610842.687,203.5,74,10.0,19.26
1780610842.790,203.5,74,9.8,19.26
1780610842.890,203.7,74,29.9,19.26
1780610842.990,203.7,74,0.0,19.26
1780610843.090,203.7,74,0.0,19.26
1780610843.190,203.7,74,0.0,19.26
1780610843.290,203.7,74,0.0,19.26
1780610843.391,203.7,74,0.0,19.26
1780610843.491,203.7,74,0.0,19.26
1780610843.591,203.7,74,0.0,19.26
1780610843.692,204.2,74,9.9,19.26
1780610843.792,206.4,74,39.9,19.26
1780610843.892,206.4,74,0.0,19.26
1780610843.992,206.4,74,0.0,19.26
1780610844.092,206.4,74,0.0,19.26
1780610844.192,206.4,74,0.0,19.26
1780610844.293,206.4,74,10.0,19.26
1780610844.393,206.4,74,0.0,19.26
1780610844.493,206.4,74,0.0,19.26
1780610844.593,206.4,74,0.0,19.26
1780610844.693,206.4,74,0.0,19.26
1780610844.793,206.4,74,0.0,19.26
1780610844.893,206.4,74,0.0,19.26
1780610844.994,207.2,74,39.9,19.26
1780610845.094,207.2,74,0.0,17.21
1780610845.194,207.2,74,0.0,17.21
1780610845.294,207.2,74,0.0,17.21
1780610845.394,207.2,74,0.0,17.21
1780610845.494,207.2,74,0.0,17.21
1780610845.595,207.2,74,39.9,17.21
1780610845.695,207.2,74,0.0,17.21
1780610845.795,207.2,74,0.0,17.21
1780610845.895,207.2,74,0.0,17.21
1780610845.995,207.2,74,0.0,17.21
1780610846.096,207.2,74,0.0,17.21
1780610846.196,207.2,74,0.0,17.21
1780610846.296,207.2,74,0.0,17.21
1780610846.396,207.2,74,0.0,17.21
1780610846.496,207.2,74,0.0,17.21
1780610846.596,207.2,74,0.0,17.21
1780610846.696,207.5,74,30.0,17.21
1780610846.797,207.5,74,0.0,17.21
1780610846.897,207.5,74,0.0,17.21
1780610846.997,207.5,74,0.0,17.21
1780610847.097,207.5,74,0.0,17.21
1780610847.197,207.5,74,0.0,17.21
1780610847.297,207.5,74,0.0,17.21
1780610847.397,208.2,74,29.9,19.26
1780610847.498,208.2,74,20.0,19.26
1780610847.598,208.2,74,0.0,19.26
1780610847.698,208.2,74,0.0,19.26
1780610847.798,208.2,74,0.0,19.26
1780610847.898,208.2,74,0.0,19.26
1780610847.998,208.2,74,0.0,19.26
1780610848.098,208.2,74,0.0,19.26
1780610848.199,208.2,74,0.0,19.26
1780610848.299,208.2,74,0.0,17.21
1780610848.399,208.2,74,0.0,17.21
1780610848.499,208.2,74,0.0,17.21
1780610848.599,179.4,74,59.9,17.21
1780610848.699,179.4,74,0.0,17.21
1780610848.799,179.4,74,0.0,17.21
1780610848.900,179.4,74,0.0,17.21
1780610849.000,179.4,74,0.0,17.21
1780610849.100,179.4,74,0.0,17.21
1780610849.200,202.7,74,49.9,17.21
1780610849.300,202.7,74,20.0,10.97
1780610849.400,202.7,74,0.0,10.97
1780610849.500,202.7,74,0.0,10.97
1780610849.601,202.7,74,0.0,10.97
1780610849.701,202.7,74,0.0,10.97
1780610849.801,202.7,74,0.0,10.97
1780610849.901,204.9,74,20.0,10.97
1780610850.001,204.9,74,0.0,10.97
1780610850.101,204.9,74,0.0,10.97
1780610850.201,204.9,74,0.0,10.97
1780610850.302,204.9,74,0.0,10.97
1780610850.402,204.9,74,0.0,10.97
1780610850.502,204.9,74,0.0,10.97
1780610850.602,204.9,74,0.0,10.97
1780610850.702,205.1,74,10.0,10.97
1780610850.802,205.1,74,0.0,10.97
1780610850.902,205.1,74,0.0,10.97
1780610851.003,205.1,74,0.0,10.97
1780610851.103,206.4,74,30.0,10.97
1780610851.203,206.4,74,10.0,10.97
1780610851.303,206.4,74,0.0,10.97
1780610851.403,206.4,74,0.0,10.97
1780610851.503,206.4,74,0.0,10.97
1780610851.603,206.4,74,0.0,10.97
1780610851.703,206.4,74,0.0,10.97
1780610851.804,206.8,74,30.0,10.97
1780610851.904,206.8,74,0.0,10.97
1780610852.004,206.8,74,0.0,10.97
1780610852.104,206.8,74,0.0,10.97
1780610852.204,206.8,74,0.0,10.97
1780610852.304,206.8,74,0.0,10.97
1780610852.404,206.8,74,0.0,10.97
1780610852.505,206.8,74,0.0,10.97
1780610852.605,206.8,74,0.0,10.97
1780610852.705,207.3,74,10.0,10.97
1780610852.805,207.3,74,0.0,10.97
1780610852.906,207.3,74,29.9,10.97
1780610853.006,207.3,74,0.0,10.97
1780610853.106,207.3,74,0.0,10.97
1780610853.206,207.3,74,0.0,10.97
1780610853.306,207.3,74,0.0,10.97
1780610853.406,207.3,74,0.0,10.97
1780610853.506,207.3,74,0.0,10.97
1780610853.606,207.3,74,0.0,10.97
1780610853.707,207.3,74,0.0,10.97
1780610853.807,207.3,74,0.0,8.17
1780610853.907,207.3,74,10.0,8.17
1780610854.007,207.3,74,0.0,8.17
1780610854.107,207.3,74,0.0,8.17
1780610854.210,207.3,74,0.0,8.17
1780610854.311,209.3,74,67.7,10.97
1780610854.411,179.4,74,10.0,10.97
1780610854.511,179.4,74,0.0,10.97
1780610854.611,189.3,74,10.0,10.97
1780610854.711,189.3,74,0.0,10.97
1780610854.811,189.3,74,0.0,10.97
1780610854.912,189.3,74,0.0,10.97
1780610855.012,189.3,74,0.0,8.17
1780610855.112,189.3,74,0.0,8.17
1780610855.212,189.3,74,0.0,8.17
1780610855.312,189.3,74,0.0,8.17
1780610855.412,189.3,74,0.0,8.17
1780610855.512,189.3,74,20.0,8.17
1780610855.612,193.3,74,30.0,2.93
1780610855.713,193.3,74,0.0,2.93
1780610855.813,193.3,74,0.0,2.93
1780610855.913,193.3,74,0.0,2.93
1780610856.013,193.3,74,0.0,2.93
1780610856.114,193.3,74,9.9,3.41
1780610856.214,193.3,74,0.0,3.41
1780610856.315,193.3,74,10.0,3.41
1780610856.415,193.3,74,0.0,3.41
1780610856.515,193.3,74,0.0,3.41
1780610856.615,193.3,74,0.0,3.41
1780610856.715,193.3,74,0.0,3.41
1780610856.815,193.3,74,0.0,3.41
1780610856.916,198.2,74,30.0,3.41
1780610857.016,198.2,74,0.0,3.41
1780610857.116,198.2,74,0.0,3.41
1780610857.216,198.2,74,0.0,3.41
1780610857.316,199.5,74,30.0,3.41
1780610857.416,199.5,74,0.0,3.41
1780610857.516,199.5,74,0.0,3.41
1780610857.617,199.5,74,0.0,3.41
1780610857.717,199.5,74,0.0,3.41
1780610857.817,199.5,74,0.0,3.41
1780610857.917,199.5,74,0.0,3.41
1780610858.017,199.5,74,0.0,3.41
1780610858.117,199.5,74,0.0,3.41
1780610858.217,199.5,74,0.0,3.41
1780610858.318,199.7,74,20.0,3.41
1780610858.418,199.7,74,0.0,3.41
1780610858.518,202.7,74,39.9,3.41
1780610858.618,202.7,74,0.0,3.41
1780610858.718,202.7,74,0.0,3.41
1780610858.818,202.7,74,0.0,3.41
1780610858.918,202.7,74,0.0,3.41
1780610859.019,202.7,74,0.0,3.41
1780610859.119,202.7,74,0.0,3.41
1780610859.219,202.7,74,0.0,3.41
1780610859.319,206.2,74,39.9,3.41
1780610859.419,206.2,74,0.0,3.41
1780610859.519,206.2,74,0.0,3.41
1780610859.619,206.2,74,0.0,3.41
1780610859.719,206.2,74,0.0,3.41
1780610859.820,206.2,74,0.0,3.41
1780610859.920,206.7,74,20.0,3.41
1780610860.020,206.7,74,0.0,3.41
1780610860.120,206.7,74,0.0,3.41
1780610860.220,206.7,74,0.0,3.41
1780610860.320,206.7,74,0.0,3.41
1780610860.420,206.7,74,0.0,3.41
1780610860.521,207.4,74,30.0,3.41
1780610860.621,207.4,74,0.0,3.41
1780610860.721,207.4,74,0.0,3.41
1780610860.821,207.4,74,0.0,2.17
1780610860.921,207.4,74,0.0,2.17
1780610861.021,207.4,74,0.0,2.17
1780610861.121,207.4,74,0.0,1.00
1780610861.222,207.9,74,19.9,1.00
1780610861.322,207.9,74,20.0,3.41
1780610861.422,207.9,74,0.0,3.41
1780610861.523,207.9,74,0.0,3.41
1780610861.623,207.9,74,0.0,3.41
1780610861.723,207.9,74,0.0,3.41
1780610861.823,207.9,74,0.0,3.41
1780610861.923,207.9,74,0.0,3.41
1780610862.023,207.9,74,20.0,3.41
1780610862.123,207.9,74,0.0,3.41
1780610862.225,208.0,74,9.9,3.41
1780610862.325,208.0,74,10.0,3.41
1780610862.425,208.0,74,0.0,3.41
1780610862.525,208.0,74,0.0,3.41
1780610862.625,208.0,74,0.0,1.00
1780610862.725,208.0,74,0.0,1.00
1780610862.826,208.0,74,0.0,1.00
1780610862.926,208.0,74,0.0,1.00
1780610863.027,210.9,74,0.0,1.00
1780610863.127,179.4,74,49.9,14.45
1780610863.227,179.4,74,0.0,14.45
1780610863.327,179.4,74,0.0,14.45
1780610863.427,186.5,74,0.0,14.45
1780610863.527,186.5,74,0.0,14.45
1780610863.628,186.5,74,0.0,14.45
1780610863.728,186.5,74,10.0,14.45
1780610863.830,197.8,74,29.9,14.45
1780610863.931,198.3,74,19.5,14.45
1780610864.031,198.3,74,0.0,14.45
1780610864.132,198.3,74,9.9,14.45
1780610864.232,198.3,74,0.0,14.45
1780610864.332,203.0,74,30.0,14.45
1780610864.432,203.0,74,0.0,14.45
1780610864.532,203.0,74,0.0,14.45
1780610864.632,203.0,74,0.0,14.45
1780610864.732,203.0,74,0.0,14.45
1780610864.832,203.0,74,0.0,14.45
1780610864.933,203.0,74,0.0,14.45
1780610865.033,205.0,74,10.0,14.45
1780610865.133,205.0,74,0.0,14.45
1780610865.233,205.0,74,0.0,14.45
1780610865.333,205.0,74,0.0,14.45
1780610865.433,205.0,74,0.0,14.45
1780610865.533,205.0,74,0.0,14.45
1780610865.634,205.0,74,0.0,14.45
1780610865.734,207.4,74,30.0,14.45
1780610865.834,207.4,74,0.0,14.45
1780610865.934,207.4,74,0.0,14.45
1780610866.034,207.4,74,0.0,14.45
1780610866.134,207.4,74,0.0,14.45
1780610866.234,207.4,74,0.0,14.45
1780610866.335,207.4,74,0.0,14.45
1780610866.435,207.4,74,0.0,14.45
1780610866.535,207.4,74,0.0,14.45
1780610866.635,207.4,74,0.0,14.45
1780610866.735,207.4,74,0.0,14.45
1780610866.835,207.4,74,0.0,14.45
1780610866.935,207.4,74,0.0,14.45
1780610867.036,207.4,74,30.0,14.45
1780610867.137,207.4,74,9.9,14.45
1780610867.237,207.4,74,30.0,14.45
1780610867.337,207.4,74,0.0,14.45
1780610867.437,207.4,74,0.0,14.45
1780610867.538,207.4,74,0.0,14.45
1780610867.638,207.4,74,0.0,14.45
1780610867.738,207.4,74,30.0,13.34
1780610867.838,207.4,74,0.0,13.34
1780610867.938,207.4,74,0.0,13.34
1780610868.038,207.4,74,0.0,13.34
1780610868.138,207.4,74,0.0,13.34
1780610868.239,207.4,74,0.0,13.34
1780610868.339,207.8,74,39.9,13.34
1780610868.439,207.8,74,0.0,13.34
1780610868.539,207.8,74,0.0,13.34
1780610868.639,207.8,74,10.0,13.34
1780610868.739,207.9,74,20.0,13.34
1780610868.840,207.9,74,20.0,13.34
1780610868.940,207.9,74,0.0,13.34
1780610869.040,207.9,74,10.0,13.34
1780610869.140,207.9,74,0.0,13.34
1780610869.240,207.9,74,0.0,13.34
1780610869.340,207.9,74,0.0,13.34
1780610869.440,207.9,74,0.0,13.34
1780610869.541,207.9,74,0.0,12.95
1780610869.641,207.9,74,0.0,12.95
1780610869.743,207.9,74,0.0,12.95
1780610869.843,207.9,74,0.0,12.95
1780610869.944,207.9,74,0.0,12.95
1780610870.044,207.9,74,0.0,12.95
1780610870.144,207.9,74,0.0,12.95
1780610870.244,207.9,74,10.0,12.95
1780610870.344,207.9,74,0.0,12.95
1780610870.444,207.9,74,0.0,12.95
1780610870.544,207.9,74,0.0,12.95
1780610870.644,207.9,74,0.0,12.95
1780610870.745,207.9,74,0.0,12.95
1780610870.845,207.9,74,10.0,12.95
1780610870.947,207.9,74,9.8,12.95
1780610871.047,207.9,74,20.0,12.95
1780610871.147,207.9,74,0.0,12.95
1780610871.248,207.9,74,0.0,12.95
1780610871.348,207.9,74,0.0,12.95
1780610871.448,207.9,74,0.0,12.95
1780610871.548,207.9,74,0.0,12.95
1780610871.648,207.9,74,0.0,12.95
1780610871.751,208.1,74,29.2,12.95
1780610871.851,208.1,74,20.0,12.95
1780610871.951,208.1,74,0.0,12.95
1780610872.051,208.1,74,0.0,12.95
1780610872.151,208.1,74,0.0,12.95
1780610872.252,208.1,74,0.0,12.95
1780610872.352,208.1,74,0.0,12.95
1780610872.452,208.1,74,0.0,12.95
1780610872.552,208.1,74,0.0,12.95
1780610872.652,208.1,74,10.0,12.95
1780610872.752,208.1,74,0.0,12.95
1780610872.856,208.3,74,38.7,12.95
1780610872.956,208.3,74,0.0,12.95
1780610873.056,208.3,74,0.0,12.95
1780610873.156,208.3,74,0.0,12.95
1780610873.257,208.3,74,0.0,12.95
1780610873.357,208.3,74,0.0,12.95
1780610873.457,208.3,74,0.0,9.89
1780610873.557,208.3,74,0.0,9.89
1780610873.657,208.3,74,0.0,3.09
1780610873.757,208.3,74,0.0,3.09
1780610873.857,208.3,74,0.0,3.09
1780610873.958,208.3,74,0.0,3.09
1780610874.058,208.3,74,0.0,3.09
1780610874.158,179.5,74,59.9,9.89
1780610874.258,179.5,74,0.0,9.89
1780610874.358,179.5,74,0.0,9.89
1780610874.458,179.5,74,0.0,9.89
1780610874.558,179.5,74,0.0,9.89
1780610874.658,193.1,74,20.0,9.89
1780610874.759,193.1,74,0.0,9.89
1780610874.859,193.1,74,0.0,9.89
1780610874.959,193.2,74,20.0,9.89
1780610875.059,193.2,74,0.0,9.89
1780610875.159,193.2,74,0.0,3.91
1780610875.259,193.2,74,0.0,3.91
1780610875.360,193.2,74,0.0,3.91
1780610875.460,194.2,74,20.0,3.91
1780610875.560,194.2,74,0.0,3.91
1780610875.661,195.2,74,9.9,3.91
1780610875.761,195.2,74,0.0,3.91
1780610875.861,195.2,74,0.0,3.91
1780610875.961,195.2,74,0.0,3.91
1780610876.061,195.2,74,0.0,3.91
1780610876.161,195.2,74,0.0,3.91
1780610876.261,195.2,74,0.0,3.91
1780610876.361,195.2,74,0.0,3.91
1780610876.462,195.2,74,0.0,3.91
1780610876.562,195.2,74,0.0,3.91
1780610876.662,195.3,74,20.0,3.91
1780610876.762,195.3,74,0.0,3.91
1780610876.862,195.3,74,0.0,3.91
1780610876.962,203.0,74,30.0,3.91
1780610877.063,203.0,74,0.0,3.91
1780610877.163,203.0,74,0.0,3.91
1780610877.263,203.0,74,0.0,3.91
1780610877.363,203.0,74,0.0,3.91
1780610877.463,203.0,74,10.0,3.91
1780610877.563,203.0,74,0.0,3.91
1780610877.663,203.0,74,0.0,3.91
1780610877.764,203.2,74,39.9,3.91
1780610877.864,203.2,74,0.0,3.91
1780610877.964,203.2,74,0.0,3.91
1780610878.064,203.2,74,0.0,3.91
1780610878.164,203.2,74,0.0,3.91
1780610878.264,203.2,74,0.0,3.91
1780610878.364,203.2,74,0.0,3.91
1780610878.465,203.2,74,0.0,3.91
1780610878.565,203.2,74,0.0,3.91
1780610878.665,203.2,74,0.0,3.91
1780610878.765,203.2,74,0.0,3.91
1780610878.868,204.6,74,48.6,5.58
1780610878.968,204.6,74,0.0,5.58
1780610879.068,204.6,74,0.0,5.58
1780610879.168,204.6,74,0.0,5.58
1780610879.268,204.6,74,0.0,5.58
1780610879.368,204.6,74,0.0,5.58
1780610879.469,204.6,74,0.0,5.58
1780610879.569,204.6,74,0.0,5.58
1780610879.669,204.6,74,0.0,5.58
1780610879.769,204.6,74,0.0,5.58
1780610879.869,204.6,74,10.0,5.58
1780610879.969,204.6,74,0.0,5.58
1780610880.069,204.6,74,0.0,5.58
1780610880.170,204.6,74,0.0,5.58
1780610880.272,209.7,74,58.8,5.58
1780610880.375,179.5,74,9.7,10.00
1780610880.475,179.5,74,0.0,10.00
1780610880.575,189.1,74,10.0,10.00
1780610880.676,191.1,74,10.0,5.58
1780610880.776,191.1,74,0.0,5.58
1780610880.876,191.1,74,0.0,5.58
1780610880.976,191.1,74,0.0,5.58
1780610881.076,191.1,74,0.0,5.58
1780610881.176,191.1,74,0.0,5.58
1780610881.276,191.1,74,0.0,5.58
1780610881.377,191.1,74,0.0,5.58
1780610881.477,191.1,74,0.0,5.58
1780610881.577,191.1,74,0.0,5.58
1780610881.677,193.8,74,20.0,5.58
1780610881.777,194.1,74,20.0,5.58
1780610881.877,194.1,74,0.0,5.58
1780610881.977,194.1,74,0.0,5.58
1780610882.078,194.1,74,0.0,5.58
1780610882.178,194.1,74,0.0,5.58
1780610882.278,194.1,74,0.0,5.58
1780610882.378,194.1,74,0.0,5.58
1780610882.478,199.6,74,29.9,5.58
1780610882.578,199.6,74,0.0,5.58
1780610882.679,199.6,74,0.0,5.58
1780610882.779,199.6,74,0.0,5.58
1780610882.879,199.6,74,0.0,5.58
1780610882.980,199.6,74,9.9,5.58
1780610883.080,200.0,74,0.0,5.58
1780610883.180,200.0,74,0.0,5.58
1780610883.280,200.2,74,0.0,5.58
1780610883.380,200.2,74,0.0,5.58
1780610883.480,200.2,74,0.0,5.58
1780610883.580,200.2,74,10.0,5.58
1780610883.682,201.2,74,19.7,5.58
1780610883.782,201.2,74,10.0,5.58
1780610883.882,201.2,74,10.0,5.58
1780610883.983,201.2,74,0.0,5.58
1780610884.083,201.2,74,0.0,5.58
1780610884.183,201.2,74,0.0,5.58
1780610884.283,201.2,74,0.0,5.58
1780610884.383,201.2,74,0.0,5.58
1780610884.483,201.2,74,0.0,5.58
1780610884.583,201.2,74,0.0,5.58
1780610884.683,201.2,74,0.0,5.58
1780610884.784,201.2,74,0.0,5.58
1780610884.884,204.5,74,29.9,5.58
1780610884.984,204.5,74,0.0,5.58
1780610885.084,204.5,74,0.0,5.58
1780610885.184,204.5,74,0.0,5.58
1780610885.284,204.5,74,0.0,5.58
1780610885.385,204.5,74,0.0,5.00
1780610885.485,204.5,74,0.0,5.00
1780610885.585,204.7,74,39.9,15.30
1780610885.685,204.7,74,0.0,15.30
1780610885.785,205.9,74,29.9,15.30
1780610885.888,206.4,74,9.7,15.30
1780610885.988,206.4,74,10.0,15.30
1780610886.088,206.4,74,0.0,15.30
1780610886.189,206.4,74,0.0,15.30
1780610886.289,206.4,74,0.0,15.30
1780610886.389,206.4,74,0.0,15.30
1780610886.489,206.4,74,0.0,15.30
1780610886.589,206.4,74,10.0,15.30
1780610886.689,206.4,74,0.0,15.30
1780610886.789,208.4,74,30.0,5.00
1780610886.890,208.4,74,0.0,5.00
1780610886.990,208.4,74,0.0,5.00
1780610887.090,208.4,74,0.0,5.00
1780610887.190,208.4,74,0.0,5.00
1780610887.290,208.4,74,20.0,5.00
1780610887.390,208.4,74,10.0,5.00
1780610887.491,208.4,74,0.0,5.00
1780610887.591,208.4,74,0.0,5.00
1780610887.691,208.4,74,0.0,5.00
1780610887.791,208.4,74,0.0,5.00
1780610887.891,208.4,74,0.0,5.00
1780610887.991,208.4,74,0.0,5.00
1780610888.091,208.5,74,30.0,5.00
1780610888.192,208.5,74,0.0,5.00
1780610888.292,208.5,74,0.0,5.00
1780610888.392,208.5,74,0.0,5.00
1780610888.492,208.5,74,0.0,5.00
1780610888.592,208.8,74,39.9,5.00
1780610888.692,208.8,74,0.0,5.00
1780610888.792,208.8,74,0.0,5.00
1780610888.892,208.8,74,0.0,5.00
1780610888.993,208.8,74,0.0,5.00
1780610889.093,208.8,74,10.0,5.00
1780610889.193,208.8,74,0.0,5.00
1780610889.293,208.8,74,0.0,5.00
1780610889.393,208.8,74,0.0,5.00
1780610889.493,208.8,74,0.0,5.00
1780610889.594,208.8,74,10.0,5.00
1780610889.694,208.8,74,0.0,5.00
1780610889.794,209.2,74,39.9,14.45
1780610889.894,209.2,74,0.0,14.45
1780610889.994,209.2,74,0.0,14.45
1780610890.094,209.2,74,0.0,14.45
1780610890.198,209.2,74,0.0,14.45
1780610890.298,209.7,74,20.0,14.45
1780610890.399,209.7,74,9.8,14.45
1780610890.500,209.7,74,10.0,14.45
1780610890.600,209.7,74,10.0,14.45
1780610890.700,209.7,74,0.0,14.45
1780610890.800,209.7,74,0.0,14.45
1780610890.900,209.7,74,0.0,14.45
1780610891.000,209.7,74,0.0,14.45
1780610891.100,209.7,74,30.0,14.45
1780610891.201,209.7,74,0.0,14.45
1780610891.301,209.7,74,0.0,14.45
1780610891.401,209.7,74,0.0,14.45
1780610891.501,209.7,74,0.0,14.45
1780610891.601,209.8,74,20.0,14.45
1780610891.701,209.8,74,10.0,14.45
1780610891.802,209.8,74,0.0,14.45
1780610891.902,209.8,74,0.0,14.45
1780610892.002,209.8,74,0.0,1.92
1780610892.102,209.8,74,0.0,1.92
1780610892.202,209.8,74,0.0,1.92
1780610892.302,209.8,74,0.0,1.92
1780610892.402,209.8,74,0.0,1.92
1780610892.503,209.8,74,20.0,1.92
1780610892.603,209.8,74,0.0,1.92
1780610892.703,209.8,74,0.0,1.92
1780610892.803,211.3,74,39.9,8.10
1780610892.903,211.3,74,0.0,8.10
1780610893.003,211.3,74,0.0,8.10
1780610893.104,211.3,74,0.0,8.10
1780610893.204,211.3,74,0.0,8.10
1780610893.304,211.3,74,0.0,8.10
1780610893.404,211.3,74,0.0,8.10
1780610893.504,211.3,74,0.0,8.10
1780610893.604,211.3,74,30.0,8.10
1780610893.704,211.3,74,0.0,8.10
1780610893.804,211.3,74,0.0,8.10
1780610893.905,211.3,74,0.0,8.10
1780610894.005,211.3,74,0.0,8.10
1780610894.105,211.3,74,0.0,8.10
1780610894.205,211.3,74,0.0,8.10
1780610894.305,211.3,74,0.0,8.10
1780610894.405,211.3,74,10.0,8.10
1780610894.505,211.3,74,0.0,8.10
1780610894.605,211.3,74,0.0,8.10
1780610894.708,211.3,74,48.7,8.10
1780610894.808,211.3,74,0.0,8.10
1780610894.908,211.3,74,0.0,8.10
1780610895.009,211.3,74,0.0,8.10
1780610895.109,211.3,74,20.0,8.10
1780610895.209,211.3,74,0.0,8.10
1780610895.309,211.3,74,0.0,8.10
1780610895.409,211.3,74,0.0,8.10
1780610895.509,211.3,74,0.0,8.10
1780610895.609,211.3,74,10.0,8.10
1780610895.710,211.3,74,0.0,8.10
1780610895.810,211.3,74,0.0,8.10
1780610895.910,211.3,74,0.0,8.10
1780610896.010,211.3,74,10.0,8.10
1780610896.110,211.3,74,0.0,8.10
1780610896.210,211.3,74,10.0,1.84
1780610896.310,211.3,74,20.0,1.84
1780610896.411,211.3,74,0.0,1.84
1780610896.511,211.3,74,0.0,1.84
1780610896.611,211.3,74,0.0,1.84
1780610896.711,211.3,74,0.0,1.84
1780610896.811,211.3,74,0.0,1.84
1780610896.911,211.3,74,0.0,1.84
1780610897.011,211.3,74,10.0,1.84
1780610897.112,211.3,74,0.0,1.84
1780610897.212,211.3,74,10.0,7.54
1780610897.312,211.3,74,0.0,7.54
1780610897.412,211.3,74,0.0,7.54
1780610897.512,211.3,74,29.9,8.10
1780610897.612,211.3,74,0.0,8.10
1780610897.713,211.3,74,0.0,8.10
1780610897.813,211.3,74,0.0,8.10
1780610897.913,211.3,74,0.0,8.10
1780610898.013,211.3,74,0.0,8.10
1780610898.113,211.3,74,0.0,8.10
1780610898.213,211.3,74,0.0,8.10
1780610898.316,211.7,74,9.7,8.10
1780610898.416,211.7,74,29.9,8.10
1780610898.517,211.7,74,0.0,8.10
1780610898.617,211.7,74,0.0,8.10
1780610898.717,211.7,74,0.0,8.10
1780610898.817,211.7,74,0.0,8.10
1780610898.919,211.7,74,0.0,8.10
1780610899.020,211.7,74,20.0,8.10
1780610899.120,211.7,74,0.0,8.10
1780610899.220,211.7,74,0.0,7.54
1780610899.320,211.8,74,10.0,7.54
1780610899.420,211.8,74,0.0,7.54
1780610899.520,211.9,74,39.9,7.75
1780610899.620,211.9,74,0.0,7.75
1780610899.721,211.9,74,0.0,7.75
1780610899.821,211.9,74,0.0,7.75
1780610899.921,211.9,74,0.0,7.75
1780610900.021,211.9,74,0.0,7.75
1780610900.121,211.9,74,0.0,7.75
1780610900.221,211.9,74,0.0,7.75
1780610900.321,211.9,74,0.0,7.75
1780610900.422,211.9,74,0.0,7.75
1780610900.522,211.9,74,0.0,7.75
1780610900.622,211.9,74,0.0,7.75
1780610900.722,211.9,74,0.0,7.75
1780610900.822,181.5,74,59.9,9.23
1780610900.922,181.5,74,0.0,9.23
1780610901.022,181.5,74,0.0,9.23
1780610901.124,192.6,74,9.9,9.23
1780610901.224,193.1,74,19.9,9.23
1780610901.324,193.1,74,0.0,9.23
1780610901.424,193.1,74,0.0,9.23
1780610901.525,195.1,74,0.0,9.23
1780610901.625,195.1,74,0.0,9.23
1780610901.725,197.9,74,30.0,9.23
1780610901.825,197.9,74,0.0,9.23
1780610901.925,197.9,74,0.0,9.23
1780610902.025,197.9,74,0.0,9.23
1780610902.125,197.9,74,0.0,9.23
1780610902.225,197.9,74,0.0,9.23
1780610902.326,197.9,74,0.0,9.23
1780610902.426,197.9,74,0.0,9.23
1780610902.526,197.9,74,0.0,9.23
1780610902.626,197.9,74,0.0,9.23
1780610902.726,197.9,74,0.0,9.23
1780610902.826,197.9,74,0.0,9.23
1780610902.927,197.9,74,0.0,9.23
1780610903.027,197.9,74,0.0,9.23
1780610903.127,197.9,74,0.0,9.23
1780610903.227,197.9,74,0.0,9.23
1780610903.327,197.9,74,0.0,9.23
1780610903.427,197.9,74,0.0,9.23
1780610903.527,197.9,74,0.0,9.23
1780610903.627,197.9,74,0.0,9.23
1780610903.728,197.9,74,0.0,9.23
1780610903.828,197.9,74,20.0,9.23
1780610903.928,197.9,74,0.0,9.23
1780610904.028,197.9,74,0.0,7.75
1780610904.128,197.9,74,0.0,7.75
1780610904.228,197.9,74,0.0,7.75
1780610904.329,203.1,74,29.9,7.75
1780610904.429,203.1,74,0.0,7.75
1780610904.529,203.1,74,0.0,7.75
1780610904.629,203.1,74,0.0,7.75
1780610904.729,203.1,74,0.0,7.75
1780610904.829,203.1,74,0.0,7.75
1780610904.929,203.1,74,0.0,7.75
1780610905.030,203.1,74,0.0,7.75
1780610905.130,203.1,74,0.0,7.75
1780610905.230,207.1,74,49.9,7.75
1780610905.330,207.1,74,30.0,7.75
1780610905.430,207.1,74,0.0,7.75
1780610905.530,207.1,74,0.0,7.75
1780610905.630,207.1,74,0.0,7.75
1780610905.731,207.1,74,0.0,7.75
1780610905.831,207.1,74,0.0,7.75
1780610905.931,207.1,74,0.0,7.75
1780610906.031,207.1,74,0.0,4.67
1780610906.131,207.1,74,0.0,4.67
1780610906.232,207.1,74,0.0,4.67
1780610906.332,210.3,74,49.9,4.67
1780610906.432,210.3,74,0.0,4.67
1780610906.532,210.3,74,0.0,4.67
1780610906.635,210.5,74,29.3,4.67
1780610906.735,210.5,74,10.0,7.70
1780610906.835,210.5,74,10.0,7.70
1780610906.935,210.5,74,0.0,7.70
1780610907.035,210.5,74,0.0,7.70
1780610907.135,210.5,74,0.0,7.70
1780610907.238,210.5,74,9.7,7.70
1780610907.338,210.5,74,10.0,4.67
1780610907.438,210.5,74,0.0,4.67
1780610907.539,210.5,74,0.0,4.67
1780610907.639,210.5,74,20.0,3.13
1780610907.739,210.5,74,0.0,3.13
1780610907.839,210.5,74,0.0,3.13
1780610907.939,210.5,74,0.0,3.13
1780610908.039,210.5,74,0.0,3.13
1780610908.139,210.5,74,0.0,3.13
1780610908.239,210.5,74,0.0,3.13
1780610908.340,210.5,74,10.0,3.13
1780610908.440,210.5,74,10.0,3.13
1780610908.540,210.5,74,0.0,3.13
1780610908.640,210.5,74,0.0,3.13
1780610908.740,210.5,74,0.0,3.13
1780610908.840,210.5,74,0.0,3.13
1780610908.940,210.5,74,0.0,3.13
1780610909.041,210.5,74,0.0,3.13
1780610909.141,210.5,74,0.0,3.13
1780610909.241,210.5,74,0.0,3.13
1780610909.341,210.5,74,20.0,7.70
1780610909.441,210.5,74,0.0,7.70
1780610909.541,210.5,74,10.0,7.70
1780610909.641,210.5,74,0.0,7.70
1780610909.744,199.3,74,19.6,7.70
1780610909.844,202.1,74,20.0,7.70
1780610909.944,202.1,74,0.0,7.70
1780610910.044,202.1,74,0.0,7.70
1780610910.144,202.1,74,0.0,7.70
1780610910.245,202.3,74,9.9,7.70
1780610910.346,202.3,74,10.0,7.70
1780610910.446,202.3,74,0.0,7.70
1780610910.546,207.0,74,30.0,7.70
1780610910.646,207.0,74,0.0,7.70
1780610910.746,207.0,74,0.0,7.70
1780610910.846,207.0,74,0.0,7.70
1780610910.946,207.0,74,0.0,7.70
1780610911.047,207.0,74,0.0,7.70
1780610911.147,207.0,74,0.0,7.70
1780610911.247,207.0,74,0.0,7.70
1780610911.347,207.0,74,10.0,7.70
1780610911.447,207.0,74,0.0,7.70
1780610911.547,207.0,74,0.0,7.70
1780610911.647,181.5,74,49.9,8.24
1780610911.748,181.5,74,0.0,8.24
1780610911.848,181.5,74,0.0,8.24
1780610911.948,181.5,74,0.0,8.24
1780610912.048,197.4,74,39.9,8.24
1780610912.148,199.4,74,0.0,8.24
1780610912.248,199.6,74,10.0,8.24
1780610912.348,199.6,74,0.0,8.24
1780610912.449,199.6,74,0.0,8.24
1780610912.549,199.6,74,0.0,8.24
1780610912.649,199.6,74,0.0,8.24
1780610912.749,199.6,74,0.0,8.24
1780610912.849,199.6,74,0.0,8.24
1780610912.949,199.6,74,0.0,8.24
1780610913.049,200.1,74,20.0,8.24
1780610913.149,200.1,74,20.0,8.24
1780610913.250,200.1,74,0.0,8.24
1780610913.350,200.1,74,0.0,8.24
1780610913.450,200.1,74,0.0,8.24
1780610913.550,200.1,74,0.0,8.24
1780610913.650,200.2,74,20.0,8.24
1780610913.750,200.2,74,0.0,8.24
1780610913.851,200.2,74,0.0,8.24
1780610913.951,200.5,74,20.0,8.24
1780610914.051,200.5,74,0.0,8.24
1780610914.151,200.5,74,0.0,8.24
1780610914.253,200.5,74,9.9,8.24
1780610914.353,200.5,74,0.0,8.24
1780610914.453,200.5,74,20.0,8.24
1780610914.553,200.5,74,0.0,8.24
1780610914.653,200.5,74,10.0,8.24
1780610914.754,200.5,74,0.0,8.24
1780610914.854,200.5,74,10.0,8.24
1780610914.954,200.5,74,0.0,8.24
1780610915.054,200.5,74,10.0,8.24
1780610915.154,200.5,74,0.0,8.24
1780610915.254,200.5,74,0.0,8.24
1780610915.354,200.5,74,0.0,8.24
1780610915.455,200.5,74,0.0,8.24
1780610915.555,200.5,74,0.0,8.24
1780610915.655,200.5,74,0.0,8.24
1780610915.755,200.5,74,0.0,6.30
1780610915.855,200.5,74,0.0,6.30
1780610915.955,200.5,74,20.0,4.67
1780610916.055,200.5,74,0.0,4.67
1780610916.156,200.5,74,0.0,4.67
1780610916.256,200.5,74,0.0,4.67
1780610916.356,205.5,74,29.9,12.17
1780610916.456,205.5,74,0.0,12.17
1780610916.556,205.5,74,0.0,12.17
1780610916.658,205.5,74,0.0,12.17
1780610916.758,205.5,74,0.0,12.17
1780610916.858,205.5,74,0.0,12.17
1780610916.959,205.8,74,49.9,12.17
1780610917.059,205.8,74,0.0,12.17
1780610917.159,205.8,74,0.0,12.17
1780610917.259,205.8,74,0.0,12.17
1780610917.359,205.8,74,0.0,12.17
1780610917.459,205.8,74,0.0,12.17
1780610917.559,205.8,74,0.0,12.17
1780610917.660,207.0,74,29.8,12.17
1780610917.760,181.5,74,10.0,23.29
1780610917.861,181.5,74,10.0,23.29
1780610917.961,181.5,74,0.0,23.29
1780610918.061,181.5,74,0.0,23.29
1780610918.161,181.5,74,0.0,12.17
1780610918.261,181.5,74,0.0,12.17
1780610918.365,190.5,74,9.7,12.17
1780610918.465,190.5,74,0.0,12.17
1780610918.565,190.5,74,10.0,12.17
1780610918.665,201.8,74,30.0,19.89
1780610918.765,201.8,74,0.0,19.89
1780610918.865,201.8,74,0.0,19.89
1780610918.965,201.8,74,0.0,19.89
1780610919.066,201.8,74,10.0,19.89
1780610919.166,204.5,74,10.0,19.89
1780610919.266,204.5,74,0.0,19.89
1780610919.366,204.5,74,0.0,19.89
1780610919.466,204.7,74,10.0,19.89
1780610919.566,205.0,74,0.0,19.89
1780610919.667,205.0,74,0.0,19.89
1780610919.767,205.0,74,0.0,19.89
1780610919.867,205.0,74,0.0,19.89
1780610919.967,205.0,74,10.0,19.89
1780610920.067,205.0,74,0.0,19.89
1780610920.167,207.0,74,10.0,19.89
1780610920.270,207.0,74,19.5,19.89
1780610920.370,207.0,74,10.0,19.89
1780610920.470,207.0,74,0.0,19.89
1780610920.570,207.0,74,0.0,19.89
1780610920.670,207.0,74,0.0,19.89
1780610920.770,207.0,74,0.0,19.89
1780610920.871,207.0,74,0.0,19.89
1780610920.971,207.0,74,0.0,19.89
1780610921.071,207.0,74,0.0,19.89
1780610921.171,207.2,74,10.0,19.89
1780610921.271,207.2,74,0.0,19.89
1780610921.371,209.4,74,30.0,19.89
1780610921.471,209.4,74,0.0,19.89
1780610921.572,209.4,74,0.0,19.89
1780610921.672,209.4,74,0.0,19.89
1780610921.772,209.4,74,0.0,19.89
1780610921.872,209.4,74,0.0,19.89
1780610921.972,209.4,74,0.0,19.89
1780610922.072,209.4,74,10.0,19.89
1780610922.172,209.4,74,0.0,19.89
1780610922.273,209.4,74,0.0,19.89
1780610922.373,181.5,74,39.9,25.80
1780610922.473,181.5,74,0.0,25.80
1780610922.573,181.5,74,0.0,25.80
1780610922.673,181.5,74,0.0,25.80
1780610922.773,181.5,74,0.0,25.80
1780610922.874,181.5,74,10.0,25.80
1780610922.974,193.3,74,19.9,25.80
1780610923.074,193.3,74,0.0,25.80
1780610923.174,193.3,74,0.0,25.80
1780610923.275,193.3,74,0.0,25.80
1780610923.375,193.3,74,0.0,25.80
1780610923.475,200.5,74,29.9,25.80
1780610923.575,200.5,74,0.0,25.80
1780610923.675,200.5,74,0.0,25.80
1780610923.775,200.5,74,0.0,25.80
1780610923.876,200.5,74,0.0,25.80
1780610923.976,200.5,74,0.0,25.80
1780610924.076,200.5,74,10.0,25.80
1780610924.176,200.5,74,0.0,19.89
1780610924.276,200.5,74,0.0,19.89
1780610924.377,200.5,74,0.0,19.89
1780610924.477,200.5,74,0.0,19.89
1780610924.577,200.5,74,0.0,19.89
1780610924.677,203.7,74,49.9,19.89
1780610924.777,203.7,74,0.0,19.89
1780610924.877,203.7,74,0.0,19.89
1780610924.978,203.7,74,0.0,19.89
1780610925.078,203.7,74,0.0,10.16
1780610925.178,203.7,74,0.0,10.16
1780610925.278,203.7,74,0.0,10.16
1780610925.378,204.0,74,10.0,10.16
1780610925.478,204.0,74,0.0,10.16
1780610925.579,204.0,74,0.0,10.16
1780610925.679,204.0,74,0.0,10.16
1780610925.779,204.5,74,29.9,10.16
1780610925.879,204.5,74,0.0,10.16
1780610925.980,204.5,74,0.0,10.16
1780610926.080,204.5,74,0.0,10.16
1780610926.180,204.5,74,0.0,10.16
1780610926.280,204.5,74,0.0,10.16
1780610926.380,204.5,74,0.0,10.16
1780610926.480,204.5,74,0.0,10.16
1780610926.580,204.5,74,0.0,10.16
1780610926.681,204.5,74,10.0,10.16
1780610926.781,204.5,74,0.0,10.16
1780610926.881,204.5,74,0.0,10.16
1780610926.981,204.5,74,19.9,10.16
1780610927.082,206.9,74,49.8,10.16
1780610927.182,206.9,74,0.0,10.16
1780610927.282,206.9,74,0.0,10.16
1780610927.382,207.3,74,10.0,10.16
1780610927.483,207.3,74,0.0,10.16
1780610927.583,207.3,74,0.0,10.16
1780610927.683,207.3,74,0.0,10.16
1780610927.783,207.3,74,0.0,10.16
1780610927.883,207.3,74,10.0,10.16
1780610927.984,207.3,74,0.0,10.16
1780610928.084,207.3,74,0.0,10.16
1780610928.184,207.3,74,0.0,10.16
1780610928.284,207.3,74,10.0,10.16
1780610928.384,207.3,74,0.0,10.16
1780610928.485,207.8,74,19.9,10.16
1780610928.585,207.8,74,0.0,10.16
1780610928.685,207.8,74,10.0,10.16
1780610928.785,207.8,74,0.0,1.88
1780610928.885,207.8,74,0.0,1.88
1780610928.985,207.8,74,0.0,1.88
1780610929.086,207.8,74,10.0,1.88
1780610929.186,207.8,74,0.0,1.88
1780610929.286,207.8,74,0.0,1.88
1780610929.386,207.8,74,0.0,1.88
1780610929.486,207.8,74,0.0,1.88
1780610929.586,207.8,74,0.0,1.88
1780610929.687,207.8,74,0.0,1.88
1780610929.787,207.8,74,0.0,1.88
1780610929.887,208.3,74,29.9,1.54
1780610929.987,208.3,74,0.0,1.54
1780610930.087,208.3,74,10.0,1.54
1780610930.188,208.3,74,0.0,1.88
1780610930.288,208.3,74,0.0,1.88
1780610930.388,208.3,74,0.0,1.88
1780610930.488,208.3,74,0.0,1.88
1780610930.588,208.3,74,0.0,1.88
1780610930.689,209.0,74,39.9,1.88
1780610930.789,209.0,74,0.0,1.88
1780610930.889,209.0,74,0.0,1.88
1780610930.989,209.0,74,0.0,1.88
1780610931.089,209.0,74,0.0,1.88
1780610931.189,209.0,74,20.0,1.88
1780610931.290,209.0,74,0.0,1.88
1780610931.391,209.0,74,0.0,1.88
1780610931.492,209.0,74,10.0,1.88
1780610931.592,209.0,74,0.0,1.88
1780610931.692,209.0,74,0.0,1.88
1780610931.792,209.0,74,0.0,1.54
1780610931.892,209.0,74,30.0,1.54
1780610931.992,209.0,74,0.0,1.54
1780610932.092,209.0,74,0.0,1.54
1780610932.193,209.0,74,10.0,1.54
1780610932.293,209.0,74,0.0,1.54
1780610932.393,209.0,74,0.0,1.54
1780610932.493,209.7,74,39.9,1.54
1780610932.593,209.7,74,0.0,1.54
1780610932.693,209.7,74,0.0,1.54
1780610932.793,209.7,74,0.0,1.54
1780610932.896,209.7,74,19.5,2.12
1780610932.996,209.7,74,10.0,2.12
1780610933.096,209.7,74,0.0,2.12
1780610933.196,209.7,74,0.0,2.12
1780610933.297,209.7,74,0.0,2.12
1780610933.397,209.7,74,0.0,2.12
1780610933.497,209.7,74,0.0,2.12
1780610933.597,209.7,74,0.0,2.12
1780610933.697,209.7,74,0.0,2.12
1780610933.797,209.7,74,0.0,2.12
1780610933.897,209.7,74,0.0,2.12
1780610933.998,209.7,74,10.0,2.12
1780610934.098,209.8,74,30.0,2.12
1780610934.198,209.8,74,0.0,2.12
1780610934.298,209.8,74,0.0,2.12
1780610934.398,209.8,74,0.0,2.12
1780610934.498,209.8,74,0.0,2.12
1780610934.598,209.8,74,0.0,2.12
1780610934.699,209.8,74,0.0,2.12
1780610934.799,209.8,74,0.0,2.12
1780610934.899,209.8,74,0.0,2.12
1780610934.999,209.8,74,0.0,2.12
1780610935.099,210.0,74,20.0,2.12
1780610935.202,210.3,74,9.7,2.12
1780610935.302,210.3,74,20.0,2.12
1780610935.402,210.3,74,0.0,2.12
1780610935.502,210.3,74,0.0,2.12
1780610935.603,210.3,74,0.0,2.12
1780610935.703,210.3,74,0.0,2.12
1780610935.803,210.3,74,0.0,2.12
1780610935.903,210.3,74,0.0,2.12
1780610936.003,210.3,74,0.0,2.12
1780610936.103,211.3,74,29.9,2.12
1780610936.204,188.6,74,30.0,2.99
1780610936.304,188.6,74,0.0,2.99
1780610936.404,188.6,74,0.0,2.99
1780610936.504,188.6,74,0.0,2.99
1780610936.604,188.6,74,0.0,2.99
1780610936.704,191.1,74,20.0,2.99
1780610936.804,191.1,74,0.0,2.99
1780610936.905,191.1,74,0.0,2.99
1780610937.005,191.1,74,0.0,2.99
1780610937.105,191.1,74,0.0,2.99
1780610937.205,191.1,74,0.0,2.99
1780610937.305,202.8,74,39.9,2.99
1780610937.405,202.8,74,0.0,2.99
1780610937.505,202.8,74,0.0,2.99
1780610937.606,202.8,74,0.0,2.99
1780610937.706,203.3,74,0.0,2.99
1780610937.806,203.3,74,0.0,2.99
1780610937.906,203.3,74,30.0,2.99
1780610938.006,203.3,74,0.0,2.99
1780610938.106,203.3,74,0.0,2.99
1780610938.206,203.3,74,0.0,2.99
1780610938.307,203.3,74,0.0,2.99
1780610938.407,203.3,74,0.0,2.99
1780610938.507,203.3,74,10.0,2.99
1780610938.607,203.3,74,0.0,2.99
1780610938.707,205.8,74,10.0,2.99
1780610938.807,205.8,74,0.0,2.99
1780610938.908,205.8,74,0.0,2.99
1780610939.008,206.0,74,10.0,2.99
1780610939.108,206.0,74,0.0,2.99
1780610939.208,206.0,74,0.0,2.99
1780610939.308,206.0,74,0.0,2.99
1780610939.408,206.0,74,0.0,1.52
1780610939.508,206.8,74,20.0,1.52
1780610939.609,206.8,74,0.0,1.52
1780610939.709,206.8,74,0.0,1.52
1780610939.809,207.0,74,39.9,5.40
1780610939.909,207.0,74,0.0,5.40
1780610940.009,207.0,74,0.0,5.40
1780610940.109,207.0,74,10.0,5.40
1780610940.209,207.0,74,0.0,5.40
1780610940.310,207.0,74,0.0,5.40
1780610940.410,207.0,74,0.0,5.40
1780610940.510,210.5,74,49.9,5.40
1780610940.610,210.5,74,0.0,5.40
1780610940.710,210.5,74,0.0,5.40
1780610940.810,210.5,74,0.0,5.40
1780610940.910,210.5,74,0.0,5.40
1780610941.011,210.5,74,0.0,5.40
1780610941.111,210.5,74,0.0,5.40
1780610941.211,210.5,74,0.0,5.40
1780610941.311,210.5,74,0.0,5.40
1780610941.411,181.5,74,39.9,5.40
1780610941.511,181.5,74,0.0,5.40
1780610941.611,181.5,74,0.0,5.40
1780610941.712,181.5,74,0.0,5.40
1780610941.812,181.5,74,0.0,5.40
1780610941.912,183.6,74,0.0,5.40
1780610942.012,192.6,74,19.9,5.40
1780610942.112,192.6,74,0.0,5.40
1780610942.213,192.6,74,0.0,5.40
1780610942.313,192.6,74,0.0,5.40
1780610942.413,192.6,74,0.0,5.40
1780610942.513,192.6,74,0.0,5.40
1780610942.613,192.6,74,0.0,2.45
1780610942.713,192.6,74,0.0,2.45
1780610942.813,192.6,74,0.0,2.45
1780610942.914,192.6,74,0.0,2.45
1780610943.014,200.1,74,30.0,2.45
1780610943.114,200.1,74,0.0,2.45
1780610943.214,200.1,74,10.0,2.45
1780610943.314,203.4,74,30.0,5.40
1780610943.414,203.4,74,0.0,5.40
1780610943.514,203.4,74,0.0,5.40
1780610943.615,203.4,74,0.0,5.40
1780610943.715,203.4,74,0.0,5.40
1780610943.815,203.4,74,0.0,5.40
1780610943.915,203.4,74,0.0,5.40
1780610944.015,203.4,74,0.0,5.40
1780610944.115,203.4,74,0.0,5.40
1780610944.215,204.4,74,30.0,5.40
1780610944.315,204.4,74,0.0,5.40
1780610944.416,204.4,74,0.0,5.40
1780610944.516,204.4,74,0.0,5.40
1780610944.616,204.4,74,0.0,5.40
1780610944.716,204.4,74,0.0,5.40
1780610944.816,204.4,74,10.0,5.40
1780610944.916,204.4,74,0.0,5.40
1780610945.016,204.4,74,0.0,5.40
1780610945.117,205.4,74,19.9,5.40
1780610945.217,181.5,74,39.9,5.40
1780610945.317,181.5,74,0.0,5.40
1780610945.417,181.5,74,0.0,5.40
1780610945.522,192.9,74,0.0,5.40
1780610945.623,192.9,74,10.0,5.40
1780610945.723,192.9,74,0.0,5.40
1780610945.823,192.9,74,0.0,5.40
1780610945.923,192.9,74,0.0,5.40
1780610946.023,192.9,74,0.0,5.40
1780610946.123,192.9,74,0.0,5.40
1780610946.223,192.9,74,0.0,2.45
1780610946.323,192.9,74,0.0,2.45
1780610946.424,192.9,74,0.0,2.45
1780610946.524,192.9,74,0.0,2.45
1780610946.624,192.9,74,0.0,2.45
1780610946.724,194.9,74,10.0,2.45
1780610946.824,199.6,74,29.9,11.74
1780610946.924,200.1,74,10.0,11.74
1780610947.025,200.1,74,0.0,11.74
1780610947.125,200.1,74,0.0,11.74
1780610947.225,200.1,74,0.0,11.74
1780610947.325,200.1,74,0.0,11.74
1780610947.425,200.1,74,0.0,11.74
1780610947.525,200.1,74,0.0,11.74
1780610947.625,200.1,74,0.0,11.74
1780610947.725,200.1,74,0.0,11.74
1780610947.828,203.1,74,29.2,11.74
1780610947.928,203.1,74,0.0,11.74
1780610948.028,203.1,74,0.0,11.74
1780610948.128,203.1,74,0.0,11.74
1780610948.229,203.1,74,0.0,11.74
1780610948.329,203.1,74,0.0,11.74
1780610948.429,203.1,74,0.0,11.74
1780610948.530,203.1,74,9.9,11.74
1780610948.630,203.1,74,0.0,11.74
1780610948.730,203.1,74,0.0,11.74
1780610948.832,203.1,74,9.8,11.74
1780610948.932,181.5,74,49.9,11.74
1780610949.032,181.5,74,0.0,11.74
1780610949.133,181.5,74,0.0,11.74
1780610949.233,181.5,74,0.0,11.74
1780610949.333,181.5,74,0.0,11.74
1780610949.433,192.9,74,30.0,11.74
1780610949.533,192.9,74,0.0,11.74
1780610949.633,192.9,74,0.0,11.74
1780610949.733,192.9,74,0.0,1.72
1780610949.834,192.9,74,0.0,1.72
1780610949.934,192.9,74,0.0,1.72
1780610950.034,192.9,74,0.0,1.72
1780610950.134,192.9,74,0.0,1.72
1780610950.235,200.1,74,9.9,1.72
1780610950.335,202.1,74,20.0,1.72
1780610950.436,202.6,74,20.0,6.35
1780610950.536,202.6,74,0.0,6.35
1780610950.636,202.6,74,0.0,6.35
1780610950.736,202.6,74,0.0,6.35
1780610950.836,202.6,74,0.0,6.35
1780610950.936,203.4,74,10.0,6.35
1780610951.036,203.4,74,0.0,6.35
1780610951.137,203.4,74,0.0,6.35
1780610951.237,203.4,74,0.0,6.35
1780610951.337,203.4,74,0.0,6.35
1780610951.437,203.4,74,0.0,6.35
1780610951.537,203.4,74,0.0,6.35
1780610951.637,203.4,74,0.0,6.35
1780610951.737,203.4,74,0.0,6.35
1780610951.838,203.4,74,0.0,6.35
1780610951.938,203.4,74,0.0,6.35
1780610952.038,203.4,74,0.0,6.35
1780610952.138,203.4,74,10.0,6.35
1780610952.238,203.4,74,29.9,6.35
1780610952.338,206.1,74,39.9,6.35
1780610952.439,206.1,74,0.0,6.35
1780610952.539,206.1,74,0.0,6.35
1780610952.639,206.1,74,0.0,6.35
1780610952.739,206.6,74,10.0,6.35
1780610952.839,206.6,74,0.0,6.35
1780610952.939,206.6,74,0.0,6.35
1780610953.040,206.6,74,0.0,6.35
1780610953.140,206.6,74,0.0,6.35
1780610953.240,206.6,74,0.0,1.72
1780610953.340,207.3,74,30.0,1.72
1780610953.440,207.3,74,0.0,1.72
1780610953.540,207.3,74,0.0,1.72
1780610953.640,207.3,74,0.0,1.72
1780610953.740,207.3,74,10.0,1.72
1780610953.841,207.3,74,0.0,1.72
1780610953.943,207.8,74,9.7,1.72
1780610954.043,207.8,74,20.0,1.72
1780610954.144,207.8,74,0.0,1.72
1780610954.244,207.8,74,0.0,1.72
1780610954.344,207.8,74,0.0,1.72
1780610954.444,207.8,74,0.0,1.72
1780610954.544,207.8,74,0.0,1.72
1780610954.644,207.8,74,0.0,1.72
1780610954.744,207.8,74,0.0,1.72
1780610954.845,208.0,74,10.0,1.72
1780610954.945,208.0,74,0.0,1.72
1780610955.045,208.0,74,10.0,1.72
1780610955.145,208.5,74,20.0,4.31
1780610955.245,208.5,74,0.0,4.31
1780610955.345,208.5,74,0.0,4.31
1780610955.445,208.5,74,0.0,4.31
1780610955.546,208.5,74,0.0,4.31
1780610955.648,208.7,74,9.8,4.31
1780610955.748,208.7,74,0.0,4.31
1780610955.848,208.7,74,10.0,4.31
1780610955.948,208.7,74,0.0,4.31
1780610956.048,208.7,74,30.0,4.31
1780610956.149,208.7,74,0.0,4.31
1780610956.249,208.9,74,30.0,6.35
1780610956.349,208.9,74,0.0,6.35
1780610956.449,208.9,74,0.0,6.35
1780610956.549,208.9,74,0.0,6.35
1780610956.649,208.9,74,0.0,6.35
1780610956.749,208.9,74,0.0,6.35
1780610956.850,208.9,74,0.0,4.31
1780610956.950,208.9,74,0.0,4.31
1780610957.050,208.9,74,39.9,4.31
1780610957.151,208.9,74,9.9,4.31
1780610957.251,208.9,74,10.0,4.31
1780610957.351,208.9,74,10.0,4.31
1780610957.451,208.9,74,0.0,4.31
1780610957.551,208.9,74,0.0,4.31
1780610957.652,209.0,74,10.0,4.31
1780610957.752,209.0,74,0.0,4.31
1780610957.852,209.0,74,0.0,4.31
1780610957.952,209.0,74,0.0,4.31
1780610958.052,209.0,74,0.0,4.31
1780610958.152,209.0,74,0.0,4.31
1780610958.252,209.0,74,0.0,4.31
1780610958.353,209.0,74,0.0,4.31
1780610958.453,209.0,74,0.0,4.31
1780610958.553,209.0,74,0.0,4.31
1780610958.653,209.3,74,20.0,4.31
1780610958.753,209.3,74,10.0,4.31
1780610958.853,209.3,74,30.0,4.31
1780610958.953,209.3,74,0.0,4.31
1780610959.054,209.3,74,0.0,4.31
1780610959.154,209.3,74,0.0,4.31
1780610959.254,209.3,74,0.0,4.31
1780610959.354,209.3,74,0.0,4.31
1780610959.454,209.3,74,0.0,4.31
1780610959.554,209.3,74,0.0,4.31
1780610959.654,209.3,74,0.0,4.31
1780610959.754,209.3,74,0.0,4.31
1780610959.855,209.3,74,10.0,4.31
1780610959.955,209.3,74,19.9,4.31
1780610960.055,209.3,74,0.0,4.31
1780610960.155,209.3,74,0.0,4.31
1780610960.255,209.3,74,0.0,4.31
1780610960.356,209.3,74,0.0,4.31
1780610960.456,209.3,74,0.0,4.31
1780610960.556,209.3,74,0.0,4.31
1780610960.656,209.5,74,10.0,4.31
1780610960.756,209.5,74,0.0,4.31
1780610960.856,209.5,74,20.0,4.31
1780610960.956,209.5,74,29.9,4.31
1780610961.057,209.5,74,0.0,4.31
1780610961.157,209.5,74,0.0,4.31
1780610961.257,209.5,74,0.0,4.31
1780610961.357,209.5,74,0.0,4.31
1780610961.457,209.5,74,0.0,4.31
1780610961.557,209.5,74,10.0,1.54
1780610961.657,209.5,74,0.0,1.54
1780610961.758,209.5,74,0.0,1.54
1780610961.858,209.5,74,10.0,1.54
1780610961.958,209.5,74,0.0,1.54
1780610962.058,209.5,74,30.0,1.54
1780610962.158,209.5,74,0.0,1.54
1780610962.258,209.5,74,0.0,1.54
1780610962.359,209.5,74,0.0,1.54
1780610962.459,209.5,74,0.0,1.54
1780610962.559,209.5,74,0.0,1.54
1780610962.659,209.5,74,0.0,1.33
1780610962.759,209.5,74,0.0,1.33
1780610962.859,209.5,74,0.0,1.33
1780610962.959,209.5,74,0.0,1.33
1780610963.060,209.5,74,0.0,1.33
1780610963.160,209.5,74,0.0,1.33
1780610963.260,209.5,74,0.0,1.33
1780610963.361,212.2,74,49.6,1.33
1780610963.461,181.5,74,10.0,1.54
1780610963.561,181.5,74,0.0,1.54
1780610963.661,181.5,74,0.0,1.54
1780610963.761,181.5,74,0.0,1.54
1780610963.861,181.5,74,0.0,1.54
1780610963.962,181.5,74,0.0,1.54
1780610964.062,181.5,74,0.0,1.54
1780610964.162,181.5,74,0.0,1.54
1780610964.262,193.1,74,20.0,1.54
1780610964.362,193.1,74,0.0,1.54
1780610964.462,202.4,74,30.0,1.54
1780610964.562,202.4,74,0.0,1.54
1780610964.663,202.4,74,0.0,1.54
1780610964.763,202.4,74,0.0,1.54
1780610964.863,202.4,74,0.0,1.54
1780610964.963,202.4,74,0.0,1.54
1780610965.063,202.4,74,0.0,1.54
1780610965.163,202.5,74,10.0,1.54
1780610965.263,202.5,74,0.0,1.54
1780610965.364,202.5,74,0.0,1.54
1780610965.464,202.5,74,0.0,1.54
1780610965.567,202.6,74,9.7,1.54
1780610965.667,181.5,74,49.9,2.81
1780610965.767,181.5,74,0.0,2.81
1780610965.868,181.5,74,0.0,2.81
1780610965.968,190.8,74,29.9,2.81
1780610966.068,190.8,74,0.0,2.81
1780610966.168,190.8,74,0.0,2.81
1780610966.268,190.8,74,0.0,2.81
1780610966.368,190.8,74,0.0,2.81
1780610966.468,190.8,74,0.0,2.81
1780610966.569,197.8,74,30.0,2.81
1780610966.669,197.8,74,0.0,2.81
1780610966.769,197.8,74,0.0,2.81
1780610966.869,197.8,74,0.0,2.81
1780610966.969,197.8,74,0.0,2.81
1780610967.069,197.8,74,0.0,2.81
1780610967.169,197.8,74,0.0,2.81
1780610967.270,197.8,74,0.0,2.81
1780610967.370,197.8,74,0.0,2.81
1780610967.470,197.8,74,0.0,2.81
1780610967.570,197.8,74,0.0,2.81
1780610967.670,197.8,74,0.0,2.81
1780610967.770,197.8,74,0.0,2.81
1780610967.870,197.8,74,0.0,2.81
1780610967.971,197.8,74,0.0,2.81
1780610968.071,197.8,74,0.0,2.81
1780610968.171,197.8,74,0.0,2.81
1780610968.271,197.8,74,0.0,2.81
1780610968.371,197.8,74,0.0,2.81
1780610968.471,197.8,74,0.0,2.81
1780610968.571,197.8,74,0.0,2.81
1780610968.673,200.5,74,29.5,2.81
1780610968.773,200.5,74,0.0,2.81
1780610968.873,200.5,74,0.0,2.81
1780610968.974,200.5,74,0.0,2.81
1780610969.074,200.5,74,0.0,2.81
1780610969.174,200.5,74,0.0,2.81
1780610969.274,200.5,74,0.0,2.81
1780610969.374,200.5,74,0.0,2.81
1780610969.474,200.5,74,0.0,2.81
1780610969.574,202.0,74,29.9,2.81
1780610969.675,202.0,74,0.0,2.81
1780610969.775,202.0,74,0.0,2.81
1780610969.875,207.2,74,49.9,2.81
1780610969.975,207.2,74,10.0,2.81
1780610970.075,207.2,74,0.0,2.81
1780610970.175,207.2,74,0.0,2.81
1780610970.276,207.2,74,0.0,2.81
1780610970.376,207.2,74,0.0,2.81
1780610970.476,207.2,74,0.0,2.81
1780610970.576,207.2,74,0.0,2.81
1780610970.676,207.2,74,0.0,2.81
1780610970.776,207.2,74,0.0,2.81
1780610970.876,207.2,74,0.0,2.81
1780610970.977,207.2,74,10.0,2.81
1780610971.078,207.9,74,49.4,2.81
1780610971.178,207.9,74,10.0,2.81
1780610971.278,207.9,74,0.0,2.81
1780610971.378,207.9,74,0.0,2.81
1780610971.478,207.9,74,30.0,2.81
1780610971.579,207.9,74,10.0,2.81
1780610971.679,207.9,74,0.0,2.81
1780610971.779,207.9,74,10.0,2.81
1780610971.879,207.9,74,10.0,2.81
1780610971.979,207.9,74,0.0,2.81
1780610972.079,207.9,74,0.0,1.83
1780610972.180,207.9,74,0.0,1.83
1780610972.280,207.9,74,0.0,1.83
1780610972.380,207.9,74,0.0,1.83
1780610972.480,207.9,74,0.0,1.83
1780610972.580,207.9,74,0.0,1.83
1780610972.680,207.9,74,0.0,1.83
1780610972.780,207.9,74,0.0,1.83
1780610972.880,207.9,74,0.0,1.83
1780610972.981,207.9,74,0.0,1.83
1780610973.081,207.9,74,0.0,1.83
1780610973.181,207.9,74,0.0,1.83
1780610973.281,207.9,74,0.0,1.83
1780610973.381,208.0,74,20.0,1.83
1780610973.481,208.0,74,0.0,1.83
1780610973.584,208.2,74,9.8,1.83
1780610973.684,208.4,74,10.0,1.83
1780610973.784,208.4,74,0.0,1.83
1780610973.884,208.4,74,0.0,1.83
1780610973.984,208.4,74,0.0,1.83
1780610974.085,208.4,74,10.0,1.83
1780610974.185,208.4,74,0.0,1.83
1780610974.286,209.2,74,19.8,1.83
1780610974.386,209.2,74,29.9,3.27
1780610974.486,209.2,74,0.0,3.27
1780610974.586,209.2,74,0.0,3.27
1780610974.686,209.2,74,0.0,3.27
1780610974.786,209.2,74,0.0,3.27
1780610974.887,209.2,74,0.0,3.27
1780610974.987,209.2,74,0.0,3.27
1780610975.087,209.2,74,0.0,3.27
1780610975.187,209.2,74,0.0,3.27
1780610975.287,209.2,74,0.0,3.27
1780610975.389,209.2,74,19.6,3.27
1780610975.489,209.2,74,10.0,3.27
1780610975.589,209.2,74,0.0,3.27
1780610975.689,209.2,74,0.0,3.27
1780610975.790,209.2,74,0.0,3.27
1780610975.890,209.2,74,0.0,3.27
1780610975.990,209.2,74,0.0,3.27
1780610976.090,209.2,74,0.0,3.27
1780610976.190,209.2,74,0.0,3.27
1780610976.290,209.2,74,0.0,1.26
1780610976.391,209.2,74,0.0,1.26
1780610976.493,209.2,74,19.5,1.26
1780610976.593,181.5,74,49.9,11.00
1780610976.694,200.1,74,19.8,11.00
1780610976.794,202.3,74,10.0,11.00
1780610976.894,202.3,74,0.0,11.00
1780610976.995,202.3,74,10.0,11.00
1780610977.095,202.3,74,0.0,11.00
1780610977.195,204.8,74,0.0,11.00
1780610977.295,204.8,74,0.0,11.00
1780610977.395,204.8,74,0.0,11.00
1780610977.495,204.8,74,0.0,11.00
1780610977.595,204.8,74,0.0,11.00
1780610977.696,204.8,74,0.0,11.00
1780610977.796,204.8,74,0.0,11.00
1780610977.896,204.8,74,0.0,11.00
1780610977.996,208.8,74,29.9,11.00
1780610978.096,208.8,74,0.0,11.00
1780610978.196,208.8,74,0.0,11.00
1780610978.296,208.8,74,0.0,11.00
1780610978.397,208.8,74,0.0,11.00
1780610978.497,208.8,74,0.0,11.00
1780610978.597,208.8,74,0.0,11.00
1780610978.697,208.8,74,0.0,11.00
1780610978.797,208.8,74,0.0,11.00
1780610978.897,208.8,74,10.0,11.00
1780610978.997,208.8,74,0.0,11.00
1780610979.098,208.8,74,0.0,11.00
1780610979.198,208.8,74,39.9,11.00
1780610979.298,208.8,74,0.0,11.00
1780610979.398,208.8,74,0.0,11.00
1780610979.498,208.8,74,0.0,11.00
1780610979.598,208.8,74,0.0,11.00
1780610979.698,208.8,74,0.0,11.00
1780610979.799,208.8,74,0.0,11.00
1780610979.899,208.8,74,0.0,11.00
1780610979.999,209.7,74,39.9,11.00
1780610980.099,209.7,74,0.0,11.00
1780610980.199,209.7,74,0.0,11.00
1780610980.299,209.7,74,0.0,11.00
1780610980.399,209.7,74,0.0,11.00
1780610980.500,210.5,74,39.9,13.72
1780610980.600,210.5,74,0.0,13.72
1780610980.700,210.5,74,0.0,13.72
1780610980.800,210.5,74,30.0,13.72
1780610980.900,210.5,74,0.0,13.72
1780610981.000,210.5,74,0.0,13.72
1780610981.100,210.5,74,0.0,13.72
1780610981.201,210.5,74,10.0,13.72
1780610981.301,210.5,74,0.0,13.72
1780610981.401,210.5,74,0.0,13.72
1780610981.501,210.5,74,0.0,13.72
1780610981.601,210.5,74,0.0,13.72
1780610981.701,210.9,74,39.9,13.72
1780610981.802,210.9,74,0.0,13.72
1780610981.902,210.9,74,0.0,13.72
1780610982.002,210.9,74,0.0,13.72
1780610982.102,210.9,74,10.0,13.72
1780610982.202,210.9,74,0.0,13.72
1780610982.302,210.9,74,0.0,13.72
1780610982.402,210.9,74,0.0,13.72
1780610982.503,210.9,74,10.0,13.72
1780610982.603,210.9,74,20.0,13.72
1780610982.703,210.9,74,0.0,13.72
1780610982.803,210.9,74,0.0,13.72
1780610982.903,210.9,74,10.0,13.72
1780610983.003,210.9,74,0.0,13.06
1780610983.103,210.9,74,0.0,13.06
1780610983.204,210.9,74,0.0,13.06
1780610983.304,210.9,74,0.0,13.06
1780610983.404,210.9,74,0.0,13.06
1780610983.504,210.9,74,0.0,13.06
1780610983.604,210.9,74,0.0,13.06
1780610983.704,210.9,74,10.0,13.06
1780610983.805,210.9,74,0.0,13.06
1780610983.905,210.9,74,0.0,13.06
1780610984.005,210.9,74,0.0,13.06
1780610984.105,210.9,74,0.0,13.06
1780610984.205,210.9,74,0.0,13.06
1780610984.305,210.9,74,0.0,13.06
1780610984.405,210.9,74,0.0,13.06
1780610984.505,210.9,74,0.0,13.06
1780610984.606,210.9,74,10.0,13.06
1780610984.706,210.9,74,0.0,13.06
1780610984.806,210.9,74,10.0,13.06
1780610984.906,210.9,74,0.0,13.06
1780610985.008,210.9,74,9.8,13.06
1780610985.111,210.9,74,19.4,13.06
1780610985.212,210.9,74,0.0,13.06
1780610985.312,210.9,74,0.0,13.06
1780610985.412,210.9,74,0.0,13.06
1780610985.512,210.9,74,0.0,13.06
1780610985.612,210.9,74,0.0,13.06
1780610985.712,210.9,74,10.0,13.06
1780610985.812,210.9,74,0.0,13.06
1780610985.912,210.9,74,0.0,13.06
1780610986.015,212.2,74,58.5,13.06
1780610986.118,212.2,74,0.0,13.72
1780610986.218,212.2,74,0.0,13.72
1780610986.319,212.2,74,0.0,13.72
1780610986.419,212.2,74,0.0,13.72
1780610986.519,212.2,74,0.0,13.72
1780610986.621,212.6,74,19.6,13.72
1780610986.721,212.6,74,30.0,14.71
1780610986.821,212.6,74,0.0,14.71
1780610986.921,212.6,74,10.0,14.71
1780610987.021,212.6,74,0.0,14.71
1780610987.121,212.6,74,0.0,14.71
1780610987.223,212.6,74,9.8,14.71
1780610987.323,212.8,74,20.0,14.71
1780610987.424,212.8,74,0.0,14.71
1780610987.524,212.8,74,0.0,14.71
1780610987.624,212.8,74,0.0,14.71
1780610987.727,212.8,74,9.7,14.71
1780610987.827,212.8,74,0.0,14.71
1780610987.927,212.8,74,0.0,14.71
1780610988.027,212.8,74,0.0,14.71
1780610988.127,212.8,74,0.0,14.71
1780610988.228,212.8,74,0.0,14.71
1780610988.328,212.8,74,30.0,14.71
1780610988.428,212.8,74,0.0,14.71
1780610988.528,212.8,74,10.0,14.71
1780610988.628,212.8,74,0.0,14.71
1780610988.728,212.8,74,0.0,14.71
1780610988.828,212.8,74,0.0,14.71
1780610988.929,212.8,74,0.0,14.71
1780610989.029,212.8,74,0.0,14.71
1780610989.129,212.8,74,0.0,14.71
1780610989.229,212.8,74,0.0,14.71
1780610989.329,212.8,74,0.0,14.71
1780610989.429,212.9,74,39.9,14.71
1780610989.529,212.9,74,0.0,14.71
1780610989.630,212.9,74,0.0,14.71
1780610989.730,212.9,74,0.0,14.71
1780610989.830,212.9,74,0.0,14.71
1780610989.930,212.9,74,0.0,14.71
1780610990.030,212.9,74,30.0,14.71
1780610990.130,212.9,74,0.0,14.71
1780610990.230,212.9,74,0.0,14.71
1780610990.331,212.9,74,0.0,14.71
1780610990.432,212.9,74,19.8,14.71
1780610990.532,212.9,74,10.0,14.71
1780610990.632,212.9,74,29.9,14.71
1780610990.732,212.9,74,0.0,14.71
1780610990.832,212.9,74,10.0,14.71
1780610990.933,212.9,74,0.0,14.71
1780610991.033,212.9,74,0.0,14.71
1780610991.133,213.0,74,10.0,14.71
1780610991.233,213.0,74,20.0,14.71
1780610991.333,213.0,74,0.0,14.71
1780610991.433,213.0,74,0.0,14.71
1780610991.533,213.0,74,20.0,14.71
1780610991.634,213.0,74,0.0,14.71
1780610991.734,213.0,74,10.0,14.71
1780610991.834,213.0,74,0.0,14.71
1780610991.936,213.0,74,0.0,14.71
1780610992.036,213.0,74,29.9,14.71
1780610992.136,213.0,74,0.0,14.71
1780610992.236,213.0,74,0.0,14.71
1780610992.336,213.0,74,0.0,14.71
1780610992.436,213.0,74,0.0,14.71
1780610992.537,213.0,74,0.0,0.97
1780610992.637,213.0,74,0.0,0.97
1780610992.737,213.0,74,0.0,0.97
1780610992.837,213.0,74,20.0,0.97
1780610992.937,213.0,74,0.0,1.16
1780610993.037,213.0,74,0.0,1.16
1780610993.137,213.0,74,0.0,0.97
1780610993.238,213.0,74,0.0,0.97
1780610993.339,213.0,74,9.9,0.97
1780610993.439,213.0,74,10.0,0.97
1780610993.539,213.0,74,0.0,0.97
1780610993.639,213.0,74,0.0,0.97
1780610993.739,213.0,74,0.0,0.97
1780610993.839,213.0,74,0.0,0.97
1780610993.939,213.0,74,0.0,0.97
1780610994.040,213.0,74,0.0,0.97
1780610994.140,213.0,74,0.0,0.97
1780610994.240,213.0,74,0.0,0.97
1780610994.340,213.0,74,0.0,0.97
1780610994.440,213.0,74,0.0,0.97
1780610994.540,213.0,74,0.0,0.97
1780610994.640,213.0,74,10.0,0.97
1780610994.740,213.0,74,0.0,0.97
1780610994.841,213.0,74,9.9,0.97
1780610994.942,213.0,74,20.0,1.16
1780610995.042,213.0,74,0.0,1.16
1780610995.142,213.0,74,0.0,1.16
1780610995.242,213.0,74,0.0,1.16
1780610995.344,213.8,74,48.9,1.16
1780610995.444,193.7,74,30.0,1.62
1780610995.545,193.7,74,0.0,1.62
1780610995.645,193.7,74,0.0,1.62
1780610995.745,193.7,74,0.0,1.62
1780610995.845,193.7,74,0.0,1.62
1780610995.945,193.7,74,0.0,1.62
1780610996.045,193.7,74,0.0,1.62
1780610996.145,193.7,74,0.0,1.62
1780610996.246,193.7,74,0.0,1.62
1780610996.346,193.7,74,0.0,1.62
1780610996.446,195.7,74,0.0,1.62
1780610996.546,195.7,74,0.0,1.62
1780610996.646,195.7,74,0.0,1.62
1780610996.746,195.7,74,0.0,1.62
1780610996.846,195.7,74,0.0,1.62
1780610996.947,190.3,74,79.9,2.93
1780610997.047,190.3,74,0.0,2.93
1780610997.147,190.3,74,0.0,2.93
1780610997.247,190.3,74,0.0,2.93
1780610997.347,190.3,74,0.0,2.93
1780610997.447,192.8,74,20.0,2.93
1780610997.547,192.8,74,0.0,2.93
1780610997.648,192.8,74,0.0,2.93
1780610997.748,192.8,74,0.0,2.93
1780610997.848,192.8,74,0.0,2.93
1780610997.948,192.8,74,0.0,2.93
1780610998.048,198.3,74,30.0,2.93
1780610998.148,198.3,74,0.0,2.93
1780610998.248,198.3,74,0.0,2.93
1780610998.349,198.3,74,0.0,2.93
1780610998.449,198.3,74,0.0,2.93
1780610998.549,201.6,74,30.0,2.93
1780610998.649,201.6,74,0.0,2.93
1780610998.749,201.6,74,0.0,2.93
1780610998.849,201.6,74,0.0,2.93
1780610998.949,201.6,74,0.0,2.93
1780610999.051,202.0,74,19.8,2.93
1780610999.151,202.0,74,10.0,2.93
1780610999.251,202.0,74,0.0,2.93
1780610999.351,202.0,74,0.0,2.93
1780610999.452,202.8,74,9.9,2.93
1780610999.552,203.5,74,10.0,2.93
1780610999.652,203.5,74,0.0,2.93
1780610999.752,204.0,74,20.0,2.93
1780610999.852,204.0,74,0.0,2.93
1780610999.953,204.0,74,0.0,2.93
1780611000.053,204.0,74,0.0,2.93
1780611000.153,204.0,74,0.0,2.93
1780611000.253,204.0,74,0.0,2.93
1780611000.353,204.0,74,0.0,2.93
1780611000.454,204.0,74,0.0,2.93
1780611000.554,204.0,74,0.0,2.93
1780611000.654,204.0,74,0.0,2.93
1780611000.754,204.8,74,20.0,2.93
1780611000.854,204.8,74,0.0,2.93
1780611000.954,204.8,74,30.0,2.93
1780611001.055,205.0,74,0.0,2.93
1780611001.155,205.0,74,0.0,2.93
1780611001.255,205.0,74,0.0,2.93
1780611001.355,205.0,74,0.0,1.93
1780611001.455,205.0,74,0.0,1.93
1780611001.555,205.0,74,0.0,1.93
1780611001.655,205.0,74,0.0,1.93
1780611001.756,206.3,74,49.9,1.93
1780611001.856,206.3,74,0.0,1.93
1780611001.956,206.3,74,10.0,1.93
1780611002.056,206.3,74,0.0,1.93
1780611002.156,206.3,74,0.0,1.93
1780611002.256,206.7,74,30.0,1.93
1780611002.356,206.7,74,0.0,1.93
1780611002.457,206.7,74,0.0,1.93
1780611002.557,206.7,74,0.0,1.93
1780611002.657,206.7,74,0.0,1.93
1780611002.757,206.9,74,20.0,1.93
1780611002.857,206.9,74,0.0,1.93
1780611002.957,206.9,74,0.0,1.93
1780611003.058,208.9,74,20.0,1.93
1780611003.158,208.9,74,10.0,1.93
1780611003.258,208.9,74,0.0,1.93
1780611003.358,208.9,74,0.0,1.53
1780611003.458,208.9,74,30.0,1.53
1780611003.558,209.1,74,10.0,1.93
1780611003.658,209.1,74,0.0,1.93
1780611003.759,209.1,74,0.0,1.93
1780611003.859,209.1,74,0.0,1.93
1780611003.959,209.1,74,0.0,1.93
1780611004.059,209.1,74,0.0,1.93
1780611004.159,209.1,74,0.0,1.93
1780611004.259,209.1,74,10.0,1.93
1780611004.360,209.1,74,0.0,1.93
1780611004.460,209.1,74,20.0,1.93
1780611004.560,209.1,74,0.0,1.93
1780611004.660,209.1,74,20.0,1.95
1780611004.760,209.1,74,0.0,1.95
1780611004.860,209.1,74,0.0,1.95
1780611004.961,209.1,74,0.0,1.95
1780611005.061,209.1,74,0.0,1.95
1780611005.161,209.1,74,0.0,1.95
1780611005.261,209.1,74,0.0,1.95
1780611005.361,209.1,74,0.0,1.95
1780611005.461,209.1,74,0.0,1.95
1780611005.561,209.1,74,0.0,1.95
1780611005.661,209.3,74,20.0,1.95
1780611005.762,209.3,74,0.0,1.95
1780611005.867,209.5,74,19.5,2.00
1780611005.967,209.5,74,9.7,2.00
1780611006.067,209.5,74,0.0,2.00
1780611006.168,209.5,74,0.0,2.00
1780611006.268,209.5,74,0.0,2.00
1780611006.368,209.5,74,0.0,2.00
1780611006.469,209.7,74,19.9,2.00
1780611006.569,209.7,74,29.9,2.00
1780611006.669,209.7,74,0.0,2.00
1780611006.769,209.7,74,0.0,2.00
1780611006.869,209.7,74,0.0,2.00
1780611006.969,209.7,74,0.0,2.00
1780611007.070,209.7,74,0.0,2.00
1780611007.170,209.7,74,0.0,2.00
1780611007.270,210.2,74,30.0,2.00
1780611007.370,210.6,74,10.0,2.00
1780611007.470,210.6,74,20.0,2.00
1780611007.571,210.6,74,0.0,2.00
1780611007.671,210.6,74,10.0,2.00
1780611007.771,210.6,74,0.0,2.00
1780611007.871,210.6,74,0.0,2.00
1780611007.971,210.6,74,0.0,2.00
1780611008.071,210.6,74,30.0,2.00
1780611008.171,210.6,74,0.0,2.00
1780611008.272,210.6,74,10.0,2.00
1780611008.372,210.6,74,0.0,2.00
1780611008.472,210.6,74,10.0,2.00
1780611008.572,210.6,74,10.0,2.00
1780611008.673,210.6,74,0.0,2.00
1780611008.773,210.6,74,0.0,2.00
1780611008.873,210.6,74,10.0,2.00
1780611008.973,210.6,74,0.0,2.00
1780611009.073,210.6,74,10.0,2.00
1780611009.173,210.6,74,0.0,2.00
1780611009.274,210.6,74,0.0,2.00
1780611009.374,210.6,74,0.0,2.00
1780611009.474,210.6,74,0.0,2.00
1780611009.574,210.6,74,0.0,2.00
1780611009.674,210.6,74,0.0,2.00
1780611009.774,210.6,74,0.0,2.00
1780611009.874,210.6,74,0.0,2.00
1780611009.977,210.6,74,9.8,1.95
1780611010.077,210.8,74,20.0,1.95
1780611010.177,210.8,74,0.0,1.95
1780611010.277,210.8,74,0.0,1.95
1780611010.377,210.8,74,0.0,1.95
1780611010.477,210.8,74,0.0,1.95
1780611010.578,210.8,74,0.0,1.95
1780611010.678,210.8,74,0.0,1.95
1780611010.778,210.8,74,0.0,1.95
1780611010.878,210.8,74,0.0,1.95
1780611010.978,210.8,74,0.0,1.95
1780611011.078,210.8,74,20.0,1.79
1780611011.179,210.8,74,0.0,1.79
1780611011.279,210.8,74,30.0,1.79
1780611011.379,210.8,74,0.0,1.79
1780611011.479,210.8,74,10.0,1.79
1780611011.579,210.8,74,0.0,1.79
1780611011.679,210.8,74,0.0,1.79
1780611011.780,210.8,74,0.0,1.79
1780611011.880,210.8,74,0.0,1.79
1780611011.980,210.8,74,0.0,1.79
1780611012.080,210.8,74,0.0,1.79
1780611012.180,210.8,74,0.0,1.79
1780611012.280,210.8,74,0.0,1.41
1780611012.381,211.9,74,39.9,1.41
1780611012.481,211.9,74,29.9,1.68
1780611012.581,211.9,74,20.0,1.68
1780611012.681,211.9,74,0.0,1.68
1780611012.781,211.9,74,10.0,1.68
1780611012.882,212.0,74,19.9,1.68
1780611012.982,212.0,74,0.0,1.68
1780611013.082,212.0,74,0.0,1.68
1780611013.182,212.0,74,0.0,1.68
1780611013.282,212.0,74,0.0,1.68
1780611013.382,212.0,74,0.0,1.68
1780611013.483,212.0,74,0.0,1.68
1780611013.583,212.0,74,30.0,1.68
1780611013.683,212.0,74,0.0,1.68
1780611013.783,212.0,74,0.0,1.68
1780611013.883,212.0,74,0.0,1.68
1780611013.983,212.0,74,0.0,1.68
1780611014.083,212.0,74,0.0,1.68
1780611014.184,212.0,74,0.0,1.68
1780611014.284,212.0,74,0.0,1.68
1780611014.384,212.0,74,10.0,1.68
1780611014.484,212.0,74,0.0,1.68
1780611014.584,212.0,74,0.0,1.68
1780611014.684,212.0,74,0.0,1.68
1780611014.784,212.0,74,0.0,1.68
1780611014.885,212.0,74,0.0,1.41
1780611014.987,212.0,74,9.7,1.41
1780611015.090,212.0,74,19.4,1.41
1780611015.190,212.0,74,30.0,1.41
1780611015.290,212.0,74,0.0,1.41
1780611015.391,212.0,74,0.0,1.41
1780611015.491,212.0,74,0.0,1.41
1780611015.591,212.0,74,0.0,1.09
1780611015.691,212.0,74,10.0,1.09
1780611015.791,212.0,74,0.0,1.09
1780611015.891,212.0,74,0.0,1.09
1780611015.991,212.0,74,0.0,1.09
1780611016.092,212.0,74,10.0,1.57
1780611016.192,212.0,74,0.0,1.57
1780611016.292,212.0,74,39.9,1.57
1780611016.392,212.0,74,0.0,1.57
1780611016.492,212.0,74,0.0,1.57
1780611016.592,212.0,74,0.0,1.57
1780611016.693,212.0,74,0.0,1.57
1780611016.793,212.0,74,0.0,1.57
1780611016.893,212.0,74,0.0,1.57
1780611016.993,212.0,74,0.0,1.57
1780611017.093,212.0,74,0.0,1.57
1780611017.193,212.0,74,0.0,1.57
1780611017.293,212.0,74,0.0,1.57
1780611017.394,212.0,74,0.0,1.57
1780611017.494,212.0,74,0.0,1.57
1780611017.594,212.0,74,0.0,1.57
1780611017.694,212.0,74,10.0,1.57
1780611017.798,212.0,74,19.2,1.57
1780611017.898,212.0,74,39.9,1.68
1780611017.998,212.0,74,0.0,1.68
1780611018.098,212.0,74,0.0,1.68
1780611018.199,212.0,74,0.0,1.68
1780611018.299,212.0,74,10.0,1.68
1780611018.399,212.0,74,0.0,1.68
1780611018.499,212.0,74,0.0,1.68
1780611018.599,212.0,74,0.0,1.68
1780611018.699,212.0,74,0.0,1.68
1780611018.800,212.0,74,0.0,1.68
1780611018.900,212.0,74,0.0,1.68
1780611019.000,212.0,74,0.0,1.57
1780611019.103,212.0,74,29.0,2.11
1780611019.203,212.0,74,0.0,2.11
1780611019.304,212.0,74,29.9,2.11
1780611019.404,212.0,74,0.0,2.11
1780611019.504,212.0,74,0.0,2.11
1780611019.604,212.0,74,0.0,2.11
1780611019.704,212.0,74,0.0,2.11
1780611019.804,212.0,74,0.0,2.11
1780611019.905,212.0,74,0.0,2.11
1780611020.005,212.0,74,29.9,2.11
1780611020.105,212.0,74,0.0,2.11
1780611020.205,212.0,74,0.0,2.11
1780611020.305,212.0,74,0.0,2.11
1780611020.405,212.0,74,0.0,2.11
1780611020.506,212.0,74,0.0,2.11
1780611020.606,212.0,74,0.0,2.11
1780611020.706,212.0,74,20.0,2.11
1780611020.806,212.0,74,29.9,2.11
1780611020.906,212.0,74,0.0,2.11
1780611021.006,212.0,74,0.0,2.11
1780611021.106,212.0,74,0.0,2.11
1780611021.207,212.0,74,0.0,2.11
1780611021.307,212.0,74,0.0,2.11
1780611021.407,212.0,74,0.0,2.11
1780611021.507,212.0,74,0.0,2.11
1780611021.607,212.0,74,10.0,2.11
1780611021.707,212.0,74,0.0,2.11
1780611021.808,212.0,74,0.0,2.11
1780611021.908,212.0,74,29.9,2.11
1780611022.008,212.0,74,0.0,2.11
1780611022.108,212.0,74,0.0,2.11
1780611022.208,212.0,74,0.0,2.11
1780611022.309,212.0,74,0.0,2.11
1780611022.409,212.0,74,10.0,2.11
1780611022.509,212.0,74,0.0,2.11
1780611022.609,212.0,74,0.0,2.11
1780611022.709,212.0,74,0.0,2.11
1780611022.809,212.0,74,39.9,2.11
1780611022.909,212.0,74,10.0,2.11
1780611023.010,212.0,74,0.0,2.11
1780611023.110,212.0,74,0.0,2.11
1780611023.210,212.0,74,0.0,2.11
1780611023.310,212.0,74,0.0,2.11
1780611023.410,212.0,74,0.0,2.11
1780611023.510,212.0,74,10.0,2.11
1780611023.611,212.0,74,0.0,2.11
1780611023.711,212.0,74,0.0,2.11
1780611023.811,212.0,74,0.0,2.11
1780611023.911,212.0,74,0.0,2.11
1780611024.011,212.0,74,30.0,2.11
1780611024.111,212.0,74,0.0,2.11
1780611024.211,212.0,74,0.0,2.11
1780611024.312,212.0,74,0.0,1.98
1780611024.412,212.0,74,0.0,1.98
1780611024.512,212.0,74,0.0,1.98
1780611024.612,212.0,74,0.0,1.98
1780611024.712,212.0,74,0.0,1.98
1780611024.812,212.0,74,0.0,1.98
1780611024.914,212.0,74,0.0,1.98
1780611025.015,212.0,74,10.0,1.98
1780611025.115,212.0,74,0.0,1.98
1780611025.216,212.9,74,19.7,1.98
1780611025.316,181.5,74,39.9,2.11
1780611025.416,181.5,74,0.0,2.11
1780611025.516,181.5,74,0.0,2.11
1780611025.617,181.5,74,0.0,1.98
1780611025.717,181.5,74,0.0,1.98
1780611025.817,181.5,74,0.0,1.98
1780611025.917,181.5,74,0.0,1.98
1780611026.017,181.5,74,0.0,1.98
1780611026.117,193.1,74,10.0,1.98
1780611026.218,193.1,74,0.0,1.98
1780611026.318,202.4,74,39.9,1.98
1780611026.418,202.4,74,0.0,1.98
1780611026.518,202.4,74,0.0,1.98
1780611026.618,202.4,74,0.0,1.98
1780611026.718,202.4,74,0.0,1.98
1780611026.818,202.4,74,0.0,1.98
1780611026.918,202.4,74,0.0,1.98
1780611027.019,202.4,74,0.0,1.98
1780611027.119,202.4,74,0.0,1.98
1780611027.219,202.4,74,0.0,1.98
1780611027.319,202.4,74,0.0,1.12
1780611027.420,209.4,74,29.8,1.12
1780611027.520,181.5,74,39.9,5.42
1780611027.620,181.5,74,0.0,5.42
1780611027.720,181.5,74,0.0,5.42
1780611027.820,192.9,74,10.0,5.42
1780611027.921,192.9,74,0.0,5.42
1780611028.021,192.9,74,0.0,5.42
1780611028.121,192.9,74,0.0,5.42
1780611028.221,194.9,74,10.0,5.42
1780611028.321,194.9,74,10.0,5.42
1780611028.421,194.9,74,0.0,5.42
1780611028.521,194.9,74,0.0,5.42
1780611028.622,194.9,74,0.0,5.42
1780611028.722,194.9,74,10.0,5.42
1780611028.822,194.9,74,0.0,5.42
1780611028.922,195.4,74,10.0,5.42
1780611029.022,195.4,74,20.0,5.42
1780611029.122,195.4,74,0.0,5.42
1780611029.222,195.4,74,0.0,5.42
1780611029.323,195.4,74,0.0,5.42
1780611029.423,195.4,74,0.0,5.42
1780611029.523,195.4,74,0.0,5.42
1780611029.623,195.4,74,0.0,5.42
1780611029.723,195.4,74,0.0,5.42
1780611029.823,195.4,74,0.0,5.42
1780611029.923,195.4,74,10.0,5.42
1780611030.023,195.4,74,0.0,5.42
1780611030.126,202.6,74,29.3,5.42
1780611030.226,202.6,74,0.0,5.42
1780611030.326,202.6,74,0.0,5.42
1780611030.426,202.6,74,0.0,5.42
1780611030.526,202.6,74,0.0,5.42
1780611030.627,202.6,74,0.0,5.42
1780611030.727,202.6,74,0.0,5.42
1780611030.827,202.6,74,0.0,5.42
1780611030.928,202.6,74,9.8,5.42
1780611031.028,202.6,74,0.0,5.42
1780611031.129,202.6,74,0.0,5.42
1780611031.229,205.5,74,49.9,5.42
1780611031.329,205.5,74,0.0,5.42
1780611031.429,205.5,74,0.0,5.42
1780611031.529,205.5,74,0.0,5.42
1780611031.629,205.5,74,0.0,5.42
1780611031.730,205.5,74,0.0,1.09
1780611031.830,205.5,74,0.0,1.09
1780611031.930,205.5,74,0.0,1.09
1780611032.030,205.5,74,0.0,1.09
1780611032.130,206.0,74,20.0,1.09
1780611032.230,206.0,74,0.0,1.09
1780611032.330,206.7,74,30.0,5.42
1780611032.431,206.7,74,0.0,5.42
1780611032.531,206.7,74,0.0,5.42
1780611032.631,206.7,74,0.0,5.42
1780611032.731,206.7,74,0.0,5.42
1780611032.831,206.7,74,0.0,5.42
1780611032.931,206.7,74,0.0,5.42
1780611033.031,206.7,74,0.0,5.42
1780611033.131,206.7,74,0.0,5.42
1780611033.232,206.7,74,10.0,5.42
1780611033.332,206.7,74,0.0,5.42
1780611033.432,206.7,74,0.0,5.42
1780611033.532,181.5,74,49.9,13.67
1780611033.632,181.5,74,0.0,13.67
1780611033.732,181.5,74,0.0,13.67
1780611033.832,181.5,74,0.0,13.67
1780611033.933,192.9,74,20.0,13.67
1780611034.033,192.9,74,0.0,13.67
1780611034.133,192.9,74,0.0,13.67
1780611034.233,192.9,74,0.0,13.67
1780611034.333,194.9,74,10.0,13.67
1780611034.433,194.9,74,0.0,13.67
1780611034.533,194.9,74,0.0,13.67
1780611034.634,194.9,74,0.0,13.67
1780611034.734,194.9,74,10.0,13.67
1780611034.834,194.9,74,0.0,13.67
1780611034.935,196.1,74,9.8,13.67
1780611035.036,196.1,74,10.0,13.67
1780611035.136,196.4,74,20.0,13.67
1780611035.236,196.4,74,0.0,13.67
1780611035.336,196.4,74,0.0,13.67
1780611035.436,196.4,74,0.0,13.67
1780611035.536,196.4,74,0.0,13.67
1780611035.637,196.4,74,0.0,13.67
1780611035.737,196.4,74,0.0,13.67
1780611035.837,196.4,74,0.0,13.67
1780611035.938,196.4,74,9.9,13.67
1780611036.038,196.4,74,10.0,13.67
1780611036.138,203.6,74,30.0,17.56
1780611036.238,203.6,74,0.0,17.56
1780611036.338,203.6,74,0.0,17.56
1780611036.439,203.6,74,0.0,17.56
1780611036.539,203.6,74,0.0,17.56
1780611036.639,203.6,74,0.0,17.56
1780611036.739,203.6,74,0.0,17.56
1780611036.839,203.6,74,0.0,17.56
1780611036.939,203.6,74,0.0,17.56
1780611037.039,203.6,74,0.0,17.56
1780611037.140,203.6,74,0.0,17.56
1780611037.240,181.5,74,49.9,17.56
1780611037.340,181.5,74,0.0,17.56
1780611037.440,181.5,74,0.0,17.56
1780611037.540,181.5,74,0.0,17.56
1780611037.640,181.5,74,0.0,17.56
1780611037.740,181.5,74,0.0,17.56
1780611037.841,181.5,74,0.0,17.56
1780611037.941,181.5,74,0.0,17.56
1780611038.041,181.5,74,0.0,17.56
1780611038.141,194.1,74,20.0,17.56
1780611038.241,194.1,74,0.0,17.56
1780611038.341,201.3,74,39.9,17.56
1780611038.441,201.3,74,0.0,17.56
1780611038.542,201.3,74,0.0,17.56
1780611038.642,201.3,74,0.0,17.56
1780611038.742,201.3,74,0.0,17.56
1780611038.842,201.3,74,0.0,17.56
1780611038.942,201.3,74,0.0,17.56
1780611039.042,201.3,74,0.0,17.56
1780611039.142,201.3,74,0.0,17.56
1780611039.242,201.3,74,10.0,17.56
1780611039.343,201.3,74,0.0,17.56
1780611039.445,207.4,74,19.5,17.56
1780611039.545,181.5,74,29.9,19.27
1780611039.645,181.5,74,0.0,19.27
1780611039.746,181.5,74,0.0,19.27
1780611039.846,191.1,74,10.0,19.27
1780611039.946,195.1,74,10.0,19.27
1780611040.046,195.1,74,0.0,19.27
1780611040.146,195.1,74,0.0,19.27
1780611040.247,195.1,74,0.0,19.27
1780611040.347,195.1,74,10.0,19.27
1780611040.447,195.1,74,0.0,19.27
1780611040.547,195.1,74,0.0,19.27
1780611040.647,195.1,74,0.0,19.27
1780611040.747,195.1,74,10.0,19.27
1780611040.847,195.1,74,0.0,19.27
1780611040.948,195.3,74,10.0,19.27
1780611041.048,195.3,74,0.0,19.27
1780611041.148,198.0,74,30.0,19.27
1780611041.248,198.0,74,0.0,19.27
1780611041.348,198.0,74,0.0,19.27
1780611041.448,198.0,74,0.0,19.27
1780611041.548,198.0,74,0.0,19.27
1780611041.649,198.0,74,0.0,19.27
1780611041.749,198.0,74,0.0,19.27
1780611041.849,198.0,74,0.0,19.27
1780611041.949,198.0,74,0.0,19.27
1780611042.049,198.0,74,10.0,19.27
1780611042.149,198.0,74,0.0,19.27
1780611042.249,203.5,74,30.0,19.27
1780611042.350,203.5,74,0.0,19.27
1780611042.450,203.5,74,0.0,19.27
1780611042.550,203.5,74,0.0,19.27
1780611042.650,203.5,74,0.0,5.36
1780611042.750,203.5,74,0.0,5.36
1780611042.850,203.5,74,0.0,5.36
1780611042.950,203.5,74,0.0,5.36
1780611043.051,203.5,74,0.0,5.36
1780611043.151,206.3,74,49.9,5.36
1780611043.251,206.3,74,0.0,5.36
1780611043.351,206.3,74,0.0,5.36
1780611043.451,206.3,74,10.0,5.36
1780611043.551,206.3,74,0.0,5.36
1780611043.651,206.3,74,0.0,5.36
1780611043.752,206.3,74,0.0,5.36
1780611043.852,206.3,74,0.0,5.36
1780611043.952,206.3,74,0.0,5.36
1780611044.052,206.3,74,0.0,5.36
1780611044.152,206.5,74,10.0,5.36
1780611044.252,206.5,74,0.0,5.36
1780611044.352,207.2,74,30.0,5.36
1780611044.453,207.2,74,0.0,5.36
1780611044.553,207.2,74,0.0,5.36
1780611044.653,207.2,74,0.0,5.36
1780611044.753,207.2,74,0.0,5.36
1780611044.853,207.2,74,0.0,5.36
1780611044.953,207.2,74,0.0,5.36
1780611045.053,207.2,74,10.0,5.36
1780611045.154,207.2,74,0.0,5.36
1780611045.254,207.2,74,0.0,5.36
1780611045.354,181.5,74,59.9,5.36
1780611045.454,181.5,74,0.0,5.36
1780611045.554,181.5,74,0.0,5.36
1780611045.654,181.5,74,0.0,5.36
1780611045.754,181.5,74,0.0,5.36
1780611045.855,181.5,74,0.0,5.36
1780611045.955,192.6,74,10.0,3.57
1780611046.055,192.6,74,0.0,3.57
1780611046.155,192.6,74,0.0,3.57
1780611046.255,192.6,74,0.0,3.57
1780611046.355,192.6,74,0.0,3.57
1780611046.456,192.6,74,0.0,3.57
1780611046.556,192.6,74,0.0,3.57
1780611046.656,192.6,74,0.0,3.57
1780611046.756,201.9,74,39.9,3.57
1780611046.856,201.9,74,0.0,3.57
1780611046.956,202.4,74,20.0,3.57
1780611047.056,202.4,74,0.0,3.57
1780611047.157,202.4,74,0.0,3.57
1780611047.257,202.4,74,0.0,3.57
1780611047.357,202.4,74,0.0,3.57
1780611047.457,202.4,74,20.0,3.57
1780611047.557,202.4,74,0.0,1.61
1780611047.657,202.4,74,0.0,1.61
1780611047.757,202.4,74,0.0,1.61
1780611047.860,202.8,74,0.0,1.61
1780611047.961,202.8,74,20.0,1.61
1780611048.061,202.8,74,0.0,1.61
1780611048.161,202.8,74,0.0,1.61
1780611048.261,202.8,74,0.0,1.61
1780611048.361,202.8,74,0.0,1.61
1780611048.461,202.8,74,0.0,1.61
1780611048.561,202.8,74,0.0,1.61
1780611048.661,202.8,74,0.0,1.61
1780611048.762,202.8,74,0.0,1.61
1780611048.865,208.1,74,29.9,1.61
1780611048.965,181.5,74,19.5,2.01
1780611049.065,181.5,74,0.0,2.01
1780611049.165,181.5,74,0.0,2.01
1780611049.265,181.5,74,0.0,2.01
1780611049.365,181.5,74,0.0,2.01
1780611049.465,181.5,74,0.0,2.01
1780611049.566,181.5,74,0.0,2.01
1780611049.666,181.5,74,0.0,2.01
1780611049.766,181.5,74,0.0,2.01
1780611049.866,192.8,74,20.0,2.01
1780611049.967,201.8,74,39.6,2.01
1780611050.067,201.8,74,0.0,2.01
1780611050.167,201.8,74,0.0,2.01
1780611050.267,201.8,74,0.0,2.01
1780611050.368,201.8,74,0.0,2.01
1780611050.468,201.8,74,0.0,2.01
1780611050.568,201.8,74,0.0,2.01
1780611050.668,201.8,74,0.0,2.01
1780611050.768,201.8,74,0.0,1.61
1780611050.868,201.8,74,0.0,1.61
1780611050.968,201.8,74,0.0,1.61
1780611051.069,209.4,74,19.9,1.61
1780611051.169,181.5,74,39.9,1.61
1780611051.269,181.5,74,0.0,1.61
1780611051.370,181.5,74,0.0,1.61
1780611051.470,192.6,74,20.0,1.61
1780611051.570,192.6,74,0.0,1.61
1780611051.670,192.6,74,0.0,1.61
1780611051.770,192.6,74,0.0,1.61
1780611051.870,194.6,74,10.0,1.61
1780611051.971,195.6,74,20.0,1.61
1780611052.071,195.6,74,0.0,1.61
1780611052.171,195.6,74,0.0,1.61
1780611052.271,195.6,74,0.0,1.61
1780611052.372,195.9,74,9.9,1.61
1780611052.473,195.9,74,0.0,1.61
1780611052.573,195.9,74,0.0,1.61
1780611052.673,195.9,74,0.0,1.61
1780611052.773,195.9,74,0.0,1.61
1780611052.873,195.9,74,0.0,1.61
1780611052.973,195.9,74,0.0,1.61
1780611053.073,195.9,74,0.0,1.61
1780611053.174,195.9,74,0.0,1.61
1780611053.274,195.9,74,0.0,1.05
1780611053.374,195.9,74,0.0,1.05
1780611053.474,195.9,74,0.0,1.05
1780611053.574,195.9,74,0.0,1.05
1780611053.674,195.9,74,0.0,1.05
1780611053.774,195.9,74,0.0,1.05
1780611053.874,195.9,74,0.0,1.04
1780611053.975,195.9,74,0.0,1.04
1780611054.075,195.9,74,10.0,1.04
1780611054.175,195.9,74,0.0,1.04
1780611054.275,195.9,74,0.0,1.04
1780611054.375,201.4,74,49.9,1.04
1780611054.475,201.4,74,0.0,1.04
1780611054.575,201.4,74,0.0,1.04
1780611054.676,201.4,74,0.0,1.04
1780611054.776,201.4,74,0.0,1.04
1780611054.876,201.4,74,0.0,1.04
1780611054.976,201.4,74,0.0,1.04
1780611055.076,201.4,74,0.0,1.04
1780611055.176,201.4,74,0.0,1.04
1780611055.276,201.4,74,0.0,1.04
1780611055.377,201.4,74,0.0,1.04
1780611055.477,201.4,74,0.0,1.04
1780611055.577,201.4,74,0.0,1.04
1780611055.677,201.4,74,10.0,1.04
1780611055.777,201.4,74,0.0,1.04
1780611055.881,216.2,74,69.9,3.77
1780611055.982,195.7,74,19.0,5.62
1780611056.083,195.7,74,10.0,5.62
1780611056.183,195.7,74,0.0,5.62
1780611056.283,195.7,74,0.0,5.62
1780611056.385,202.9,74,9.8,5.62
1780611056.486,202.9,74,20.0,17.87
1780611056.586,202.9,74,0.0,17.87
1780611056.686,202.9,74,10.0,17.87
1780611056.786,202.9,74,10.0,17.87
1780611056.886,202.9,74,0.0,17.87
1780611056.986,202.9,74,0.0,17.87
1780611057.086,202.9,74,0.0,17.87
1780611057.187,203.9,74,30.0,17.87
1780611057.287,203.9,74,0.0,17.87
1780611057.387,203.9,74,0.0,17.87
1780611057.487,203.9,74,0.0,17.87
1780611057.587,203.9,74,0.0,17.87
1780611057.687,203.9,74,0.0,17.87
1780611057.787,204.1,74,20.0,17.87
1780611057.888,204.1,74,0.0,17.87
1780611057.988,204.1,74,0.0,17.87
1780611058.090,204.1,74,0.0,17.87
1780611058.191,204.1,74,10.0,17.87
1780611058.291,204.1,74,0.0,17.87
1780611058.391,204.1,74,0.0,17.87
1780611058.491,204.1,74,10.0,17.87
1780611058.591,204.1,74,0.0,17.87
1780611058.691,204.1,74,20.0,17.87
1780611058.791,204.1,74,0.0,17.87
1780611058.892,204.1,74,0.0,17.87
1780611058.992,204.1,74,0.0,17.87
1780611059.092,204.1,74,0.0,17.87
1780611059.192,204.1,74,0.0,17.87
1780611059.292,204.1,74,0.0,17.87
1780611059.392,204.1,74,0.0,17.87
1780611059.493,204.1,74,0.0,17.87
1780611059.593,204.1,74,0.0,17.87
1780611059.693,204.1,74,0.0,17.87
1780611059.793,204.8,74,10.0,17.87
1780611059.893,204.8,74,0.0,17.87
1780611059.993,205.0,74,29.9,17.87
1780611060.094,205.0,74,0.0,17.87
1780611060.194,205.0,74,0.0,17.87
1780611060.294,205.0,74,0.0,17.87
1780611060.394,205.8,74,10.0,17.87
1780611060.494,206.0,74,20.0,17.87
1780611060.596,206.3,74,19.6,17.87
1780611060.697,206.3,74,0.0,17.87
1780611060.797,206.3,74,0.0,17.87
1780611060.897,206.3,74,0.0,17.87
1780611060.997,206.3,74,0.0,17.87
1780611061.097,206.3,74,0.0,17.87
1780611061.197,206.3,74,0.0,17.87
1780611061.300,207.8,74,39.1,17.87
1780611061.400,181.5,74,20.0,17.87
1780611061.500,181.5,74,0.0,17.87
1780611061.600,188.5,74,0.0,17.87
1780611061.700,188.5,74,0.0,17.87
1780611061.801,200.3,74,39.9,17.87
1780611061.901,200.3,74,0.0,17.87
1780611062.001,200.3,74,0.0,17.87
1780611062.101,200.3,74,0.0,17.87
1780611062.201,200.3,74,0.0,17.87
1780611062.301,200.3,74,0.0,17.87
1780611062.401,200.3,74,0.0,11.95
1780611062.501,200.3,74,0.0,11.95
1780611062.602,200.3,74,0.0,11.95
1780611062.702,200.3,74,0.0,11.95
1780611062.802,200.3,74,0.0,11.95
1780611062.902,200.3,74,0.0,3.22
1780611063.002,200.3,74,0.0,3.22
1780611063.102,200.3,74,0.0,1.91
1780611063.203,201.5,74,39.9,1.91
1780611063.303,201.5,74,0.0,1.91
1780611063.403,201.5,74,0.0,1.91
1780611063.503,201.5,74,0.0,1.91
1780611063.603,201.5,74,0.0,1.89
1780611063.703,201.5,74,0.0,1.89
1780611063.803,201.5,74,0.0,1.89
1780611063.903,201.5,74,0.0,1.89
1780611064.004,201.5,74,0.0,1.89
1780611064.104,201.5,74,0.0,1.89
1780611064.204,201.5,74,0.0,1.89
1780611064.304,205.7,74,10.0,1.89
1780611064.404,205.7,74,0.0,1.89
1780611064.504,209.7,74,39.9,1.89
1780611064.604,209.7,74,0.0,1.89
1780611064.705,209.7,74,0.0,1.78
1780611064.805,209.7,74,0.0,1.78
1780611064.905,209.7,74,0.0,1.78
1780611065.005,209.7,74,0.0,1.12
1780611065.105,210.9,74,39.9,1.78
1780611065.205,210.9,74,0.0,1.78
1780611065.305,210.9,74,0.0,1.78
1780611065.406,210.9,74,0.0,1.78
1780611065.506,210.9,74,0.0,1.78
1780611065.606,210.9,74,0.0,1.78
1780611065.706,210.9,74,0.0,1.78
1780611065.806,210.9,74,10.0,1.78
1780611065.909,211.2,74,9.7,1.78
1780611066.011,211.4,74,59.2,1.78
1780611066.111,211.4,74,0.0,1.84
1780611066.211,211.4,74,0.0,1.84
1780611066.311,211.4,74,0.0,1.84
1780611066.411,211.4,74,30.0,4.19
1780611066.512,211.4,74,10.0,4.19
1780611066.612,211.4,74,0.0,4.19
1780611066.712,211.4,74,0.0,4.19
1780611066.812,211.4,74,0.0,4.19
1780611066.912,211.4,74,0.0,4.19
1780611067.012,211.4,74,0.0,4.19
1780611067.113,211.4,74,0.0,4.19
1780611067.213,211.4,74,0.0,4.19
1780611067.313,211.4,74,0.0,4.19
1780611067.413,211.4,74,0.0,4.19
1780611067.513,211.4,74,10.0,4.19
1780611067.613,211.4,74,10.0,4.19
1780611067.714,211.4,74,0.0,4.19
1780611067.814,211.4,74,0.0,4.19
1780611067.914,211.4,74,0.0,4.19
1780611068.014,211.4,74,0.0,4.19
1780611068.114,211.4,74,0.0,4.19
1780611068.214,211.4,74,20.0,4.19
1780611068.314,211.4,74,0.0,4.19
1780611068.415,211.4,74,0.0,4.19
1780611068.515,211.4,74,0.0,4.19
1780611068.615,211.4,74,0.0,4.19
1780611068.715,211.4,74,0.0,4.19
1780611068.815,211.5,74,29.9,4.19
1780611068.915,211.5,74,0.0,4.19
1780611069.016,211.5,74,0.0,4.19
1780611069.116,211.5,74,0.0,4.19
1780611069.216,211.5,74,0.0,4.19
1780611069.316,211.5,74,0.0,4.19
1780611069.416,211.5,74,0.0,4.19
1780611069.516,211.5,74,0.0,4.19
1780611069.616,211.5,74,0.0,4.19
1780611069.717,211.5,74,0.0,4.19
1780611069.817,211.5,74,0.0,4.19
1780611069.917,211.5,74,0.0,4.19
1780611070.018,215.0,74,59.3,4.19
1780611070.118,181.5,74,10.0,25.95
1780611070.218,181.5,74,0.0,25.95
1780611070.318,181.5,74,0.0,25.95
1780611070.419,181.5,74,0.0,25.95
1780611070.519,181.5,74,0.0,25.95
1780611070.619,181.5,74,0.0,25.95
1780611070.719,181.5,74,0.0,25.95
1780611070.819,181.5,74,0.0,25.95
1780611070.919,181.5,74,0.0,25.95
1780611071.020,181.5,74,0.0,25.95
1780611071.120,202.4,74,49.9,25.95
1780611071.220,202.4,74,0.0,25.95
1780611071.320,202.4,74,0.0,25.95
1780611071.420,202.4,74,0.0,25.95
1780611071.520,202.4,74,0.0,25.95
1780611071.620,202.4,74,0.0,4.19
1780611071.720,202.4,74,0.0,4.19
1780611071.821,202.4,74,0.0,4.19
1780611071.921,202.4,74,0.0,4.19
1780611072.021,202.4,74,0.0,4.19
1780611072.121,202.4,74,0.0,4.19
1780611072.221,202.4,74,0.0,4.19
1780611072.321,202.4,74,0.0,4.19
1780611072.422,202.4,74,10.0,4.19
1780611072.524,206.8,74,29.3,4.19
1780611072.624,181.5,74,39.9,34.34
1780611072.724,181.5,74,0.0,34.34
1780611072.824,190.2,74,20.0,34.34
1780611072.925,190.5,74,0.0,34.34
1780611073.025,190.5,74,0.0,34.34
1780611073.125,190.5,74,10.0,34.34
1780611073.225,193.5,74,10.0,34.34
1780611073.325,193.5,74,0.0,34.34
1780611073.425,193.5,74,0.0,34.34
1780611073.526,193.5,74,0.0,34.34
1780611073.626,193.5,74,0.0,34.34
1780611073.726,193.5,74,0.0,34.34
1780611073.826,193.5,74,0.0,34.34
1780611073.926,193.5,74,0.0,34.34
1780611074.026,193.5,74,0.0,34.34
1780611074.126,193.5,74,10.0,34.34
1780611074.227,193.5,74,0.0,34.34
1780611074.327,193.5,74,0.0,34.34
1780611074.427,193.5,74,0.0,34.34
1780611074.527,193.5,74,0.0,34.34
1780611074.627,193.5,74,0.0,34.34
1780611074.727,193.5,74,0.0,34.34
1780611074.827,193.5,74,0.0,34.34
1780611074.928,193.5,74,0.0,34.34
1780611075.028,193.5,74,0.0,34.34
1780611075.128,193.5,74,0.0,34.34
1780611075.228,195.7,74,10.0,34.34
1780611075.328,195.7,74,0.0,34.34
1780611075.428,203.5,74,39.9,34.34
1780611075.528,203.5,74,0.0,34.34
1780611075.629,203.5,74,0.0,34.34
1780611075.729,203.5,74,0.0,34.34
1780611075.829,203.5,74,0.0,34.34
1780611075.929,203.5,74,0.0,34.34
1780611076.029,203.5,74,0.0,34.34
1780611076.129,203.5,74,0.0,34.34
1780611076.230,203.5,74,0.0,34.34
1780611076.330,181.5,74,59.9,34.34
1780611076.430,181.5,74,0.0,34.34
1780611076.530,181.5,74,0.0,18.94
1780611076.630,181.5,74,0.0,18.94
1780611076.730,181.5,74,0.0,18.94
1780611076.830,181.5,74,0.0,18.94
1780611076.931,181.5,74,0.0,18.94
1780611077.031,181.5,74,0.0,18.94
1780611077.131,181.5,74,0.0,18.94
1780611077.231,193.3,74,20.0,18.94
1780611077.331,193.3,74,0.0,18.94
1780611077.431,202.6,74,30.0,18.94
1780611077.532,202.6,74,0.0,18.94
1780611077.632,202.6,74,0.0,18.94
1780611077.732,202.6,74,0.0,18.94
1780611077.832,202.6,74,0.0,18.94
1780611077.932,202.6,74,0.0,18.94
1780611078.032,202.6,74,0.0,18.94
1780611078.132,202.6,74,0.0,18.94
1780611078.232,202.6,74,0.0,18.94
1780611078.333,202.6,74,0.0,18.94
1780611078.433,202.6,74,0.0,18.94
1780611078.533,202.6,74,0.0,18.94
1780611078.633,181.5,74,69.9,18.94
1780611078.733,181.5,74,0.0,18.94
1780611078.833,181.5,74,0.0,18.94
1780611078.934,182.0,74,0.0,18.94
1780611079.034,195.2,74,29.9,4.84
1780611079.134,195.2,74,0.0,4.84
1780611079.234,195.2,74,0.0,4.84
1780611079.334,195.2,74,0.0,4.84
1780611079.435,195.2,74,0.0,4.84
1780611079.535,195.2,74,10.0,4.84
1780611079.635,195.2,74,0.0,4.84
1780611079.735,195.2,74,0.0,4.84
1780611079.835,197.9,74,20.0,14.14
1780611079.935,197.9,74,0.0,14.14
1780611080.036,197.9,74,0.0,14.14
1780611080.136,198.6,74,10.0,14.14
1780611080.236,198.6,74,0.0,14.14
1780611080.336,198.6,74,0.0,14.14
1780611080.436,198.6,74,0.0,14.14
1780611080.536,198.6,74,0.0,14.14
1780611080.636,198.6,74,0.0,14.14
1780611080.737,198.6,74,0.0,14.14
1780611080.837,198.6,74,0.0,14.14
1780611080.937,198.6,74,0.0,14.14
1780611081.037,198.6,74,0.0,14.14
1780611081.137,198.6,74,0.0,14.14
1780611081.237,198.7,74,19.9,14.14
1780611081.338,198.7,74,0.0,14.14
1780611081.438,202.3,74,39.9,14.14
1780611081.538,202.3,74,0.0,14.14
1780611081.638,202.3,74,0.0,14.14
1780611081.738,202.3,74,0.0,14.14
1780611081.838,202.3,74,0.0,14.14
1780611081.938,202.3,74,0.0,14.14
1780611082.039,202.3,74,0.0,14.14
1780611082.140,202.6,74,9.8,14.14
1780611082.241,206.0,74,39.9,14.14
1780611082.341,206.0,74,0.0,14.14
1780611082.441,206.0,74,0.0,14.14
1780611082.541,206.0,74,0.0,14.14
1780611082.641,206.0,74,0.0,14.14
1780611082.741,206.0,74,0.0,14.14
1780611082.842,206.0,74,0.0,4.49
1780611082.942,206.0,74,0.0,4.49
1780611083.042,206.0,74,0.0,4.49
1780611083.142,206.0,74,0.0,4.49
1780611083.242,206.0,74,10.0,4.49
1780611083.343,206.0,74,9.9,4.49
1780611083.443,208.3,74,30.0,4.49
1780611083.544,208.3,74,0.0,4.49
1780611083.644,208.3,74,0.0,4.49
1780611083.744,208.3,74,0.0,4.49
1780611083.844,208.3,74,0.0,4.49
1780611083.944,208.3,74,0.0,4.49
1780611084.044,208.3,74,0.0,4.49
1780611084.144,208.3,74,0.0,4.49
1780611084.244,208.3,74,0.0,4.49
1780611084.345,208.5,74,0.0,4.49
1780611084.445,208.5,74,0.0,4.49
1780611084.545,208.5,74,0.0,4.49
1780611084.645,208.5,74,0.0,4.49
1780611084.747,215.4,74,48.9,4.49
1780611084.847,181.5,74,29.9,14.14
1780611084.948,181.5,74,0.0,14.14
1780611085.048,181.5,74,0.0,14.14
1780611085.148,195.1,74,10.0,14.14
1780611085.248,195.1,74,0.0,14.14
1780611085.348,195.1,74,0.0,14.14
1780611085.448,195.1,74,0.0,14.14
1780611085.548,195.1,74,0.0,14.14
1780611085.649,195.1,74,0.0,14.14
1780611085.749,195.1,74,0.0,14.14
1780611085.849,195.1,74,0.0,14.14
1780611085.949,195.1,74,0.0,14.14
1780611086.049,195.1,74,0.0,14.14
1780611086.149,195.1,74,0.0,14.14
