t,rss_mb,num_fds,cpu_pct,loop_lag_p99_ms
1780610440.977,144.5,10,97.2,0.00
1780610441.152,171.1,74,81.1,243.84
1780610441.252,173.7,74,9.8,0.70
1780610441.352,173.7,74,0.0,0.70
1780610441.452,173.7,74,0.0,0.70
1780610441.553,173.7,74,0.0,0.70
1780610441.653,177.6,74,0.0,0.70
1780610441.753,177.6,74,0.0,0.70
1780610441.853,184.4,74,20.0,0.92
1780610441.953,184.4,74,0.0,0.92
1780610442.053,184.4,74,0.0,0.92
1780610442.153,185.2,74,0.0,0.92
1780610442.254,185.2,74,0.0,0.92
1780610442.354,185.2,74,0.0,0.92
1780610442.454,186.5,74,10.0,0.96
1780610442.554,186.5,74,0.0,0.96
1780610442.654,186.5,74,0.0,0.96
1780610442.754,186.5,74,10.0,0.96
1780610442.854,186.5,74,0.0,0.96
1780610442.954,186.5,74,0.0,0.96
1780610443.055,186.5,74,0.0,0.96
1780610443.155,186.5,74,0.0,0.96
1780610443.255,186.5,74,0.0,0.96
1780610443.355,186.5,74,0.0,0.96
1780610443.455,186.5,74,10.0,0.96
1780610443.555,186.5,74,0.0,0.96
1780610443.655,186.5,74,0.0,0.96
1780610443.755,186.5,74,0.0,0.96
1780610443.856,186.5,74,0.0,0.96
1780610443.956,186.5,74,0.0,0.96
1780610444.056,186.5,74,0.0,0.96
1780610444.156,186.5,74,0.0,0.96
1780610444.256,187.0,74,20.0,1.92
1780610444.356,187.0,74,10.0,1.92
1780610444.456,187.0,74,0.0,2.69
1780610444.556,187.0,74,10.0,2.69
1780610444.657,187.2,74,10.0,2.69
1780610444.757,189.5,74,10.0,2.69
1780610444.857,189.5,74,0.0,2.69
1780610444.957,189.5,74,0.0,2.69
1780610445.057,189.5,74,0.0,2.69
1780610445.157,189.5,74,20.0,2.69
1780610445.257,189.5,74,0.0,2.69
1780610445.358,194.3,74,39.9,2.69
1780610445.458,194.3,74,0.0,2.69
1780610445.558,194.3,74,10.0,2.69
1780610445.658,194.3,74,0.0,2.69
1780610445.758,195.3,74,20.0,2.69
1780610445.858,195.3,74,0.0,2.69
1780610445.958,195.3,74,10.0,2.69
1780610446.059,195.3,74,0.0,2.69
1780610446.159,195.3,74,10.0,2.69
1780610446.262,195.3,74,19.4,2.69
1780610446.362,195.6,74,10.0,2.69
1780610446.462,195.6,74,0.0,2.69
1780610446.562,195.6,74,0.0,2.69
1780610446.662,195.6,74,10.0,2.69
1780610446.762,196.1,74,10.0,2.69
1780610446.862,196.1,74,0.0,2.69
1780610446.963,196.1,74,0.0,2.69
1780610447.063,196.1,74,0.0,2.69
1780610447.163,196.1,74,0.0,2.69
1780610447.263,196.1,74,0.0,2.69
1780610447.363,196.1,74,0.0,2.69
1780610447.463,196.1,74,0.0,2.69
1780610447.563,196.1,74,0.0,2.69
1780610447.664,196.1,74,0.0,1.92
1780610447.764,196.1,74,0.0,1.92
1780610447.864,196.1,74,0.0,1.92
1780610447.964,196.1,74,0.0,1.92
1780610448.064,196.1,74,0.0,1.92
1780610448.164,196.1,74,0.0,1.92
1780610448.264,196.1,74,0.0,1.92
1780610448.364,196.1,74,0.0,1.92
1780610448.465,196.1,74,0.0,1.92
1780610448.565,196.1,74,0.0,1.92
1780610448.665,196.1,74,0.0,1.92
1780610448.765,196.1,74,39.9,2.69
1780610448.865,196.1,74,0.0,2.69
1780610448.965,196.1,74,0.0,2.69
1780610449.065,196.1,74,0.0,2.69
1780610449.166,196.1,74,10.0,2.69
1780610449.266,196.1,74,0.0,2.69
1780610449.366,196.1,74,0.0,2.69
1780610449.466,201.4,74,49.9,4.78
1780610449.566,201.5,74,0.0,4.78
1780610449.666,201.5,74,0.0,4.78
1780610449.767,201.5,74,10.0,4.78
1780610449.867,201.5,74,10.0,4.78
1780610449.967,201.5,74,0.0,4.78
1780610450.067,201.5,74,0.0,4.78
1780610450.167,201.5,74,0.0,4.78
1780610450.267,201.5,74,0.0,4.78
1780610450.367,201.5,74,0.0,4.78
1780610450.468,201.5,74,0.0,4.78
1780610450.568,201.5,74,0.0,4.78
1780610450.668,201.5,74,10.0,4.78
1780610450.768,201.5,74,0.0,4.78
1780610450.868,203.9,74,29.9,22.62
1780610450.968,203.9,74,0.0,22.62
1780610451.068,203.9,74,0.0,22.62
1780610451.169,203.9,74,0.0,22.62
1780610451.269,203.9,74,0.0,22.62
1780610451.369,203.9,74,0.0,22.62
1780610451.469,203.9,74,0.0,22.62
1780610451.569,203.9,74,0.0,22.62
1780610451.669,204.0,74,10.0,22.62
1780610451.769,204.0,74,0.0,22.62
1780610451.869,204.0,74,0.0,22.62
1780610451.970,206.3,74,49.9,22.62
1780610452.070,206.3,74,0.0,22.62
1780610452.170,206.3,74,0.0,22.62
1780610452.270,206.3,74,0.0,22.62
1780610452.370,206.3,74,0.0,22.62
1780610452.470,206.3,74,0.0,22.62
1780610452.570,206.3,74,0.0,22.62
1780610452.671,206.3,74,0.0,22.62
1780610452.771,206.3,74,0.0,22.62
1780610452.871,206.3,74,0.0,22.62
1780610452.971,206.3,74,10.0,22.62
1780610453.071,206.3,74,0.0,22.62
1780610453.171,206.3,74,39.9,22.62
1780610453.272,206.3,74,0.0,22.62
1780610453.372,206.3,74,0.0,22.62
1780610453.472,206.3,74,0.0,22.62
1780610453.572,206.3,74,0.0,22.62
1780610453.672,206.3,74,0.0,22.62
1780610453.772,206.3,74,0.0,22.62
1780610453.872,206.3,74,0.0,22.62
1780610453.972,207.2,74,39.9,22.62
1780610454.073,207.2,74,0.0,22.62
1780610454.173,207.2,74,0.0,22.62
1780610454.273,207.4,74,29.9,22.62
1780610454.373,207.4,74,0.0,22.62
1780610454.473,207.4,74,0.0,22.62
1780610454.573,207.4,74,0.0,22.62
1780610454.674,207.4,74,0.0,22.62
1780610454.774,207.4,74,10.0,22.62
1780610454.874,207.4,74,0.0,22.62
1780610454.974,207.4,74,30.0,22.62
1780610455.074,207.4,74,0.0,22.62
1780610455.174,207.4,74,0.0,22.62
1780610455.274,207.4,74,0.0,22.62
1780610455.375,207.4,74,0.0,22.62
1780610455.475,207.4,74,0.0,22.62
1780610455.575,207.4,74,0.0,22.62
1780610455.675,207.4,74,10.0,22.62
1780610455.775,207.4,74,0.0,22.62
1780610455.875,207.4,74,0.0,18.76
1780610455.975,207.4,74,0.0,18.76
1780610456.075,207.4,74,0.0,18.76
1780610456.176,207.4,74,0.0,18.76
1780610456.276,207.4,74,39.9,18.76
1780610456.376,186.1,74,0.0,18.76
1780610456.476,186.1,74,0.0,18.76
1780610456.576,186.1,74,0.0,18.76
1780610456.676,186.1,74,0.0,18.76
1780610456.776,186.1,74,0.0,18.76
1780610456.877,186.1,74,0.0,18.76
1780610456.977,186.1,74,0.0,18.76
1780610457.077,186.1,74,0.0,18.76
1780610457.177,186.1,74,0.0,18.76
1780610457.277,186.1,74,0.0,3.81
1780610457.377,186.1,74,0.0,3.81
1780610457.477,196.3,74,49.9,7.68
1780610457.578,196.3,74,0.0,7.68
1780610457.678,196.3,74,0.0,7.68
1780610457.778,196.3,74,0.0,7.68
1780610457.878,196.3,74,0.0,7.68
1780610457.978,196.3,74,0.0,7.68
1780610458.078,196.3,74,0.0,7.68
1780610458.178,196.3,74,0.0,7.68
1780610458.278,196.3,74,0.0,7.68
1780610458.378,196.3,74,0.0,3.81
1780610458.479,196.3,74,0.0,3.81
1780610458.579,196.3,74,10.0,3.81
1780610458.679,196.3,74,0.0,3.81
1780610458.779,196.3,74,0.0,3.81
1780610458.879,196.3,74,0.0,3.81
1780610458.979,196.3,74,0.0,3.81
1780610459.082,211.3,74,58.5,3.81
1780610459.185,186.2,74,29.2,7.68
1780610459.285,186.2,74,0.0,7.68
1780610459.385,186.2,74,0.0,7.68
1780610459.485,186.2,74,0.0,7.68
1780610459.585,186.2,74,0.0,7.68
1780610459.685,186.2,74,0.0,7.68
1780610459.785,189.2,74,10.0,7.68
1780610459.886,189.2,74,0.0,7.68
1780610459.986,189.2,74,0.0,7.68
1780610460.086,199.2,74,30.0,7.68
1780610460.186,199.2,74,10.0,7.68
1780610460.286,199.2,74,0.0,7.68
1780610460.386,199.2,74,0.0,7.68
1780610460.486,199.2,74,0.0,7.68
1780610460.587,200.0,74,30.0,7.68
1780610460.687,200.0,74,0.0,7.68
1780610460.787,200.0,74,0.0,7.68
1780610460.887,200.0,74,0.0,7.68
1780610460.987,200.0,74,0.0,7.68
1780610461.087,200.0,74,0.0,7.68
1780610461.187,200.0,74,0.0,7.68
1780610461.287,200.0,74,0.0,7.68
1780610461.388,200.0,74,0.0,7.68
1780610461.488,200.0,74,0.0,7.68
1780610461.588,200.0,74,0.0,7.68
1780610461.688,200.0,74,0.0,7.68
1780610461.788,200.0,74,0.0,7.68
1780610461.888,185.3,74,49.9,7.68
1780610461.988,185.3,74,0.0,7.68
1780610462.089,185.3,74,0.0,7.68
1780610462.189,185.3,74,0.0,7.68
1780610462.289,185.3,74,0.0,7.68
1780610462.389,185.3,74,0.0,7.68
1780610462.489,189.8,74,20.0,7.68
1780610462.589,189.8,74,0.0,7.68
1780610462.689,189.8,74,0.0,7.68
1780610462.789,189.8,74,0.0,7.68
1780610462.890,189.8,74,0.0,7.68
1780610462.990,199.6,74,30.0,7.68
1780610463.090,199.6,74,0.0,7.68
1780610463.190,199.6,74,0.0,7.68
1780610463.290,199.6,74,0.0,7.68
1780610463.390,199.6,74,0.0,7.68
1780610463.490,199.6,74,0.0,7.68
1780610463.590,199.6,74,0.0,7.68
1780610463.691,199.6,74,0.0,7.68
1780610463.791,199.6,74,0.0,7.68
1780610463.891,199.6,74,0.0,7.68
1780610463.991,199.6,74,0.0,1.25
1780610464.093,202.6,74,9.8,1.25
1780610464.193,179.3,74,49.9,9.77
1780610464.293,179.3,74,0.0,9.77
1780610464.394,179.3,74,0.0,9.77
1780610464.494,179.3,74,0.0,9.77
1780610464.594,179.3,74,0.0,9.77
1780610464.694,179.3,74,0.0,9.77
1780610464.794,179.3,74,0.0,9.77
1780610464.894,179.3,74,0.0,9.77
1780610464.994,179.3,74,0.0,9.77
1780610465.095,191.1,74,10.0,9.77
1780610465.195,191.1,74,0.0,9.77
1780610465.295,197.9,74,30.0,9.77
1780610465.395,197.9,74,0.0,9.77
1780610465.495,197.9,74,0.0,9.77
1780610465.595,197.9,74,0.0,1.25
1780610465.695,197.9,74,0.0,1.25
1780610465.795,197.9,74,0.0,1.25
1780610465.896,197.9,74,0.0,1.25
1780610465.996,197.9,74,0.0,1.25
1780610466.096,197.9,74,0.0,1.25
1780610466.196,197.9,74,0.0,1.25
1780610466.296,198.1,74,10.0,1.25
1780610466.396,198.1,74,0.0,1.25
1780610466.499,201.4,74,19.5,1.25
1780610466.602,179.3,74,38.9,1.21
1780610466.702,179.3,74,0.0,1.21
1780610466.802,179.3,74,0.0,1.21
1780610466.902,189.4,74,10.0,1.21
1780610467.002,189.4,74,0.0,1.21
1780610467.103,189.4,74,0.0,1.21
1780610467.203,189.4,74,0.0,1.21
1780610467.303,189.4,74,0.0,1.21
1780610467.403,189.4,74,0.0,1.21
1780610467.503,189.4,74,0.0,1.21
1780610467.603,189.4,74,0.0,1.21
1780610467.703,189.4,74,0.0,1.21
1780610467.803,189.4,74,0.0,1.21
1780610467.904,189.4,74,0.0,1.21
1780610468.004,196.3,74,30.0,1.21
1780610468.104,196.3,74,0.0,1.21
1780610468.204,196.3,74,0.0,1.21
1780610468.304,196.3,74,0.0,1.21
1780610468.404,196.3,74,0.0,1.11
1780610468.504,196.3,74,0.0,1.11
1780610468.606,196.3,74,19.7,1.11
1780610468.706,196.3,74,0.0,1.11
1780610468.806,196.3,74,0.0,1.11
1780610468.907,196.3,74,0.0,1.11
1780610469.007,196.3,74,0.0,1.11
1780610469.107,196.3,74,0.0,1.11
1780610469.207,196.3,74,0.0,1.11
1780610469.307,199.6,74,30.0,8.59
1780610469.407,199.6,74,0.0,8.59
1780610469.507,199.6,74,0.0,8.59
1780610469.608,199.6,74,0.0,8.59
1780610469.708,199.6,74,0.0,8.59
1780610469.808,199.6,74,0.0,8.59
1780610469.908,199.6,74,0.0,8.59
1780610470.008,199.6,74,0.0,8.59
1780610470.108,199.6,74,0.0,8.59
1780610470.208,199.6,74,0.0,8.59
1780610470.308,199.6,74,0.0,8.59
1780610470.409,201.8,74,59.9,8.59
1780610470.509,201.8,74,0.0,8.59
1780610470.609,201.8,74,0.0,2.90
1780610470.709,201.8,74,0.0,2.90
1780610470.809,201.8,74,0.0,2.90
1780610470.909,201.8,74,0.0,2.90
1780610471.009,201.8,74,0.0,2.90
1780610471.110,201.8,74,0.0,2.90
1780610471.210,201.8,74,0.0,2.90
1780610471.310,201.8,74,0.0,2.90
1780610471.410,201.8,74,0.0,2.90
1780610471.510,202.8,74,29.9,8.59
1780610471.610,202.8,74,0.0,8.59
1780610471.710,202.8,74,0.0,8.59
1780610471.811,205.5,74,39.9,8.59
1780610471.911,205.5,74,0.0,8.59
1780610472.011,205.5,74,0.0,8.59
1780610472.111,205.5,74,0.0,8.59
1780610472.211,205.5,74,0.0,8.59
1780610472.311,205.5,74,0.0,8.59
1780610472.411,205.5,74,0.0,8.59
1780610472.512,205.5,74,0.0,8.59
1780610472.612,205.5,74,0.0,8.59
1780610472.712,205.5,74,0.0,8.59
1780610472.812,205.5,74,0.0,8.59
1780610472.912,205.5,74,0.0,8.59
1780610473.012,205.5,74,0.0,8.59
1780610473.112,179.3,74,59.9,8.59
1780610473.215,195.0,74,0.0,8.59
1780610473.316,195.3,74,20.0,8.59
1780610473.416,195.3,74,0.0,8.59
1780610473.516,195.3,74,0.0,8.59
1780610473.616,195.3,74,0.0,8.59
1780610473.716,195.3,74,0.0,8.59
1780610473.816,195.3,74,0.0,8.59
1780610473.918,197.3,74,9.8,8.59
1780610474.019,197.3,74,0.0,8.59
1780610474.119,199.5,74,30.0,8.59
1780610474.219,199.5,74,0.0,8.59
1780610474.319,199.5,74,0.0,8.59
1780610474.419,199.5,74,0.0,8.59
1780610474.519,199.5,74,0.0,8.59
1780610474.619,199.5,74,0.0,8.59
1780610474.719,199.5,74,0.0,8.59
1780610474.820,199.5,74,0.0,8.59
1780610474.920,199.5,74,10.0,8.59
1780610475.020,199.7,74,20.0,14.22
1780610475.120,199.7,74,0.0,14.22
1780610475.220,199.7,74,0.0,14.22
1780610475.320,199.7,74,0.0,14.22
1780610475.420,199.7,74,0.0,14.22
1780610475.521,199.7,74,0.0,14.22
1780610475.621,199.7,74,0.0,14.22
1780610475.721,199.7,74,0.0,14.22
1780610475.821,199.7,74,0.0,14.22
1780610475.921,199.7,74,0.0,14.22
1780610476.021,199.7,74,0.0,14.22
1780610476.121,199.7,74,20.0,14.22
1780610476.221,199.7,74,0.0,14.22
1780610476.322,199.7,74,0.0,14.22
1780610476.422,199.7,74,0.0,14.22
1780610476.522,202.4,74,30.0,14.22
1780610476.622,202.4,74,0.0,14.22
1780610476.722,202.4,74,0.0,14.22
1780610476.822,202.4,74,0.0,14.22
1780610476.922,204.6,74,30.0,14.22
1780610477.023,204.6,74,0.0,14.22
1780610477.123,204.6,74,0.0,14.22
1780610477.223,204.6,74,10.0,14.22
1780610477.323,205.3,74,30.0,14.22
1780610477.423,205.3,74,0.0,14.22
1780610477.523,205.3,74,0.0,14.22
1780610477.623,205.3,74,0.0,14.22
1780610477.724,205.3,74,0.0,14.22
1780610477.824,205.3,74,0.0,14.22
1780610477.924,205.3,74,0.0,9.05
1780610478.024,205.3,74,0.0,9.05
1780610478.124,205.3,74,0.0,9.05
1780610478.224,205.3,74,0.0,9.05
1780610478.324,205.3,74,0.0,9.05
1780610478.424,205.8,74,59.9,9.05
1780610478.525,205.8,74,0.0,9.05
1780610478.625,205.8,74,0.0,9.05
1780610478.725,206.2,74,10.0,9.05
1780610478.825,206.2,74,0.0,9.05
1780610478.925,206.2,74,0.0,9.05
1780610479.025,206.2,74,0.0,9.05
1780610479.125,206.2,74,0.0,9.05
1780610479.226,206.2,74,0.0,9.05
1780610479.326,206.2,74,49.9,9.05
1780610479.426,206.2,74,0.0,9.05
1780610479.526,206.2,74,0.0,9.05
1780610479.626,206.2,74,0.0,9.05
1780610479.726,206.2,74,0.0,9.05
1780610479.826,206.2,74,0.0,9.05
1780610479.926,206.2,74,0.0,9.05
1780610480.027,206.2,74,0.0,9.05
1780610480.127,206.2,74,0.0,9.05
1780610480.227,206.2,74,0.0,9.05
1780610480.327,206.2,74,0.0,9.05
1780610480.427,206.2,74,0.0,9.05
1780610480.527,206.2,74,0.0,9.05
1780610480.627,206.2,74,0.0,9.05
1780610480.727,206.2,74,0.0,9.05
1780610480.828,206.2,74,0.0,9.05
1780610480.928,206.2,74,0.0,9.05
1780610481.028,206.2,74,10.0,9.05
1780610481.128,206.2,74,0.0,9.05
1780610481.228,206.2,74,0.0,9.05
1780610481.328,206.3,74,30.0,9.05
1780610481.428,206.3,74,0.0,3.54
1780610481.529,206.3,74,0.0,3.54
1780610481.629,206.3,74,0.0,3.54
1780610481.729,206.3,74,0.0,3.54
1780610481.829,206.3,74,0.0,3.54
1780610481.929,206.3,74,0.0,3.54
1780610482.029,206.3,74,0.0,3.54
1780610482.129,206.3,74,10.0,3.54
1780610482.229,206.3,74,0.0,3.54
1780610482.330,206.3,74,0.0,3.54
1780610482.430,206.3,74,0.0,3.54
1780610482.530,186.5,74,59.9,0.99
1780610482.630,186.5,74,0.0,0.99
1780610482.730,186.5,74,0.0,0.99
1780610482.830,186.5,74,0.0,0.99
1780610482.930,186.5,74,0.0,0.83
1780610483.031,186.5,74,0.0,0.83
1780610483.131,186.5,74,0.0,0.83
1780610483.231,186.5,74,0.0,0.83
1780610483.332,191.5,74,9.8,0.83
1780610483.433,191.5,74,0.0,0.99
1780610483.533,194.5,74,30.0,0.99
1780610483.633,194.5,74,0.0,0.99
1780610483.733,194.5,74,0.0,0.99
1780610483.833,194.5,74,0.0,0.99
1780610483.933,194.5,74,0.0,0.99
1780610484.033,194.5,74,0.0,0.99
1780610484.134,194.5,74,0.0,0.99
1780610484.234,194.5,74,0.0,0.99
1780610484.334,194.5,74,10.0,0.99
1780610484.434,194.5,74,0.0,0.99
1780610484.534,194.5,74,0.0,0.99
1780610484.634,202.0,74,59.9,0.99
1780610484.734,202.0,74,0.0,0.99
1780610484.834,202.0,74,0.0,0.99
1780610484.935,202.0,74,0.0,0.99
1780610485.035,202.0,74,20.0,0.99
1780610485.135,202.0,74,0.0,0.99
1780610485.235,202.0,74,0.0,0.99
1780610485.335,202.0,74,0.0,0.99
1780610485.435,202.0,74,0.0,0.99
1780610485.535,202.0,74,10.0,0.99
1780610485.635,202.0,74,0.0,1.83
1780610485.736,202.0,74,0.0,1.83
1780610485.836,202.0,74,0.0,1.83
1780610485.936,202.0,74,0.0,1.83
1780610486.036,202.0,74,0.0,1.83
1780610486.136,202.0,74,20.0,1.83
1780610486.236,202.0,74,0.0,1.83
1780610486.336,202.0,74,0.0,1.83
1780610486.437,202.0,74,0.0,1.83
1780610486.537,202.0,74,0.0,1.83
1780610486.637,202.0,74,0.0,1.83
1780610486.737,202.0,74,0.0,1.83
1780610486.837,202.0,74,0.0,1.83
1780610486.937,202.0,74,0.0,1.83
1780610487.037,202.0,74,0.0,1.83
1780610487.137,202.0,74,0.0,1.83
1780610487.238,202.0,74,0.0,1.83
1780610487.338,202.0,74,0.0,1.83
1780610487.438,202.0,74,20.0,1.83
1780610487.538,202.0,74,0.0,1.83
1780610487.640,204.0,74,19.6,1.83
1780610487.740,204.0,74,10.0,1.83
1780610487.840,204.0,74,0.0,1.83
1780610487.941,204.0,74,0.0,1.83
1780610488.041,204.0,74,0.0,1.83
1780610488.141,204.0,74,0.0,1.83
1780610488.241,204.0,74,0.0,1.83
1780610488.341,204.0,74,0.0,1.83
1780610488.441,204.8,74,49.9,1.83
1780610488.541,204.8,74,0.0,1.83
1780610488.642,204.8,74,0.0,1.83
1780610488.742,204.8,74,0.0,1.83
1780610488.842,204.8,74,0.0,1.83
1780610488.942,204.8,74,0.0,1.83
1780610489.042,204.8,74,0.0,1.83
1780610489.142,204.8,74,0.0,1.83
1780610489.242,204.8,74,0.0,1.83
1780610489.343,205.0,74,20.0,1.83
1780610489.443,205.0,74,0.0,1.83
1780610489.543,205.0,74,29.9,1.83
1780610489.643,205.7,74,20.0,1.83
1780610489.743,205.7,74,0.0,1.83
1780610489.844,205.7,74,0.0,1.14
1780610489.944,205.7,74,0.0,1.14
1780610490.044,205.7,74,0.0,1.14
1780610490.144,205.7,74,0.0,1.14
1780610490.244,205.7,74,0.0,1.14
1780610490.344,205.7,74,0.0,1.14
1780610490.444,205.7,74,0.0,1.14
1780610490.544,205.7,74,0.0,1.14
1780610490.644,205.7,74,0.0,1.14
1780610490.749,207.2,74,29.4,1.14
1780610490.850,179.3,74,9.7,1.14
1780610490.950,179.3,74,0.0,1.14
1780610491.050,179.3,74,0.0,1.14
1780610491.150,190.9,74,20.0,1.14
1780610491.250,190.9,74,0.0,1.14
1780610491.350,190.9,74,0.0,1.14
1780610491.450,190.9,74,0.0,1.14
1780610491.551,191.2,74,0.0,1.14
1780610491.651,196.4,74,30.0,1.14
1780610491.751,196.4,74,0.0,1.14
1780610491.851,196.4,74,0.0,1.14
1780610491.951,196.4,74,0.0,1.14
1780610492.051,196.4,74,0.0,1.05
1780610492.151,196.4,74,0.0,1.05
1780610492.252,196.4,74,0.0,1.05
1780610492.352,196.4,74,0.0,1.05
1780610492.452,196.4,74,10.0,1.05
1780610492.552,196.4,74,0.0,1.05
1780610492.652,196.4,74,0.0,1.05
1780610492.752,196.4,74,0.0,1.05
1780610492.852,196.4,74,0.0,1.05
1780610492.953,196.4,74,0.0,1.05
1780610493.053,196.4,74,0.0,1.05
1780610493.153,196.4,74,0.0,1.05
1780610493.253,196.4,74,0.0,1.05
1780610493.353,196.4,74,0.0,1.05
1780610493.453,196.4,74,0.0,1.05
1780610493.553,196.4,74,0.0,1.05
1780610493.654,196.4,74,0.0,1.05
1780610493.754,196.4,74,0.0,1.05
1780610493.854,196.4,74,0.0,1.05
1780610493.954,196.4,74,20.0,1.05
1780610494.054,196.4,74,0.0,1.14
1780610494.154,197.1,74,30.0,1.14
1780610494.254,197.1,74,0.0,1.14
1780610494.354,197.1,74,0.0,1.14
1780610494.455,197.1,74,0.0,1.14
1780610494.555,197.1,74,0.0,1.14
1780610494.655,197.1,74,0.0,1.14
1780610494.755,197.1,74,0.0,1.14
1780610494.855,197.1,74,0.0,1.14
1780610494.955,197.1,74,0.0,1.14
1780610495.056,201.2,74,19.9,1.14
1780610495.156,205.2,74,39.9,1.93
1780610495.256,205.2,74,0.0,1.93
1780610495.356,205.2,74,0.0,1.93
1780610495.456,205.2,74,0.0,1.93
1780610495.556,205.2,74,0.0,1.93
1780610495.656,205.2,74,0.0,1.93
1780610495.757,205.2,74,0.0,1.93
1780610495.857,205.2,74,10.0,1.93
1780610495.957,205.2,74,0.0,1.93
1780610496.057,205.2,74,0.0,1.93
1780610496.159,210.0,74,39.2,1.93
1780610496.259,179.4,74,20.0,1.93
1780610496.359,179.4,74,0.0,1.93
1780610496.459,179.4,74,0.0,1.93
1780610496.559,179.4,74,0.0,1.93
1780610496.660,197.9,74,30.0,1.93
1780610496.760,197.9,74,0.0,1.93
1780610496.860,199.9,74,20.0,1.93
1780610496.960,199.9,74,0.0,1.93
1780610497.060,199.9,74,0.0,1.93
1780610497.160,199.9,74,0.0,1.93
1780610497.260,199.9,74,0.0,1.93
1780610497.361,199.9,74,0.0,1.93
1780610497.462,201.4,74,19.7,1.93
1780610497.562,205.4,74,10.0,1.93
1780610497.663,205.4,74,10.0,1.93
1780610497.763,205.4,74,0.0,1.93
1780610497.863,205.4,74,0.0,1.93
1780610497.963,205.4,74,10.0,1.93
1780610498.063,205.4,74,0.0,1.93
1780610498.163,205.4,74,0.0,1.93
1780610498.264,205.4,74,0.0,1.93
1780610498.364,205.4,74,0.0,1.93
1780610498.464,205.4,74,0.0,1.93
1780610498.567,205.4,74,9.7,1.93
1780610498.667,205.6,74,10.0,1.93
1780610498.767,205.6,74,0.0,1.93
1780610498.867,205.6,74,0.0,1.93
1780610498.967,205.6,74,10.0,1.93
1780610499.067,205.6,74,0.0,1.93
1780610499.168,205.6,74,0.0,1.93
1780610499.268,205.6,74,20.0,1.93
1780610499.368,205.6,74,0.0,1.93
1780610499.468,205.6,74,0.0,1.93
1780610499.568,205.6,74,0.0,1.93
1780610499.668,205.6,74,0.0,1.93
1780610499.768,205.6,74,10.0,1.93
1780610499.868,205.6,74,0.0,1.93
1780610499.969,205.6,74,0.0,1.93
1780610500.069,205.6,74,0.0,1.93
1780610500.169,205.6,74,0.0,1.93
1780610500.269,205.6,74,10.0,1.93
1780610500.370,205.6,74,29.8,1.93
1780610500.470,205.6,74,0.0,1.62
1780610500.570,205.6,74,0.0,1.62
1780610500.670,205.6,74,0.0,1.62
1780610500.770,205.6,74,0.0,1.62
1780610500.870,205.6,74,0.0,1.62
1780610500.971,205.6,74,0.0,1.62
1780610501.071,205.7,74,0.0,1.62
1780610501.171,205.7,74,0.0,1.62
1780610501.271,205.7,74,10.0,1.62
1780610501.371,205.7,74,0.0,1.92
1780610501.471,205.7,74,0.0,1.92
1780610501.574,207.9,74,48.6,1.62
1780610501.674,179.4,74,10.0,1.62
1780610501.774,179.4,74,0.0,1.62
1780610501.874,179.4,74,0.0,1.62
1780610501.977,195.9,74,29.3,1.62
1780610502.077,199.9,74,20.0,1.62
1780610502.177,199.9,74,0.0,1.62
1780610502.277,199.9,74,0.0,1.06
1780610502.377,199.9,74,0.0,1.06
1780610502.478,199.9,74,0.0,1.06
1780610502.578,199.9,74,0.0,1.06
1780610502.678,199.9,74,0.0,1.06
1780610502.778,199.9,74,0.0,1.06
1780610502.878,200.9,74,30.0,1.06
1780610502.978,200.9,74,0.0,1.06
1780610503.078,200.9,74,0.0,1.06
1780610503.179,200.9,74,0.0,1.06
1780610503.279,200.9,74,0.0,1.06
1780610503.379,200.9,74,10.0,1.02
1780610503.479,200.9,74,0.0,1.02
1780610503.579,200.9,74,0.0,1.02
1780610503.679,200.9,74,10.0,1.02
1780610503.779,201.1,74,30.0,1.02
1780610503.879,201.1,74,0.0,1.02
1780610503.980,201.1,74,0.0,1.02
1780610504.080,201.1,74,0.0,1.02
1780610504.180,201.1,74,0.0,1.02
1780610504.280,201.1,74,0.0,1.02
1780610504.380,201.1,74,0.0,1.02
1780610504.480,201.1,74,0.0,1.02
1780610504.580,201.1,74,0.0,1.02
1780610504.680,201.1,74,0.0,1.02
1780610504.781,201.1,74,0.0,1.02
1780610504.881,201.8,74,20.0,1.02
1780610504.981,201.8,74,0.0,1.02
1780610505.081,201.8,74,0.0,1.02
1780610505.181,201.8,74,0.0,1.02
1780610505.281,201.8,74,0.0,1.02
1780610505.381,201.8,74,0.0,0.96
1780610505.482,201.8,74,0.0,0.96
1780610505.582,201.8,74,0.0,0.96
1780610505.682,201.8,74,0.0,0.96
1780610505.782,201.8,74,0.0,0.96
1780610505.882,201.8,74,0.0,0.96
1780610505.982,201.8,74,0.0,0.96
1780610506.082,201.8,74,0.0,0.96
1780610506.182,205.0,74,49.9,0.96
1780610506.283,205.0,74,0.0,1.40
1780610506.383,205.0,74,0.0,1.40
1780610506.483,205.0,74,0.0,1.40
1780610506.583,205.0,74,0.0,1.40
1780610506.683,205.0,74,0.0,1.40
1780610506.783,205.0,74,0.0,1.40
1780610506.883,205.0,74,0.0,1.40
1780610506.983,205.0,74,0.0,1.40
1780610507.084,205.0,74,0.0,1.40
1780610507.184,205.0,74,0.0,1.40
1780610507.284,205.0,74,0.0,1.40
1780610507.384,205.0,74,0.0,1.40
1780610507.484,205.0,74,0.0,1.40
1780610507.584,205.0,74,0.0,1.40
1780610507.684,205.0,74,0.0,1.40
1780610507.790,210.8,74,39.0,0.96
1780610507.890,179.4,74,48.6,1.40
1780610507.990,193.2,74,20.0,1.40
1780610508.090,193.2,74,0.0,1.40
1780610508.191,193.4,74,9.9,1.40
1780610508.291,193.6,74,10.0,1.40
1780610508.391,193.6,74,0.0,1.40
1780610508.491,193.6,74,0.0,1.40
1780610508.591,193.6,74,0.0,1.40
1780610508.692,193.6,74,0.0,1.40
1780610508.792,195.9,74,10.0,1.40
1780610508.892,195.9,74,0.0,1.40
1780610508.992,195.9,74,0.0,1.40
1780610509.092,195.9,74,0.0,1.40
1780610509.192,195.9,74,0.0,1.40
1780610509.292,195.9,74,0.0,1.40
1780610509.392,195.9,74,0.0,1.40
1780610509.493,195.9,74,0.0,1.40
1780610509.593,195.9,74,0.0,1.40
1780610509.695,195.9,74,0.0,1.40
1780610509.796,197.9,74,20.0,1.58
1780610509.896,197.9,74,0.0,1.58
1780610509.996,197.9,74,0.0,1.58
1780610510.096,197.9,74,0.0,1.58
1780610510.196,197.9,74,0.0,1.58
1780610510.296,204.6,74,30.0,1.58
1780610510.396,204.6,74,20.0,1.58
1780610510.496,204.6,74,0.0,1.58
1780610510.597,204.6,74,0.0,1.58
1780610510.697,204.6,74,0.0,1.58
1780610510.797,204.6,74,0.0,1.58
1780610510.897,204.6,74,0.0,1.58
1780610510.997,204.6,74,0.0,1.58
1780610511.097,204.6,74,0.0,1.58
1780610511.197,204.6,74,0.0,1.58
1780610511.298,204.6,74,20.0,1.58
1780610511.398,204.6,74,0.0,1.58
1780610511.498,204.8,74,30.0,1.58
1780610511.598,204.8,74,0.0,1.58
1780610511.698,204.8,74,0.0,1.58
1780610511.798,204.8,74,0.0,1.58
1780610511.898,204.8,74,0.0,1.58
1780610511.998,204.8,74,0.0,1.58
1780610512.099,204.8,74,0.0,1.58
1780610512.199,204.8,74,10.0,1.58
1780610512.299,204.8,74,0.0,1.58
1780610512.399,204.8,74,0.0,1.58
1780610512.499,204.8,74,0.0,1.58
1780610512.599,204.8,74,0.0,1.58
1780610512.699,204.8,74,0.0,1.58
1780610512.800,204.8,74,0.0,2.62
1780610512.900,204.8,74,0.0,2.62
1780610513.000,204.9,74,20.0,2.62
1780610513.100,186.6,74,49.9,10.36
1780610513.200,186.6,74,0.0,10.36
1780610513.300,186.6,74,0.0,10.36
1780610513.400,186.6,74,0.0,10.36
1780610513.500,189.5,74,10.0,10.36
1780610513.601,189.5,74,0.0,10.36
1780610513.701,189.5,74,0.0,10.36
1780610513.801,189.5,74,0.0,10.36
1780610513.901,189.5,74,0.0,10.36
1780610514.001,189.5,74,0.0,10.36
1780610514.101,189.5,74,0.0,10.36
1780610514.201,189.5,74,0.0,10.36
1780610514.301,189.5,74,0.0,2.62
1780610514.402,189.5,74,0.0,2.62
1780610514.502,201.0,74,59.9,7.48
1780610514.602,201.0,74,0.0,7.48
1780610514.702,201.0,74,0.0,7.48
1780610514.802,201.0,74,0.0,7.48
1780610514.902,201.7,74,10.0,7.48
1780610515.002,201.7,74,0.0,7.48
1780610515.103,201.7,74,20.0,7.48
1780610515.203,201.7,74,0.0,7.48
1780610515.303,201.7,74,0.0,7.48
1780610515.403,201.7,74,10.0,7.48
1780610515.503,201.7,74,0.0,7.48
1780610515.603,201.7,74,0.0,7.48
1780610515.703,201.7,74,0.0,7.48
1780610515.803,201.7,74,0.0,7.48
1780610515.904,202.7,74,9.9,7.48
1780610516.004,202.7,74,20.0,7.48
1780610516.105,202.7,74,0.0,7.48
1780610516.205,202.7,74,0.0,7.48
1780610516.305,202.7,74,0.0,7.48
1780610516.405,202.7,74,0.0,7.48
1780610516.505,202.7,74,0.0,7.48
1780610516.605,202.7,74,0.0,7.48
1780610516.705,202.7,74,0.0,7.48
1780610516.805,202.7,74,0.0,7.48
1780610516.906,202.9,74,10.0,7.48
1780610517.006,202.9,74,0.0,7.48
1780610517.106,205.1,74,30.0,7.48
1780610517.206,205.1,74,0.0,7.48
1780610517.306,205.1,74,0.0,7.48
1780610517.406,205.1,74,0.0,7.48
1780610517.506,205.1,74,0.0,7.48
1780610517.606,205.1,74,0.0,7.48
1780610517.707,205.1,74,0.0,7.48
1780610517.807,205.1,74,10.0,7.48
1780610517.907,205.1,74,0.0,7.48
1780610518.008,205.4,74,39.6,7.48
1780610518.108,205.4,74,0.0,7.48
1780610518.208,205.4,74,0.0,7.48
1780610518.308,205.4,74,0.0,7.48
1780610518.408,205.4,74,0.0,7.48
1780610518.509,205.4,74,0.0,7.48
1780610518.609,205.4,74,10.0,7.48
1780610518.709,205.4,74,0.0,7.48
1780610518.809,205.4,74,0.0,7.48
1780610518.909,205.4,74,0.0,7.48
1780610519.009,205.4,74,0.0,7.48
1780610519.110,205.4,74,9.9,7.48
1780610519.211,205.4,74,20.0,7.48
1780610519.311,205.4,74,0.0,7.48
1780610519.411,205.4,74,0.0,7.48
1780610519.511,205.4,74,0.0,2.01
1780610519.611,205.4,74,0.0,2.01
1780610519.711,205.4,74,10.0,2.01
1780610519.811,205.4,74,0.0,2.01
1780610519.911,205.4,74,0.0,2.01
1780610520.012,205.4,74,0.0,2.01
1780610520.112,205.4,74,0.0,2.01
1780610520.212,179.4,74,39.9,7.48
1780610520.312,179.4,74,0.0,7.48
1780610520.412,179.4,74,0.0,7.48
1780610520.512,179.4,74,0.0,7.48
1780610520.613,179.4,74,0.0,7.48
1780610520.713,179.4,74,0.0,7.48
1780610520.813,179.4,74,0.0,7.48
1780610520.913,179.4,74,0.0,2.01
1780610521.013,179.4,74,0.0,2.01
1780610521.113,179.4,74,0.0,2.01
1780610521.213,189.3,74,20.0,5.18
1780610521.313,189.3,74,0.0,5.18
1780610521.414,200.0,74,30.0,8.69
1780610521.514,200.0,74,0.0,8.69
1780610521.614,200.0,74,0.0,8.69
1780610521.714,200.0,74,0.0,8.69
1780610521.814,200.0,74,0.0,8.69
1780610521.914,200.0,74,0.0,8.69
1780610522.014,201.7,74,39.9,8.69
1780610522.115,201.7,74,0.0,8.69
1780610522.215,201.7,74,10.0,8.69
1780610522.315,201.7,74,0.0,8.69
1780610522.415,201.7,74,0.0,8.69
1780610522.515,201.7,74,0.0,8.69
1780610522.615,203.7,74,30.0,8.69
1780610522.715,203.7,74,0.0,8.69
1780610522.817,206.2,74,19.8,8.69
1780610522.917,206.2,74,0.0,8.69
1780610523.017,206.2,74,0.0,8.69
1780610523.117,206.2,74,0.0,8.69
1780610523.217,206.2,74,30.0,8.69
1780610523.317,206.2,74,0.0,8.69
1780610523.417,206.2,74,0.0,8.69
1780610523.517,206.2,74,0.0,8.69
1780610523.618,206.2,74,0.0,8.69
1780610523.718,206.2,74,0.0,8.69
1780610523.819,206.2,74,0.0,8.69
1780610523.919,206.2,74,10.0,8.69
1780610524.019,206.2,74,0.0,8.69
1780610524.119,206.2,74,0.0,8.69
1780610524.219,206.2,74,0.0,8.69
1780610524.320,206.2,74,0.0,8.69
1780610524.420,206.2,74,0.0,8.69
1780610524.520,206.2,74,0.0,8.69
1780610524.620,206.2,74,0.0,8.69
1780610524.720,206.8,74,49.9,8.69
1780610524.820,206.8,74,0.0,8.69
1780610524.920,206.8,74,0.0,8.69
1780610525.021,206.8,74,0.0,8.69
1780610525.121,206.8,74,0.0,8.69
1780610525.221,206.8,74,0.0,8.69
1780610525.321,206.8,74,0.0,8.69
1780610525.421,206.8,74,0.0,8.69
1780610525.521,206.8,74,0.0,8.69
1780610525.621,206.8,74,10.0,8.69
1780610525.721,206.8,74,0.0,8.69
1780610525.822,206.8,74,30.0,8.69
1780610525.922,206.8,74,0.0,8.69
1780610526.022,206.8,74,0.0,8.69
1780610526.122,206.8,74,0.0,8.69
1780610526.222,206.8,74,0.0,8.69
1780610526.322,206.8,74,0.0,8.69
1780610526.422,206.8,74,0.0,8.69
1780610526.522,206.8,74,0.0,8.69
1780610526.623,206.8,74,0.0,8.69
1780610526.723,206.8,74,0.0,7.59
1780610526.823,206.8,74,10.0,7.59
1780610526.923,206.8,74,0.0,7.59
1780610527.023,206.8,74,10.0,7.59
1780610527.125,207.2,74,19.7,7.59
1780610527.225,207.2,74,30.0,7.59
1780610527.326,207.2,74,9.9,7.59
1780610527.426,207.2,74,10.0,7.59
1780610527.526,207.7,74,10.0,7.59
1780610527.626,207.7,74,0.0,7.59
1780610527.727,207.7,74,0.0,7.59
1780610527.827,207.7,74,0.0,7.59
1780610527.927,207.7,74,0.0,2.88
1780610528.027,207.7,74,0.0,2.88
1780610528.127,207.7,74,0.0,2.88
1780610528.227,207.7,74,0.0,2.88
1780610528.327,207.7,74,0.0,2.88
1780610528.428,207.7,74,0.0,2.88
1780610528.528,207.7,74,19.9,2.88
1780610528.628,207.7,74,10.0,2.88
1780610528.728,207.7,74,0.0,2.88
1780610528.829,207.7,74,0.0,2.88
1780610528.929,207.7,74,0.0,2.88
1780610529.029,207.7,74,0.0,2.88
1780610529.129,207.7,74,0.0,2.88
1780610529.229,207.7,74,0.0,2.88
1780610529.329,207.7,74,10.0,2.88
1780610529.429,207.7,74,0.0,2.88
1780610529.530,207.7,74,0.0,2.88
1780610529.630,207.7,74,0.0,2.88
1780610529.730,207.7,74,0.0,2.88
1780610529.830,207.7,74,0.0,2.88
1780610529.930,207.8,74,30.0,2.88
1780610530.030,207.8,74,0.0,2.88
1780610530.130,207.8,74,0.0,2.88
1780610530.230,207.8,74,0.0,2.88
1780610530.331,207.8,74,0.0,0.78
1780610530.431,207.8,74,0.0,0.78
1780610530.531,207.8,74,0.0,0.78
1780610530.631,207.8,74,0.0,0.78
1780610530.731,207.8,74,0.0,0.78
1780610530.831,207.8,74,0.0,0.78
1780610530.931,207.8,74,0.0,0.78
1780610531.034,211.9,74,58.7,0.78
1780610531.134,179.4,74,10.0,1.05
1780610531.234,179.4,74,0.0,1.05
1780610531.334,179.4,74,0.0,1.05
1780610531.434,179.4,74,0.0,1.05
1780610531.534,179.4,74,0.0,1.05
1780610531.634,179.4,74,0.0,1.05
1780610531.734,179.4,74,0.0,1.05
1780610531.835,179.4,74,0.0,1.05
1780610531.935,179.4,74,0.0,1.05
1780610532.035,191.3,74,20.0,1.05
1780610532.135,191.3,74,0.0,1.05
1780610532.235,198.8,74,30.0,1.05
1780610532.335,198.8,74,0.0,1.05
1780610532.435,198.8,74,0.0,1.05
1780610532.536,198.8,74,0.0,1.05
1780610532.636,198.8,74,0.0,1.05
1780610532.736,198.8,74,0.0,1.05
1780610532.836,198.8,74,0.0,1.05
1780610532.936,198.8,74,0.0,1.05
1780610533.036,198.8,74,0.0,1.05
1780610533.138,202.8,74,39.1,1.05
1780610533.239,202.8,74,10.0,1.05
1780610533.339,202.8,74,0.0,1.05
1780610533.439,202.8,74,0.0,1.05
1780610533.539,203.3,74,20.0,1.57
1780610533.639,203.3,74,0.0,1.05
1780610533.739,203.3,74,0.0,1.05
1780610533.839,203.3,74,0.0,1.05
1780610533.940,203.3,74,0.0,1.05
1780610534.040,204.3,74,30.0,1.05
1780610534.140,204.3,74,0.0,1.05
1780610534.240,204.3,74,0.0,1.05
1780610534.340,204.3,74,0.0,1.05
1780610534.440,204.3,74,0.0,1.05
1780610534.540,204.3,74,0.0,1.05
1780610534.640,204.3,74,0.0,1.05
1780610534.741,204.3,74,0.0,1.05
1780610534.841,204.3,74,10.0,1.05
1780610534.941,204.3,74,0.0,1.05
1780610535.041,204.3,74,0.0,1.05
1780610535.141,204.3,74,0.0,1.05
1780610535.241,204.3,74,0.0,1.05
1780610535.341,204.3,74,0.0,1.05
1780610535.441,204.3,74,0.0,1.05
1780610535.542,204.3,74,0.0,1.05
1780610535.642,204.3,74,0.0,1.05
1780610535.742,204.3,74,0.0,1.05
1780610535.842,204.3,74,0.0,1.05
1780610535.942,204.3,74,0.0,1.05
1780610536.042,204.3,74,0.0,1.05
1780610536.142,204.3,74,0.0,1.05
1780610536.242,204.5,74,30.0,1.57
1780610536.343,204.5,74,0.0,2.01
1780610536.443,204.5,74,0.0,2.01
1780610536.543,204.5,74,0.0,2.01
1780610536.643,204.5,74,10.0,2.01
1780610536.743,204.5,74,0.0,2.01
1780610536.843,204.5,74,0.0,2.01
1780610536.943,204.5,74,0.0,2.01
1780610537.044,204.5,74,0.0,2.01
1780610537.144,204.5,74,0.0,2.01
1780610537.244,204.5,74,0.0,2.01
1780610537.345,211.1,74,29.7,2.01
1780610537.445,186.6,74,39.9,2.03
1780610537.545,186.6,74,10.0,2.03
1780610537.645,186.6,74,0.0,2.03
1780610537.746,186.6,74,0.0,2.03
1780610537.846,186.6,74,0.0,2.03
1780610537.946,186.6,74,0.0,2.03
1780610538.046,186.6,74,0.0,2.03
1780610538.147,186.7,74,9.9,2.03
1780610538.247,186.7,74,0.0,2.03
1780610538.347,186.7,74,0.0,2.03
1780610538.448,186.7,74,0.0,2.03
1780610538.548,186.6,74,59.9,3.25
1780610538.648,186.6,74,0.0,3.25
1780610538.748,186.6,74,0.0,3.25
1780610538.848,186.6,74,0.0,3.25
1780610538.948,186.6,74,0.0,3.25
1780610539.048,204.4,74,49.9,3.25
1780610539.149,204.4,74,0.0,3.25
1780610539.249,204.4,74,0.0,3.25
1780610539.349,204.4,74,0.0,3.25
1780610539.449,204.4,74,0.0,3.25
1780610539.549,204.4,74,0.0,3.25
1780610539.649,204.4,74,0.0,3.25
1780610539.749,204.4,74,0.0,3.25
1780610539.849,206.4,74,20.0,3.25
1780610539.950,206.4,74,0.0,3.25
1780610540.050,206.4,74,0.0,3.25
1780610540.150,206.4,74,0.0,3.25
1780610540.250,206.4,74,0.0,3.25
1780610540.350,206.4,74,20.0,3.25
1780610540.450,206.4,74,0.0,3.25
1780610540.550,206.4,74,0.0,3.25
1780610540.650,206.4,74,0.0,3.25
1780610540.751,206.4,74,0.0,3.25
1780610540.851,206.4,74,0.0,3.25
1780610540.951,206.4,74,0.0,3.25
1780610541.051,206.7,74,30.0,11.76
1780610541.151,206.7,74,0.0,11.76
1780610541.251,206.7,74,0.0,11.76
1780610541.351,206.7,74,0.0,11.76
1780610541.452,206.7,74,19.9,11.76
1780610541.552,206.7,74,10.0,11.76
1780610541.653,206.7,74,0.0,11.76
1780610541.753,206.7,74,0.0,11.76
1780610541.853,206.7,74,0.0,11.76
1780610541.953,206.7,74,0.0,11.76
1780610542.053,206.7,74,0.0,11.76
1780610542.153,206.7,74,0.0,11.76
1780610542.253,206.7,74,0.0,11.76
1780610542.353,206.7,74,0.0,11.76
1780610542.453,206.7,74,0.0,11.76
1780610542.554,206.7,74,0.0,11.76
1780610542.654,206.7,74,0.0,11.76
1780610542.754,206.7,74,10.0,11.76
1780610542.854,206.7,74,0.0,11.76
1780610542.956,206.9,74,29.5,11.76
1780610543.056,206.9,74,10.0,11.76
1780610543.156,206.9,74,0.0,11.76
1780610543.256,206.9,74,0.0,11.76
1780610543.356,206.9,74,0.0,11.76
1780610543.456,206.9,74,0.0,11.76
1780610543.557,206.9,74,0.0,11.76
1780610543.657,206.9,74,0.0,11.76
1780610543.757,206.9,74,0.0,11.76
1780610543.857,206.9,74,0.0,3.25
1780610543.957,207.9,74,59.9,3.25
1780610544.057,207.9,74,0.0,3.25
1780610544.157,207.9,74,0.0,3.25
1780610544.257,207.9,74,0.0,3.25
1780610544.358,207.9,74,0.0,3.25
1780610544.458,207.9,74,0.0,3.25
1780610544.558,207.9,74,0.0,3.25
1780610544.658,207.9,74,0.0,3.25
1780610544.762,210.1,74,58.0,3.25
1780610544.862,179.5,74,19.9,3.25
1780610544.962,179.5,74,0.0,2.29
1780610545.062,179.5,74,0.0,2.29
1780610545.162,179.5,74,0.0,2.29
1780610545.263,179.5,74,0.0,2.29
1780610545.363,179.5,74,0.0,2.29
1780610545.463,179.5,74,0.0,2.29
1780610545.565,207.1,74,39.1,2.29
1780610545.665,188.6,74,10.0,2.29
1780610545.765,188.6,74,0.0,2.29
1780610545.865,188.6,74,0.0,2.29
1780610545.966,188.6,74,0.0,2.29
1780610546.066,188.6,74,0.0,2.29
1780610546.166,188.6,74,0.0,2.29
1780610546.266,188.6,74,0.0,2.29
1780610546.366,188.6,74,0.0,2.29
1780610546.466,188.6,74,0.0,2.29
1780610546.566,188.8,74,0.0,2.29
1780610546.666,193.6,74,20.0,2.29
1780610546.767,193.6,74,0.0,2.29
1780610546.867,193.6,74,0.0,2.29
1780610546.967,193.6,74,0.0,2.29
1780610547.067,193.6,74,0.0,2.29
1780610547.167,202.6,74,30.0,2.29
1780610547.267,202.6,74,0.0,2.29
1780610547.367,202.6,74,0.0,2.29
1780610547.467,202.6,74,0.0,2.02
1780610547.568,202.6,74,0.0,2.02
1780610547.668,202.6,74,0.0,2.02
1780610547.768,202.6,74,0.0,2.02
1780610547.868,202.6,74,0.0,2.02
1780610547.968,202.6,74,0.0,2.02
1780610548.068,202.6,74,0.0,2.02
1780610548.168,202.6,74,10.0,2.02
1780610548.269,202.6,74,0.0,2.02
1780610548.369,202.6,74,9.9,2.02
1780610548.470,204.6,74,39.9,2.05
1780610548.570,204.6,74,0.0,2.05
1780610548.670,204.6,74,0.0,2.05
1780610548.770,204.6,74,0.0,2.05
1780610548.870,204.6,74,0.0,2.05
1780610548.970,204.6,74,0.0,2.05
1780610549.070,204.6,74,0.0,2.05
1780610549.171,204.6,74,0.0,2.05
1780610549.271,205.2,74,20.0,2.05
1780610549.371,205.2,74,0.0,2.05
1780610549.471,205.5,74,30.0,2.05
1780610549.571,205.5,74,0.0,2.05
1780610549.671,205.5,74,0.0,2.05
1780610549.771,205.5,74,0.0,2.05
1780610549.871,205.5,74,0.0,2.05
1780610549.972,205.5,74,0.0,2.05
1780610550.072,205.5,74,0.0,2.05
1780610550.172,205.5,74,0.0,2.05
1780610550.272,205.5,74,10.0,2.05
1780610550.372,205.5,74,0.0,2.05
1780610550.472,205.5,74,0.0,2.05
1780610550.574,188.3,74,48.9,2.29
1780610550.674,188.3,74,0.0,2.29
1780610550.775,188.3,74,0.0,2.29
1780610550.875,188.3,74,0.0,2.29
1780610550.975,191.5,74,10.0,2.29
1780610551.075,191.5,74,10.0,2.29
1780610551.175,191.5,74,0.0,2.05
1780610551.276,191.5,74,0.0,2.05
1780610551.376,191.5,74,0.0,2.05
1780610551.476,191.5,74,0.0,2.05
1780610551.576,191.5,74,0.0,2.05
1780610551.676,191.5,74,0.0,2.05
1780610551.776,191.5,74,0.0,2.05
1780610551.876,191.5,74,0.0,2.05
1780610551.976,191.5,74,0.0,2.05
1780610552.077,200.5,74,10.0,2.05
1780610552.177,202.7,74,30.0,2.96
1780610552.277,202.7,74,0.0,2.96
1780610552.377,202.7,74,0.0,2.96
1780610552.477,202.7,74,0.0,2.96
1780610552.577,202.7,74,0.0,2.96
1780610552.677,202.7,74,0.0,2.96
1780610552.778,202.7,74,0.0,2.96
1780610552.878,202.7,74,0.0,2.96
1780610552.978,202.7,74,0.0,2.96
1780610553.078,202.7,74,30.0,5.55
1780610553.178,202.7,74,0.0,5.55
1780610553.278,202.7,74,0.0,5.55
1780610553.378,202.7,74,0.0,5.55
1780610553.478,202.7,74,0.0,5.55
1780610553.579,202.7,74,0.0,5.55
1780610553.679,202.7,74,0.0,5.55
1780610553.779,202.7,74,10.0,5.55
1780610553.879,202.7,74,0.0,5.55
1780610553.979,202.7,74,0.0,5.55
1780610554.079,202.7,74,0.0,5.55
1780610554.179,202.7,74,0.0,5.55
1780610554.280,188.6,74,59.9,5.55
1780610554.380,188.6,74,0.0,5.55
1780610554.480,188.6,74,0.0,5.55
1780610554.580,188.6,74,0.0,5.55
1780610554.680,188.6,74,0.0,5.55
1780610554.780,188.6,74,0.0,5.55
1780610554.880,188.6,74,0.0,5.55
1780610554.980,188.6,74,0.0,5.55
1780610555.081,188.9,74,10.0,5.55
1780610555.181,193.6,74,10.0,5.55
1780610555.281,198.9,74,20.0,17.35
1780610555.381,198.9,74,0.0,17.35
1780610555.481,198.9,74,0.0,17.35
1780610555.581,198.9,74,0.0,17.35
1780610555.681,198.9,74,0.0,17.35
1780610555.782,199.4,74,30.0,17.35
1780610555.882,199.4,74,0.0,17.35
1780610555.982,199.4,74,0.0,17.35
1780610556.082,199.4,74,0.0,17.35
1780610556.182,199.4,74,0.0,17.35
1780610556.285,202.6,74,9.8,17.35
1780610556.385,202.6,74,30.0,21.65
1780610556.485,202.6,74,0.0,21.65
1780610556.585,202.6,74,0.0,21.65
1780610556.685,202.6,74,0.0,21.65
1780610556.785,202.6,74,0.0,21.65
1780610556.885,202.6,74,0.0,21.65
1780610556.986,202.6,74,0.0,21.65
1780610557.086,202.6,74,0.0,21.65
1780610557.186,202.6,74,0.0,21.65
1780610557.286,202.6,74,0.0,21.65
1780610557.386,181.5,74,39.9,21.65
1780610557.486,181.5,74,0.0,21.65
1780610557.586,181.5,74,0.0,21.65
1780610557.687,181.5,74,0.0,21.65
1780610557.787,181.5,74,0.0,21.65
1780610557.887,181.5,74,10.0,21.65
1780610557.987,181.5,74,0.0,21.65
1780610558.087,181.5,74,0.0,21.65
1780610558.187,181.5,74,0.0,21.65
1780610558.287,191.5,74,20.0,21.65
1780610558.387,191.5,74,0.0,21.65
1780610558.488,202.5,74,20.0,21.65
1780610558.588,202.5,74,0.0,21.65
1780610558.688,202.5,74,0.0,21.65
1780610558.788,202.5,74,0.0,21.65
1780610558.888,202.5,74,0.0,21.65
1780610558.988,202.5,74,0.0,21.65
1780610559.088,202.5,74,0.0,21.65
1780610559.189,202.5,74,0.0,21.65
1780610559.289,202.5,74,0.0,21.65
1780610559.389,202.5,74,0.0,21.65
1780610559.490,208.4,74,29.6,21.65
1780610559.590,181.5,74,30.0,17.35
1780610559.690,181.5,74,0.0,17.35
1780610559.791,181.5,74,0.0,17.35
1780610559.891,181.5,74,0.0,17.35
1780610559.991,190.8,74,20.0,17.35
1780610560.091,190.8,74,0.0,17.35
1780610560.191,190.8,74,0.0,17.35
1780610560.291,190.8,74,0.0,17.35
1780610560.391,190.8,74,0.0,17.35
1780610560.492,190.8,74,0.0,17.35
1780610560.592,190.8,74,0.0,17.35
1780610560.692,190.8,74,0.0,17.35
1780610560.792,190.8,74,0.0,17.35
1780610560.893,199.8,74,19.7,17.35
1780610560.993,201.8,74,10.0,17.35
1780610561.094,204.0,74,20.0,17.35
1780610561.194,204.0,74,0.0,17.35
1780610561.294,204.0,74,0.0,17.35
1780610561.394,204.0,74,0.0,17.35
1780610561.494,204.0,74,0.0,17.35
1780610561.594,204.0,74,0.0,17.35
1780610561.694,204.0,74,10.0,17.35
1780610561.794,204.0,74,0.0,6.09
1780610561.895,204.0,74,0.0,6.09
1780610561.995,204.0,74,0.0,6.09
1780610562.095,204.4,74,20.0,6.09
1780610562.195,204.4,74,0.0,6.09
1780610562.295,204.4,74,0.0,6.09
1780610562.395,204.4,74,0.0,6.09
1780610562.495,204.4,74,0.0,6.09
1780610562.596,204.4,74,0.0,6.09
1780610562.696,204.4,74,0.0,6.09
1780610562.796,204.4,74,0.0,2.00
1780610562.896,204.4,74,0.0,2.00
1780610562.998,188.8,74,59.0,6.09
1780610563.098,188.8,74,0.0,6.09
1780610563.198,188.8,74,0.0,6.09
1780610563.298,188.8,74,0.0,6.09
1780610563.398,188.8,74,0.0,6.09
1780610563.498,188.8,74,0.0,6.09
1780610563.598,188.8,74,0.0,6.09
1780610563.699,188.8,74,0.0,6.09
1780610563.799,188.8,74,0.0,6.09
1780610563.899,193.5,74,20.0,6.09
1780610563.999,193.5,74,0.0,6.09
1780610564.101,200.3,74,29.3,6.09
1780610564.204,202.3,74,0.0,6.09
1780610564.304,202.3,74,0.0,6.09
1780610564.404,202.3,74,0.0,6.09
1780610564.504,202.3,74,0.0,6.09
1780610564.604,202.3,74,0.0,6.09
1780610564.705,202.3,74,0.0,6.09
1780610564.805,202.3,74,0.0,6.09
1780610564.905,202.3,74,10.0,6.09
1780610565.005,202.3,74,0.0,6.09
1780610565.105,202.3,74,0.0,6.09
1780610565.205,202.3,74,0.0,6.09
1780610565.305,202.3,74,0.0,6.09
1780610565.406,203.8,74,49.9,6.09
1780610565.506,203.8,74,0.0,6.09
1780610565.606,203.8,74,0.0,6.09
1780610565.706,203.8,74,0.0,6.09
1780610565.806,203.8,74,0.0,6.09
1780610565.906,203.8,74,0.0,6.09
1780610566.006,203.8,74,0.0,2.65
1780610566.106,203.8,74,0.0,2.65
1780610566.207,203.8,74,20.0,2.65
1780610566.307,203.8,74,0.0,2.65
1780610566.407,204.7,74,20.0,15.27
1780610566.507,204.7,74,0.0,15.27
1780610566.607,204.7,74,0.0,15.27
1780610566.707,204.7,74,0.0,15.27
1780610566.807,204.7,74,0.0,15.27
1780610566.908,204.7,74,0.0,15.27
1780610567.008,204.7,74,10.0,15.27
1780610567.108,204.7,74,0.0,15.27
1780610567.208,204.7,74,0.0,15.27
1780610567.308,204.7,74,0.0,15.27
1780610567.410,205.2,74,9.9,15.27
1780610567.510,205.4,74,49.9,15.27
1780610567.610,205.4,74,0.0,15.27
1780610567.710,205.4,74,0.0,15.27
1780610567.813,205.4,74,9.7,15.27
1780610567.916,205.4,74,0.0,15.27
1780610568.016,205.4,74,0.0,15.27
1780610568.116,205.4,74,0.0,15.27
1780610568.216,205.4,74,0.0,15.27
1780610568.316,205.4,74,10.0,15.27
1780610568.417,205.4,74,0.0,15.27
1780610568.517,205.4,74,0.0,15.27
1780610568.617,205.4,74,0.0,15.27
1780610568.717,205.4,74,20.0,15.27
1780610568.817,205.4,74,0.0,15.27
1780610568.917,205.4,74,0.0,15.27
1780610569.017,206.1,74,10.0,15.27
1780610569.118,206.1,74,0.0,15.27
1780610569.218,206.1,74,0.0,15.27
1780610569.318,206.1,74,0.0,15.27
1780610569.418,206.1,74,0.0,10.65
1780610569.518,206.1,74,0.0,10.65
1780610569.618,206.1,74,0.0,10.65
1780610569.718,206.1,74,0.0,10.65
1780610569.818,206.1,74,0.0,10.65
1780610569.919,206.1,74,0.0,10.65
1780610570.019,206.9,74,20.0,10.65
1780610570.119,206.9,74,0.0,10.65
1780610570.219,206.9,74,39.9,10.65
1780610570.319,206.9,74,0.0,10.65
1780610570.419,206.9,74,0.0,10.65
1780610570.519,206.9,74,0.0,10.65
1780610570.620,206.9,74,0.0,10.65
1780610570.720,206.9,74,0.0,10.65
1780610570.820,206.9,74,0.0,10.65
1780610570.920,206.9,74,0.0,10.65
1780610571.020,206.9,74,0.0,10.65
1780610571.120,206.9,74,0.0,10.65
1780610571.220,206.9,74,0.0,10.65
1780610571.320,206.9,74,0.0,10.65
1780610571.421,208.3,74,29.7,10.65
1780610571.524,208.3,74,19.5,15.27
1780610571.624,208.3,74,0.0,15.27
1780610571.725,208.3,74,0.0,15.27
1780610571.825,208.3,74,0.0,15.27
1780610571.925,208.3,74,0.0,15.27
1780610572.025,208.3,74,0.0,15.27
1780610572.125,208.3,74,0.0,15.27
1780610572.225,208.3,74,0.0,15.27
1780610572.325,208.3,74,10.0,15.27
1780610572.426,208.3,74,0.0,15.27
1780610572.526,208.3,74,30.0,15.27
1780610572.626,208.3,74,10.0,15.27
1780610572.726,208.3,74,0.0,15.27
1780610572.826,208.3,74,0.0,15.27
1780610572.926,208.3,74,0.0,10.65
1780610573.026,208.3,74,0.0,10.65
1780610573.126,208.3,74,0.0,10.65
1780610573.227,208.3,74,0.0,10.65
1780610573.327,208.3,74,0.0,10.65
1780610573.427,208.3,74,0.0,10.65
1780610573.527,208.3,74,0.0,10.65
1780610573.627,208.3,74,0.0,10.65
1780610573.727,208.3,74,0.0,10.65
1780610573.827,181.5,74,59.9,10.65
1780610573.928,181.5,74,0.0,10.65
1780610574.028,181.5,74,0.0,10.65
1780610574.128,181.5,74,0.0,10.65
1780610574.228,190.3,74,20.0,10.65
1780610574.328,190.3,74,0.0,10.65
1780610574.428,190.3,74,0.0,10.65
1780610574.528,190.5,74,0.0,10.65
1780610574.628,190.5,74,0.0,10.65
1780610574.729,190.8,74,10.0,10.65
1780610574.829,190.8,74,0.0,10.65
1780610574.929,190.8,74,0.0,10.65
1780610575.030,195.8,74,39.5,10.65
1780610575.130,195.8,74,0.0,10.65
1780610575.230,195.8,74,0.0,1.71
1780610575.331,195.8,74,0.0,1.71
1780610575.431,195.8,74,0.0,1.71
1780610575.531,195.8,74,0.0,1.71
1780610575.631,195.8,74,0.0,1.71
1780610575.731,195.8,74,0.0,1.71
1780610575.831,195.8,74,0.0,1.71
1780610575.931,195.8,74,0.0,1.71
1780610576.031,195.8,74,0.0,1.71
1780610576.132,195.8,74,0.0,1.71
1780610576.232,196.5,74,20.0,1.71
1780610576.332,196.5,74,0.0,1.71
1780610576.433,201.8,74,9.9,1.71
1780610576.533,201.8,74,20.0,1.71
1780610576.633,201.8,74,0.0,1.71
1780610576.734,201.8,74,0.0,1.42
1780610576.834,201.8,74,0.0,1.42
1780610576.934,201.8,74,0.0,1.42
1780610577.034,201.8,74,0.0,1.42
1780610577.134,201.8,74,0.0,1.42
1780610577.234,201.8,74,0.0,1.42
1780610577.334,201.8,74,0.0,1.42
1780610577.436,202.8,74,39.4,1.42
1780610577.536,203.0,74,10.0,1.42
1780610577.636,203.0,74,0.0,1.42
1780610577.736,203.0,74,0.0,1.42
1780610577.837,203.0,74,0.0,1.42
1780610577.937,203.0,74,0.0,1.36
1780610578.037,203.0,74,0.0,1.36
1780610578.137,203.0,74,0.0,1.36
1780610578.237,203.0,74,0.0,1.36
1780610578.338,203.0,74,0.0,1.36
1780610578.438,203.0,74,10.0,1.42
1780610578.541,203.5,74,19.5,1.42
1780610578.644,203.5,74,9.7,1.42
1780610578.744,203.5,74,0.0,1.42
1780610578.844,203.5,74,0.0,1.36
1780610578.944,203.5,74,0.0,1.36
1780610579.044,203.5,74,0.0,1.36
1780610579.144,203.5,74,0.0,1.36
1780610579.244,203.5,74,0.0,1.36
1780610579.344,203.5,74,0.0,1.36
1780610579.445,203.5,74,0.0,1.36
1780610579.545,203.5,74,0.0,1.36
1780610579.645,203.5,74,10.0,1.36
1780610579.745,203.5,74,0.0,1.62
1780610579.846,203.5,74,9.9,1.62
1780610579.946,181.5,74,59.9,1.62
1780610580.046,181.5,74,0.0,1.62
1780610580.147,181.5,74,0.0,1.62
1780610580.247,191.1,74,10.0,1.62
1780610580.347,191.1,74,10.0,1.62
1780610580.447,191.1,74,0.0,1.62
1780610580.547,191.1,74,0.0,1.62
1780610580.647,191.1,74,0.0,1.62
1780610580.747,191.1,74,0.0,1.62
1780610580.848,191.1,74,0.0,1.62
1780610580.948,191.1,74,0.0,1.62
1780610581.048,191.1,74,0.0,1.62
1780610581.148,191.1,74,0.0,1.62
1780610581.248,191.1,74,0.0,1.62
1780610581.348,202.8,74,30.0,1.62
1780610581.448,202.8,74,0.0,1.62
1780610581.548,202.8,74,0.0,1.62
1780610581.649,202.8,74,0.0,1.62
1780610581.749,202.8,74,0.0,1.62
1780610581.849,202.8,74,0.0,1.62
1780610581.949,202.8,74,0.0,1.62
1780610582.049,202.8,74,0.0,1.62
1780610582.149,202.8,74,0.0,1.62
1780610582.250,202.8,74,0.0,1.62
1780610582.350,202.8,74,0.0,1.62
1780610582.450,205.3,74,20.0,1.62
1780610582.550,205.3,74,0.0,1.62
1780610582.653,207.3,74,19.5,1.74
1780610582.753,207.3,74,0.0,1.74
1780610582.853,207.3,74,0.0,1.74
1780610582.953,207.3,74,0.0,1.74
1780610583.053,207.3,74,20.0,1.74
1780610583.153,207.3,74,0.0,1.74
1780610583.254,207.8,74,20.0,1.74
1780610583.354,207.8,74,10.0,1.74
1780610583.454,207.8,74,0.0,1.74
1780610583.554,207.8,74,0.0,1.74
1780610583.654,207.8,74,0.0,1.74
1780610583.756,207.8,74,9.8,1.74
1780610583.856,207.8,74,10.0,1.74
1780610583.956,207.8,74,0.0,1.74
1780610584.056,207.8,74,0.0,1.74
1780610584.156,207.8,74,0.0,1.74
1780610584.257,207.8,74,0.0,1.74
1780610584.357,207.8,74,0.0,1.74
1780610584.461,207.9,74,28.9,1.74
1780610584.561,207.9,74,9.9,1.74
1780610584.661,207.9,74,0.0,1.74
1780610584.761,207.9,74,0.0,1.74
1780610584.861,207.9,74,0.0,1.62
1780610584.962,207.9,74,0.0,1.62
1780610585.062,208.9,74,30.0,4.44
1780610585.162,208.9,74,0.0,4.44
1780610585.262,208.9,74,0.0,4.44
1780610585.362,208.9,74,0.0,4.44
1780610585.462,208.9,74,0.0,4.44
1780610585.562,208.9,74,0.0,4.44
1780610585.663,208.9,74,10.0,4.44
1780610585.763,208.9,74,0.0,4.44
1780610585.863,208.9,74,0.0,4.44
1780610585.963,209.3,74,39.9,4.44
1780610586.063,209.3,74,0.0,4.44
1780610586.163,209.3,74,0.0,4.44
1780610586.264,209.3,74,0.0,4.44
1780610586.364,209.3,74,10.0,4.44
1780610586.464,209.3,74,0.0,4.44
1780610586.564,209.3,74,0.0,4.44
1780610586.664,209.4,74,0.0,4.44
1780610586.764,209.4,74,39.9,12.33
1780610586.864,209.4,74,0.0,12.33
1780610586.965,209.4,74,20.0,12.33
1780610587.065,209.4,74,0.0,12.33
1780610587.165,209.4,74,10.0,12.33
1780610587.265,209.4,74,0.0,12.33
1780610587.365,209.4,74,0.0,12.33
1780610587.465,209.4,74,10.0,12.33
1780610587.565,209.4,74,0.0,12.33
1780610587.665,209.4,74,0.0,12.33
1780610587.766,209.4,74,0.0,12.33
1780610587.866,210.1,74,10.0,12.33
1780610587.966,210.1,74,10.0,12.33
1780610588.066,210.1,74,20.0,12.33
1780610588.166,210.1,74,0.0,12.33
1780610588.266,210.1,74,0.0,12.33
1780610588.366,210.1,74,0.0,12.33
1780610588.466,210.1,74,0.0,12.33
1780610588.567,210.1,74,0.0,12.33
1780610588.667,210.1,74,0.0,12.33
1780610588.767,210.1,74,0.0,12.33
1780610588.867,210.1,74,0.0,12.33
1780610588.967,210.1,74,0.0,12.33
1780610589.067,210.1,74,0.0,12.33
1780610589.167,210.1,74,10.0,12.33
1780610589.268,210.1,74,10.0,12.33
1780610589.368,210.2,74,20.0,12.33
1780610589.468,210.2,74,0.0,12.33
1780610589.568,210.2,74,0.0,12.33
1780610589.668,210.2,74,0.0,12.33
1780610589.768,210.2,74,0.0,12.33
1780610589.868,210.2,74,0.0,12.33
1780610589.968,210.2,74,0.0,12.33
1780610590.069,210.2,74,0.0,12.33
1780610590.169,210.2,74,0.0,12.33
1780610590.269,210.2,74,59.9,12.33
1780610590.369,210.2,74,0.0,12.33
1780610590.469,210.2,74,0.0,12.33
1780610590.569,210.2,74,0.0,12.33
1780610590.669,210.2,74,0.0,12.33
1780610590.769,210.2,74,0.0,12.33
1780610590.870,210.2,74,0.0,12.33
1780610590.970,181.5,74,39.9,12.33
1780610591.070,181.5,74,0.0,12.33
1780610591.170,193.6,74,20.0,12.33
1780610591.270,193.6,74,0.0,12.33
1780610591.370,193.6,74,0.0,12.33
1780610591.470,193.6,74,0.0,2.28
1780610591.571,203.1,74,19.9,2.28
1780610591.671,203.1,74,10.0,2.28
1780610591.771,203.1,74,0.0,2.28
1780610591.871,203.1,74,0.0,2.28
1780610591.972,203.1,74,0.0,2.28
1780610592.072,203.1,74,0.0,2.28
1780610592.172,203.1,74,0.0,2.28
1780610592.272,205.1,74,10.0,2.28
1780610592.372,205.1,74,0.0,2.28
1780610592.472,205.1,74,0.0,2.28
1780610592.572,205.1,74,0.0,2.28
1780610592.672,205.1,74,0.0,2.28
1780610592.773,205.1,74,0.0,2.28
1780610592.873,205.1,74,0.0,2.28
1780610592.973,205.1,74,10.0,2.28
1780610593.073,205.3,74,30.0,2.28
1780610593.173,205.3,74,0.0,1.51
1780610593.273,205.3,74,0.0,1.51
1780610593.373,205.3,74,0.0,1.51
1780610593.476,205.3,74,19.6,1.51
1780610593.576,207.3,74,10.0,1.51
1780610593.676,207.3,74,0.0,1.51
1780610593.776,207.3,74,0.0,1.51
1780610593.876,207.3,74,0.0,1.51
1780610593.976,207.3,74,0.0,1.51
1780610594.076,207.3,74,0.0,1.51
1780610594.177,207.3,74,10.0,1.51
1780610594.277,207.3,74,0.0,1.51
1780610594.379,207.3,74,19.6,1.51
1780610594.479,207.3,74,10.0,1.51
1780610594.579,207.3,74,0.0,1.51
1780610594.679,207.3,74,0.0,1.51
1780610594.779,207.3,74,0.0,1.51
1780610594.879,207.3,74,30.0,1.51
1780610594.979,207.3,74,0.0,1.51
1780610595.080,207.3,74,30.0,1.51
1780610595.180,207.3,74,0.0,1.51
1780610595.280,207.3,74,0.0,1.51
1780610595.380,207.3,74,0.0,1.51
1780610595.480,207.3,74,0.0,1.51
1780610595.580,207.3,74,0.0,1.51
1780610595.680,207.3,74,0.0,1.51
1780610595.780,207.3,74,0.0,1.12
1780610595.881,207.3,74,0.0,1.03
1780610595.981,207.3,74,0.0,1.03
1780610596.081,207.3,74,39.9,1.03
1780610596.181,207.8,74,10.0,1.03
1780610596.281,207.8,74,0.0,1.03
1780610596.381,207.8,74,0.0,1.03
1780610596.481,207.8,74,0.0,1.03
1780610596.582,208.0,74,10.0,1.03
1780610596.682,208.0,74,10.0,1.00
1780610596.782,208.3,74,10.0,1.03
1780610596.882,208.3,74,0.0,1.03
1780610596.982,208.3,74,0.0,1.03
1780610597.082,208.3,74,0.0,1.03
1780610597.182,208.3,74,0.0,1.03
1780610597.282,208.3,74,10.0,1.03
1780610597.383,208.3,74,0.0,1.03
1780610597.483,208.3,74,0.0,1.03
1780610597.583,208.3,74,0.0,1.03
1780610597.683,208.3,74,0.0,1.03
1780610597.783,208.3,74,0.0,1.03
1780610597.883,208.3,74,39.9,1.03
1780610597.983,208.3,74,0.0,1.03
1780610598.084,208.3,74,0.0,1.00
1780610598.184,208.3,74,0.0,1.00
1780610598.284,208.3,74,0.0,1.00
1780610598.384,208.3,74,0.0,1.00
1780610598.484,208.3,74,0.0,1.00
1780610598.584,208.3,74,0.0,1.00
1780610598.684,208.3,74,0.0,1.00
1780610598.785,208.3,74,0.0,1.00
1780610598.885,208.3,74,0.0,1.00
1780610598.985,208.3,74,0.0,1.00
1780610599.085,208.5,74,30.0,1.02
1780610599.185,208.5,74,0.0,1.02
1780610599.285,208.5,74,0.0,1.02
1780610599.385,208.5,74,0.0,1.02
1780610599.486,208.5,74,0.0,1.02
1780610599.586,208.5,74,10.0,1.06
1780610599.686,208.5,74,0.0,1.06
1780610599.786,208.5,74,0.0,1.06
1780610599.886,208.5,74,0.0,1.06
1780610599.986,208.5,74,39.9,5.24
1780610600.086,208.5,74,0.0,5.24
1780610600.186,208.5,74,0.0,5.24
1780610600.287,208.5,74,0.0,5.24
1780610600.387,208.5,74,0.0,5.24
1780610600.487,208.5,74,0.0,5.24
1780610600.587,208.5,74,0.0,5.24
1780610600.687,208.5,74,0.0,5.24
1780610600.787,208.5,74,0.0,5.24
1780610600.887,208.5,74,0.0,5.24
1780610600.988,208.5,74,0.0,5.24
1780610601.088,208.5,74,0.0,5.24
1780610601.188,208.5,74,0.0,5.24
1780610601.288,208.5,74,0.0,5.24
1780610601.389,213.7,74,69.3,8.63
1780610601.489,181.5,74,0.0,8.63
1780610601.589,201.3,74,29.9,8.63
1780610601.690,201.3,74,0.0,8.63
1780610601.790,201.3,74,0.0,8.63
1780610601.890,201.3,74,0.0,8.63
1780610601.990,201.3,74,0.0,8.63
1780610602.090,201.3,74,0.0,8.63
1780610602.190,201.3,74,0.0,8.63
1780610602.290,201.3,74,10.0,8.63
1780610602.390,203.5,74,20.0,8.63
1780610602.491,203.5,74,0.0,8.63
1780610602.591,203.5,74,0.0,8.63
1780610602.691,203.5,74,0.0,8.63
1780610602.791,203.5,74,0.0,8.63
1780610602.891,203.5,74,0.0,8.63
1780610602.991,203.5,74,10.0,8.63
1780610603.091,203.5,74,20.0,8.63
1780610603.191,203.5,74,0.0,5.24
1780610603.292,203.5,74,0.0,5.24
1780610603.392,203.5,74,0.0,5.24
1780610603.492,203.7,74,20.0,5.24
1780610603.592,203.7,74,0.0,5.24
1780610603.692,203.7,74,0.0,5.24
1780610603.792,203.7,74,0.0,5.24
1780610603.892,203.7,74,0.0,5.24
1780610603.992,203.7,74,0.0,5.24
1780610604.093,203.7,74,0.0,5.24
1780610604.193,203.7,74,10.0,5.24
1780610604.293,203.7,74,0.0,5.24
1780610604.393,203.7,74,0.0,5.24
1780610604.493,203.7,74,0.0,5.24
1780610604.593,203.7,74,0.0,5.24
1780610604.693,204.4,74,40.0,5.24
1780610604.793,204.4,74,0.0,5.24
1780610604.894,204.4,74,0.0,5.24
1780610604.994,204.4,74,0.0,5.24
1780610605.094,204.4,74,0.0,5.24
1780610605.194,204.4,74,0.0,5.24
1780610605.294,204.4,74,0.0,5.24
1780610605.394,204.4,74,0.0,5.24
1780610605.494,204.4,74,0.0,5.24
1780610605.595,204.4,74,0.0,5.24
1780610605.695,204.4,74,0.0,5.24
1780610605.795,204.4,74,10.0,5.24
1780610605.896,204.4,74,19.8,5.24
1780610605.996,206.4,74,30.0,5.24
1780610606.096,206.4,74,0.0,5.24
1780610606.196,206.4,74,0.0,5.24
1780610606.296,206.4,74,0.0,5.24
1780610606.397,206.4,74,0.0,5.24
1780610606.497,206.4,74,0.0,1.98
1780610606.597,206.4,74,0.0,1.98
1780610606.697,206.4,74,0.0,1.98
1780610606.797,206.4,74,0.0,1.98
1780610606.897,206.4,74,0.0,1.98
1780610606.997,206.4,74,20.0,1.98
1780610607.099,207.3,74,9.9,1.98
1780610607.199,207.3,74,20.0,8.63
1780610607.299,207.3,74,0.0,8.63
1780610607.399,207.3,74,0.0,8.63
1780610607.499,207.3,74,0.0,8.63
1780610607.599,207.3,74,0.0,8.63
1780610607.700,207.3,74,0.0,8.63
1780610607.800,207.3,74,0.0,8.63
1780610607.900,207.3,74,0.0,1.98
1780610608.000,207.3,74,0.0,1.98
1780610608.102,208.3,74,39.4,1.98
1780610608.202,208.3,74,20.0,10.27
1780610608.302,208.3,74,0.0,10.27
1780610608.402,208.3,74,0.0,10.27
1780610608.502,208.3,74,0.0,10.27
1780610608.602,208.3,74,10.0,10.27
1780610608.702,208.3,74,0.0,10.27
1780610608.803,208.3,74,0.0,10.27
1780610608.903,208.3,74,0.0,10.27
1780610609.003,208.3,74,0.0,10.27
1780610609.103,208.3,74,0.0,10.27
1780610609.203,208.3,74,0.0,10.27
1780610609.303,208.3,74,0.0,10.27
1780610609.403,208.3,74,0.0,10.27
1780610609.504,208.3,74,39.9,10.27
1780610609.604,208.3,74,0.0,10.27
1780610609.704,208.5,74,20.0,10.27
1780610609.804,208.5,74,0.0,10.27
1780610609.904,208.5,74,0.0,10.27
1780610610.004,208.5,74,0.0,10.27
1780610610.104,208.5,74,0.0,10.27
1780610610.204,208.5,74,0.0,10.27
1780610610.305,208.5,74,0.0,10.27
1780610610.405,208.5,74,0.0,10.27
1780610610.505,208.5,74,0.0,10.27
1780610610.605,208.5,74,30.0,10.27
1780610610.705,208.5,74,0.0,10.27
1780610610.805,208.5,74,0.0,10.27
1780610610.905,208.5,74,0.0,10.27
1780610611.006,208.5,74,0.0,10.27
1780610611.106,208.5,74,0.0,10.27
1780610611.206,208.5,74,0.0,10.27
1780610611.306,208.5,74,0.0,10.27
1780610611.406,208.5,74,0.0,10.27
1780610611.512,209.7,74,38.8,10.27
1780610611.615,209.7,74,9.5,10.27
1780610611.715,209.7,74,0.0,10.27
1780610611.815,209.7,74,0.0,10.27
1780610611.915,209.7,74,0.0,10.27
1780610612.015,209.7,74,0.0,10.27
1780610612.115,209.7,74,0.0,10.27
1780610612.216,209.7,74,0.0,10.27
1780610612.316,209.7,74,0.0,10.27
1780610612.416,209.7,74,0.0,10.27
1780610612.516,209.7,74,10.0,10.27
1780610612.616,209.7,74,0.0,10.27
1780610612.716,209.9,74,39.9,10.27
1780610612.817,209.9,74,0.0,10.27
1780610612.917,209.9,74,0.0,10.27
1780610613.017,209.9,74,0.0,10.27
1780610613.117,209.9,74,0.0,10.27
1780610613.217,209.9,74,0.0,10.27
1780610613.317,209.9,74,0.0,10.27
1780610613.417,209.9,74,0.0,10.27
1780610613.517,209.9,74,10.0,10.27
1780610613.618,209.9,74,0.0,6.18
1780610613.718,209.9,74,0.0,6.18
1780610613.818,209.9,74,0.0,6.18
1780610613.918,181.5,74,49.9,10.27
1780610614.018,181.5,74,0.0,10.27
1780610614.118,181.5,74,0.0,10.27
1780610614.218,181.5,74,0.0,10.27
1780610614.319,191.6,74,20.0,10.27
1780610614.419,191.6,74,0.0,10.27
1780610614.519,191.6,74,0.0,10.27
1780610614.619,191.6,74,0.0,6.18
1780610614.719,191.6,74,0.0,6.18
1780610614.819,191.6,74,0.0,6.18
1780610614.919,191.6,74,0.0,6.18
1780610615.019,191.6,74,0.0,6.18
1780610615.120,191.6,74,0.0,6.18
1780610615.220,191.6,74,0.0,6.18
1780610615.320,191.6,74,0.0,6.18
1780610615.420,191.6,74,0.0,6.18
1780610615.520,208.4,74,10.0,6.18
1780610615.623,181.5,74,38.9,6.18
1780610615.723,181.5,74,0.0,6.18
1780610615.823,181.5,74,0.0,6.18
1780610615.923,181.5,74,0.0,6.18
1780610616.024,188.8,74,10.0,6.18
1780610616.124,193.6,74,10.0,1.36
1780610616.224,193.6,74,0.0,1.36
1780610616.324,193.6,74,0.0,1.36
1780610616.424,193.6,74,0.0,1.36
1780610616.524,193.6,74,0.0,1.36
1780610616.625,202.3,74,39.9,1.36
1780610616.725,202.3,74,0.0,1.36
1780610616.825,202.3,74,0.0,1.36
1780610616.925,202.3,74,0.0,1.36
1780610617.025,202.3,74,0.0,1.36
1780610617.125,202.3,74,0.0,1.36
1780610617.226,202.3,74,0.0,1.36
1780610617.326,203.3,74,39.9,1.36
1780610617.426,203.3,74,0.0,1.36
1780610617.526,203.3,74,0.0,1.36
1780610617.626,203.3,74,0.0,1.36
1780610617.726,203.3,74,0.0,1.36
1780610617.826,203.3,74,0.0,1.36
1780610617.926,203.3,74,0.0,1.36
1780610618.027,203.3,74,0.0,1.36
1780610618.127,203.3,74,10.0,1.36
1780610618.227,203.3,74,0.0,1.36
1780610618.327,203.3,74,0.0,1.36
1780610618.429,203.7,74,19.6,1.36
1780610618.529,203.7,74,0.0,1.36
1780610618.629,203.7,74,0.0,1.36
1780610618.729,203.7,74,0.0,1.36
1780610618.829,203.7,74,0.0,1.36
1780610618.930,203.7,74,10.0,1.36
1780610619.030,203.7,74,0.0,1.36
1780610619.130,204.1,74,20.0,1.36
1780610619.230,204.1,74,0.0,1.09
1780610619.330,204.1,74,0.0,1.09
1780610619.430,204.1,74,0.0,1.09
1780610619.530,204.9,74,39.9,1.09
1780610619.630,204.9,74,0.0,1.09
1780610619.731,204.9,74,0.0,1.09
1780610619.831,204.9,74,0.0,1.09
1780610619.931,204.9,74,30.0,1.09
1780610620.031,204.9,74,0.0,1.09
1780610620.131,204.9,74,0.0,1.09
1780610620.231,204.9,74,0.0,1.09
1780610620.331,205.6,74,10.0,1.07
1780610620.432,205.6,74,0.0,1.03
1780610620.532,205.6,74,30.0,1.09
1780610620.632,205.6,74,0.0,1.09
1780610620.732,205.6,74,0.0,1.09
1780610620.832,205.6,74,0.0,1.09
1780610620.932,205.6,74,0.0,1.09
1780610621.032,205.6,74,0.0,1.09
1780610621.132,205.6,74,0.0,1.09
1780610621.233,205.6,74,0.0,1.09
1780610621.333,205.6,74,0.0,1.09
1780610621.433,205.6,74,10.0,1.09
1780610621.533,205.6,74,0.0,1.09
1780610621.633,205.7,74,30.0,6.34
1780610621.733,205.7,74,0.0,6.34
1780610621.833,205.7,74,0.0,6.34
1780610621.933,205.7,74,0.0,6.34
1780610622.034,205.7,74,0.0,6.34
1780610622.134,205.7,74,0.0,6.34
1780610622.234,205.7,74,0.0,6.34
1780610622.335,207.0,74,39.6,9.95
1780610622.435,207.0,74,0.0,9.95
1780610622.535,207.0,74,0.0,9.95
1780610622.635,207.0,74,0.0,9.95
1780610622.735,207.0,74,0.0,9.95
1780610622.835,207.0,74,30.0,9.95
1780610622.936,207.0,74,0.0,9.95
1780610623.036,207.0,74,0.0,9.95
1780610623.136,207.0,74,0.0,9.95
1780610623.236,207.0,74,10.0,9.95
1780610623.336,207.0,74,10.0,9.95
1780610623.436,207.0,74,10.0,9.95
1780610623.536,207.0,74,0.0,9.95
1780610623.636,207.0,74,0.0,9.95
1780610623.737,207.0,74,0.0,9.95
1780610623.837,207.0,74,10.0,9.95
1780610623.937,207.0,74,0.0,9.95
1780610624.037,207.0,74,0.0,9.95
1780610624.137,207.0,74,30.0,9.95
1780610624.237,207.0,74,0.0,9.95
1780610624.337,207.0,74,0.0,9.95
1780610624.438,207.0,74,0.0,9.95
1780610624.538,207.3,74,10.0,9.95
1780610624.638,207.3,74,0.0,9.95
1780610624.738,207.3,74,0.0,9.95
1780610624.838,207.3,74,0.0,9.95
1780610624.938,207.3,74,0.0,9.95
1780610625.038,207.3,74,0.0,9.95
1780610625.138,207.3,74,0.0,9.95
1780610625.239,207.3,74,0.0,9.95
1780610625.339,207.3,74,0.0,9.95
1780610625.439,207.3,74,0.0,9.95
1780610625.539,207.3,74,0.0,9.95
1780610625.639,207.3,74,10.0,9.95
1780610625.739,207.3,74,0.0,9.95
1780610625.839,207.3,74,0.0,9.95
1780610625.939,181.5,74,59.9,9.95
1780610626.040,181.5,74,0.0,9.95
1780610626.140,181.5,74,0.0,9.95
1780610626.240,181.5,74,0.0,9.95
1780610626.340,181.5,74,0.0,9.95
1780610626.440,181.5,74,0.0,9.95
1780610626.540,181.5,74,0.0,9.95
1780610626.640,181.5,74,0.0,9.95
1780610626.743,191.3,74,9.7,9.95
1780610626.843,191.3,74,10.0,9.95
1780610626.943,200.8,74,20.0,9.95
1780610627.044,200.8,74,0.0,6.34
1780610627.144,200.8,74,0.0,6.34
1780610627.244,200.8,74,0.0,6.34
1780610627.344,200.8,74,0.0,6.34
1780610627.444,200.8,74,0.0,6.34
1780610627.544,200.8,74,0.0,6.34
1780610627.644,200.8,74,0.0,6.34
1780610627.745,200.8,74,10.0,6.34
1780610627.845,200.8,74,0.0,6.34
1780610627.945,200.8,74,0.0,6.34
1780610628.047,208.3,74,48.9,6.34
1780610628.147,208.3,74,0.0,1.69
1780610628.247,208.3,74,0.0,1.69
1780610628.347,208.3,74,0.0,1.69
1780610628.448,208.3,74,20.0,1.69
1780610628.548,208.3,74,0.0,1.69
1780610628.648,208.3,74,0.0,1.69
1780610628.748,208.3,74,0.0,1.69
1780610628.848,208.3,74,10.0,1.65
1780610628.948,208.3,74,0.0,1.65
1780610629.048,208.3,74,0.0,1.65
1780610629.148,208.3,74,0.0,1.65
1780610629.249,208.3,74,0.0,1.65
1780610629.349,208.3,74,0.0,1.65
1780610629.449,208.3,74,0.0,1.65
1780610629.549,210.3,74,30.0,1.65
1780610629.649,210.3,74,0.0,1.65
1780610629.749,210.3,74,0.0,1.65
1780610629.849,210.3,74,0.0,1.65
1780610629.949,210.3,74,0.0,1.65
1780610630.050,210.3,74,0.0,1.65
1780610630.150,210.3,74,0.0,1.65
1780610630.250,210.3,74,0.0,1.65
1780610630.350,210.3,74,0.0,1.65
1780610630.450,210.3,74,0.0,1.65
1780610630.550,210.7,74,20.0,1.65
1780610630.650,210.7,74,0.0,1.65
1780610630.750,210.9,74,20.0,1.65
1780610630.851,210.9,74,0.0,1.65
1780610630.951,210.9,74,0.0,1.65
1780610631.051,210.9,74,0.0,1.53
1780610631.151,210.9,74,0.0,1.53
1780610631.251,210.9,74,0.0,1.53
1780610631.351,210.9,74,0.0,1.53
1780610631.451,210.9,74,10.0,1.53
1780610631.551,210.9,74,0.0,1.53
1780610631.651,210.9,74,0.0,1.53
1780610631.753,213.2,74,9.9,1.53
1780610631.853,181.5,74,39.9,1.69
1780610631.953,181.5,74,0.0,1.69
1780610632.053,181.5,74,0.0,1.69
1780610632.153,181.5,74,0.0,1.69
1780610632.253,181.5,74,0.0,1.69
1780610632.354,181.5,74,0.0,1.69
1780610632.454,181.5,74,0.0,1.53
1780610632.554,181.5,74,0.0,1.53
1780610632.654,181.5,74,0.0,1.53
1780610632.754,181.5,74,0.0,1.53
1780610632.854,195.6,74,30.0,1.53
1780610632.954,195.6,74,0.0,1.53
1780610633.054,201.1,74,30.0,21.68
1780610633.155,201.1,74,0.0,21.68
1780610633.255,201.1,74,0.0,21.68
1780610633.355,201.1,74,0.0,21.68
1780610633.455,201.1,74,0.0,21.68
1780610633.555,201.1,74,0.0,21.68
1780610633.655,201.1,74,0.0,21.68
1780610633.755,201.1,74,10.0,21.68
1780610633.855,201.1,74,0.0,21.68
1780610633.957,201.1,74,0.0,21.68
1780610634.057,206.8,74,39.9,21.68
1780610634.157,206.8,74,0.0,21.68
1780610634.258,206.8,74,0.0,21.68
1780610634.358,207.0,74,20.0,21.68
1780610634.458,207.0,74,0.0,21.68
1780610634.558,207.0,74,0.0,21.68
1780610634.658,207.0,74,0.0,21.68
1780610634.758,207.0,74,10.0,21.68
1780610634.860,208.0,74,19.7,21.68
1780610634.960,208.0,74,0.0,21.68
1780610635.060,208.0,74,0.0,21.68
1780610635.160,208.0,74,0.0,21.68
1780610635.260,208.0,74,0.0,21.68
1780610635.360,208.0,74,0.0,21.68
1780610635.461,208.0,74,0.0,21.68
1780610635.561,208.0,74,10.0,21.68
1780610635.661,208.0,74,0.0,21.68
1780610635.761,208.0,74,0.0,21.68
1780610635.861,208.0,74,0.0,21.68
1780610635.961,208.0,74,0.0,21.68
1780610636.061,208.0,74,0.0,21.68
1780610636.161,208.0,74,0.0,21.68
1780610636.262,208.0,74,0.0,21.68
1780610636.362,208.0,74,0.0,21.68
1780610636.462,208.0,74,0.0,21.68
1780610636.562,208.0,74,0.0,21.68
1780610636.662,208.0,74,0.0,21.68
1780610636.762,208.0,74,0.0,21.68
1780610636.862,208.0,74,0.0,21.68
1780610636.962,208.2,74,10.0,21.68
1780610637.062,208.2,74,0.0,21.68
1780610637.163,208.2,74,0.0,21.68
1780610637.265,208.4,74,9.8,21.68
1780610637.365,208.4,74,20.0,21.68
1780610637.465,208.4,74,0.0,21.68
1780610637.565,208.4,74,0.0,21.68
1780610637.665,208.4,74,0.0,21.68
1780610637.766,208.4,74,0.0,21.68
1780610637.866,208.4,74,10.0,21.68
1780610637.966,208.4,74,0.0,21.68
1780610638.066,208.4,74,0.0,21.68
1780610638.166,208.4,74,10.0,21.68
1780610638.266,181.5,74,59.9,1.07
1780610638.366,181.5,74,0.0,1.07
1780610638.466,181.5,74,0.0,1.07
1780610638.567,181.5,74,0.0,1.07
1780610638.667,181.5,74,0.0,1.07
1780610638.767,181.5,74,0.0,1.07
1780610638.867,181.5,74,0.0,1.07
1780610638.967,188.5,74,0.0,3.20
1780610639.067,188.5,74,0.0,3.20
1780610639.167,188.5,74,0.0,3.20
1780610639.270,198.0,74,19.4,3.20
1780610639.370,181.5,74,39.9,3.20
1780610639.471,181.5,74,0.0,1.05
1780610639.571,181.5,74,0.0,1.05
1780610639.671,181.5,74,0.0,1.05
1780610639.771,188.5,74,0.0,1.05
1780610639.871,200.3,74,39.9,1.62
1780610639.971,200.3,74,0.0,1.62
1780610640.071,200.3,74,0.0,1.62
1780610640.172,200.3,74,0.0,1.62
1780610640.272,200.3,74,0.0,1.62
1780610640.372,200.3,74,0.0,1.62
1780610640.472,200.3,74,0.0,1.62
1780610640.572,202.3,74,29.9,1.62
1780610640.672,204.4,74,20.0,1.62
1780610640.773,204.4,74,0.0,1.62
1780610640.873,204.4,74,0.0,1.62
1780610640.973,204.4,74,0.0,1.62
1780610641.073,204.4,74,0.0,1.62
1780610641.173,204.4,74,0.0,1.62
1780610641.273,206.4,74,20.0,1.62
1780610641.373,206.4,74,0.0,1.62
1780610641.473,206.4,74,0.0,1.62
1780610641.574,206.4,74,0.0,1.62
1780610641.674,206.4,74,20.0,1.62
1780610641.774,206.4,74,0.0,1.62
1780610641.874,206.4,74,0.0,1.62
1780610641.974,206.4,74,0.0,1.62
1780610642.074,206.4,74,0.0,1.62
1780610642.174,206.4,74,0.0,1.62
1780610642.275,208.4,74,9.9,1.62
1780610642.375,208.4,74,10.0,1.62
1780610642.476,208.4,74,0.0,1.62
1780610642.576,208.4,74,0.0,1.62
1780610642.676,208.4,74,0.0,1.62
1780610642.776,208.4,74,0.0,1.62
1780610642.876,208.4,74,0.0,1.62
1780610642.976,208.4,74,20.0,1.62
1780610643.076,208.4,74,0.0,1.62
1780610643.176,208.4,74,30.0,1.62
1780610643.277,208.4,74,0.0,1.62
1780610643.377,208.4,74,0.0,1.62
1780610643.477,208.4,74,0.0,1.62
1780610643.577,208.4,74,0.0,1.62
1780610643.677,208.4,74,0.0,1.62
1780610643.777,208.4,74,0.0,1.62
1780610643.877,208.4,74,0.0,1.62
1780610643.978,208.4,74,20.0,1.62
1780610644.078,208.4,74,0.0,1.62
1780610644.180,208.5,74,19.5,1.62
1780610644.280,208.5,74,10.0,1.99
1780610644.380,208.5,74,0.0,1.99
1780610644.481,208.5,74,0.0,1.99
1780610644.581,208.5,74,0.0,1.99
1780610644.681,208.5,74,0.0,1.99
1780610644.781,208.5,74,0.0,1.99
1780610644.881,208.5,74,0.0,1.99
1780610644.981,208.5,74,10.0,1.99
1780610645.081,208.5,74,0.0,1.99
1780610645.181,208.5,74,0.0,1.99
1780610645.281,208.5,74,0.0,1.99
1780610645.382,208.5,74,0.0,1.62
1780610645.482,208.7,74,59.9,1.99
1780610645.582,208.7,74,0.0,1.99
1780610645.682,208.7,74,0.0,1.99
1780610645.782,208.7,74,0.0,1.99
1780610645.882,208.7,74,0.0,1.99
1780610645.983,208.7,74,20.0,1.99
1780610646.083,208.7,74,0.0,1.99
1780610646.183,208.7,74,0.0,1.99
1780610646.283,208.7,74,0.0,1.99
1780610646.383,208.7,74,0.0,1.99
1780610646.483,208.7,74,0.0,1.99
1780610646.583,208.7,74,0.0,1.99
1780610646.683,208.7,74,0.0,1.99
1780610646.784,208.7,74,30.0,1.99
1780610646.884,208.7,74,0.0,1.99
1780610646.984,208.7,74,0.0,1.99
1780610647.084,208.7,74,0.0,1.99
1780610647.184,208.7,74,0.0,1.99
1780610647.284,208.7,74,0.0,1.99
1780610647.384,208.7,74,20.0,1.99
1780610647.484,208.7,74,10.0,1.99
1780610647.585,208.7,74,0.0,1.99
1780610647.685,208.7,74,0.0,1.99
1780610647.785,208.7,74,0.0,1.99
1780610647.887,208.7,74,9.8,1.99
1780610647.988,208.8,74,20.0,1.99
1780610648.088,208.8,74,0.0,1.99
1780610648.188,208.8,74,0.0,1.99
1780610648.288,208.8,74,0.0,1.99
1780610648.388,208.8,74,10.0,1.99
1780610648.488,208.8,74,0.0,1.99
1780610648.588,208.8,74,0.0,1.99
1780610648.689,208.8,74,0.0,1.99
1780610648.789,208.8,74,0.0,1.99
1780610648.889,209.5,74,29.9,1.99
1780610648.989,209.5,74,0.0,1.99
1780610649.089,209.5,74,0.0,1.99
1780610649.189,209.5,74,0.0,1.99
1780610649.289,209.7,74,0.0,1.99
1780610649.390,209.7,74,0.0,1.99
1780610649.490,209.7,74,0.0,1.99
1780610649.590,209.7,74,0.0,1.99
1780610649.690,209.7,74,0.0,1.99
1780610649.790,209.7,74,0.0,1.99
1780610649.890,209.7,74,10.0,1.99
1780610649.990,209.7,74,0.0,1.99
1780610650.091,209.7,74,39.9,1.99
1780610650.191,209.7,74,0.0,1.99
1780610650.291,209.7,74,0.0,1.99
1780610650.391,209.7,74,0.0,1.99
1780610650.491,209.7,74,0.0,1.99
1780610650.591,209.7,74,39.9,1.99
1780610650.691,209.7,74,0.0,1.51
1780610650.792,209.7,74,0.0,1.51
1780610650.892,209.7,74,0.0,1.51
1780610650.992,209.7,74,0.0,1.51
1780610651.092,209.7,74,0.0,1.51
1780610651.192,210.0,74,30.0,1.51
1780610651.292,210.0,74,0.0,1.51
1780610651.392,210.0,74,0.0,1.51
1780610651.492,210.0,74,0.0,1.51
1780610651.593,210.0,74,20.0,1.51
1780610651.693,210.0,74,0.0,1.51
1780610651.793,210.0,74,0.0,1.51
1780610651.893,210.0,74,0.0,1.24
1780610651.993,210.0,74,0.0,1.24
1780610652.093,210.0,74,0.0,1.24
1780610652.193,181.5,74,49.9,1.51
1780610652.293,181.5,74,0.0,1.51
1780610652.394,181.5,74,0.0,1.51
1780610652.494,181.5,74,0.0,1.51
1780610652.594,181.5,74,0.0,1.51
1780610652.694,193.3,74,10.0,1.51
1780610652.794,194.0,74,10.0,1.51
1780610652.894,194.0,74,0.0,1.51
1780610652.994,194.0,74,0.0,1.51
1780610653.094,194.0,74,0.0,1.51
1780610653.195,194.0,74,0.0,1.51
1780610653.295,194.0,74,0.0,1.51
1780610653.395,194.0,74,0.0,1.51
1780610653.495,194.0,74,0.0,1.51
1780610653.595,196.8,74,30.0,1.51
1780610653.695,197.8,74,20.0,1.51
1780610653.795,197.8,74,10.0,7.13
1780610653.896,197.8,74,0.0,7.13
1780610653.996,197.8,74,0.0,7.13
1780610654.096,197.8,74,0.0,7.13
1780610654.196,197.8,74,0.0,7.13
1780610654.296,197.8,74,20.0,7.13
1780610654.396,197.8,74,0.0,7.13
1780610654.496,197.8,74,0.0,7.13
1780610654.596,197.8,74,0.0,7.13
1780610654.696,197.8,74,0.0,7.13
1780610654.797,197.8,74,0.0,7.13
1780610654.897,203.2,74,20.0,7.13
1780610654.997,203.2,74,0.0,7.13
1780610655.097,203.2,74,0.0,7.13
1780610655.197,203.2,74,0.0,7.13
1780610655.297,203.2,74,10.0,7.13
1780610655.397,203.2,74,0.0,7.13
1780610655.497,203.2,74,0.0,7.13
1780610655.598,203.2,74,0.0,7.13
1780610655.698,203.2,74,0.0,7.13
1780610655.798,203.2,74,0.0,7.13
1780610655.898,204.2,74,30.0,7.13
1780610655.999,204.2,74,0.0,7.13
1780610656.099,204.2,74,0.0,7.13
1780610656.199,204.2,74,0.0,7.13
1780610656.299,204.2,74,0.0,7.13
1780610656.399,204.2,74,10.0,7.13
1780610656.499,204.2,74,0.0,7.13
1780610656.599,204.2,74,0.0,7.13
1780610656.699,204.2,74,0.0,7.13
1780610656.800,204.2,74,0.0,7.13
1780610656.900,204.2,74,0.0,7.13
1780610657.000,204.2,74,0.0,7.13
1780610657.100,204.2,74,0.0,7.13
1780610657.200,204.4,74,10.0,7.13
1780610657.300,204.4,74,0.0,7.13
1780610657.400,204.4,74,40.0,7.13
1780610657.500,204.4,74,0.0,7.13
1780610657.601,204.4,74,0.0,7.13
1780610657.701,204.4,74,0.0,7.13
1780610657.801,204.4,74,0.0,7.13
1780610657.902,207.7,74,9.9,7.13
1780610658.002,188.6,74,30.0,13.53
1780610658.102,188.6,74,0.0,13.53
1780610658.203,188.6,74,0.0,13.53
1780610658.303,200.1,74,39.9,13.53
1780610658.403,200.1,74,0.0,13.53
1780610658.503,200.1,74,0.0,13.53
1780610658.603,200.1,74,0.0,13.53
1780610658.703,200.1,74,0.0,13.53
1780610658.803,200.1,74,0.0,13.53
1780610658.904,200.6,74,29.8,13.53
1780610659.004,202.8,74,10.0,13.53
1780610659.104,202.8,74,0.0,13.53
1780610659.204,202.8,74,0.0,13.53
1780610659.304,202.8,74,20.0,13.53
1780610659.404,202.8,74,0.0,13.53
1780610659.505,202.8,74,0.0,13.53
1780610659.605,202.8,74,0.0,13.53
1780610659.705,202.8,74,0.0,13.53
1780610659.805,205.0,74,30.0,13.53
1780610659.905,205.0,74,0.0,13.53
1780610660.005,205.0,74,0.0,13.53
1780610660.105,205.0,74,0.0,13.53
1780610660.205,205.0,74,0.0,1.77
1780610660.306,205.0,74,0.0,1.77
1780610660.406,205.0,74,0.0,1.77
1780610660.506,205.0,74,0.0,1.77
1780610660.606,205.0,74,0.0,1.77
1780610660.706,205.0,74,0.0,1.77
1780610660.806,205.0,74,0.0,1.77
1780610660.906,205.0,74,0.0,1.77
1780610661.006,205.0,74,0.0,1.77
1780610661.107,205.0,74,0.0,1.77
1780610661.207,205.0,74,0.0,1.77
1780610661.307,205.0,74,0.0,1.77
1780610661.407,205.0,74,0.0,1.77
1780610661.507,205.0,74,0.0,1.77
1780610661.607,205.0,74,0.0,1.77
1780610661.707,205.0,74,0.0,1.77
1780610661.807,205.0,74,0.0,1.77
1780610661.907,205.0,74,0.0,1.77
1780610662.008,205.0,74,10.0,1.77
1780610662.108,205.0,74,0.0,1.77
1780610662.208,205.0,74,0.0,1.77
1780610662.308,205.0,74,0.0,1.77
1780610662.408,205.0,74,0.0,1.77
1780610662.508,205.0,74,0.0,1.77
1780610662.608,205.0,74,0.0,1.77
1780610662.708,205.0,74,0.0,1.77
1780610662.809,181.5,74,39.9,2.42
1780610662.909,181.5,74,0.0,2.42
1780610663.009,181.5,74,0.0,2.42
1780610663.109,181.5,74,0.0,2.42
1780610663.209,181.5,74,0.0,2.42
1780610663.309,181.5,74,0.0,2.42
1780610663.409,181.5,74,0.0,2.42
1780610663.509,181.5,74,0.0,2.42
1780610663.610,188.6,74,10.0,2.42
1780610663.710,188.6,74,0.0,2.42
1780610663.810,188.6,74,0.0,2.42
1780610663.910,204.9,74,49.9,2.42
1780610664.010,181.5,74,29.9,2.42
1780610664.110,181.5,74,0.0,2.42
1780610664.210,181.5,74,0.0,2.42
1780610664.310,181.5,74,0.0,2.42
1780610664.411,181.5,74,0.0,1.77
1780610664.511,181.5,74,0.0,1.77
1780610664.611,181.5,74,0.0,1.77
1780610664.711,181.5,74,10.0,1.77
1780610664.811,188.5,74,0.0,1.34
1780610664.911,188.5,74,0.0,1.34
1780610665.011,188.5,74,0.0,1.34
1780610665.111,188.5,74,0.0,1.34
1780610665.212,205.3,74,59.8,1.34
1780610665.312,181.5,74,20.0,1.34
1780610665.412,181.5,74,0.0,1.34
1780610665.512,181.5,74,0.0,1.34
1780610665.612,181.5,74,0.0,1.34
1780610665.712,191.1,74,20.0,1.34
1780610665.813,191.1,74,0.0,1.34
1780610665.913,191.1,74,0.0,1.34
1780610666.013,191.1,74,0.0,1.34
1780610666.113,191.1,74,0.0,1.34
1780610666.213,191.1,74,0.0,1.34
1780610666.313,191.1,74,0.0,1.34
1780610666.413,191.1,74,0.0,1.34
1780610666.513,191.1,74,0.0,1.34
1780610666.613,191.1,74,0.0,1.34
1780610666.714,203.8,74,30.0,2.42
1780610666.814,203.8,74,0.0,2.42
1780610666.914,203.8,74,0.0,2.42
1780610667.014,203.8,74,0.0,2.42
1780610667.114,203.8,74,0.0,2.42
1780610667.215,206.3,74,19.8,2.42
1780610667.315,206.3,74,0.0,2.42
1780610667.415,206.3,74,0.0,2.42
1780610667.515,206.3,74,0.0,2.42
1780610667.615,206.3,74,10.0,2.42
1780610667.716,206.3,74,0.0,2.42
1780610667.816,206.3,74,0.0,2.42
1780610667.916,210.3,74,20.0,2.42
1780610668.016,210.3,74,0.0,2.42
1780610668.116,210.3,74,0.0,2.42
1780610668.216,210.3,74,0.0,2.42
1780610668.316,210.3,74,10.0,2.42
1780610668.416,210.3,74,0.0,2.42
1780610668.517,210.3,74,0.0,2.42
1780610668.617,210.3,74,0.0,2.42
1780610668.717,210.3,74,0.0,2.42
1780610668.817,211.0,74,39.9,3.48
1780610668.917,211.0,74,0.0,3.48
1780610669.017,211.0,74,0.0,3.48
1780610669.117,211.0,74,0.0,3.48
1780610669.217,211.0,74,0.0,3.48
1780610669.318,211.0,74,30.0,3.48
1780610669.418,211.0,74,0.0,3.48
1780610669.518,211.0,74,0.0,3.48
1780610669.618,211.0,74,0.0,3.48
1780610669.718,211.0,74,0.0,3.48
1780610669.818,211.0,74,10.0,3.48
1780610669.918,211.0,74,10.0,3.48
1780610670.019,211.0,74,0.0,3.48
1780610670.119,211.2,74,30.0,3.48
1780610670.219,211.2,74,0.0,3.48
1780610670.319,211.2,74,0.0,3.48
1780610670.419,211.2,74,0.0,3.48
1780610670.519,211.2,74,0.0,3.48
1780610670.619,211.2,74,30.0,3.48
1780610670.719,211.2,74,0.0,3.48
1780610670.820,211.3,74,10.0,3.48
1780610670.920,211.3,74,0.0,3.48
1780610671.020,211.3,74,0.0,3.48
1780610671.120,211.3,74,20.0,3.48
1780610671.220,211.3,74,0.0,3.48
1780610671.320,211.3,74,10.0,3.48
1780610671.420,211.3,74,0.0,3.48
1780610671.520,211.3,74,0.0,3.48
1780610671.621,211.3,74,0.0,3.48
1780610671.721,211.3,74,20.0,3.48
1780610671.821,211.3,74,0.0,3.48
1780610671.921,211.3,74,0.0,3.48
1780610672.021,211.3,74,0.0,3.48
1780610672.121,211.3,74,0.0,3.48
1780610672.221,211.3,74,0.0,3.48
1780610672.321,211.3,74,0.0,3.48
1780610672.422,211.3,74,0.0,3.48
1780610672.522,211.3,74,0.0,3.48
1780610672.622,211.3,74,0.0,3.48
1780610672.722,211.3,74,0.0,3.48
1780610672.822,211.3,74,10.0,3.48
1780610672.922,211.3,74,0.0,3.48
1780610673.022,211.3,74,30.0,3.48
1780610673.122,211.3,74,0.0,1.05
1780610673.223,211.3,74,0.0,1.05
1780610673.323,211.3,74,0.0,1.05
1780610673.423,211.3,74,0.0,1.05
1780610673.523,211.3,74,0.0,1.05
1780610673.623,181.5,74,49.9,3.48
1780610673.723,181.5,74,0.0,3.48
1780610673.823,181.5,74,0.0,3.48
1780610673.923,181.5,74,0.0,3.48
1780610674.024,181.5,74,0.0,3.48
1780610674.124,181.5,74,0.0,3.48
1780610674.224,181.5,74,0.0,3.48
1780610674.324,181.5,74,0.0,3.48
1780610674.424,181.5,74,0.0,3.48
1780610674.524,181.5,74,0.0,3.48
1780610674.624,188.6,74,10.0,3.48
1780610674.724,188.6,74,0.0,3.48
1780610674.824,188.6,74,0.0,3.48
1780610674.927,202.3,74,29.2,3.48
1780610675.027,204.3,74,30.0,8.48
1780610675.127,204.3,74,0.0,8.48
1780610675.228,206.3,74,29.9,8.48
1780610675.328,206.3,74,0.0,8.48
1780610675.428,206.3,74,20.0,8.48
1780610675.530,206.3,74,9.8,8.48
1780610675.631,206.3,74,0.0,8.48
1780610675.731,206.3,74,0.0,8.48
1780610675.831,206.3,74,0.0,8.48
1780610675.931,206.3,74,0.0,8.48
1780610676.031,206.3,74,0.0,8.48
1780610676.131,206.3,74,0.0,8.48
1780610676.231,206.3,74,0.0,8.48
1780610676.331,206.3,74,0.0,8.48
1780610676.432,206.3,74,0.0,8.48
1780610676.532,206.3,74,0.0,8.48
1780610676.632,206.3,74,0.0,8.48
1780610676.732,206.3,74,0.0,8.48
1780610676.832,206.3,74,0.0,8.48
1780610676.932,206.3,74,0.0,8.48
1780610677.032,206.3,74,0.0,8.48
1780610677.132,206.3,74,0.0,8.48
1780610677.233,206.3,74,10.0,8.48
1780610677.333,206.3,74,0.0,8.48
1780610677.433,206.3,74,0.0,8.48
1780610677.533,206.3,74,0.0,8.48
1780610677.633,206.3,74,0.0,8.48
1780610677.733,206.3,74,0.0,8.48
1780610677.833,206.3,74,0.0,8.48
1780610677.933,206.3,74,0.0,8.48
1780610678.034,208.3,74,39.9,8.48
1780610678.134,208.3,74,0.0,8.48
1780610678.234,208.3,74,0.0,8.48
1780610678.334,188.6,74,39.9,8.48
1780610678.434,188.6,74,0.0,8.48
1780610678.534,188.6,74,0.0,8.48
1780610678.634,188.6,74,0.0,8.48
1780610678.734,188.6,74,10.0,8.48
1780610678.835,188.6,74,0.0,8.48
1780610678.935,188.6,74,0.0,8.48
1780610679.035,181.5,74,49.9,8.48
1780610679.135,181.5,74,0.0,8.48
1780610679.235,181.5,74,0.0,8.48
1780610679.335,181.5,74,0.0,8.48
1780610679.435,181.5,74,0.0,8.48
1780610679.535,188.6,74,10.0,8.48
1780610679.636,193.8,74,20.0,8.48
1780610679.736,193.8,74,20.0,8.48
1780610679.836,193.8,74,0.0,8.48
1780610679.936,199.0,74,30.0,8.48
1780610680.036,199.0,74,0.0,8.48
1780610680.136,199.0,74,0.0,3.03
1780610680.236,199.0,74,0.0,3.03
1780610680.337,199.0,74,0.0,3.03
1780610680.437,199.0,74,0.0,3.03
1780610680.537,199.0,74,0.0,3.03
1780610680.637,199.0,74,0.0,3.03
1780610680.737,199.0,74,0.0,3.03
1780610680.837,199.0,74,0.0,3.03
1780610680.937,199.0,74,0.0,3.03
1780610681.037,199.0,74,0.0,3.03
1780610681.138,199.0,74,0.0,3.03
1780610681.238,199.0,74,0.0,3.03
1780610681.338,199.0,74,0.0,3.03
1780610681.438,199.0,74,0.0,2.53
1780610681.538,199.0,74,0.0,2.53
1780610681.638,199.0,74,0.0,2.53
1780610681.738,199.0,74,0.0,0.89
1780610681.838,199.0,74,0.0,0.86
1780610681.939,199.0,74,0.0,0.86
1780610682.039,199.0,74,10.0,0.86
1780610682.139,199.0,74,0.0,0.86
1780610682.239,199.0,74,0.0,0.86
1780610682.339,199.0,74,0.0,0.86
1780610682.439,199.0,74,0.0,0.86
1780610682.539,199.0,74,0.0,0.86
1780610682.639,199.0,74,0.0,0.86
1780610682.740,199.0,74,0.0,0.86
1780610682.840,199.0,74,0.0,0.86
1780610682.940,199.0,74,0.0,0.86
1780610683.040,199.0,74,0.0,0.86
1780610683.140,199.0,74,0.0,0.86
1780610683.240,199.0,74,0.0,0.86
1780610683.340,199.0,74,0.0,0.86
1780610683.440,199.0,74,0.0,0.86
1780610683.543,181.5,74,48.8,0.86
1780610683.643,181.5,74,0.0,0.86
1780610683.743,181.5,74,0.0,0.81
1780610683.846,200.3,74,38.9,0.81
1780610683.946,202.3,74,20.0,3.03
1780610684.046,202.3,74,0.0,3.03
1780610684.146,202.3,74,0.0,3.03
1780610684.246,202.3,74,0.0,3.03
1780610684.347,202.3,74,0.0,3.03
1780610684.447,202.3,74,0.0,3.03
1780610684.547,202.3,74,0.0,3.03
1780610684.647,202.3,74,0.0,3.03
1780610684.747,202.3,74,0.0,3.03
1780610684.847,202.3,74,0.0,3.03
1780610684.947,202.3,74,0.0,3.03
1780610685.047,202.3,74,0.0,3.03
1780610685.148,202.3,74,0.0,3.03
1780610685.250,206.7,74,39.0,3.03
1780610685.350,206.7,74,0.0,3.03
1780610685.450,206.7,74,10.0,3.03
1780610685.552,208.7,74,29.4,3.03
1780610685.653,208.7,74,20.0,8.10
1780610685.753,208.7,74,10.0,8.10
1780610685.853,208.7,74,0.0,8.10
1780610685.953,208.7,74,0.0,8.10
1780610686.053,208.7,74,0.0,8.10
1780610686.153,208.7,74,0.0,8.10
1780610686.253,208.7,74,0.0,8.10
1780610686.353,208.7,74,0.0,8.10
1780610686.454,208.7,74,0.0,8.10
1780610686.554,208.7,74,0.0,8.10
1780610686.654,208.7,74,0.0,8.10
1780610686.754,208.7,74,0.0,8.10
1780610686.854,208.7,74,0.0,8.10
1780610686.954,208.7,74,0.0,8.10
1780610687.054,208.7,74,0.0,8.10
1780610687.155,208.7,74,0.0,8.10
1780610687.255,208.7,74,0.0,8.10
1780610687.355,208.7,74,0.0,8.10
1780610687.455,208.7,74,0.0,8.10
1780610687.555,208.7,74,0.0,8.10
1780610687.655,208.7,74,0.0,8.10
1780610687.755,208.7,74,0.0,8.10
1780610687.855,208.7,74,0.0,8.10
1780610687.956,208.7,74,0.0,8.10
1780610688.056,208.7,74,0.0,8.10
1780610688.156,208.7,74,0.0,8.10
1780610688.256,208.7,74,0.0,8.10
1780610688.356,208.7,74,49.9,8.10
1780610688.456,208.7,74,0.0,8.10
1780610688.556,208.7,74,0.0,8.10
1780610688.656,208.7,74,0.0,8.10
1780610688.757,208.7,74,0.0,8.10
1780610688.857,208.7,74,0.0,8.10
1780610688.957,208.7,74,0.0,8.10
1780610689.057,208.7,74,0.0,8.10
1780610689.157,181.5,74,59.9,8.10
1780610689.257,181.5,74,0.0,8.10
1780610689.357,181.5,74,0.0,8.10
1780610689.457,181.5,74,0.0,8.10
1780610689.557,181.5,74,0.0,8.10
1780610689.658,181.5,74,0.0,8.10
1780610689.758,200.1,74,30.0,8.10
1780610689.858,204.1,74,20.0,8.10
1780610689.958,204.1,74,0.0,8.10
1780610690.058,204.1,74,10.0,8.10
1780610690.158,204.1,74,0.0,8.10
1780610690.258,204.2,74,20.0,8.10
1780610690.359,204.2,74,0.0,6.48
1780610690.459,204.2,74,10.0,6.48
1780610690.559,204.2,74,0.0,6.48
1780610690.659,204.2,74,0.0,6.48
1780610690.759,204.2,74,0.0,6.48
1780610690.859,206.2,74,30.0,6.48
1780610690.959,206.2,74,0.0,6.48
1780610691.059,206.2,74,0.0,6.48
1780610691.160,206.2,74,0.0,6.48
1780610691.260,206.2,74,0.0,6.48
1780610691.360,206.2,74,0.0,6.48
1780610691.460,206.2,74,0.0,6.48
1780610691.560,206.2,74,0.0,6.48
1780610691.660,206.2,74,0.0,6.48
1780610691.760,206.2,74,0.0,6.48
1780610691.860,206.2,74,0.0,6.48
1780610691.961,206.2,74,0.0,6.48
1780610692.061,206.2,74,0.0,1.76
1780610692.161,206.2,74,10.0,1.76
1780610692.261,206.2,74,0.0,1.76
1780610692.361,207.2,74,30.0,1.76
1780610692.461,207.2,74,0.0,1.76
1780610692.561,207.2,74,0.0,1.76
1780610692.661,207.2,74,0.0,1.76
1780610692.762,207.2,74,0.0,1.76
1780610692.862,207.2,74,0.0,1.76
1780610692.962,207.2,74,0.0,1.76
1780610693.062,207.2,74,0.0,1.76
1780610693.162,207.2,74,0.0,1.76
1780610693.262,207.2,74,0.0,1.76
1780610693.362,207.2,74,0.0,1.76
1780610693.462,207.2,74,0.0,1.76
1780610693.563,208.9,74,39.9,1.76
1780610693.663,208.9,74,0.0,1.76
1780610693.763,208.9,74,0.0,1.76
1780610693.863,208.9,74,0.0,1.76
1780610693.963,208.9,74,0.0,1.76
1780610694.063,208.9,74,0.0,1.76
1780610694.163,208.9,74,0.0,1.76
1780610694.263,208.9,74,0.0,1.76
1780610694.363,208.9,74,0.0,1.76
1780610694.464,208.9,74,0.0,1.76
1780610694.564,208.9,74,10.0,1.76
1780610694.664,208.9,74,0.0,1.76
1780610694.764,208.9,74,0.0,1.76
1780610694.864,208.9,74,0.0,1.76
1780610694.966,210.7,74,29.5,1.76
1780610695.066,191.6,74,59.9,3.51
1780610695.166,191.6,74,0.0,3.51
1780610695.267,192.3,74,10.0,3.51
1780610695.369,192.3,74,9.7,3.51
1780610695.469,192.3,74,0.0,3.51
1780610695.570,192.3,74,0.0,3.51
1780610695.670,194.8,74,20.0,3.51
1780610695.770,194.8,74,0.0,3.51
1780610695.870,194.8,74,0.0,3.51
1780610695.970,194.8,74,0.0,3.51
1780610696.070,194.8,74,0.0,3.51
1780610696.170,194.8,74,0.0,3.51
1780610696.271,194.8,74,10.0,3.51
1780610696.371,194.8,74,0.0,3.51
1780610696.471,194.8,74,0.0,3.51
1780610696.571,194.8,74,0.0,3.51
1780610696.671,194.8,74,0.0,1.70
1780610696.771,194.8,74,0.0,1.70
1780610696.871,194.8,74,0.0,1.70
1780610696.971,194.8,74,0.0,1.70
1780610697.072,194.8,74,0.0,1.70
1780610697.172,194.8,74,0.0,1.70
1780610697.272,194.8,74,10.0,1.70
1780610697.372,194.8,74,0.0,1.70
1780610697.472,202.0,74,30.0,1.70
1780610697.572,202.0,74,0.0,1.70
1780610697.672,202.0,74,0.0,1.70
1780610697.772,202.0,74,0.0,1.70
1780610697.873,202.0,74,0.0,1.70
1780610697.973,202.0,74,0.0,1.70
1780610698.075,204.7,74,19.5,1.70
1780610698.178,206.7,74,19.4,1.70
1780610698.279,206.7,74,0.0,1.70
1780610698.379,206.7,74,0.0,1.70
1780610698.479,206.7,74,0.0,1.70
1780610698.579,206.7,74,0.0,1.70
1780610698.679,206.7,74,0.0,1.70
1780610698.779,206.7,74,0.0,1.70
1780610698.879,206.7,74,0.0,1.70
1780610698.979,207.0,74,10.0,1.70
1780610699.080,207.0,74,0.0,1.70
1780610699.180,207.0,74,0.0,1.70
1780610699.280,207.0,74,10.0,1.70
1780610699.380,207.0,74,0.0,1.70
1780610699.480,207.0,74,0.0,1.70
1780610699.580,207.0,74,49.9,1.96
1780610699.680,207.0,74,0.0,1.96
1780610699.780,207.0,74,0.0,1.96
1780610699.881,207.0,74,0.0,1.96
1780610699.981,207.0,74,0.0,1.96
1780610700.081,207.0,74,0.0,1.96
1780610700.181,207.0,74,0.0,1.96
1780610700.281,207.0,74,0.0,1.96
1780610700.381,207.0,74,0.0,1.96
1780610700.481,207.0,74,0.0,1.96
1780610700.582,207.0,74,0.0,1.96
1780610700.682,207.0,74,0.0,1.96
1780610700.782,181.5,74,69.9,3.51
1780610700.882,181.5,74,0.0,3.51
1780610700.982,181.5,74,0.0,3.51
1780610701.082,181.5,74,0.0,3.51
1780610701.182,188.5,74,0.0,3.51
1780610701.283,188.5,74,0.0,3.51
1780610701.383,188.5,74,0.0,3.51
1780610701.483,188.5,74,0.0,1.96
1780610701.583,188.8,74,10.0,1.96
1780610701.684,202.6,74,0.0,1.96
1780610701.785,206.6,74,39.9,1.96
1780610701.885,206.6,74,0.0,1.96
1780610701.985,206.6,74,0.0,1.96
1780610702.085,206.6,74,0.0,1.96
1780610702.185,206.6,74,0.0,1.96
1780610702.285,206.6,74,0.0,1.96
1780610702.385,208.6,74,10.0,1.96
1780610702.486,208.6,74,0.0,1.96
1780610702.586,208.6,74,0.0,1.96
1780610702.686,208.6,74,0.0,1.96
1780610702.786,208.6,74,0.0,1.96
1780610702.886,210.6,74,30.0,1.96
1780610702.986,210.6,74,0.0,1.96
1780610703.086,210.6,74,0.0,1.96
1780610703.187,210.6,74,0.0,1.96
1780610703.287,210.6,74,0.0,1.96
1780610703.387,210.6,74,0.0,1.96
1780610703.487,210.6,74,0.0,1.96
1780610703.587,210.6,74,0.0,1.96
1780610703.687,210.6,74,0.0,1.96
1780610703.787,210.6,74,0.0,1.96
1780610703.888,210.6,74,0.0,1.96
1780610703.989,215.0,74,29.7,1.96
1780610704.089,181.5,74,30.0,1.96
1780610704.189,181.5,74,0.0,1.96
1780610704.289,181.5,74,0.0,1.96
1780610704.389,181.5,74,0.0,1.96
1780610704.489,181.5,74,0.0,1.96
1780610704.589,181.5,74,0.0,1.96
1780610704.689,181.5,74,0.0,1.96
1780610704.790,181.5,74,0.0,1.96
1780610704.890,181.5,74,0.0,1.96
1780610704.990,191.6,74,10.0,1.96
1780610705.090,200.8,74,29.8,1.96
1780610705.191,200.8,74,0.0,1.96
1780610705.291,200.8,74,0.0,1.96
1780610705.391,200.8,74,0.0,1.96
1780610705.491,200.8,74,0.0,1.96
1780610705.591,200.8,74,0.0,1.96
1780610705.691,200.8,74,0.0,1.96
1780610705.791,200.8,74,0.0,1.96
1780610705.891,200.8,74,0.0,1.96
1780610705.992,200.8,74,0.0,1.02
1780610706.092,200.8,74,10.0,1.02
1780610706.192,200.8,74,0.0,1.02
1780610706.292,200.8,74,0.0,1.02
1780610706.392,200.8,74,0.0,1.02
1780610706.493,211.4,74,49.5,1.77
1780610706.593,181.5,74,29.9,1.77
1780610706.694,181.5,74,0.0,1.77
1780610706.799,191.6,74,0.0,1.77
1780610706.899,191.6,74,9.7,1.77
1780610706.999,191.6,74,0.0,1.77
1780610707.099,191.6,74,0.0,1.77
1780610707.199,191.6,74,0.0,1.02
1780610707.299,191.8,74,0.0,1.02
1780610707.399,191.8,74,0.0,1.02
1780610707.500,191.8,74,0.0,1.02
1780610707.600,191.8,74,0.0,1.02
1780610707.700,191.8,74,9.9,1.02
1780610707.801,191.8,74,0.0,1.02
1780610707.901,191.8,74,0.0,1.02
1780610708.001,194.3,74,20.0,1.02
1780610708.101,194.3,74,0.0,1.02
1780610708.201,194.3,74,0.0,1.02
1780610708.301,194.3,74,0.0,1.02
1780610708.402,194.3,74,0.0,1.02
1780610708.502,194.3,74,0.0,1.02
1780610708.602,194.3,74,0.0,1.02
1780610708.702,194.3,74,0.0,1.02
1780610708.802,194.3,74,0.0,0.96
1780610708.902,194.3,74,0.0,0.96
1780610709.002,194.3,74,0.0,0.96
1780610709.103,194.3,74,0.0,0.96
1780610709.203,194.3,74,0.0,0.96
1780610709.304,194.3,74,29.6,0.97
1780610709.404,195.0,74,20.0,0.98
1780610709.504,195.0,74,0.0,0.98
1780610709.604,195.0,74,0.0,0.98
1780610709.705,195.0,74,0.0,0.98
1780610709.805,195.0,74,0.0,0.98
1780610709.905,195.0,74,10.0,0.98
1780610710.005,195.0,74,0.0,0.98
1780610710.105,195.0,74,0.0,0.98
1780610710.205,188.6,74,39.9,1.77
1780610710.305,188.6,74,0.0,1.77
1780610710.405,188.6,74,0.0,1.77
1780610710.506,188.6,74,0.0,1.77
1780610710.606,188.6,74,0.0,1.77
1780610710.706,188.6,74,0.0,1.77
1780610710.806,188.6,74,0.0,1.77
1780610710.906,188.6,74,0.0,1.77
1780610711.006,188.6,74,0.0,1.77
1780610711.106,191.4,74,20.0,1.77
1780610711.207,191.4,74,0.0,1.77
1780610711.307,200.9,74,39.9,1.77
1780610711.407,200.9,74,0.0,1.77
1780610711.507,200.9,74,0.0,1.77
1780610711.607,200.9,74,0.0,1.77
1780610711.707,200.9,74,0.0,1.77
1780610711.807,200.9,74,0.0,1.77
1780610711.908,200.9,74,0.0,1.77
1780610712.008,200.9,74,0.0,1.77
1780610712.108,200.9,74,0.0,1.77
1780610712.208,200.9,74,0.0,1.77
1780610712.308,200.9,74,0.0,1.77
1780610712.408,200.9,74,0.0,1.77
1780610712.508,200.9,74,0.0,1.77
1780610712.608,181.5,74,69.9,11.82
1780610712.709,181.5,74,0.0,11.82
1780610712.809,181.5,74,0.0,11.82
1780610712.909,181.5,74,0.0,11.82
1780610713.009,193.6,74,20.0,11.82
1780610713.109,193.6,74,0.0,11.82
1780610713.209,193.6,74,0.0,11.82
1780610713.309,193.6,74,0.0,11.82
1780610713.409,193.6,74,0.0,11.82
1780610713.510,193.6,74,0.0,11.82
1780610713.610,193.6,74,0.0,11.82
1780610713.710,193.6,74,0.0,11.82
1780610713.810,193.6,74,10.0,11.82
1780610713.910,193.6,74,20.0,11.82
1780610714.010,193.6,74,0.0,11.82
1780610714.110,193.6,74,0.0,11.82
1780610714.211,193.6,74,0.0,11.82
1780610714.311,193.6,74,0.0,11.82
1780610714.411,193.6,74,0.0,11.82
1780610714.511,193.6,74,0.0,11.82
1780610714.611,193.6,74,0.0,11.82
1780610714.711,193.6,74,0.0,11.82
1780610714.811,193.6,74,0.0,11.82
1780610714.911,193.6,74,0.0,11.82
1780610715.012,193.6,74,0.0,11.82
1780610715.112,194.0,74,10.0,11.82
1780610715.212,194.0,74,0.0,11.82
1780610715.315,201.3,74,38.9,11.82
1780610715.415,201.3,74,0.0,11.82
1780610715.515,201.3,74,0.0,11.82
1780610715.615,201.3,74,0.0,11.82
1780610715.715,201.3,74,0.0,11.82
1780610715.815,201.3,74,0.0,11.82
1780610715.916,201.3,74,0.0,11.82
1780610716.016,201.3,74,0.0,11.82
1780610716.116,201.3,74,0.0,11.82
1780610716.218,203.8,74,39.2,11.82
1780610716.318,203.8,74,20.0,14.07
1780610716.418,203.8,74,0.0,14.07
1780610716.518,203.8,74,0.0,14.07
1780610716.618,203.8,74,0.0,14.07
1780610716.719,203.8,74,0.0,14.07
1780610716.819,203.8,74,0.0,14.07
1780610716.919,203.8,74,0.0,14.07
1780610717.019,203.8,74,0.0,14.07
1780610717.119,203.8,74,0.0,14.07
1780610717.219,203.8,74,10.0,14.07
1780610717.321,203.8,74,19.6,14.07
1780610717.422,206.0,74,10.0,14.07
1780610717.522,206.0,74,0.0,14.07
1780610717.622,206.0,74,0.0,14.07
1780610717.722,206.0,74,0.0,14.07
1780610717.822,206.0,74,0.0,14.07
1780610717.922,206.0,74,0.0,14.07
1780610718.023,206.0,74,0.0,14.07
1780610718.123,206.0,74,0.0,14.07
1780610718.223,206.0,74,0.0,14.07
1780610718.323,206.0,74,0.0,14.07
1780610718.423,206.0,74,0.0,14.07
1780610718.523,206.0,74,0.0,14.07
1780610718.623,206.0,74,0.0,14.07
1780610718.724,206.0,74,0.0,14.07
1780610718.824,206.0,74,0.0,14.07
1780610718.924,181.5,74,69.9,19.10
1780610719.024,181.5,74,0.0,19.10
1780610719.124,181.5,74,0.0,19.10
1780610719.224,193.3,74,20.0,19.10
1780610719.324,193.3,74,0.0,19.10
1780610719.425,193.3,74,0.0,19.10
1780610719.525,193.3,74,0.0,19.10
1780610719.625,193.3,74,0.0,19.10
1780610719.725,193.3,74,0.0,19.10
1780610719.825,193.3,74,0.0,19.10
1780610719.925,193.3,74,0.0,19.10
1780610720.025,193.3,74,0.0,19.10
1780610720.126,193.3,74,20.0,19.10
1780610720.226,193.3,74,0.0,19.10
1780610720.326,194.3,74,20.0,19.10
1780610720.426,194.3,74,0.0,19.10
1780610720.526,194.3,74,0.0,19.10
1780610720.626,194.3,74,0.0,19.10
1780610720.726,194.3,74,0.0,19.10
1780610720.826,194.3,74,0.0,19.10
1780610720.927,194.3,74,0.0,19.10
1780610721.027,194.3,74,0.0,19.10
1780610721.127,194.3,74,0.0,19.10
1780610721.227,194.3,74,10.0,19.10
1780610721.327,194.3,74,0.0,19.10
1780610721.427,194.3,74,0.0,19.10
1780610721.527,201.8,74,39.9,19.10
1780610721.627,201.8,74,0.0,19.10
1780610721.728,201.8,74,0.0,19.10
1780610721.828,201.8,74,0.0,19.10
1780610721.928,201.8,74,0.0,19.10
1780610722.028,201.8,74,0.0,19.10
1780610722.128,201.8,74,0.0,19.10
1780610722.228,201.8,74,0.0,19.10
1780610722.330,206.3,74,9.9,19.10
1780610722.430,188.6,74,39.9,19.10
1780610722.530,188.6,74,0.0,19.10
1780610722.630,188.6,74,0.0,19.10
1780610722.730,188.6,74,0.0,10.30
1780610722.830,188.6,74,0.0,10.30
1780610722.931,188.6,74,0.0,10.30
1780610723.031,188.6,74,0.0,10.30
1780610723.131,188.6,74,0.0,10.30
1780610723.231,188.6,74,0.0,10.30
1780610723.331,193.6,74,20.0,10.30
1780610723.431,198.4,74,0.0,10.30
1780610723.531,200.9,74,30.0,10.30
1780610723.632,200.9,74,0.0,10.30
1780610723.732,200.9,74,0.0,10.30
1780610723.832,200.9,74,0.0,10.30
1780610723.932,200.9,74,0.0,10.30
1780610724.032,200.9,74,0.0,10.30
1780610724.132,200.9,74,0.0,10.30
1780610724.232,200.9,74,0.0,10.30
1780610724.333,200.9,74,0.0,10.30
1780610724.433,200.9,74,0.0,10.30
1780610724.533,200.9,74,0.0,10.30
1780610724.633,200.9,74,0.0,10.30
1780610724.733,200.9,74,0.0,10.30
1780610724.833,201.4,74,10.0,10.30
1780610724.933,208.0,74,69.8,10.30
1780610725.034,208.0,74,0.0,10.30
1780610725.134,208.0,74,0.0,10.30
1780610725.234,208.0,74,20.0,10.30
1780610725.334,208.0,74,0.0,2.75
1780610725.434,208.0,74,0.0,2.75
1780610725.534,208.0,74,0.0,2.75
1780610725.634,208.0,74,0.0,2.75
1780610725.735,208.0,74,0.0,2.75
1780610725.835,208.0,74,0.0,2.75
1780610725.935,208.0,74,0.0,2.75
1780610726.035,208.0,74,0.0,2.75
1780610726.135,208.0,74,0.0,2.75
1780610726.235,208.0,74,0.0,2.75
1780610726.335,208.3,74,30.0,2.75
1780610726.436,208.3,74,0.0,2.75
1780610726.536,208.3,74,0.0,2.75
1780610726.636,208.3,74,0.0,2.75
1780610726.736,208.3,74,0.0,1.56
1780610726.836,208.3,74,0.0,1.56
1780610726.936,208.3,74,0.0,1.56
1780610727.036,208.3,74,10.0,1.56
1780610727.136,208.3,74,0.0,1.56
1780610727.237,208.3,74,0.0,1.56
1780610727.337,208.3,74,0.0,1.56
1780610727.437,208.3,74,0.0,1.56
1780610727.537,208.3,74,30.0,1.56
1780610727.637,208.3,74,0.0,1.56
1780610727.737,208.3,74,0.0,1.56
1780610727.838,208.3,74,0.0,1.56
1780610727.938,208.3,74,0.0,1.07
1780610728.038,208.3,74,0.0,1.07
1780610728.138,208.3,74,0.0,1.07
1780610728.241,209.1,74,19.4,1.56
1780610728.341,209.1,74,30.0,1.56
1780610728.441,209.1,74,0.0,1.56
1780610728.541,209.1,74,0.0,1.56
1780610728.641,209.1,74,0.0,1.56
1780610728.741,209.1,74,0.0,1.56
1780610728.842,209.3,74,10.0,1.56
1780610728.942,209.3,74,0.0,1.56
1780610729.042,209.3,74,0.0,1.56
1780610729.142,209.3,74,0.0,1.56
1780610729.242,209.3,74,0.0,1.56
1780610729.342,209.3,74,39.9,1.93
1780610729.442,209.3,74,0.0,1.93
1780610729.542,209.3,74,0.0,1.93
1780610729.643,209.3,74,0.0,1.93
1780610729.743,209.3,74,0.0,1.93
1780610729.843,209.3,74,0.0,1.93
1780610729.943,209.3,74,0.0,1.93
1780610730.043,209.3,74,0.0,1.93
1780610730.143,209.3,74,0.0,1.93
1780610730.243,209.3,74,0.0,1.93
1780610730.343,209.3,74,0.0,1.93
1780610730.443,209.3,74,0.0,1.93
1780610730.544,181.5,74,49.9,1.93
1780610730.644,181.5,74,0.0,1.93
1780610730.744,181.5,74,0.0,1.93
1780610730.844,181.5,74,0.0,1.93
1780610730.944,181.5,74,0.0,1.93
1780610731.044,181.5,74,0.0,1.93
1780610731.144,181.5,74,0.0,1.93
1780610731.244,181.5,74,0.0,1.93
1780610731.345,181.5,74,0.0,1.93
1780610731.445,191.6,74,10.0,1.93
1780610731.545,191.6,74,0.0,1.93
1780610731.645,198.9,74,30.0,1.93
1780610731.745,198.9,74,0.0,1.93
1780610731.845,198.9,74,0.0,1.93
1780610731.945,198.9,74,0.0,1.93
1780610732.045,198.9,74,0.0,1.93
1780610732.146,198.9,74,0.0,1.93
1780610732.246,198.9,74,0.0,1.93
1780610732.346,198.9,74,0.0,1.93
1780610732.446,198.9,74,0.0,1.93
1780610732.546,198.9,74,0.0,1.93
1780610732.646,198.9,74,10.0,1.93
1780610732.746,198.9,74,0.0,1.93
1780610732.846,198.9,74,0.0,1.93
1780610732.947,198.9,74,0.0,1.93
1780610733.047,181.5,74,69.9,1.93
1780610733.147,181.5,74,0.0,1.93
1780610733.247,181.5,74,0.0,1.93
1780610733.347,191.3,74,20.0,1.93
1780610733.447,191.3,74,0.0,1.97
1780610733.547,191.3,74,0.0,1.97
1780610733.647,191.3,74,0.0,1.97
1780610733.748,191.3,74,0.0,1.97
1780610733.848,191.3,74,0.0,1.97
1780610733.948,191.3,74,0.0,1.97
1780610734.048,191.3,74,0.0,1.97
1780610734.148,191.3,74,0.0,1.97
1780610734.248,191.3,74,0.0,1.97
1780610734.349,191.3,74,0.0,1.97
1780610734.449,202.3,74,39.8,1.97
1780610734.549,202.3,74,0.0,1.97
1780610734.649,202.3,74,0.0,1.97
1780610734.749,202.3,74,0.0,1.97
1780610734.849,202.3,74,0.0,1.97
1780610734.949,202.8,74,10.0,1.97
1780610735.050,202.8,74,0.0,1.97
1780610735.150,202.8,74,0.0,1.97
1780610735.250,202.8,74,0.0,1.97
1780610735.350,202.8,74,0.0,1.97
1780610735.450,202.8,74,0.0,1.97
1780610735.550,202.8,74,0.0,1.97
1780610735.650,202.8,74,0.0,1.97
1780610735.750,202.8,74,0.0,1.97
1780610735.851,202.8,74,0.0,1.76
1780610735.951,202.8,74,0.0,1.76
1780610736.053,204.3,74,19.6,1.76
1780610736.153,206.3,74,10.0,1.97
1780610736.253,206.3,74,0.0,1.97
1780610736.355,209.1,74,9.8,1.97
1780610736.455,188.6,74,30.0,8.14
1780610736.555,188.6,74,0.0,8.14
1780610736.655,188.6,74,0.0,8.14
1780610736.755,188.6,74,0.0,8.14
1780610736.856,188.6,74,0.0,8.14
1780610736.956,188.6,74,0.0,8.14
1780610737.056,188.6,74,0.0,8.14
1780610737.156,188.6,74,0.0,8.14
1780610737.256,199.6,74,39.9,8.14
1780610737.356,199.6,74,0.0,8.14
1780610737.456,199.6,74,0.0,8.14
1780610737.556,199.8,74,10.0,8.14
1780610737.656,202.1,74,20.0,8.14
1780610737.757,202.1,74,0.0,8.14
1780610737.857,202.1,74,0.0,8.14
1780610737.957,202.1,74,10.0,8.14
1780610738.057,206.2,74,30.0,8.14
1780610738.157,206.2,74,0.0,8.14
1780610738.257,206.2,74,0.0,8.14
1780610738.357,206.3,74,10.0,8.14
1780610738.458,206.3,74,0.0,8.14
1780610738.558,206.3,74,0.0,8.14
1780610738.658,206.3,74,0.0,8.14
1780610738.758,206.3,74,0.0,8.14
1780610738.858,206.3,74,10.0,8.14
1780610738.958,207.3,74,20.0,8.14
1780610739.058,207.3,74,0.0,8.14
1780610739.158,207.3,74,0.0,8.14
1780610739.259,207.3,74,0.0,8.14
1780610739.359,207.3,74,0.0,8.14
1780610739.459,207.3,74,0.0,8.14
1780610739.559,207.3,74,0.0,8.14
1780610739.659,207.3,74,0.0,8.14
1780610739.759,207.3,74,0.0,8.14
1780610739.859,207.3,74,0.0,8.14
1780610739.959,207.3,74,0.0,8.14
1780610740.060,207.3,74,0.0,8.14
1780610740.160,207.3,74,0.0,8.14
1780610740.260,207.3,74,0.0,8.14
1780610740.360,207.3,74,0.0,8.14
1780610740.460,207.3,74,0.0,8.14
1780610740.560,207.3,74,0.0,8.14
1780610740.660,207.3,74,0.0,8.14
1780610740.760,207.3,74,0.0,8.14
1780610740.860,207.3,74,0.0,8.14
1780610740.961,207.3,74,0.0,8.14
1780610741.061,207.3,74,0.0,8.14
1780610741.161,207.3,74,0.0,8.14
