t,rss_mb,num_fds,cpu_pct,loop_lag_p99_ms
1780611129.322,145.3,10,103.4,0.00
1780611129.517,166.5,74,77.3,270.85
1780611129.618,173.5,74,9.8,0.73
1780611129.718,173.5,74,0.0,0.73
1780611129.818,173.5,74,0.0,0.73
1780611129.918,173.5,74,0.0,0.73
1780611130.018,173.5,74,0.0,0.73
1780611130.118,173.5,74,0.0,0.73
1780611130.218,173.5,74,0.0,0.73
1780611130.319,173.5,74,0.0,0.73
1780611130.419,173.5,74,0.0,0.73
1780611130.519,173.5,74,0.0,0.73
1780611130.619,173.5,74,0.0,0.73
1780611130.719,173.5,74,0.0,0.73
1780611130.819,173.5,74,0.0,0.73
1780611130.919,173.5,74,0.0,0.73
1780611131.019,173.5,74,0.0,0.73
1780611131.120,173.5,74,0.0,0.73
1780611131.220,173.5,74,0.0,0.73
1780611131.320,173.5,74,0.0,0.73
1780611131.420,173.5,74,0.0,0.73
1780611131.520,173.5,74,0.0,0.73
1780611131.620,173.5,74,0.0,0.73
1780611131.720,173.5,74,0.0,0.73
1780611131.820,173.5,74,0.0,0.73
1780611131.921,173.5,74,0.0,0.73
1780611132.021,173.5,74,0.0,0.73
1780611132.121,173.5,74,0.0,0.73
1780611132.221,173.5,74,0.0,0.73
1780611132.321,173.5,74,0.0,0.73
1780611132.421,173.5,74,0.0,0.73
1780611132.521,173.5,74,0.0,0.73
1780611132.621,173.5,74,0.0,0.73
1780611132.722,173.5,74,0.0,0.73
1780611132.822,173.5,74,0.0,0.73
1780611132.922,173.5,74,0.0,0.73
1780611133.022,173.5,74,0.0,0.73
1780611133.122,173.5,74,0.0,0.73
1780611133.222,173.5,74,0.0,0.73
1780611133.322,173.5,74,0.0,0.73
1780611133.422,173.5,74,0.0,0.73
1780611133.522,173.5,74,0.0,0.73
1780611133.623,173.5,74,0.0,0.73
1780611133.723,173.5,74,0.0,0.73
1780611133.823,173.5,74,0.0,0.73
1780611133.923,173.5,74,0.0,0.73
1780611134.023,173.5,74,0.0,0.73
1780611134.123,173.5,74,0.0,0.73
1780611134.223,173.5,74,0.0,0.73
1780611134.323,173.5,74,0.0,0.73
1780611134.424,173.5,74,0.0,0.73
1780611134.524,173.5,74,0.0,0.73
1780611134.624,173.5,74,0.0,0.73
1780611134.724,173.5,74,0.0,0.73
1780611134.824,178.5,74,79.9,0.73
1780611134.924,178.5,74,0.0,0.73
1780611135.024,178.5,74,0.0,0.73
1780611135.125,178.5,74,0.0,0.73
1780611135.225,178.5,74,0.0,0.73
1780611135.325,178.5,74,0.0,0.73
1780611135.425,178.5,74,0.0,0.73
1780611135.525,178.5,74,0.0,0.73
1780611135.625,178.5,74,0.0,0.73
1780611135.725,178.5,74,0.0,0.73
1780611135.825,185.8,74,10.0,0.73
1780611135.925,185.8,74,0.0,0.48
1780611136.026,197.3,74,39.9,0.48
1780611136.126,197.3,74,0.0,0.48
1780611136.226,197.3,74,0.0,0.48
1780611136.328,202.8,74,39.4,0.48
1780611136.428,202.8,74,29.9,1.06
1780611136.528,202.8,74,0.0,1.06
1780611136.628,202.8,74,0.0,1.06
1780611136.728,202.8,74,0.0,1.06
1780611136.828,202.8,74,0.0,1.06
1780611136.928,202.8,74,0.0,1.06
1780611137.029,202.8,74,10.0,1.06
1780611137.129,202.8,74,19.9,5.43
1780611137.229,202.8,74,0.0,5.43
1780611137.329,202.8,74,0.0,5.43
1780611137.429,202.8,74,0.0,5.43
1780611137.529,202.8,74,0.0,5.43
1780611137.629,202.8,74,0.0,5.43
1780611137.730,202.8,74,0.0,5.43
1780611137.830,205.1,74,10.0,5.43
1780611137.930,205.1,74,0.0,5.43
1780611138.030,205.1,74,0.0,5.43
1780611138.130,205.1,74,0.0,5.43
1780611138.230,205.1,74,10.0,5.43
1780611138.330,207.1,74,30.0,5.43
1780611138.430,207.1,74,10.0,5.43
1780611138.531,207.3,74,10.0,5.43
1780611138.631,207.3,74,0.0,5.43
1780611138.731,207.3,74,0.0,5.43
1780611138.831,207.3,74,0.0,5.43
1780611138.931,207.3,74,0.0,5.43
1780611139.031,207.3,74,0.0,5.43
1780611139.131,207.3,74,0.0,5.43
1780611139.231,207.3,74,0.0,5.43
1780611139.332,207.3,74,0.0,5.43
1780611139.432,207.3,74,0.0,5.43
1780611139.532,207.3,74,0.0,5.43
1780611139.632,207.3,74,0.0,5.43
1780611139.732,207.3,74,0.0,5.43
1780611139.832,207.3,74,0.0,5.43
1780611139.932,207.3,74,0.0,5.43
1780611140.032,207.3,74,0.0,5.43
1780611140.133,207.3,74,0.0,5.43
1780611140.233,207.3,74,0.0,5.43
1780611140.333,207.3,74,0.0,5.43
1780611140.433,207.3,74,0.0,5.43
1780611140.533,207.3,74,0.0,5.43
1780611140.633,207.3,74,0.0,5.43
1780611140.733,207.3,74,0.0,5.43
1780611140.833,207.3,74,0.0,5.43
1780611140.934,207.3,74,0.0,5.43
1780611141.034,207.3,74,0.0,5.43
1780611141.134,207.3,74,0.0,5.43
1780611141.235,207.5,74,9.9,5.43
1780611141.335,207.6,74,0.0,5.43
1780611141.435,207.9,74,39.9,5.43
1780611141.535,207.9,74,0.0,5.43
1780611141.635,207.9,74,0.0,5.43
1780611141.736,208.3,74,0.0,5.43
1780611141.836,208.3,74,0.0,5.43
1780611141.936,208.3,74,0.0,5.43
1780611142.036,208.3,74,0.0,5.43
1780611142.136,208.3,74,0.0,5.43
1780611142.236,185.9,74,69.9,16.72
1780611142.337,185.9,74,0.0,16.72
1780611142.437,185.9,74,0.0,16.72
1780611142.537,185.9,74,0.0,16.72
1780611142.637,185.9,74,0.0,16.72
1780611142.737,185.9,74,0.0,16.72
1780611142.837,185.9,74,0.0,16.72
1780611142.937,185.9,74,0.0,16.72
1780611143.038,185.9,74,0.0,16.72
1780611143.138,185.9,74,0.0,16.72
1780611143.238,185.9,74,0.0,16.72
1780611143.338,185.9,74,0.0,16.72
1780611143.438,185.9,74,10.0,16.72
1780611143.538,185.9,74,0.0,2.00
1780611143.638,185.9,74,0.0,2.00
1780611143.738,185.9,74,0.0,2.00
1780611143.838,185.9,74,0.0,2.00
1780611143.939,210.0,74,29.8,2.00
1780611144.039,212.0,74,59.9,11.23
1780611144.140,212.0,74,0.0,11.23
1780611144.240,212.0,74,0.0,11.23
1780611144.340,214.0,74,10.0,11.23
1780611144.440,214.0,74,0.0,11.23
1780611144.540,214.0,74,0.0,11.23
1780611144.640,214.0,74,0.0,11.23
1780611144.740,214.0,74,0.0,11.23
1780611144.840,214.0,74,0.0,11.23
1780611144.940,214.0,74,0.0,11.23
1780611145.041,214.0,74,0.0,11.23
1780611145.141,214.0,74,0.0,11.23
1780611145.241,214.0,74,0.0,11.23
1780611145.342,214.0,74,9.9,11.23
1780611145.442,214.1,74,30.0,11.23
1780611145.542,214.1,74,0.0,11.23
1780611145.642,214.1,74,0.0,11.23
1780611145.742,214.1,74,0.0,11.23
1780611145.842,214.1,74,0.0,11.23
1780611145.942,214.1,74,10.0,11.23
1780611146.043,214.1,74,0.0,11.23
1780611146.143,214.1,74,0.0,11.23
1780611146.243,214.1,74,10.0,11.23
1780611146.343,214.1,74,20.0,11.23
1780611146.443,214.1,74,0.0,11.23
1780611146.543,214.1,74,0.0,11.23
1780611146.643,214.1,74,0.0,11.23
1780611146.743,214.1,74,0.0,11.23
1780611146.844,214.1,74,0.0,11.23
1780611146.944,214.1,74,0.0,11.23
1780611147.044,214.1,74,30.0,11.23
1780611147.144,214.1,74,0.0,11.23
1780611147.244,214.1,74,0.0,11.23
1780611147.344,214.1,74,0.0,11.23
1780611147.444,214.1,74,0.0,11.23
1780611147.544,214.1,74,0.0,11.23
1780611147.645,214.1,74,0.0,11.23
1780611147.745,214.1,74,0.0,11.23
1780611147.845,214.1,74,0.0,11.23
1780611147.945,214.1,74,0.0,11.23
1780611148.045,214.1,74,0.0,11.23
1780611148.145,214.1,74,20.0,11.23
1780611148.245,214.1,74,0.0,11.23
1780611148.345,214.1,74,0.0,11.23
1780611148.446,197.7,74,20.0,11.23
1780611148.546,197.7,74,0.0,11.23
1780611148.646,197.7,74,0.0,7.33
1780611148.746,197.7,74,10.0,7.33
1780611148.846,197.7,74,0.0,7.33
1780611148.946,197.7,74,0.0,7.33
1780611149.046,197.7,74,0.0,7.33
1780611149.146,198.7,74,30.0,7.33
1780611149.249,200.7,74,19.6,7.33
1780611149.349,200.7,74,0.0,7.33
1780611149.449,200.9,74,0.0,7.33
1780611149.550,203.6,74,9.9,7.33
1780611149.650,203.6,74,20.0,7.33
1780611149.750,203.6,74,0.0,7.33
1780611149.850,203.6,74,0.0,7.33
1780611149.952,203.6,74,9.8,7.33
1780611150.052,203.6,74,20.0,7.33
1780611150.152,203.6,74,0.0,7.33
1780611150.252,203.6,74,0.0,7.33
1780611150.352,203.6,74,0.0,7.33
1780611150.452,203.7,74,20.0,2.05
1780611150.553,203.7,74,0.0,2.05
1780611150.653,203.7,74,10.0,2.05
1780611150.753,203.7,74,0.0,2.05
1780611150.853,204.2,74,20.0,2.93
1780611150.953,204.2,74,10.0,2.93
1780611151.053,204.2,74,10.0,2.93
1780611151.153,204.2,74,0.0,2.93
1780611151.254,204.2,74,0.0,2.93
1780611151.354,204.2,74,0.0,2.93
1780611151.454,204.2,74,0.0,2.93
1780611151.554,204.2,74,0.0,2.93
1780611151.654,204.2,74,0.0,2.93
1780611151.754,204.2,74,0.0,2.93
1780611151.854,204.2,74,0.0,2.93
1780611151.955,204.2,74,0.0,2.93
1780611152.055,204.2,74,0.0,2.93
1780611152.155,204.2,74,0.0,2.93
1780611152.255,204.2,74,0.0,2.93
1780611152.355,204.2,74,0.0,2.93
1780611152.455,204.2,74,0.0,2.93
1780611152.555,204.2,74,0.0,2.93
1780611152.655,204.2,74,0.0,2.93
1780611152.755,204.2,74,0.0,2.93
1780611152.856,204.2,74,0.0,2.93
1780611152.956,204.9,74,29.9,2.93
1780611153.056,204.9,74,0.0,2.93
1780611153.156,204.9,74,0.0,2.93
1780611153.256,204.9,74,0.0,2.93
1780611153.357,204.9,74,0.0,2.93
1780611153.457,204.9,74,0.0,2.93
1780611153.557,204.9,74,0.0,2.93
1780611153.657,204.9,74,0.0,2.93
1780611153.763,206.4,74,39.0,7.33
1780611153.863,178.6,74,0.0,7.33
1780611153.966,198.2,74,30.0,7.33
1780611154.066,198.4,74,9.7,20.98
1780611154.166,198.4,74,0.0,20.98
1780611154.266,198.4,74,0.0,20.98
1780611154.366,198.4,74,0.0,20.98
1780611154.466,198.4,74,0.0,20.98
1780611154.566,198.4,74,0.0,20.98
1780611154.667,198.4,74,0.0,20.98
1780611154.767,202.4,74,20.0,20.98
1780611154.867,202.4,74,0.0,20.98
1780611154.967,202.4,74,0.0,20.98
1780611155.067,205.6,74,30.0,20.98
1780611155.167,205.6,74,0.0,20.98
1780611155.267,205.6,74,0.0,20.98
1780611155.367,205.6,74,0.0,20.98
1780611155.468,205.6,74,0.0,20.98
1780611155.568,205.6,74,0.0,20.98
1780611155.668,205.6,74,0.0,20.98
1780611155.768,205.6,74,10.0,20.98
1780611155.868,205.6,74,0.0,20.98
1780611155.968,205.6,74,0.0,20.98
1780611156.068,178.6,74,49.9,20.98
1780611156.168,178.6,74,0.0,20.98
1780611156.268,178.6,74,0.0,20.98
1780611156.369,178.6,74,0.0,20.98
1780611156.469,178.6,74,0.0,20.98
1780611156.569,178.6,74,0.0,20.98
1780611156.669,178.6,74,0.0,20.98
1780611156.769,196.2,74,30.0,20.98
1780611156.869,196.2,74,0.0,20.98
1780611156.969,196.2,74,0.0,20.98
1780611157.070,196.2,74,0.0,20.98
1780611157.170,196.2,74,0.0,20.98
1780611157.270,196.2,74,0.0,20.98
1780611157.370,196.2,74,0.0,20.98
1780611157.470,196.2,74,0.0,20.98
1780611157.570,196.2,74,0.0,20.98
1780611157.670,200.2,74,10.0,20.98
1780611157.770,200.2,74,0.0,20.98
1780611157.870,200.2,74,0.0,20.98
1780611157.971,200.2,74,0.0,20.98
1780611158.073,200.2,74,0.0,20.98
1780611158.173,202.9,74,29.9,20.98
1780611158.273,202.9,74,0.0,20.98
1780611158.373,202.9,74,0.0,20.98
1780611158.473,202.9,74,0.0,20.98
1780611158.573,202.9,74,10.0,20.98
1780611158.673,202.9,74,0.0,20.98
1780611158.775,202.9,74,29.6,20.98
1780611158.875,202.9,74,0.0,20.98
1780611158.975,202.9,74,0.0,20.98
1780611159.077,202.9,74,9.9,20.98
1780611159.177,203.1,74,10.0,20.98
1780611159.277,203.1,74,0.0,20.98
1780611159.377,203.1,74,0.0,20.98
1780611159.477,203.1,74,0.0,20.98
1780611159.577,203.1,74,0.0,20.98
1780611159.677,203.1,74,0.0,20.98
1780611159.777,203.1,74,30.0,20.98
1780611159.878,203.1,74,0.0,20.98
1780611159.978,203.1,74,0.0,20.98
1780611160.078,203.1,74,0.0,20.98
1780611160.178,203.1,74,0.0,20.98
1780611160.278,203.1,74,10.0,10.35
1780611160.378,203.1,74,0.0,10.35
1780611160.478,203.1,74,0.0,7.57
1780611160.580,203.3,74,19.6,7.57
1780611160.680,203.3,74,10.0,7.57
1780611160.780,203.3,74,20.0,7.57
1780611160.881,203.3,74,0.0,7.57
1780611160.981,203.3,74,0.0,7.57
1780611161.081,204.9,74,29.9,8.79
1780611161.181,204.9,74,10.0,8.79
1780611161.281,204.9,74,0.0,8.79
1780611161.382,204.9,74,0.0,8.79
1780611161.482,204.9,74,0.0,8.79
1780611161.582,204.9,74,0.0,8.79
1780611161.682,204.9,74,0.0,8.79
1780611161.782,204.9,74,0.0,8.79
1780611161.882,204.9,74,10.0,8.79
1780611161.982,204.9,74,0.0,8.79
1780611162.082,204.9,74,10.0,8.79
1780611162.184,204.9,74,0.0,8.79
1780611162.284,204.9,74,20.0,8.79
1780611162.384,204.9,74,0.0,8.79
1780611162.484,204.9,74,0.0,8.79
1780611162.584,204.9,74,0.0,8.79
1780611162.685,204.9,74,0.0,8.79
1780611162.785,205.4,74,10.0,8.79
1780611162.885,205.4,74,0.0,8.79
1780611162.985,205.6,74,20.0,8.79
1780611163.085,205.6,74,0.0,8.79
1780611163.185,205.6,74,0.0,8.79
1780611163.285,205.6,74,0.0,8.79
1780611163.385,205.6,74,0.0,8.79
1780611163.486,205.6,74,0.0,8.79
1780611163.586,205.6,74,0.0,8.79
1780611163.686,205.6,74,0.0,8.79
1780611163.786,205.6,74,0.0,8.79
1780611163.886,205.6,74,0.0,8.79
1780611163.986,205.6,74,0.0,8.79
1780611164.086,205.6,74,0.0,8.79
1780611164.186,205.6,74,0.0,8.79
1780611164.287,205.6,74,0.0,8.79
1780611164.389,206.4,74,29.3,8.79
1780611164.489,206.4,74,20.0,8.79
1780611164.589,206.4,74,0.0,7.57
1780611164.689,206.4,74,0.0,7.57
1780611164.789,206.4,74,0.0,7.57
1780611164.889,206.4,74,0.0,7.57
1780611164.990,206.4,74,0.0,7.57
1780611165.090,206.4,74,0.0,7.57
1780611165.190,206.4,74,0.0,7.57
1780611165.290,206.4,74,0.0,7.57
1780611165.390,206.4,74,10.0,7.57
1780611165.490,206.4,74,0.0,7.57
1780611165.590,206.4,74,0.0,7.57
1780611165.690,206.4,74,30.0,8.79
1780611165.791,206.4,74,0.0,8.79
1780611165.891,206.4,74,0.0,8.79
1780611165.991,206.4,74,0.0,8.79
1780611166.091,206.4,74,0.0,8.79
1780611166.191,206.4,74,10.0,8.79
1780611166.291,206.4,74,0.0,8.79
1780611166.391,206.4,74,0.0,8.79
1780611166.493,209.7,74,29.4,8.79
1780611166.593,178.6,74,10.0,8.79
1780611166.694,178.6,74,0.0,8.79
1780611166.794,178.6,74,0.0,8.79
1780611166.894,186.4,74,10.0,8.79
1780611166.994,186.4,74,0.0,8.79
1780611167.094,192.4,74,0.0,8.79
1780611167.194,178.6,74,39.9,8.79
1780611167.294,186.4,74,10.0,8.79
1780611167.395,191.2,74,20.0,8.79
1780611167.495,191.2,74,0.0,1.48
1780611167.595,191.2,74,0.0,1.48
1780611167.695,191.2,74,0.0,1.48
1780611167.795,191.2,74,0.0,1.48
1780611167.895,191.2,74,0.0,1.48
1780611167.995,191.2,74,0.0,1.48
1780611168.095,191.2,74,0.0,1.48
1780611168.195,191.2,74,0.0,1.48
1780611168.296,191.2,74,0.0,1.48
1780611168.396,191.2,74,0.0,1.48
1780611168.496,193.6,74,10.0,1.48
1780611168.596,193.6,74,0.0,1.48
1780611168.696,193.6,74,0.0,1.44
1780611168.796,193.6,74,0.0,1.44
1780611168.896,193.6,74,0.0,1.44
1780611168.996,193.6,74,0.0,1.44
1780611169.097,193.6,74,0.0,1.44
1780611169.197,193.6,74,0.0,1.44
1780611169.297,202.6,74,40.0,1.44
1780611169.397,202.6,74,0.0,1.44
1780611169.497,202.6,74,0.0,1.44
1780611169.597,202.6,74,0.0,1.44
1780611169.697,202.6,74,0.0,1.44
1780611169.797,202.6,74,0.0,1.44
1780611169.898,202.6,74,0.0,1.44
1780611169.998,202.6,74,0.0,1.44
1780611170.098,203.3,74,39.9,11.51
1780611170.198,203.3,74,0.0,11.51
1780611170.298,203.3,74,0.0,11.51
1780611170.398,203.3,74,0.0,11.51
1780611170.498,203.3,74,0.0,11.51
1780611170.598,203.3,74,0.0,11.51
1780611170.699,203.3,74,10.0,11.51
1780611170.799,203.3,74,0.0,11.51
1780611170.899,203.3,74,0.0,11.51
1780611170.999,203.3,74,20.0,11.51
1780611171.099,203.3,74,0.0,11.51
1780611171.199,204.2,74,20.0,11.51
1780611171.299,204.2,74,0.0,11.51
1780611171.399,204.2,74,0.0,11.51
1780611171.500,204.2,74,0.0,11.51
1780611171.600,204.2,74,0.0,11.51
1780611171.700,204.2,74,0.0,11.51
1780611171.800,204.2,74,0.0,11.51
1780611171.900,204.2,74,0.0,11.51
1780611172.000,204.2,74,0.0,11.51
1780611172.100,204.2,74,10.0,6.12
1780611172.200,204.2,74,0.0,6.12
1780611172.301,204.2,74,0.0,6.12
1780611172.403,204.7,74,0.0,6.12
1780611172.503,207.5,74,69.9,6.12
1780611172.603,207.5,74,0.0,6.12
1780611172.703,207.5,74,0.0,6.12
1780611172.803,207.5,74,10.0,6.12
1780611172.903,207.5,74,0.0,6.12
1780611173.003,207.5,74,0.0,6.12
1780611173.104,207.5,74,0.0,6.12
1780611173.204,207.5,74,10.0,6.12
1780611173.306,207.5,74,9.7,6.12
1780611173.406,207.5,74,10.0,6.12
1780611173.507,207.5,74,0.0,6.12
1780611173.607,207.5,74,10.0,6.12
1780611173.707,207.5,74,0.0,6.12
1780611173.807,207.5,74,0.0,6.12
1780611173.907,207.5,74,0.0,6.12
1780611174.007,207.5,74,0.0,6.12
1780611174.107,207.5,74,0.0,6.12
1780611174.207,207.5,74,0.0,6.12
1780611174.308,207.5,74,0.0,6.12
1780611174.408,207.5,74,0.0,6.12
1780611174.508,207.5,74,0.0,6.12
1780611174.608,207.5,74,0.0,6.12
1780611174.708,207.5,74,0.0,6.12
1780611174.808,207.5,74,0.0,6.12
1780611174.908,207.5,74,0.0,6.12
1780611175.008,207.5,74,0.0,6.12
1780611175.109,207.5,74,0.0,6.12
1780611175.209,207.5,74,10.0,6.12
1780611175.309,207.5,74,0.0,6.12
1780611175.409,207.5,74,39.9,6.12
1780611175.509,207.5,74,0.0,6.12
1780611175.609,207.5,74,0.0,6.12
1780611175.709,207.5,74,0.0,6.12
1780611175.809,207.5,74,0.0,6.12
1780611175.910,207.5,74,0.0,6.12
1780611176.010,207.5,74,0.0,6.12
1780611176.110,207.5,74,0.0,6.12
1780611176.210,207.5,74,0.0,6.12
1780611176.310,207.8,74,39.9,6.12
1780611176.410,207.8,74,0.0,6.12
1780611176.510,207.8,74,0.0,1.35
1780611176.610,207.8,74,0.0,1.35
1780611176.711,207.8,74,0.0,1.35
1780611176.811,207.8,74,0.0,1.35
1780611176.911,207.8,74,0.0,1.35
1780611177.011,207.8,74,0.0,1.35
1780611177.111,207.8,74,0.0,1.35
1780611177.211,207.8,74,0.0,1.35
1780611177.311,207.8,74,0.0,1.35
1780611177.411,207.8,74,0.0,1.35
1780611177.512,207.8,74,0.0,1.35
1780611177.612,208.0,74,49.9,1.06
1780611177.712,208.0,74,0.0,1.06
1780611177.812,208.0,74,0.0,1.06
1780611177.912,208.0,74,0.0,1.06
1780611178.012,208.0,74,0.0,1.06
1780611178.112,208.0,74,0.0,1.06
1780611178.212,208.0,74,10.0,1.06
1780611178.313,208.0,74,0.0,1.35
1780611178.413,208.0,74,0.0,1.35
1780611178.513,208.0,74,0.0,1.35
1780611178.613,208.0,74,0.0,1.35
1780611178.713,208.2,74,49.9,1.35
1780611178.813,208.2,74,0.0,1.35
1780611178.913,208.2,74,0.0,1.35
1780611179.014,208.2,74,20.0,1.35
1780611179.114,208.2,74,0.0,1.35
1780611179.214,208.2,74,0.0,1.35
1780611179.314,208.2,74,0.0,1.35
1780611179.414,208.2,74,0.0,1.35
1780611179.514,208.2,74,0.0,1.35
1780611179.614,208.4,74,39.9,2.00
1780611179.714,208.4,74,0.0,2.00
1780611179.815,208.4,74,0.0,2.00
1780611179.915,208.4,74,0.0,2.00
1780611180.015,208.4,74,0.0,2.00
1780611180.115,208.4,74,0.0,2.00
1780611180.215,208.4,74,0.0,2.00
1780611180.315,208.4,74,0.0,2.00
1780611180.415,208.4,74,0.0,2.00
1780611180.515,208.4,74,0.0,2.00
1780611180.615,208.4,74,0.0,2.00
1780611180.716,208.4,74,0.0,2.00
1780611180.816,208.4,74,0.0,2.00
1780611180.916,208.4,74,0.0,2.00
1780611181.016,208.4,74,0.0,2.00
1780611181.116,208.4,74,10.0,2.00
1780611181.216,208.4,74,0.0,2.00
1780611181.316,208.4,74,0.0,2.00
1780611181.416,208.4,74,0.0,2.00
1780611181.517,208.4,74,30.0,2.00
1780611181.617,208.4,74,0.0,2.00
1780611181.717,208.4,74,0.0,2.00
1780611181.817,208.4,74,0.0,2.00
1780611181.917,208.4,74,0.0,2.00
1780611182.017,208.4,74,0.0,2.00
1780611182.117,208.4,74,10.0,2.00
1780611182.217,208.4,74,0.0,2.00
1780611182.318,208.4,74,0.0,2.00
1780611182.418,208.5,74,40.0,2.00
1780611182.518,208.5,74,0.0,2.00
1780611182.618,208.5,74,0.0,2.00
1780611182.718,208.5,74,0.0,2.00
1780611182.818,208.5,74,0.0,2.00
1780611182.918,208.5,74,0.0,2.00
1780611183.018,208.5,74,0.0,2.00
1780611183.118,208.5,74,0.0,2.00
1780611183.219,208.5,74,0.0,2.00
1780611183.321,208.5,74,9.8,2.00
1780611183.421,208.5,74,10.0,2.00
1780611183.521,208.5,74,30.0,2.00
1780611183.621,208.5,74,0.0,2.00
1780611183.721,208.5,74,0.0,2.00
1780611183.821,208.5,74,0.0,2.00
1780611183.921,208.5,74,0.0,2.00
1780611184.022,208.5,74,0.0,2.00
1780611184.122,208.5,74,0.0,2.00
1780611184.222,208.5,74,0.0,2.00
1780611184.322,208.5,74,0.0,2.00
1780611184.422,208.5,74,0.0,2.00
1780611184.522,208.5,74,10.0,2.00
1780611184.622,208.5,74,0.0,2.00
1780611184.722,208.5,74,0.0,2.00
1780611184.822,208.5,74,0.0,2.00
1780611184.923,211.7,74,10.0,2.00
1780611185.023,178.7,74,49.9,7.12
1780611185.123,178.7,74,0.0,7.12
1780611185.223,178.7,74,0.0,7.12
1780611185.323,178.7,74,0.0,7.12
1780611185.423,189.2,74,10.0,7.12
1780611185.523,189.2,74,0.0,7.12
1780611185.624,189.2,74,0.0,7.12
1780611185.724,189.2,74,0.0,7.12
1780611185.824,189.2,74,10.0,7.12
1780611185.924,189.2,74,0.0,7.12
1780611186.026,190.2,74,29.3,7.12
1780611186.127,191.2,74,10.0,7.12
1780611186.227,191.2,74,0.0,7.12
1780611186.327,191.2,74,0.0,7.12
1780611186.427,191.2,74,0.0,7.12
1780611186.527,191.2,74,0.0,7.12
1780611186.627,191.2,74,0.0,7.12
1780611186.727,191.2,74,0.0,7.12
1780611186.827,191.2,74,0.0,7.12
1780611186.928,191.2,74,0.0,7.12
1780611187.028,191.2,74,0.0,7.12
1780611187.128,191.2,74,0.0,7.12
1780611187.228,191.2,74,0.0,7.12
1780611187.328,191.2,74,0.0,7.12
1780611187.428,191.2,74,0.0,7.12
1780611187.528,191.2,74,0.0,7.12
1780611187.629,191.2,74,10.0,7.12
1780611187.729,191.2,74,0.0,7.12
1780611187.829,191.2,74,0.0,7.12
1780611187.929,198.5,74,39.9,7.12
1780611188.029,198.5,74,0.0,7.12
1780611188.129,198.5,74,0.0,7.12
1780611188.229,198.5,74,0.0,7.12
1780611188.329,198.5,74,0.0,7.12
1780611188.430,198.5,74,0.0,7.12
1780611188.530,198.5,74,0.0,7.12
1780611188.632,203.7,74,19.5,7.12
1780611188.733,178.7,74,20.0,7.12
1780611188.833,178.7,74,0.0,7.12
1780611188.933,178.7,74,0.0,7.12
1780611189.033,178.7,74,0.0,7.12
1780611189.133,178.7,74,0.0,7.12
1780611189.233,178.7,74,0.0,7.12
1780611189.333,178.7,74,0.0,7.12
1780611189.433,178.7,74,0.0,7.12
1780611189.534,178.7,74,0.0,7.12
1780611189.634,188.5,74,10.0,7.12
1780611189.734,188.5,74,0.0,7.12
1780611189.834,196.5,74,39.9,7.12
1780611189.934,196.5,74,0.0,7.12
1780611190.034,196.5,74,0.0,1.83
1780611190.134,196.5,74,0.0,1.83
1780611190.235,196.5,74,0.0,1.83
1780611190.335,196.5,74,0.0,1.83
1780611190.435,196.5,74,0.0,1.83
1780611190.535,196.5,74,0.0,1.83
1780611190.635,196.5,74,0.0,1.83
1780611190.735,196.5,74,0.0,1.83
1780611190.835,196.5,74,0.0,1.83
1780611190.936,196.5,74,0.0,1.83
1780611191.036,196.5,74,0.0,1.83
1780611191.136,196.5,74,0.0,1.83
1780611191.236,196.5,74,0.0,1.83
1780611191.339,206.3,74,68.0,1.83
1780611191.439,178.7,74,10.0,0.95
1780611191.539,178.7,74,0.0,0.95
1780611191.639,178.7,74,0.0,0.95
1780611191.740,189.4,74,20.0,0.95
1780611191.840,189.4,74,0.0,0.95
1780611191.940,189.4,74,0.0,0.95
1780611192.040,189.4,74,0.0,0.95
1780611192.140,189.5,74,10.0,0.95
1780611192.240,196.7,74,20.0,0.95
1780611192.340,196.7,74,0.0,0.95
1780611192.440,196.7,74,0.0,0.95
1780611192.541,196.7,74,0.0,0.95
1780611192.641,196.7,74,0.0,1.83
1780611192.741,196.7,74,0.0,1.83
1780611192.841,196.7,74,0.0,1.83
1780611192.941,196.7,74,0.0,1.83
1780611193.041,196.7,74,0.0,1.83
1780611193.141,196.7,74,0.0,1.83
1780611193.241,196.7,74,0.0,1.83
1780611193.342,196.7,74,0.0,1.83
1780611193.442,196.7,74,0.0,1.83
1780611193.542,196.7,74,0.0,1.83
1780611193.642,199.3,74,20.0,1.83
1780611193.742,199.3,74,0.0,1.83
1780611193.842,199.3,74,0.0,1.83
1780611193.942,199.3,74,0.0,1.83
1780611194.043,199.3,74,0.0,1.83
1780611194.143,202.1,74,30.0,2.04
1780611194.243,202.1,74,0.0,2.04
1780611194.343,202.1,74,0.0,2.04
1780611194.443,202.1,74,0.0,2.04
1780611194.543,202.2,74,0.0,2.04
1780611194.643,202.2,74,0.0,2.04
1780611194.746,202.9,74,19.5,2.04
1780611194.846,202.9,74,20.0,2.04
1780611194.946,202.9,74,0.0,2.04
1780611195.047,202.9,74,0.0,2.04
1780611195.147,202.9,74,0.0,2.04
1780611195.247,202.9,74,0.0,2.04
1780611195.347,202.9,74,0.0,2.04
1780611195.447,202.9,74,0.0,2.04
1780611195.547,202.9,74,0.0,2.04
1780611195.647,202.9,74,0.0,2.04
1780611195.747,202.9,74,0.0,2.04
1780611195.848,202.9,74,0.0,2.04
1780611195.948,204.9,74,20.0,2.04
1780611196.048,204.9,74,0.0,2.04
1780611196.148,205.2,74,39.9,2.04
1780611196.248,205.2,74,0.0,2.04
1780611196.348,205.2,74,0.0,2.04
1780611196.448,205.2,74,0.0,2.04
1780611196.548,205.2,74,0.0,2.04
1780611196.649,205.2,74,0.0,2.04
1780611196.749,205.2,74,0.0,2.04
1780611196.849,205.2,74,0.0,2.04
1780611196.949,205.2,74,0.0,2.04
1780611197.049,205.2,74,0.0,2.04
1780611197.149,205.2,74,0.0,2.04
1780611197.249,205.2,74,0.0,2.04
1780611197.349,205.2,74,0.0,2.04
1780611197.452,210.4,74,29.4,2.04
1780611197.552,178.7,74,30.0,2.38
1780611197.652,178.7,74,0.0,2.38
1780611197.752,178.7,74,0.0,2.38
1780611197.852,189.1,74,30.0,2.38
1780611197.952,189.1,74,0.0,2.38
1780611198.052,189.1,74,0.0,2.38
1780611198.153,189.1,74,0.0,2.38
1780611198.253,189.1,74,0.0,2.38
1780611198.354,192.2,74,9.9,2.38
1780611198.454,192.4,74,20.0,2.38
1780611198.554,192.4,74,0.0,2.38
1780611198.655,192.7,74,0.0,2.38
1780611198.755,192.7,74,0.0,2.38
1780611198.855,192.7,74,0.0,2.38
1780611198.955,192.7,74,0.0,2.38
1780611199.055,192.7,74,0.0,2.38
1780611199.155,192.7,74,0.0,2.38
1780611199.255,192.7,74,0.0,2.38
1780611199.355,192.7,74,0.0,2.38
1780611199.456,192.7,74,0.0,2.38
1780611199.556,192.7,74,0.0,2.38
1780611199.656,192.7,74,0.0,2.38
1780611199.756,192.7,74,0.0,2.38
1780611199.856,192.7,74,0.0,2.38
1780611199.956,192.7,74,20.0,2.38
1780611200.056,192.7,74,0.0,2.38
1780611200.156,192.7,74,0.0,2.38
1780611200.257,199.7,74,30.0,2.38
1780611200.357,199.7,74,0.0,2.38
1780611200.457,199.7,74,0.0,2.38
1780611200.557,199.7,74,0.0,1.59
1780611200.657,199.7,74,0.0,1.59
1780611200.758,199.7,74,9.9,1.59
1780611200.858,199.7,74,0.0,1.59
1780611200.958,199.7,74,0.0,1.59
1780611201.060,202.9,74,19.6,1.59
1780611201.160,178.7,74,10.0,1.59
1780611201.260,178.7,74,0.0,1.59
1780611201.360,178.7,74,0.0,1.59
1780611201.461,178.7,74,0.0,1.59
1780611201.561,178.7,74,0.0,1.59
1780611201.661,178.7,74,0.0,1.59
1780611201.761,178.7,74,0.0,1.59
1780611201.861,178.7,74,0.0,1.59
1780611201.961,178.7,74,0.0,1.59
1780611202.061,188.5,74,20.0,1.59
1780611202.161,188.5,74,0.0,1.59
1780611202.262,198.5,74,39.9,2.37
1780611202.362,198.5,74,0.0,2.37
1780611202.462,198.5,74,0.0,2.37
1780611202.562,198.5,74,0.0,2.37
1780611202.662,198.5,74,0.0,2.37
1780611202.762,198.5,74,0.0,2.37
1780611202.862,198.5,74,0.0,2.37
1780611202.962,198.5,74,0.0,2.37
1780611203.063,198.5,74,0.0,2.37
1780611203.163,198.5,74,0.0,2.37
1780611203.263,198.5,74,0.0,2.37
1780611203.363,198.5,74,0.0,2.37
1780611203.463,198.5,74,0.0,2.37
1780611203.563,207.4,74,39.8,2.37
1780611203.664,178.7,74,39.9,2.37
1780611203.764,178.7,74,0.0,2.37
1780611203.864,178.7,74,0.0,2.37
1780611203.964,178.7,74,0.0,1.59
1780611204.064,188.5,74,10.0,1.59
1780611204.164,188.5,74,0.0,1.59
1780611204.264,188.5,74,0.0,1.59
1780611204.364,188.5,74,0.0,1.59
1780611204.465,189.1,74,0.0,1.59
1780611204.565,189.1,74,0.0,1.59
1780611204.665,198.3,74,30.0,1.59
1780611204.765,198.3,74,0.0,2.05
1780611204.865,198.3,74,0.0,2.05
1780611204.965,198.3,74,0.0,2.05
1780611205.065,198.3,74,0.0,2.05
1780611205.165,198.3,74,0.0,2.05
1780611205.266,198.3,74,10.0,2.05
1780611205.366,198.3,74,0.0,2.05
1780611205.466,198.3,74,0.0,2.05
1780611205.566,198.3,74,0.0,2.05
1780611205.666,198.3,74,0.0,2.05
1780611205.766,198.3,74,0.0,2.05
1780611205.866,198.3,74,0.0,2.05
1780611205.967,198.3,74,0.0,2.05
1780611206.067,198.3,74,0.0,2.05
1780611206.167,201.0,74,20.0,2.05
1780611206.267,201.0,74,0.0,2.05
1780611206.367,201.0,74,0.0,2.05
1780611206.467,202.0,74,30.0,2.37
1780611206.567,202.0,74,0.0,2.37
1780611206.667,202.0,74,0.0,2.37
1780611206.768,202.0,74,0.0,2.37
1780611206.868,202.0,74,0.0,2.37
1780611206.968,202.0,74,0.0,2.37
1780611207.068,202.0,74,0.0,2.37
1780611207.168,202.0,74,0.0,2.37
1780611207.270,202.8,74,9.8,2.37
1780611207.371,203.5,74,30.0,2.37
1780611207.471,203.5,74,0.0,2.37
1780611207.571,203.5,74,0.0,2.37
1780611207.671,203.5,74,0.0,2.37
1780611207.771,203.5,74,0.0,2.37
1780611207.871,203.5,74,0.0,2.37
1780611207.971,203.5,74,0.0,2.37
1780611208.071,203.5,74,0.0,2.37
1780611208.172,203.5,74,0.0,2.37
1780611208.272,203.5,74,0.0,2.37
1780611208.372,203.5,74,20.0,2.37
1780611208.472,203.5,74,0.0,2.37
1780611208.572,204.5,74,29.9,2.37
1780611208.673,204.5,74,0.0,2.05
1780611208.773,204.5,74,0.0,2.05
1780611208.873,204.5,74,0.0,2.05
1780611208.973,204.5,74,0.0,2.05
1780611209.073,204.5,74,0.0,2.05
1780611209.173,204.5,74,0.0,2.05
1780611209.273,204.5,74,0.0,2.05
1780611209.373,204.5,74,0.0,2.05
1780611209.474,204.5,74,10.0,2.05
1780611209.574,204.5,74,0.0,2.05
1780611209.674,204.5,74,0.0,2.05
1780611209.774,204.5,74,0.0,2.05
1780611209.876,205.2,74,9.8,2.05
1780611209.976,205.4,74,59.9,2.05
1780611210.077,205.4,74,0.0,2.05
1780611210.177,205.4,74,0.0,2.05
1780611210.277,205.6,74,10.0,2.05
1780611210.377,205.6,74,0.0,2.05
1780611210.477,205.6,74,0.0,2.05
1780611210.577,205.6,74,0.0,2.05
1780611210.677,205.6,74,0.0,2.05
1780611210.778,205.6,74,10.0,2.05
1780611210.878,205.6,74,20.0,2.05
1780611210.978,205.6,74,0.0,2.05
1780611211.078,205.6,74,0.0,2.05
1780611211.178,205.6,74,10.0,1.42
1780611211.278,205.6,74,0.0,1.42
1780611211.378,205.6,74,0.0,1.42
1780611211.478,205.6,74,0.0,1.42
1780611211.579,205.6,74,0.0,1.42
1780611211.679,205.6,74,0.0,1.42
1780611211.779,205.6,74,0.0,1.42
1780611211.879,205.6,74,0.0,1.42
1780611211.979,205.6,74,0.0,1.42
1780611212.079,205.6,74,0.0,1.42
1780611212.179,205.6,74,0.0,1.42
1780611212.279,205.6,74,20.0,1.42
1780611212.380,205.6,74,0.0,1.42
1780611212.480,205.6,74,0.0,1.42
1780611212.580,205.6,74,0.0,1.42
1780611212.680,205.6,74,0.0,1.42
1780611212.780,205.6,74,0.0,1.42
1780611212.880,205.6,74,0.0,1.38
1780611212.980,205.6,74,0.0,1.42
1780611213.081,205.6,74,30.0,1.92
1780611213.181,205.6,74,0.0,1.92
1780611213.281,205.6,74,0.0,1.92
1780611213.381,205.6,74,0.0,1.92
1780611213.481,205.6,74,0.0,1.92
1780611213.581,205.6,74,0.0,1.92
1780611213.681,205.6,74,0.0,1.92
1780611213.784,205.6,74,9.8,1.92
1780611213.884,205.6,74,20.0,1.92
1780611213.984,205.6,74,0.0,1.92
1780611214.084,205.6,74,0.0,1.92
1780611214.184,205.6,74,20.0,1.92
1780611214.285,205.6,74,0.0,1.92
1780611214.388,205.6,74,29.0,1.92
1780611214.488,205.6,74,0.0,1.92
1780611214.588,205.6,74,0.0,1.92
1780611214.689,205.6,74,0.0,1.92
1780611214.789,205.6,74,0.0,1.92
1780611214.889,205.6,74,0.0,1.92
1780611214.989,205.6,74,0.0,1.92
1780611215.089,205.6,74,0.0,1.92
1780611215.189,205.6,74,0.0,1.92
1780611215.289,205.6,74,0.0,1.92
1780611215.389,205.6,74,0.0,1.92
1780611215.490,205.6,74,0.0,1.92
1780611215.590,205.6,74,0.0,1.92
1780611215.690,205.6,74,0.0,1.92
1780611215.790,205.6,74,10.0,1.92
1780611215.890,205.6,74,0.0,1.92
1780611215.990,212.1,74,69.8,5.27
1780611216.090,178.7,74,10.0,5.27
1780611216.191,178.7,74,0.0,5.27
1780611216.291,189.5,74,0.0,5.27
1780611216.391,189.5,74,0.0,5.27
1780611216.491,189.5,74,0.0,5.27
1780611216.591,189.5,74,0.0,5.27
1780611216.691,189.5,74,0.0,5.27
1780611216.792,189.5,74,10.0,5.27
1780611216.892,196.5,74,20.0,5.27
1780611216.992,196.5,74,0.0,5.27
1780611217.092,196.5,74,0.0,5.27
1780611217.192,196.5,74,0.0,5.27
1780611217.292,196.5,74,0.0,5.27
1780611217.392,196.5,74,0.0,5.27
1780611217.492,196.5,74,0.0,5.27
1780611217.593,196.5,74,0.0,5.27
1780611217.693,196.5,74,0.0,5.27
1780611217.793,196.5,74,0.0,5.27
1780611217.893,196.5,74,0.0,5.27
1780611217.993,196.5,74,0.0,5.27
1780611218.093,196.5,74,0.0,5.27
1780611218.193,196.5,74,0.0,5.27
1780611218.293,196.5,74,0.0,5.27
1780611218.394,199.0,74,9.9,5.27
1780611218.494,199.0,74,10.0,5.27
1780611218.594,199.0,74,0.0,5.27
1780611218.695,202.0,74,30.0,5.27
1780611218.795,202.0,74,0.0,5.27
1780611218.895,202.0,74,0.0,5.27
1780611218.995,202.0,74,0.0,5.27
1780611219.095,202.0,74,0.0,5.27
1780611219.195,202.0,74,0.0,5.27
1780611219.295,202.0,74,0.0,5.27
1780611219.396,202.0,74,0.0,5.27
1780611219.496,202.0,74,0.0,1.45
1780611219.596,206.7,74,49.9,2.04
1780611219.696,206.7,74,0.0,2.04
1780611219.796,206.7,74,0.0,2.04
1780611219.896,206.7,74,0.0,2.04
1780611219.996,206.7,74,0.0,2.04
1780611220.096,206.7,74,0.0,2.04
1780611220.197,206.7,74,0.0,2.04
1780611220.297,206.7,74,0.0,2.04
1780611220.397,206.7,74,0.0,2.04
1780611220.497,206.7,74,0.0,2.04
1780611220.597,206.7,74,10.0,2.04
1780611220.699,206.7,74,0.0,2.04
1780611220.799,206.7,74,29.9,2.04
1780611220.900,206.7,74,0.0,2.04
1780611221.000,206.7,74,10.0,2.04
1780611221.100,206.7,74,0.0,2.04
1780611221.200,206.7,74,0.0,2.04
1780611221.300,206.7,74,0.0,2.04
1780611221.400,206.7,74,0.0,2.04
1780611221.500,206.7,74,0.0,2.04
1780611221.600,206.7,74,0.0,2.04
1780611221.701,206.7,74,0.0,2.04
1780611221.801,206.7,74,0.0,2.04
1780611221.901,206.7,74,0.0,2.04
1780611222.001,206.7,74,0.0,2.04
1780611222.101,206.8,74,0.0,2.04
1780611222.201,178.8,74,79.9,2.04
1780611222.301,178.8,74,0.0,2.04
1780611222.402,178.8,74,0.0,1.38
1780611222.502,178.8,74,0.0,1.38
1780611222.602,188.6,74,10.0,1.38
1780611222.702,188.6,74,0.0,1.38
1780611222.802,188.6,74,0.0,1.84
1780611222.902,192.3,74,20.0,1.84
1780611223.002,193.1,74,10.0,1.84
1780611223.103,193.1,74,0.0,1.84
1780611223.203,193.1,74,0.0,1.84
1780611223.303,193.1,74,0.0,1.84
1780611223.403,193.1,74,0.0,1.84
1780611223.503,193.1,74,0.0,1.84
1780611223.603,193.1,74,0.0,1.84
1780611223.703,193.4,74,10.0,1.84
1780611223.803,193.4,74,0.0,1.84
1780611223.904,193.4,74,0.0,1.84
1780611224.004,193.4,74,0.0,1.84
1780611224.104,193.4,74,0.0,1.84
1780611224.204,194.1,74,20.0,1.84
1780611224.304,194.1,74,0.0,1.84
1780611224.404,194.1,74,0.0,1.84
1780611224.504,194.1,74,0.0,1.84
1780611224.604,194.1,74,0.0,1.84
1780611224.705,194.1,74,0.0,1.84
1780611224.805,194.1,74,0.0,1.84
1780611224.905,194.1,74,0.0,1.84
1780611225.005,202.9,74,39.9,1.84
1780611225.105,202.9,74,0.0,1.84
1780611225.205,202.9,74,0.0,1.84
1780611225.305,202.9,74,0.0,1.84
1780611225.406,202.9,74,0.0,1.84
1780611225.508,202.9,74,9.8,1.84
1780611225.610,202.9,74,19.5,1.84
1780611225.710,202.9,74,0.0,1.84
1780611225.810,202.9,74,0.0,1.84
1780611225.911,202.9,74,0.0,1.84
1780611226.011,202.9,74,0.0,1.73
1780611226.111,202.9,74,0.0,1.73
1780611226.211,202.9,74,0.0,1.73
1780611226.311,202.9,74,0.0,1.73
1780611226.411,202.9,74,0.0,1.73
1780611226.511,202.9,74,10.0,1.73
1780611226.612,202.9,74,0.0,1.73
1780611226.714,205.0,74,29.4,1.73
1780611226.815,205.0,74,9.9,1.84
1780611226.915,205.0,74,0.0,1.84
1780611227.015,205.0,74,0.0,1.84
1780611227.115,205.0,74,0.0,1.84
1780611227.215,205.0,74,0.0,1.84
1780611227.315,205.0,74,0.0,1.84
1780611227.415,205.0,74,0.0,1.84
1780611227.515,205.0,74,0.0,1.84
1780611227.616,205.0,74,0.0,1.84
1780611227.716,205.0,74,0.0,1.84
1780611227.816,205.0,74,0.0,1.84
1780611227.916,205.0,74,0.0,1.84
1780611228.016,205.0,74,0.0,1.84
1780611228.116,205.0,74,0.0,1.84
1780611228.216,207.5,74,20.0,1.84
1780611228.317,178.8,74,59.9,15.32
1780611228.417,178.8,74,0.0,15.32
1780611228.517,178.8,74,0.0,15.32
1780611228.617,178.8,74,0.0,15.32
1780611228.717,178.8,74,0.0,15.32
1780611228.817,196.1,74,30.0,15.32
1780611228.917,200.4,74,10.0,15.32
1780611229.018,200.4,74,0.0,15.32
1780611229.118,200.4,74,0.0,15.32
1780611229.218,200.4,74,10.0,15.32
1780611229.318,200.4,74,0.0,15.32
1780611229.418,201.4,74,20.0,15.32
1780611229.518,201.4,74,10.0,15.32
1780611229.618,201.4,74,10.0,15.32
1780611229.719,201.4,74,0.0,15.32
1780611229.819,201.4,74,0.0,15.32
1780611229.919,201.4,74,0.0,15.32
1780611230.019,201.4,74,10.0,15.32
1780611230.119,201.4,74,0.0,15.32
1780611230.219,201.4,74,0.0,15.32
1780611230.319,201.4,74,10.0,15.32
1780611230.423,201.8,74,19.9,15.32
1780611230.523,201.8,74,9.7,15.32
1780611230.623,201.8,74,0.0,15.32
1780611230.723,201.8,74,0.0,15.32
1780611230.823,201.8,74,0.0,15.32
1780611230.923,201.8,74,0.0,15.32
1780611231.023,201.8,74,0.0,15.32
1780611231.123,201.8,74,0.0,15.32
1780611231.224,201.8,74,0.0,15.32
1780611231.324,201.8,74,0.0,15.32
1780611231.424,201.8,74,0.0,15.32
1780611231.524,201.8,74,0.0,15.32
1780611231.624,201.8,74,10.0,15.32
1780611231.724,201.8,74,0.0,15.32
1780611231.824,201.8,74,0.0,15.32
1780611231.925,201.8,74,0.0,15.32
1780611232.025,201.8,74,0.0,15.32
1780611232.125,202.2,74,0.0,15.32
1780611232.225,202.2,74,0.0,15.32
1780611232.325,202.2,74,0.0,15.32
1780611232.425,202.2,74,0.0,15.32
1780611232.525,202.2,74,0.0,15.32
1780611232.625,202.3,74,20.0,15.32
1780611232.726,202.3,74,0.0,15.32
1780611232.826,202.3,74,0.0,15.32
1780611232.926,205.1,74,30.0,15.32
1780611233.026,205.1,74,0.0,15.32
1780611233.126,205.1,74,0.0,15.32
1780611233.226,205.1,74,0.0,5.12
1780611233.326,205.1,74,0.0,5.12
1780611233.426,205.1,74,0.0,5.12
1780611233.528,205.1,74,9.9,5.12
1780611233.628,205.1,74,0.0,5.12
1780611233.728,205.1,74,0.0,5.12
1780611233.830,205.3,74,0.0,5.12
1780611233.930,206.7,74,59.9,5.12
1780611234.030,206.7,74,0.0,5.12
1780611234.130,206.7,74,0.0,5.12
1780611234.230,206.7,74,0.0,5.12
1780611234.331,206.7,74,0.0,5.12
1780611234.431,206.7,74,10.0,5.12
1780611234.531,206.7,74,10.0,5.12
1780611234.631,206.7,74,0.0,5.12
1780611234.731,206.7,74,0.0,4.20
1780611234.831,206.7,74,0.0,4.20
1780611234.932,206.7,74,0.0,4.20
1780611235.032,206.7,74,0.0,4.20
1780611235.132,206.8,74,30.0,4.20
1780611235.232,206.8,74,0.0,3.93
1780611235.332,206.8,74,0.0,3.93
1780611235.432,206.8,74,10.0,3.93
1780611235.532,206.8,74,0.0,3.93
1780611235.632,206.9,74,30.0,3.93
1780611235.733,206.9,74,0.0,3.93
1780611235.833,206.9,74,0.0,3.93
1780611235.934,206.9,74,19.8,3.93
1780611236.034,206.9,74,0.0,3.93
1780611236.134,206.9,74,0.0,3.93
1780611236.234,206.9,74,0.0,3.93
1780611236.334,206.9,74,0.0,3.93
1780611236.435,206.9,74,0.0,3.93
1780611236.535,206.9,74,0.0,3.93
1780611236.635,206.9,74,0.0,3.93
1780611236.735,206.9,74,0.0,3.93
1780611236.835,206.9,74,0.0,3.93
1780611236.935,206.9,74,0.0,3.93
1780611237.035,206.9,74,30.0,3.93
1780611237.136,206.9,74,10.0,3.93
1780611237.236,206.9,74,0.0,3.93
1780611237.336,206.9,74,0.0,3.93
1780611237.436,206.9,74,0.0,3.93
1780611237.536,206.9,74,0.0,3.93
1780611237.636,206.9,74,0.0,3.93
1780611237.737,207.0,74,0.0,3.93
1780611237.837,207.0,74,10.0,3.93
1780611237.937,207.0,74,0.0,3.93
1780611238.037,207.0,74,0.0,3.93
1780611238.137,207.0,74,0.0,3.93
1780611238.237,207.0,74,30.0,3.93
1780611238.337,207.0,74,0.0,3.93
1780611238.437,207.0,74,0.0,3.93
1780611238.538,207.0,74,0.0,3.93
1780611238.638,207.0,74,0.0,3.93
1780611238.738,207.0,74,0.0,3.93
1780611238.838,207.0,74,10.0,3.93
1780611238.938,207.0,74,0.0,3.93
1780611239.038,207.0,74,0.0,3.93
1780611239.138,207.0,74,0.0,3.93
1780611239.238,207.0,74,0.0,3.93
1780611239.339,207.0,74,0.0,3.93
1780611239.439,207.0,74,0.0,3.93
1780611239.539,188.4,74,59.9,4.20
1780611239.639,189.1,74,10.0,4.20
1780611239.739,189.1,74,0.0,4.20
1780611239.839,189.1,74,0.0,4.20
1780611239.939,189.1,74,0.0,4.20
1780611240.040,189.1,74,0.0,4.20
1780611240.140,190.4,74,10.0,5.02
1780611240.240,190.4,74,0.0,5.02
1780611240.340,190.4,74,0.0,5.02
1780611240.440,190.4,74,0.0,5.02
1780611240.540,190.4,74,0.0,5.02
1780611240.640,190.4,74,0.0,5.02
1780611240.741,198.2,74,39.9,8.11
1780611240.841,198.2,74,0.0,8.11
1780611240.941,198.2,74,0.0,8.11
1780611241.041,198.2,74,0.0,8.11
1780611241.141,198.2,74,0.0,8.11
1780611241.241,198.2,74,0.0,8.11
1780611241.341,201.4,74,39.9,8.11
1780611241.441,201.4,74,0.0,8.11
1780611241.542,201.4,74,0.0,8.11
1780611241.642,201.4,74,0.0,8.11
1780611241.742,201.4,74,0.0,8.11
1780611241.842,201.4,74,0.0,8.11
1780611241.942,201.4,74,0.0,8.11
1780611242.042,201.4,74,0.0,8.11
1780611242.142,201.4,74,0.0,8.11
1780611242.243,201.4,74,0.0,8.11
1780611242.343,201.4,74,0.0,8.11
1780611242.443,201.4,74,0.0,8.11
1780611242.543,201.4,74,0.0,8.11
1780611242.644,178.8,74,49.8,8.11
1780611242.744,178.8,74,0.0,8.11
1780611242.844,178.8,74,0.0,8.11
1780611242.944,178.8,74,0.0,8.11
1780611243.044,178.8,74,0.0,8.11
1780611243.144,188.9,74,20.0,8.11
1780611243.244,188.9,74,0.0,8.11
1780611243.344,188.9,74,10.0,8.11
1780611243.445,188.9,74,0.0,8.11
1780611243.545,191.7,74,19.9,8.11
1780611243.645,191.7,74,0.0,8.11
1780611243.745,192.1,74,10.0,8.11
1780611243.846,192.1,74,0.0,8.11
1780611243.946,192.1,74,0.0,8.11
1780611244.046,192.1,74,0.0,8.11
1780611244.146,192.1,74,0.0,8.11
1780611244.246,192.1,74,0.0,8.11
1780611244.346,192.1,74,10.0,8.11
1780611244.446,199.9,74,30.0,8.11
1780611244.546,199.9,74,0.0,8.11
1780611244.647,199.9,74,0.0,8.11
1780611244.747,199.9,74,0.0,8.11
1780611244.847,199.9,74,0.0,8.11
1780611244.947,199.9,74,0.0,8.11
1780611245.047,199.9,74,0.0,8.11
1780611245.147,199.9,74,0.0,8.11
1780611245.247,199.9,74,0.0,8.11
1780611245.347,199.9,74,0.0,8.11
1780611245.448,199.9,74,10.0,8.11
1780611245.548,199.9,74,0.0,8.11
1780611245.648,199.9,74,0.0,8.11
1780611245.748,199.9,74,0.0,8.11
1780611245.848,199.9,74,0.0,8.11
1780611245.948,199.9,74,0.0,8.11
1780611246.048,199.9,74,0.0,8.11
1780611246.148,200.1,74,30.0,8.11
1780611246.250,202.1,74,19.8,8.11
1780611246.350,202.1,74,10.0,8.11
1780611246.450,202.1,74,0.0,8.11
1780611246.550,202.1,74,0.0,1.15
1780611246.650,202.1,74,30.0,1.15
1780611246.750,202.1,74,0.0,1.15
1780611246.850,202.1,74,0.0,1.15
1780611246.950,202.1,74,0.0,1.15
1780611247.051,202.1,74,0.0,1.15
1780611247.151,202.1,74,0.0,1.09
1780611247.251,202.1,74,0.0,1.09
1780611247.351,202.1,74,0.0,1.09
1780611247.451,202.7,74,39.9,1.15
1780611247.551,202.7,74,0.0,1.15
1780611247.651,202.7,74,0.0,1.15
1780611247.751,202.7,74,0.0,1.15
1780611247.852,202.7,74,30.0,1.59
1780611247.952,203.1,74,20.0,1.59
1780611248.052,203.1,74,0.0,1.59
1780611248.152,203.1,74,10.0,1.59
1780611248.252,203.6,74,10.0,1.59
1780611248.352,203.6,74,0.0,1.59
1780611248.452,203.6,74,0.0,1.59
1780611248.552,203.6,74,0.0,1.59
1780611248.653,203.6,74,0.0,1.59
1780611248.753,203.6,74,0.0,1.59
1780611248.853,203.6,74,0.0,1.59
1780611248.953,203.6,74,0.0,1.59
1780611249.055,203.6,74,9.8,1.59
1780611249.155,203.6,74,0.0,1.59
1780611249.256,203.6,74,0.0,1.59
1780611249.356,203.6,74,0.0,1.59
1780611249.456,203.6,74,0.0,1.59
1780611249.556,203.6,74,10.0,1.59
1780611249.656,203.6,74,0.0,1.59
1780611249.756,203.6,74,0.0,1.59
1780611249.856,203.6,74,0.0,1.59
1780611249.957,203.6,74,0.0,1.59
1780611250.057,203.6,74,0.0,1.59
1780611250.157,203.6,74,10.0,1.59
1780611250.257,203.6,74,10.0,1.59
1780611250.357,203.6,74,0.0,1.59
1780611250.458,204.6,74,29.9,1.59
1780611250.558,204.6,74,0.0,1.59
1780611250.658,204.6,74,0.0,1.59
1780611250.758,204.6,74,0.0,1.59
1780611250.858,204.6,74,0.0,1.59
1780611250.958,205.0,74,29.9,1.59
1780611251.058,205.0,74,0.0,1.59
1780611251.159,205.0,74,0.0,1.59
1780611251.259,205.0,74,0.0,1.59
1780611251.359,205.0,74,0.0,1.59
1780611251.459,205.0,74,0.0,1.59
1780611251.559,205.0,74,0.0,1.59
1780611251.659,205.0,74,20.0,1.87
1780611251.759,205.0,74,0.0,1.87
1780611251.860,205.5,74,20.0,1.87
1780611251.960,205.5,74,0.0,1.87
1780611252.060,205.5,74,0.0,1.87
1780611252.160,205.5,74,10.0,1.87
1780611252.260,205.5,74,0.0,1.87
1780611252.360,205.5,74,0.0,1.87
1780611252.460,205.5,74,0.0,1.87
1780611252.560,205.5,74,0.0,1.87
1780611252.661,205.5,74,0.0,1.87
1780611252.761,205.5,74,0.0,1.87
1780611252.861,205.5,74,0.0,1.87
1780611252.961,205.5,74,0.0,1.87
1780611253.061,205.5,74,0.0,1.87
1780611253.161,205.5,74,0.0,1.87
1780611253.261,205.5,74,0.0,1.87
1780611253.361,205.5,74,0.0,1.87
1780611253.462,205.5,74,0.0,1.87
1780611253.563,208.5,74,19.8,1.87
1780611253.663,178.8,74,49.9,2.52
1780611253.763,178.8,74,0.0,2.52
1780611253.863,178.8,74,0.0,2.52
1780611253.963,178.8,74,0.0,2.52
1780611254.063,178.8,74,0.0,2.52
1780611254.163,178.8,74,0.0,2.52
1780611254.263,178.8,74,0.0,2.52
1780611254.364,178.8,74,0.0,2.52
1780611254.464,188.4,74,10.0,2.52
1780611254.564,188.4,74,0.0,2.52
1780611254.664,198.7,74,30.0,2.52
1780611254.764,198.7,74,0.0,2.52
1780611254.864,198.7,74,0.0,2.52
1780611254.964,198.7,74,0.0,2.52
1780611255.064,198.7,74,0.0,2.52
1780611255.165,198.7,74,0.0,2.52
1780611255.265,198.7,74,0.0,2.52
1780611255.365,198.7,74,0.0,2.52
1780611255.465,198.7,74,0.0,2.52
1780611255.565,198.7,74,0.0,2.52
1780611255.665,198.7,74,10.0,2.52
1780611255.765,198.7,74,0.0,2.52
1780611255.866,198.7,74,0.0,2.52
1780611255.968,209.0,74,29.2,2.52
1780611256.069,178.8,74,39.9,5.40
1780611256.170,186.6,74,9.8,5.40
1780611256.270,186.6,74,10.0,5.40
1780611256.371,186.6,74,0.0,5.40
1780611256.471,186.6,74,0.0,5.40
1780611256.571,186.6,74,0.0,5.40
1780611256.671,191.9,74,10.0,5.40
1780611256.771,191.9,74,0.0,5.40
1780611256.871,191.9,74,0.0,5.40
1780611256.971,191.9,74,0.0,5.40
1780611257.072,191.9,74,0.0,5.40
1780611257.172,191.9,74,0.0,5.40
1780611257.272,191.9,74,0.0,5.40
1780611257.372,191.9,74,0.0,5.40
1780611257.472,191.9,74,0.0,5.40
1780611257.572,191.9,74,0.0,5.40
1780611257.672,191.9,74,0.0,5.40
1780611257.772,191.9,74,0.0,5.40
1780611257.872,191.9,74,10.0,5.40
1780611257.973,191.9,74,0.0,5.40
1780611258.073,191.9,74,0.0,5.40
1780611258.173,191.9,74,0.0,5.40
1780611258.273,191.9,74,0.0,5.40
1780611258.373,191.9,74,0.0,5.40
1780611258.473,191.9,74,0.0,5.40
1780611258.573,191.9,74,0.0,5.40
1780611258.673,191.9,74,0.0,5.40
1780611258.774,191.9,74,0.0,5.40
1780611258.876,194.1,74,9.7,5.40
1780611258.977,194.1,74,0.0,5.40
1780611259.077,201.6,74,19.8,5.40
1780611259.178,201.8,74,20.0,5.40
1780611259.278,201.8,74,0.0,5.40
1780611259.378,201.8,74,0.0,5.40
1780611259.478,201.8,74,0.0,5.40
1780611259.578,201.8,74,0.0,5.40
1780611259.678,201.8,74,0.0,5.40
1780611259.778,201.8,74,0.0,5.40
1780611259.879,201.8,74,0.0,5.40
1780611259.979,201.8,74,0.0,5.40
1780611260.079,204.8,74,59.9,2.45
1780611260.179,204.8,74,0.0,2.45
1780611260.279,204.8,74,0.0,2.45
1780611260.379,204.8,74,0.0,2.45
1780611260.479,204.8,74,0.0,2.45
1780611260.579,204.8,74,0.0,2.45
1780611260.680,204.8,74,9.9,2.45
1780611260.781,204.8,74,10.0,2.45
1780611260.881,204.8,74,0.0,2.45
1780611260.981,204.8,74,0.0,2.45
1780611261.081,204.8,74,0.0,1.57
1780611261.181,204.8,74,0.0,1.57
1780611261.282,205.5,74,29.8,1.57
1780611261.382,205.5,74,0.0,1.57
1780611261.482,205.5,74,0.0,1.57
1780611261.582,205.5,74,0.0,1.57
1780611261.682,205.5,74,0.0,1.57
1780611261.782,205.5,74,0.0,1.57
1780611261.883,205.5,74,0.0,1.57
1780611261.983,205.5,74,0.0,1.57
1780611262.084,207.8,74,19.8,1.57
1780611262.184,178.8,74,30.0,1.78
1780611262.284,178.8,74,0.0,1.78
1780611262.384,178.8,74,0.0,1.78
1780611262.484,178.8,74,0.0,1.57
1780611262.584,178.8,74,0.0,1.57
1780611262.684,178.8,74,0.0,1.57
1780611262.785,178.8,74,0.0,1.57
1780611262.885,178.8,74,0.0,1.57
1780611262.985,178.8,74,0.0,1.57
1780611263.085,178.8,74,0.0,1.57
1780611263.185,178.8,74,0.0,1.57
1780611263.285,178.8,74,0.0,1.57
1780611263.385,178.8,74,59.9,1.78
1780611263.485,178.8,74,0.0,1.78
1780611263.586,178.8,74,0.0,1.78
1780611263.686,178.8,74,0.0,1.78
1780611263.786,178.8,74,0.0,1.78
1780611263.886,178.8,74,0.0,1.78
1780611263.986,178.8,74,0.0,1.78
1780611264.086,178.8,74,0.0,1.78
1780611264.187,188.6,74,20.0,1.78
1780611264.287,188.6,74,0.0,1.78
1780611264.387,188.6,74,0.0,1.78
1780611264.487,188.6,74,0.0,1.78
1780611264.587,199.9,74,30.0,6.41
1780611264.687,199.9,74,0.0,6.41
1780611264.787,199.9,74,0.0,6.41
1780611264.888,199.9,74,0.0,6.41
1780611264.988,199.9,74,0.0,6.41
1780611265.088,199.9,74,0.0,6.41
1780611265.188,199.9,74,0.0,6.41
1780611265.288,199.9,74,0.0,6.41
1780611265.388,199.9,74,0.0,6.41
1780611265.488,186.7,74,59.9,6.41
1780611265.589,186.7,74,0.0,6.41
1780611265.689,186.7,74,0.0,6.41
1780611265.789,186.7,74,0.0,6.41
1780611265.889,189.9,74,10.0,6.41
1780611265.989,189.9,74,0.0,6.41
1780611266.089,189.9,74,0.0,6.41
1780611266.189,189.9,74,10.0,6.41
1780611266.290,189.9,74,0.0,6.41
1780611266.392,197.7,74,29.4,6.41
1780611266.492,197.7,74,10.0,6.41
1780611266.592,197.7,74,0.0,6.41
1780611266.692,197.7,74,0.0,6.41
1780611266.792,197.7,74,0.0,6.41
1780611266.892,197.7,74,0.0,6.41
1780611266.992,197.7,74,0.0,6.41
1780611267.093,197.7,74,0.0,6.41
1780611267.193,197.7,74,0.0,6.41
1780611267.293,197.7,74,0.0,6.41
1780611267.393,197.7,74,0.0,6.41
1780611267.493,197.7,74,0.0,6.41
1780611267.593,197.7,74,0.0,6.41
1780611267.693,197.7,74,0.0,6.41
1780611267.793,200.4,74,10.0,6.41
1780611267.894,200.4,74,0.0,6.41
1780611267.994,200.4,74,0.0,6.41
1780611268.094,200.4,74,0.0,6.41
1780611268.194,200.4,74,0.0,6.41
1780611268.294,200.4,74,10.0,6.41
1780611268.394,200.4,74,10.0,6.41
1780611268.494,200.4,74,0.0,6.41
1780611268.595,200.4,74,0.0,6.41
1780611268.695,200.4,74,0.0,6.41
1780611268.795,200.4,74,0.0,6.41
1780611268.895,200.4,74,0.0,6.41
1780611268.995,200.4,74,0.0,6.41
1780611269.097,178.9,74,68.5,10.17
1780611269.197,178.9,74,0.0,10.17
1780611269.298,178.9,74,0.0,10.17
1780611269.398,178.9,74,0.0,10.17
1780611269.498,178.9,74,0.0,10.17
1780611269.598,178.9,74,0.0,10.17
1780611269.698,178.9,74,0.0,10.17
1780611269.798,178.9,74,0.0,6.41
1780611269.898,188.7,74,20.0,6.41
1780611269.999,188.7,74,0.0,6.41
1780611270.099,197.0,74,30.0,6.41
1780611270.199,197.0,74,0.0,6.41
1780611270.299,197.0,74,0.0,6.41
1780611270.399,197.0,74,0.0,6.41
1780611270.499,197.0,74,0.0,6.41
1780611270.599,197.0,74,0.0,6.41
1780611270.699,197.0,74,0.0,6.41
1780611270.800,197.0,74,0.0,6.41
1780611270.900,197.0,74,0.0,6.41
1780611271.000,197.0,74,0.0,2.86
1780611271.100,197.0,74,0.0,2.86
1780611271.200,197.0,74,0.0,2.86
1780611271.300,197.0,74,0.0,2.86
1780611271.400,197.0,74,0.0,2.86
1780611271.500,197.0,74,0.0,2.86
1780611271.601,197.0,74,0.0,2.86
1780611271.701,197.0,74,0.0,2.86
1780611271.803,208.6,74,58.9,10.17
1780611271.903,190.2,74,30.0,10.17
1780611272.003,190.2,74,0.0,10.17
1780611272.103,190.2,74,0.0,10.17
1780611272.203,190.2,74,0.0,10.17
1780611272.303,190.2,74,0.0,10.17
1780611272.403,193.2,74,10.0,10.17
1780611272.503,193.2,74,0.0,10.17
1780611272.604,193.2,74,0.0,10.17
1780611272.704,193.2,74,0.0,10.17
1780611272.804,193.2,74,0.0,10.17
1780611272.904,193.2,74,0.0,10.17
1780611273.004,196.0,74,30.0,10.17
1780611273.104,196.0,74,0.0,10.17
1780611273.204,196.0,74,0.0,10.17
1780611273.305,196.0,74,0.0,10.17
1780611273.405,196.0,74,0.0,10.17
1780611273.505,196.0,74,0.0,10.17
1780611273.606,203.0,74,39.6,10.17
1780611273.706,178.9,74,10.0,10.17
1780611273.806,178.9,74,0.0,10.17
1780611273.906,178.9,74,0.0,10.17
1780611274.006,189.2,74,10.0,10.17
1780611274.106,189.2,74,0.0,10.17
1780611274.207,189.2,74,0.0,10.17
1780611274.307,189.2,74,0.0,10.17
1780611274.407,189.2,74,0.0,10.17
1780611274.507,189.2,74,0.0,10.17
1780611274.607,189.2,74,0.0,10.17
1780611274.707,189.2,74,0.0,10.17
1780611274.807,189.2,74,0.0,10.17
1780611274.908,189.7,74,9.9,10.17
1780611275.008,199.1,74,29.9,10.17
1780611275.108,199.1,74,0.0,10.17
1780611275.209,199.1,74,0.0,10.17
1780611275.309,199.1,74,0.0,10.17
1780611275.409,199.1,74,0.0,10.17
1780611275.509,199.1,74,0.0,10.17
1780611275.609,199.1,74,0.0,4.90
1780611275.709,200.0,74,20.0,4.90
1780611275.810,200.0,74,0.0,4.90
1780611275.910,200.0,74,0.0,4.90
1780611276.010,200.0,74,0.0,4.90
1780611276.110,200.0,74,0.0,4.90
1780611276.210,202.4,74,30.0,4.90
1780611276.310,202.4,74,0.0,4.90
1780611276.410,202.4,74,0.0,4.90
1780611276.510,202.4,74,0.0,4.90
1780611276.611,202.4,74,0.0,4.90
1780611276.711,202.4,74,0.0,4.90
1780611276.811,202.4,74,0.0,4.90
1780611276.911,202.4,74,0.0,4.90
1780611277.011,202.4,74,0.0,4.90
1780611277.111,202.4,74,10.0,4.90
1780611277.211,202.4,74,0.0,4.90
1780611277.311,202.4,74,0.0,4.90
1780611277.412,202.4,74,0.0,4.90
1780611277.512,204.3,74,10.0,4.90
1780611277.612,178.9,74,49.9,12.03
1780611277.712,178.9,74,0.0,12.03
1780611277.812,178.9,74,0.0,12.03
1780611277.912,178.9,74,0.0,12.03
1780611278.012,178.9,74,0.0,12.03
1780611278.113,178.9,74,0.0,12.03
1780611278.213,188.7,74,20.0,12.03
1780611278.313,188.7,74,0.0,4.90
1780611278.413,188.7,74,0.0,4.90
1780611278.513,188.7,74,0.0,4.90
1780611278.613,200.2,74,30.0,6.92
1780611278.713,200.2,74,0.0,6.92
1780611278.813,200.2,74,0.0,6.92
1780611278.914,200.2,74,0.0,6.92
1780611279.014,200.2,74,0.0,6.92
1780611279.114,200.2,74,0.0,6.92
1780611279.214,200.4,74,0.0,6.92
1780611279.314,200.4,74,0.0,6.92
1780611279.415,200.4,74,29.8,6.92
1780611279.515,204.4,74,20.0,6.92
1780611279.615,204.4,74,0.0,6.92
1780611279.715,204.4,74,0.0,6.92
1780611279.815,204.4,74,0.0,6.92
1780611279.915,204.4,74,0.0,6.92
1780611280.015,204.4,74,0.0,6.92
1780611280.115,204.4,74,0.0,6.92
1780611280.216,204.4,74,0.0,6.92
1780611280.316,204.4,74,0.0,6.92
1780611280.416,204.4,74,0.0,6.92
1780611280.516,204.9,74,10.0,6.92
1780611280.616,204.9,74,0.0,6.92
1780611280.716,204.9,74,0.0,6.92
1780611280.816,204.9,74,0.0,6.92
1780611280.917,204.9,74,0.0,6.92
1780611281.017,204.9,74,0.0,6.92
1780611281.117,204.9,74,0.0,6.92
1780611281.217,204.9,74,0.0,6.92
1780611281.317,205.6,74,30.0,6.92
1780611281.417,205.6,74,20.0,6.92
1780611281.517,205.6,74,0.0,6.92
1780611281.617,205.6,74,0.0,6.92
1780611281.718,205.6,74,0.0,6.92
1780611281.818,205.6,74,0.0,6.92
1780611281.918,205.6,74,0.0,6.92
1780611282.018,178.9,74,59.9,6.92
1780611282.118,178.9,74,0.0,6.92
1780611282.218,186.7,74,0.0,6.92
1780611282.318,186.7,74,0.0,6.92
1780611282.418,186.7,74,0.0,6.92
1780611282.519,186.7,74,0.0,6.92
1780611282.619,186.7,74,0.0,6.92
1780611282.720,195.2,74,9.9,6.92
1780611282.821,198.1,74,29.9,6.92
1780611282.921,200.1,74,10.0,6.92
1780611283.021,200.1,74,0.0,6.92
1780611283.121,200.1,74,0.0,6.92
1780611283.221,202.1,74,10.0,6.92
1780611283.321,202.1,74,0.0,6.92
1780611283.421,202.1,74,0.0,6.92
1780611283.521,202.1,74,0.0,6.92
1780611283.622,202.1,74,0.0,6.92
1780611283.723,202.1,74,29.5,6.92
1780611283.823,202.1,74,10.0,6.92
1780611283.924,202.1,74,10.0,6.92
1780611284.024,202.1,74,0.0,1.72
1780611284.124,202.1,74,0.0,1.72
1780611284.224,202.1,74,0.0,1.72
1780611284.324,202.1,74,0.0,1.72
1780611284.424,202.1,74,0.0,1.72
1780611284.524,202.1,74,0.0,1.72
1780611284.624,202.1,74,0.0,1.72
1780611284.725,202.1,74,0.0,1.72
1780611284.825,202.1,74,0.0,1.72
1780611284.925,202.1,74,0.0,1.72
1780611285.025,202.1,74,0.0,1.66
1780611285.125,202.1,74,0.0,1.66
1780611285.225,202.1,74,0.0,1.66
1780611285.325,202.1,74,0.0,1.66
1780611285.425,202.1,74,0.0,1.66
1780611285.526,202.1,74,0.0,1.66
1780611285.626,202.1,74,0.0,1.66
1780611285.726,202.1,74,20.0,1.66
1780611285.826,202.3,74,30.0,1.66
1780611285.926,202.3,74,0.0,1.66
1780611286.026,202.3,74,0.0,1.66
1780611286.126,202.3,74,0.0,1.66
1780611286.226,202.3,74,0.0,1.66
1780611286.327,202.3,74,0.0,1.66
1780611286.427,202.3,74,0.0,1.66
1780611286.527,202.3,74,0.0,1.66
1780611286.627,202.3,74,0.0,1.66
1780611286.727,202.3,74,0.0,1.66
1780611286.827,202.3,74,0.0,1.66
1780611286.927,178.9,74,69.9,1.72
1780611287.027,178.9,74,0.0,1.72
1780611287.128,178.9,74,0.0,1.72
1780611287.228,178.9,74,0.0,1.72
1780611287.328,178.9,74,0.0,1.72
1780611287.428,178.9,74,0.0,1.72
1780611287.528,178.9,74,0.0,1.72
1780611287.628,195.2,74,20.0,7.31
1780611287.728,195.2,74,0.0,7.31
1780611287.828,195.2,74,0.0,7.31
1780611287.929,195.2,74,0.0,7.31
1780611288.029,195.2,74,10.0,7.31
1780611288.129,195.2,74,0.0,7.31
1780611288.229,195.7,74,20.0,7.31
1780611288.329,195.7,74,0.0,7.31
1780611288.429,195.7,74,0.0,7.31
1780611288.529,195.7,74,0.0,7.31
1780611288.629,195.7,74,0.0,7.31
1780611288.730,195.7,74,0.0,7.31
1780611288.830,195.7,74,10.0,7.31
1780611288.931,198.2,74,9.9,7.31
1780611289.031,200.9,74,39.9,7.31
1780611289.131,200.9,74,0.0,7.31
1780611289.231,200.9,74,0.0,7.31
1780611289.332,200.9,74,0.0,7.31
1780611289.432,200.9,74,0.0,7.31
1780611289.532,200.9,74,0.0,7.31
1780611289.632,200.9,74,0.0,7.31
1780611289.732,200.9,74,0.0,7.31
1780611289.832,200.9,74,0.0,7.31
1780611289.932,178.9,74,39.9,7.31
1780611290.033,178.9,74,0.0,7.31
1780611290.133,178.9,74,0.0,7.31
1780611290.233,178.9,74,0.0,7.31
1780611290.333,178.9,74,0.0,7.31
1780611290.433,178.9,74,0.0,7.31
1780611290.533,178.9,74,0.0,7.31
1780611290.633,178.9,74,0.0,7.31
1780611290.733,178.9,74,0.0,7.31
1780611290.833,188.7,74,10.0,7.31
1780611290.934,188.7,74,0.0,7.31
1780611291.034,188.7,74,0.0,7.31
1780611291.134,188.7,74,0.0,7.31
1780611291.236,189.2,74,9.8,7.31
1780611291.336,194.8,74,29.9,7.31
1780611291.436,194.8,74,0.0,7.31
1780611291.536,194.8,74,0.0,7.31
1780611291.636,194.8,74,0.0,7.31
1780611291.736,194.8,74,0.0,7.31
1780611291.837,194.8,74,0.0,7.31
1780611291.937,194.8,74,0.0,7.31
1780611292.037,194.8,74,0.0,7.31
1780611292.137,194.8,74,0.0,7.31
1780611292.237,194.8,74,0.0,7.31
1780611292.337,194.8,74,0.0,7.31
1780611292.437,194.8,74,0.0,7.31
1780611292.538,194.8,74,0.0,7.31
1780611292.638,194.8,74,0.0,7.31
1780611292.738,178.9,74,79.9,7.47
1780611292.838,178.9,74,0.0,7.47
1780611292.938,178.9,74,0.0,7.47
1780611293.038,178.9,74,0.0,7.47
1780611293.138,178.9,74,0.0,7.47
1780611293.239,178.9,74,0.0,7.47
1780611293.339,188.8,74,10.0,7.31
1780611293.439,188.8,74,0.0,7.31
1780611293.539,188.8,74,0.0,7.31
1780611293.640,189.2,74,0.0,7.31
1780611293.740,189.2,74,0.0,7.31
1780611293.840,196.0,74,39.9,7.47
1780611293.941,196.0,74,0.0,7.47
1780611294.041,196.0,74,0.0,7.47
1780611294.141,196.0,74,0.0,7.47
1780611294.241,196.0,74,0.0,7.47
1780611294.341,196.0,74,0.0,7.47
1780611294.441,196.0,74,0.0,7.47
1780611294.541,196.0,74,0.0,7.47
1780611294.641,196.0,74,0.0,7.47
1780611294.742,178.9,74,49.9,7.47
1780611294.842,178.9,74,0.0,7.47
1780611294.942,178.9,74,0.0,7.47
1780611295.042,178.9,74,0.0,7.47
1780611295.142,178.9,74,0.0,7.47
1780611295.242,178.9,74,0.0,7.47
1780611295.343,186.2,74,10.0,7.47
1780611295.443,186.2,74,0.0,7.47
1780611295.543,186.2,74,0.0,7.47
1780611295.643,186.2,74,0.0,7.47
1780611295.743,186.2,74,0.0,7.47
1780611295.843,199.5,74,39.9,7.47
1780611295.943,199.5,74,0.0,7.47
1780611296.043,199.5,74,0.0,7.47
1780611296.144,199.5,74,0.0,7.47
1780611296.244,199.5,74,0.0,7.47
1780611296.344,199.5,74,0.0,7.47
1780611296.444,199.5,74,0.0,7.47
1780611296.544,203.7,74,10.0,7.47
1780611296.644,203.7,74,0.0,7.47
1780611296.744,203.7,74,0.0,7.47
1780611296.845,203.7,74,0.0,7.47
1780611296.945,203.7,74,0.0,7.47
1780611297.045,205.9,74,39.9,7.47
1780611297.145,205.9,74,0.0,7.47
1780611297.245,205.9,74,0.0,7.47
1780611297.345,205.9,74,0.0,7.47
1780611297.445,205.9,74,0.0,7.47
1780611297.545,205.9,74,0.0,7.47
1780611297.646,205.9,74,0.0,7.47
1780611297.746,205.9,74,0.0,7.47
1780611297.846,205.9,74,0.0,7.47
1780611297.946,205.9,74,0.0,7.47
1780611298.046,205.9,74,0.0,7.47
1780611298.146,205.9,74,0.0,7.47
1780611298.246,205.9,74,0.0,7.47
1780611298.346,205.9,74,0.0,7.47
1780611298.447,205.9,74,0.0,7.47
1780611298.547,178.9,74,69.9,7.47
1780611298.647,178.9,74,0.0,7.47
1780611298.747,178.9,74,0.0,7.47
1780611298.847,178.9,74,0.0,7.47
1780611298.947,178.9,74,0.0,7.47
1780611299.047,178.9,74,0.0,7.47
1780611299.147,189.3,74,10.0,1.97
1780611299.248,189.3,74,0.0,1.97
1780611299.348,189.3,74,0.0,1.97
1780611299.448,189.3,74,0.0,1.97
1780611299.548,198.8,74,39.9,1.97
1780611299.648,198.8,74,0.0,1.97
1780611299.748,198.8,74,0.0,1.97
1780611299.848,198.8,74,0.0,1.97
1780611299.948,198.8,74,0.0,1.97
1780611300.049,198.8,74,0.0,1.97
1780611300.149,198.8,74,0.0,1.97
1780611300.249,198.8,74,0.0,1.77
1780611300.349,198.8,74,0.0,1.77
1780611300.451,199.8,74,29.4,1.77
1780611300.551,199.8,74,10.0,1.97
1780611300.651,199.8,74,0.0,1.97
1780611300.751,199.8,74,0.0,1.97
1780611300.852,199.8,74,0.0,1.97
1780611300.952,199.8,74,0.0,1.97
1780611301.052,199.8,74,0.0,1.97
1780611301.152,199.8,74,0.0,1.97
1780611301.252,199.8,74,0.0,1.97
1780611301.352,199.8,74,0.0,1.97
1780611301.452,200.3,74,20.0,1.97
1780611301.552,200.3,74,0.0,1.97
1780611301.653,200.3,74,0.0,1.97
1780611301.753,200.3,74,0.0,1.97
1780611301.853,200.3,74,0.0,1.97
1780611301.953,200.3,74,0.0,1.97
1780611302.054,200.8,74,19.8,1.97
1780611302.154,200.8,74,10.0,2.27
1780611302.256,200.8,74,9.8,2.27
1780611302.356,201.0,74,20.0,12.29
1780611302.456,201.0,74,0.0,12.29
1780611302.556,201.0,74,0.0,12.29
1780611302.656,201.0,74,0.0,12.29
1780611302.757,201.0,74,10.0,12.29
1780611302.857,201.0,74,0.0,12.29
1780611302.957,178.9,74,30.0,12.29
1780611303.057,178.9,74,0.0,12.29
1780611303.157,178.9,74,0.0,12.29
1780611303.257,178.9,74,0.0,12.29
1780611303.357,178.9,74,0.0,12.29
1780611303.457,178.9,74,0.0,12.29
1780611303.557,186.7,74,10.0,12.29
1780611303.658,186.7,74,0.0,12.29
1780611303.758,186.7,74,0.0,12.29
1780611303.858,198.4,74,49.9,12.67
1780611303.958,198.4,74,0.0,12.67
1780611304.058,198.4,74,0.0,12.67
1780611304.158,198.4,74,0.0,12.67
1780611304.258,198.4,74,0.0,12.67
1780611304.358,198.4,74,0.0,12.67
1780611304.459,198.4,74,0.0,12.67
1780611304.559,198.4,74,0.0,12.67
1780611304.659,198.4,74,0.0,12.67
1780611304.759,200.4,74,10.0,12.67
1780611304.859,200.4,74,0.0,12.67
1780611304.959,200.4,74,0.0,12.67
1780611305.059,200.4,74,0.0,12.67
1780611305.160,200.4,74,0.0,12.67
1780611305.260,200.4,74,0.0,12.67
1780611305.360,200.4,74,0.0,12.67
1780611305.460,202.9,74,30.0,12.67
1780611305.560,202.9,74,0.0,12.67
1780611305.660,203.4,74,30.0,12.67
1780611305.760,203.4,74,0.0,12.67
1780611305.861,203.4,74,0.0,12.67
1780611305.961,203.4,74,0.0,12.67
1780611306.061,203.4,74,0.0,12.67
1780611306.161,203.4,74,0.0,12.67
1780611306.261,205.4,74,20.0,12.67
1780611306.361,205.4,74,20.0,12.67
1780611306.461,205.4,74,0.0,12.67
1780611306.562,205.4,74,0.0,12.67
1780611306.662,205.4,74,0.0,12.67
1780611306.762,205.4,74,10.0,12.67
1780611306.862,205.4,74,0.0,12.67
1780611306.962,205.4,74,0.0,12.67
1780611307.062,178.9,74,39.9,12.67
1780611307.162,178.9,74,0.0,12.67
1780611307.262,178.9,74,0.0,12.67
1780611307.363,178.9,74,0.0,12.67
1780611307.463,178.9,74,0.0,12.67
1780611307.563,178.9,74,0.0,12.67
1780611307.663,178.9,74,0.0,12.67
1780611307.763,188.8,74,20.0,12.67
1780611307.863,188.8,74,0.0,12.67
1780611307.963,188.8,74,0.0,12.67
1780611308.063,188.8,74,0.0,12.67
1780611308.164,188.8,74,0.0,12.67
1780611308.264,188.8,74,0.0,12.67
1780611308.364,196.3,74,29.9,12.67
1780611308.464,196.3,74,10.0,12.67
1780611308.564,196.3,74,0.0,12.67
1780611308.664,196.3,74,0.0,12.67
1780611308.765,196.3,74,0.0,2.58
1780611308.865,196.3,74,0.0,2.58
1780611308.965,196.3,74,0.0,2.58
1780611309.065,196.3,74,0.0,2.58
1780611309.165,196.3,74,0.0,2.58
1780611309.265,196.3,74,0.0,2.58
1780611309.365,199.0,74,10.0,2.58
1780611309.466,199.3,74,9.9,2.58
1780611309.566,202.0,74,20.0,2.58
1780611309.667,202.0,74,0.0,2.58
1780611309.767,202.0,74,0.0,2.58
1780611309.867,202.0,74,0.0,2.58
1780611309.967,202.0,74,0.0,1.84
1780611310.067,202.0,74,0.0,1.84
1780611310.167,202.0,74,0.0,1.84
1780611310.267,202.0,74,0.0,0.97
1780611310.367,202.0,74,0.0,0.97
1780611310.468,202.0,74,10.0,0.97
1780611310.568,202.0,74,0.0,0.97
1780611310.668,202.0,74,0.0,0.97
1780611310.768,202.0,74,0.0,0.97
1780611310.868,178.9,74,69.9,1.84
1780611310.969,178.9,74,0.0,1.84
1780611311.069,178.9,74,0.0,1.84
1780611311.169,178.9,74,0.0,1.84
1780611311.269,188.8,74,10.0,1.84
1780611311.369,188.8,74,0.0,1.84
1780611311.469,188.8,74,0.0,1.84
1780611311.570,189.3,74,0.0,1.84
1780611311.670,189.3,74,0.0,1.84
1780611311.770,194.0,74,30.0,1.84
1780611311.870,194.0,74,0.0,1.84
1780611311.970,194.0,74,0.0,1.84
1780611312.070,194.0,74,10.0,1.84
1780611312.170,194.0,74,0.0,0.97
1780611312.271,194.0,74,0.0,0.97
1780611312.371,194.3,74,20.0,0.97
1780611312.471,194.3,74,0.0,0.97
1780611312.571,194.3,74,0.0,0.97
1780611312.671,194.3,74,0.0,0.97
1780611312.771,194.3,74,0.0,0.97
1780611312.871,194.3,74,0.0,0.97
1780611312.971,194.3,74,0.0,0.97
1780611313.071,194.3,74,0.0,0.97
1780611313.172,197.0,74,10.0,0.97
1780611313.272,197.0,74,0.0,1.10
1780611313.374,202.0,74,19.7,1.10
1780611313.474,202.2,74,10.0,1.10
1780611313.574,202.2,74,0.0,1.10
1780611313.674,202.2,74,0.0,1.10
1780611313.774,202.2,74,0.0,1.10
1780611313.874,202.2,74,0.0,1.10
1780611313.974,202.2,74,0.0,1.10
1780611314.074,202.2,74,0.0,1.10
1780611314.175,202.2,74,0.0,1.10
1780611314.275,202.2,74,0.0,1.10
1780611314.375,203.2,74,39.9,1.10
1780611314.475,203.2,74,0.0,1.10
1780611314.575,203.2,74,0.0,1.10
1780611314.675,203.2,74,0.0,1.10
1780611314.775,203.2,74,0.0,1.10
1780611314.875,203.2,74,0.0,1.10
1780611314.976,203.2,74,0.0,1.10
1780611315.076,203.2,74,0.0,1.10
1780611315.176,203.2,74,0.0,1.10
1780611315.276,203.2,74,0.0,1.10
1780611315.376,203.2,74,0.0,1.10
1780611315.476,203.2,74,0.0,1.10
1780611315.576,203.7,74,20.0,1.10
1780611315.676,203.7,74,0.0,1.10
1780611315.777,205.4,74,49.9,11.85
1780611315.877,205.4,74,0.0,11.85
1780611315.977,205.4,74,0.0,11.85
1780611316.077,205.4,74,0.0,11.85
1780611316.177,205.4,74,0.0,11.85
1780611316.277,205.4,74,0.0,11.85
1780611316.377,205.4,74,0.0,11.85
1780611316.477,205.4,74,0.0,11.85
1780611316.578,205.4,74,0.0,11.85
1780611316.678,205.4,74,0.0,11.85
1780611316.778,205.4,74,0.0,11.85
1780611316.880,211.0,74,49.1,11.85
1780611316.980,179.0,74,10.0,17.88
1780611317.080,179.0,74,0.0,17.88
1780611317.180,179.0,74,0.0,17.88
1780611317.280,189.3,74,20.0,17.88
1780611317.380,189.3,74,0.0,17.88
1780611317.480,189.3,74,0.0,17.88
1780611317.581,189.3,74,0.0,17.88
1780611317.681,189.3,74,0.0,17.88
1780611317.781,196.6,74,30.0,17.88
1780611317.881,196.6,74,0.0,17.88
1780611317.981,196.6,74,0.0,17.88
1780611318.081,196.6,74,0.0,17.88
1780611318.181,196.6,74,0.0,17.88
1780611318.281,196.6,74,0.0,17.88
1780611318.382,196.6,74,0.0,17.88
1780611318.482,196.6,74,0.0,17.88
1780611318.582,196.6,74,0.0,17.88
1780611318.682,196.6,74,10.0,17.88
1780611318.782,196.6,74,0.0,17.88
1780611318.882,196.6,74,0.0,17.88
1780611318.982,196.6,74,0.0,17.88
1780611319.082,196.6,74,0.0,17.88
1780611319.183,196.6,74,0.0,17.88
1780611319.283,196.6,74,0.0,17.88
1780611319.383,196.6,74,0.0,17.88
1780611319.483,196.6,74,0.0,17.88
1780611319.583,196.6,74,0.0,17.88
1780611319.683,196.6,74,0.0,17.88
1780611319.783,199.3,74,20.0,17.88
1780611319.884,199.3,74,0.0,17.88
1780611319.984,201.8,74,30.0,17.88
1780611320.084,201.8,74,0.0,17.88
1780611320.184,201.8,74,0.0,17.88
1780611320.284,201.8,74,0.0,17.88
1780611320.384,201.8,74,0.0,17.88
1780611320.484,201.8,74,0.0,17.88
1780611320.584,201.8,74,0.0,17.88
1780611320.685,201.8,74,0.0,17.88
1780611320.785,201.8,74,0.0,17.88
1780611320.885,205.2,74,49.9,17.88
1780611320.985,205.2,74,0.0,17.88
1780611321.085,205.2,74,0.0,17.88
1780611321.185,205.2,74,0.0,17.88
1780611321.285,205.2,74,0.0,17.88
1780611321.385,205.2,74,0.0,17.88
1780611321.486,205.2,74,0.0,17.88
1780611321.586,205.5,74,10.0,17.88
1780611321.686,205.5,74,0.0,17.88
1780611321.786,205.5,74,0.0,17.88
1780611321.886,205.5,74,0.0,17.88
1780611321.986,206.2,74,39.9,17.88
1780611322.086,206.2,74,0.0,17.88
1780611322.187,206.2,74,0.0,17.88
1780611322.287,206.2,74,0.0,6.40
1780611322.387,206.2,74,0.0,6.40
1780611322.487,206.2,74,0.0,6.40
1780611322.587,206.2,74,0.0,6.40
1780611322.687,206.2,74,0.0,6.40
1780611322.787,206.2,74,0.0,6.40
1780611322.887,206.2,74,0.0,6.40
1780611322.988,206.2,74,0.0,6.40
1780611323.088,206.2,74,0.0,6.40
1780611323.188,206.2,74,0.0,6.40
1780611323.288,206.2,74,0.0,6.40
1780611323.388,206.2,74,0.0,0.95
1780611323.489,211.0,74,39.7,0.95
1780611323.589,186.8,74,30.0,0.95
1780611323.689,186.8,74,0.0,0.95
1780611323.789,186.8,74,0.0,0.95
1780611323.889,186.8,74,0.0,0.95
1780611323.989,186.8,74,0.0,0.95
1780611324.089,186.8,74,0.0,0.95
1780611324.190,189.6,74,10.0,0.95
1780611324.290,189.6,74,0.0,1.59
1780611324.390,189.6,74,0.0,1.59
1780611324.490,189.6,74,10.0,1.59
1780611324.590,189.6,74,0.0,1.59
1780611324.690,199.1,74,30.0,1.59
1780611324.790,199.1,74,0.0,1.59
1780611324.890,199.1,74,0.0,1.59
1780611324.991,199.1,74,0.0,1.59
1780611325.091,199.1,74,0.0,1.59
1780611325.191,199.1,74,0.0,1.59
1780611325.291,199.1,74,0.0,1.59
1780611325.391,199.1,74,0.0,1.59
1780611325.491,199.1,74,0.0,1.59
1780611325.591,199.1,74,0.0,1.59
1780611325.691,199.1,74,10.0,1.59
1780611325.792,179.0,74,39.9,1.59
1780611325.892,179.0,74,0.0,1.59
1780611325.992,179.0,74,0.0,1.59
1780611326.092,179.0,74,0.0,1.59
1780611326.192,179.0,74,0.0,1.59
1780611326.292,179.0,74,0.0,1.59
1780611326.392,179.0,74,0.0,1.59
1780611326.492,179.0,74,0.0,1.59
1780611326.593,188.8,74,20.0,1.59
1780611326.693,188.8,74,0.0,1.59
1780611326.793,188.8,74,0.0,1.59
1780611326.893,188.8,74,0.0,1.59
1780611326.993,188.8,74,0.0,1.59
1780611327.093,188.8,74,0.0,1.59
1780611327.193,188.8,74,0.0,1.59
1780611327.294,200.1,74,30.0,1.59
1780611327.394,202.1,74,20.0,1.59
1780611327.494,202.1,74,0.0,1.59
1780611327.594,202.1,74,0.0,1.59
1780611327.694,202.1,74,0.0,1.59
1780611327.794,202.1,74,0.0,1.59
1780611327.894,202.1,74,0.0,1.59
1780611327.995,203.3,74,49.9,1.59
1780611328.095,204.1,74,0.0,1.59
1780611328.195,204.3,74,10.0,1.59
1780611328.295,205.0,74,10.0,1.59
1780611328.395,205.0,74,0.0,1.59
1780611328.495,205.0,74,10.0,1.59
1780611328.596,205.0,74,0.0,1.59
1780611328.696,205.0,74,10.0,1.59
1780611328.796,205.0,74,20.0,1.59
1780611328.896,205.0,74,0.0,1.59
1780611328.996,205.0,74,0.0,1.59
1780611329.096,205.0,74,0.0,1.59
1780611329.196,205.0,74,0.0,1.59
1780611329.296,205.0,74,0.0,1.59
1780611329.397,205.0,74,10.0,1.59
1780611329.497,205.0,74,0.0,1.59
1780611329.597,205.0,74,0.0,1.59
1780611329.697,205.0,74,10.0,1.59
1780611329.797,205.0,74,30.0,1.59
1780611329.897,205.0,74,0.0,1.59
1780611329.997,205.0,74,0.0,1.59
1780611330.097,205.0,74,0.0,1.59
1780611330.198,205.0,74,0.0,1.59
1780611330.298,205.0,74,0.0,1.59
1780611330.398,205.0,74,0.0,1.59
1780611330.498,205.0,74,0.0,1.59
1780611330.598,205.0,74,0.0,1.59
1780611330.698,205.0,74,20.0,1.05
1780611330.798,205.0,74,0.0,1.05
1780611330.898,205.0,74,0.0,1.05
1780611330.999,205.0,74,0.0,1.05
1780611331.100,205.5,74,19.6,1.05
1780611331.201,205.5,74,10.0,1.05
1780611331.301,205.5,74,0.0,1.05
1780611331.401,205.5,74,0.0,1.05
1780611331.501,205.5,74,0.0,1.05
1780611331.601,205.5,74,0.0,1.05
1780611331.701,205.5,74,0.0,1.05
1780611331.801,205.5,74,0.0,1.05
1780611331.901,205.5,74,0.0,1.05
1780611332.002,205.5,74,0.0,1.05
1780611332.102,205.5,74,0.0,1.05
1780611332.202,205.5,74,20.0,1.05
1780611332.302,205.5,74,0.0,1.05
1780611332.402,205.5,74,30.0,1.05
1780611332.502,205.5,74,0.0,1.05
1780611332.602,205.5,74,0.0,1.05
1780611332.703,205.5,74,0.0,1.05
1780611332.803,205.5,74,0.0,1.05
1780611332.903,205.5,74,0.0,1.05
1780611333.003,205.5,74,0.0,1.05
1780611333.103,205.5,74,0.0,1.05
1780611333.203,205.5,74,10.0,1.05
1780611333.303,205.5,74,0.0,1.05
1780611333.403,205.5,74,0.0,1.05
1780611333.503,205.5,74,0.0,1.05
1780611333.604,205.5,74,0.0,1.05
1780611333.706,206.0,74,9.8,1.03
1780611333.806,206.0,74,49.9,1.05
1780611333.906,206.0,74,0.0,1.05
1780611334.007,206.0,74,0.0,1.05
1780611334.107,206.0,74,20.0,1.05
1780611334.207,206.0,74,0.0,1.05
1780611334.307,206.0,74,0.0,1.05
1780611334.407,206.0,74,0.0,1.05
1780611334.507,206.0,74,10.0,1.05
1780611334.607,206.0,74,20.0,1.05
1780611334.707,206.0,74,0.0,1.05
1780611334.808,206.0,74,0.0,1.05
1780611334.908,206.0,74,0.0,1.05
1780611335.008,206.0,74,0.0,1.05
1780611335.108,206.0,74,10.0,1.05
1780611335.208,206.0,74,0.0,1.05
1780611335.308,206.0,74,0.0,1.05
1780611335.408,206.0,74,0.0,1.05
1780611335.508,206.0,74,0.0,1.05
1780611335.609,206.0,74,0.0,1.05
1780611335.709,206.0,74,0.0,1.05
1780611335.809,206.0,74,0.0,1.05
1780611335.909,206.0,74,0.0,1.03
1780611336.009,206.0,74,0.0,1.03
1780611336.109,206.0,74,0.0,1.03
1780611336.210,206.0,74,9.9,1.03
1780611336.311,206.0,74,10.0,1.03
1780611336.411,206.0,74,0.0,1.03
1780611336.511,206.0,74,0.0,1.03
1780611336.612,206.0,74,19.8,1.03
1780611336.712,206.0,74,10.0,1.03
1780611336.812,206.0,74,10.0,1.03
1780611336.912,206.0,74,0.0,1.03
1780611337.013,206.0,74,0.0,1.03
1780611337.113,206.0,74,0.0,1.03
1780611337.213,206.0,74,0.0,1.03
1780611337.313,206.0,74,0.0,1.03
1780611337.413,206.0,74,0.0,1.03
1780611337.513,206.8,74,39.9,5.74
1780611337.613,206.8,74,0.0,5.74
1780611337.713,206.8,74,0.0,5.74
1780611337.814,206.8,74,0.0,5.74
1780611337.914,206.8,74,0.0,5.74
1780611338.014,206.9,74,30.0,5.74
1780611338.114,206.9,74,0.0,5.74
1780611338.214,207.3,74,39.9,12.94
1780611338.314,207.3,74,0.0,12.94
1780611338.414,207.3,74,0.0,12.94
1780611338.514,207.3,74,0.0,12.94
1780611338.615,207.3,74,0.0,12.94
1780611338.715,207.3,74,10.0,12.94
1780611338.815,207.3,74,0.0,12.94
1780611338.915,207.3,74,30.0,16.68
1780611339.015,207.3,74,0.0,16.68
1780611339.115,207.3,74,0.0,16.68
1780611339.215,207.3,74,10.0,16.68
1780611339.315,207.3,74,0.0,16.68
1780611339.416,207.3,74,0.0,16.68
1780611339.516,207.3,74,0.0,16.68
1780611339.616,207.3,74,0.0,16.68
1780611339.716,207.3,74,0.0,16.68
1780611339.816,207.5,74,30.0,16.68
1780611339.916,207.5,74,0.0,16.68
1780611340.016,207.5,74,0.0,16.68
1780611340.117,207.5,74,0.0,16.68
1780611340.217,207.5,74,0.0,16.68
1780611340.317,207.5,74,0.0,16.68
1780611340.417,207.5,74,0.0,16.68
1780611340.517,207.5,74,0.0,16.68
1780611340.617,207.5,74,0.0,16.68
1780611340.717,207.5,74,0.0,16.68
1780611340.817,207.5,74,30.0,16.68
1780611340.918,207.5,74,0.0,16.68
1780611341.018,207.5,74,0.0,16.68
1780611341.118,207.5,74,0.0,16.68
1780611341.218,207.5,74,0.0,16.68
1780611341.318,207.5,74,0.0,16.68
1780611341.418,207.5,74,0.0,16.68
1780611341.518,207.5,74,0.0,16.68
1780611341.618,207.5,74,0.0,16.68
1780611341.719,207.5,74,0.0,16.68
1780611341.819,207.5,74,0.0,16.68
1780611341.919,207.5,74,0.0,16.68
1780611342.019,207.5,74,0.0,16.68
1780611342.119,207.5,74,10.0,16.68
1780611342.219,207.5,74,0.0,16.68
1780611342.320,208.2,74,29.9,16.68
1780611342.420,208.2,74,0.0,16.68
1780611342.520,208.2,74,0.0,16.68
1780611342.620,208.2,74,0.0,16.68
1780611342.720,208.2,74,0.0,16.68
1780611342.820,208.2,74,0.0,16.68
1780611342.920,208.2,74,0.0,16.68
1780611343.021,208.2,74,0.0,16.68
1780611343.121,208.2,74,0.0,16.68
1780611343.221,208.2,74,0.0,16.68
1780611343.321,208.2,74,0.0,16.68
1780611343.426,210.9,74,58.6,16.68
1780611343.526,179.0,74,19.4,16.68
1780611343.626,179.0,74,0.0,16.68
1780611343.727,179.0,74,0.0,16.68
1780611343.827,179.0,74,0.0,16.68
1780611343.927,179.0,74,0.0,16.68
1780611344.027,198.6,74,30.0,15.74
1780611344.127,198.6,74,0.0,15.74
1780611344.227,198.6,74,0.0,15.74
1780611344.328,202.6,74,20.0,15.74
1780611344.428,202.6,74,10.0,15.74
1780611344.528,202.6,74,0.0,15.74
1780611344.628,202.6,74,0.0,15.74
1780611344.728,202.6,74,10.0,15.74
1780611344.829,202.6,74,10.0,15.74
1780611344.929,204.8,74,20.0,17.55
1780611345.029,204.8,74,0.0,17.55
1780611345.129,204.8,74,0.0,17.55
1780611345.229,204.8,74,10.0,17.55
1780611345.329,204.8,74,0.0,17.55
1780611345.429,204.8,74,10.0,15.74
1780611345.529,204.8,74,0.0,15.74
1780611345.630,204.8,74,0.0,15.74
1780611345.731,204.8,74,9.9,15.74
1780611345.831,204.8,74,20.0,15.74
1780611345.931,204.8,74,0.0,15.74
1780611346.031,204.8,74,0.0,15.74
1780611346.131,204.8,74,0.0,15.74
1780611346.231,204.8,74,0.0,15.74
1780611346.332,204.8,74,0.0,15.74
1780611346.432,204.8,74,0.0,15.74
1780611346.532,204.8,74,0.0,15.74
1780611346.632,204.8,74,0.0,15.74
1780611346.732,204.8,74,0.0,15.74
1780611346.832,204.8,74,0.0,15.74
1780611346.932,204.8,74,0.0,15.74
1780611347.032,204.8,74,0.0,15.74
1780611347.132,204.8,74,0.0,15.74
1780611347.233,204.8,74,0.0,15.74
1780611347.333,204.8,74,0.0,15.74
1780611347.433,204.8,74,0.0,15.74
1780611347.533,204.8,74,0.0,15.74
1780611347.633,204.8,74,0.0,15.74
1780611347.733,204.8,74,0.0,15.74
1780611347.833,204.8,74,0.0,15.74
1780611347.933,204.8,74,0.0,15.74
1780611348.034,204.8,74,0.0,15.74
1780611348.134,204.8,74,0.0,15.74
1780611348.234,204.8,74,0.0,15.74
1780611348.334,204.8,74,0.0,15.74
1780611348.434,207.7,74,49.9,15.74
1780611348.534,207.7,74,0.0,15.74
1780611348.634,207.7,74,0.0,15.74
1780611348.734,207.7,74,0.0,15.74
1780611348.835,207.7,74,10.0,15.74
1780611348.935,207.7,74,0.0,15.74
1780611349.035,207.7,74,0.0,15.74
1780611349.135,207.7,74,0.0,15.74
1780611349.235,207.7,74,0.0,15.74
1780611349.335,207.7,74,0.0,15.74
1780611349.435,207.7,74,0.0,15.74
1780611349.537,208.4,74,39.4,15.74
1780611349.637,179.0,74,29.9,15.74
1780611349.737,179.0,74,0.0,15.74
1780611349.837,179.0,74,0.0,15.74
1780611349.937,179.0,74,0.0,4.70
1780611350.038,201.9,74,39.9,4.70
1780611350.138,201.9,74,0.0,4.70
1780611350.238,201.9,74,0.0,4.70
1780611350.338,201.9,74,0.0,4.70
1780611350.438,201.9,74,0.0,4.70
1780611350.538,201.9,74,0.0,4.70
1780611350.638,201.9,74,0.0,4.70
1780611350.738,201.9,74,0.0,4.70
1780611350.839,205.4,74,39.9,4.70
1780611350.939,205.4,74,0.0,4.70
1780611351.039,205.4,74,0.0,4.70
1780611351.139,205.4,74,0.0,4.70
1780611351.239,207.4,74,20.0,4.70
1780611351.339,207.4,74,0.0,1.72
1780611351.439,207.4,74,0.0,1.72
1780611351.539,207.4,74,0.0,1.72
1780611351.640,207.4,74,10.0,1.72
1780611351.740,207.6,74,20.0,1.72
1780611351.840,207.6,74,10.0,1.72
1780611351.940,207.6,74,0.0,1.72
1780611352.040,207.6,74,0.0,1.72
1780611352.140,207.6,74,0.0,1.72
1780611352.240,207.6,74,0.0,1.72
1780611352.340,207.6,74,0.0,1.72
1780611352.441,207.6,74,0.0,1.72
1780611352.541,207.6,74,0.0,1.72
1780611352.641,207.6,74,0.0,1.72
1780611352.741,207.6,74,0.0,1.72
1780611352.841,207.8,74,20.0,1.72
1780611352.941,207.8,74,0.0,1.72
1780611353.041,207.8,74,0.0,1.72
1780611353.141,207.8,74,0.0,1.72
1780611353.242,207.8,74,0.0,1.72
1780611353.342,207.8,74,0.0,1.72
1780611353.442,207.8,74,0.0,1.72
1780611353.542,207.8,74,0.0,1.72
1780611353.642,207.8,74,0.0,1.72
1780611353.742,207.8,74,0.0,1.72
1780611353.842,207.8,74,0.0,1.72
1780611353.942,208.5,74,30.0,1.72
1780611354.043,208.5,74,0.0,1.72
1780611354.143,209.5,74,39.9,1.72
1780611354.243,209.5,74,20.0,1.72
1780611354.343,209.5,74,0.0,1.72
1780611354.443,209.5,74,0.0,1.72
1780611354.543,209.5,74,0.0,1.72
1780611354.643,209.5,74,0.0,1.72
1780611354.744,209.7,74,20.0,1.77
1780611354.844,209.7,74,0.0,1.77
1780611354.944,209.7,74,0.0,1.77
1780611355.044,209.7,74,0.0,1.77
1780611355.144,209.7,74,0.0,1.77
1780611355.244,209.7,74,0.0,1.77
1780611355.344,209.7,74,0.0,1.77
1780611355.445,209.7,74,10.0,1.77
1780611355.545,209.7,74,0.0,1.77
1780611355.650,209.7,74,19.6,1.77
1780611355.750,209.7,74,9.7,1.77
1780611355.850,209.7,74,0.0,1.77
1780611355.950,209.7,74,0.0,1.77
1780611356.050,209.7,74,0.0,1.72
1780611356.150,209.7,74,0.0,1.72
1780611356.251,209.7,74,0.0,1.72
1780611356.351,209.7,74,0.0,1.72
1780611356.451,209.7,74,0.0,1.72
1780611356.551,209.7,74,0.0,1.72
1780611356.651,209.7,74,0.0,1.72
1780611356.751,209.7,74,0.0,1.72
1780611356.851,209.7,74,10.0,1.72
1780611356.951,209.7,74,0.0,1.72
1780611357.052,209.7,74,0.0,1.72
1780611357.152,209.7,74,0.0,1.72
1780611357.253,210.9,74,39.7,1.72
1780611357.355,179.0,74,9.7,1.72
1780611357.456,179.0,74,0.0,1.72
1780611357.556,179.0,74,0.0,1.72
1780611357.656,179.0,74,0.0,1.72
1780611357.756,179.0,74,0.0,1.20
1780611357.856,179.0,74,0.0,1.20
1780611357.956,191.9,74,30.0,1.20
1780611358.056,191.9,74,0.0,1.20
1780611358.157,191.9,74,0.0,1.20
1780611358.257,191.9,74,0.0,1.20
1780611358.359,199.7,74,29.4,1.20
1780611358.459,199.7,74,0.0,1.20
1780611358.559,199.7,74,0.0,1.20
1780611358.659,199.7,74,0.0,1.20
1780611358.759,199.7,74,0.0,1.20
1780611358.859,199.7,74,0.0,1.20
1780611358.960,199.7,74,0.0,1.20
1780611359.060,199.7,74,0.0,1.20
1780611359.160,199.7,74,0.0,1.20
1780611359.260,199.7,74,0.0,1.20
1780611359.360,199.7,74,0.0,1.20
1780611359.460,199.7,74,0.0,1.20
1780611359.560,199.7,74,0.0,1.20
1780611359.660,199.7,74,0.0,1.20
1780611359.760,199.7,74,0.0,1.20
1780611359.861,202.6,74,59.9,0.97
1780611359.961,202.6,74,0.0,0.97
1780611360.061,202.6,74,0.0,0.97
1780611360.161,202.6,74,0.0,0.97
1780611360.261,202.6,74,0.0,0.97
1780611360.361,202.6,74,0.0,0.97
1780611360.461,202.6,74,0.0,0.97
1780611360.562,202.7,74,20.0,1.77
1780611360.662,202.7,74,0.0,1.77
1780611360.762,202.7,74,0.0,1.77
1780611360.862,202.7,74,0.0,1.77
1780611360.962,202.7,74,20.0,1.77
1780611361.062,202.7,74,0.0,1.77
1780611361.162,202.7,74,0.0,0.97
1780611361.263,202.7,74,0.0,0.97
1780611361.363,202.7,74,0.0,0.97
1780611361.463,202.7,74,0.0,0.97
1780611361.563,202.7,74,0.0,0.97
1780611361.663,202.7,74,0.0,0.97
1780611361.763,202.7,74,10.0,0.97
1780611361.863,202.7,74,0.0,0.97
1780611361.963,202.7,74,0.0,0.97
1780611362.064,202.7,74,0.0,0.97
1780611362.164,202.7,74,0.0,0.94
1780611362.264,202.7,74,0.0,0.94
1780611362.364,202.7,74,0.0,0.94
1780611362.464,179.0,74,59.9,6.00
1780611362.564,179.0,74,0.0,6.00
1780611362.664,179.0,74,0.0,6.00
1780611362.764,179.0,74,0.0,6.00
1780611362.865,179.0,74,0.0,6.00
1780611362.965,179.0,74,0.0,6.00
1780611363.065,179.0,74,0.0,6.00
1780611363.165,189.0,74,10.0,6.00
1780611363.265,189.0,74,0.0,6.00
1780611363.365,189.0,74,0.0,6.00
1780611363.465,189.0,74,0.0,6.00
1780611363.565,200.5,74,39.9,6.00
1780611363.666,200.5,74,0.0,6.00
1780611363.766,200.5,74,0.0,6.00
1780611363.866,200.5,74,0.0,6.00
1780611363.966,200.5,74,0.0,6.00
1780611364.066,200.5,74,0.0,6.00
1780611364.166,200.5,74,0.0,6.00
1780611364.266,200.5,74,10.0,6.00
1780611364.366,200.5,74,0.0,6.00
1780611364.467,200.5,74,0.0,6.00
1780611364.567,200.5,74,0.0,6.00
1780611364.667,200.5,74,0.0,6.00
1780611364.767,200.5,74,0.0,6.00
1780611364.867,200.5,74,0.0,6.00
1780611364.971,208.1,74,28.9,6.00
1780611365.071,179.1,74,29.9,6.00
1780611365.171,179.1,74,0.0,6.00
1780611365.271,179.1,74,0.0,6.00
1780611365.372,179.1,74,0.0,6.00
1780611365.472,179.1,74,0.0,6.00
1780611365.572,179.1,74,0.0,6.00
1780611365.672,179.1,74,0.0,6.00
1780611365.773,186.4,74,0.0,6.00
1780611365.873,188.6,74,10.0,6.00
1780611365.973,188.6,74,0.0,6.00
1780611366.074,188.6,74,0.0,6.00
1780611366.174,197.6,74,10.0,6.00
1780611366.274,198.1,74,30.0,6.00
1780611366.374,198.1,74,0.0,6.00
1780611366.474,198.1,74,0.0,6.00
1780611366.575,198.1,74,0.0,6.00
1780611366.675,198.1,74,0.0,6.00
1780611366.775,198.1,74,0.0,6.00
1780611366.875,198.1,74,0.0,6.00
1780611366.975,198.4,74,0.0,1.69
1780611367.075,199.1,74,39.9,1.69
1780611367.175,199.1,74,0.0,1.69
1780611367.276,199.1,74,0.0,1.69
1780611367.376,199.1,74,0.0,1.69
1780611367.478,201.4,74,9.8,1.69
1780611367.578,201.4,74,10.0,1.69
1780611367.679,201.4,74,0.0,1.69
1780611367.779,201.4,74,0.0,1.69
1780611367.879,201.4,74,0.0,1.69
1780611367.979,201.4,74,0.0,1.69
1780611368.079,201.4,74,0.0,1.69
1780611368.179,203.8,74,20.0,1.69
1780611368.279,203.8,74,0.0,1.69
1780611368.380,203.8,74,0.0,1.69
1780611368.480,203.8,74,0.0,1.69
1780611368.582,204.1,74,9.8,1.69
1780611368.682,204.3,74,20.0,1.69
1780611368.782,204.3,74,0.0,1.69
1780611368.882,204.3,74,0.0,1.61
1780611368.983,204.3,74,0.0,1.61
1780611369.083,204.3,74,0.0,1.61
1780611369.183,204.3,74,0.0,1.61
1780611369.283,204.3,74,0.0,1.61
1780611369.383,204.3,74,0.0,1.61
1780611369.483,204.3,74,10.0,1.61
1780611369.583,204.3,74,0.0,1.36
1780611369.683,204.3,74,0.0,1.36
1780611369.784,204.3,74,0.0,1.36
1780611369.884,204.3,74,0.0,1.36
1780611369.984,204.3,74,0.0,1.36
1780611370.084,179.1,74,49.9,1.61
1780611370.184,179.1,74,0.0,1.61
1780611370.284,179.1,74,0.0,1.61
1780611370.384,179.1,74,0.0,1.61
1780611370.484,179.1,74,0.0,1.61
1780611370.585,179.1,74,0.0,1.61
1780611370.685,189.1,74,20.0,1.61
1780611370.785,189.1,74,0.0,1.61
1780611370.885,189.1,74,0.0,1.61
1780611370.985,189.1,74,0.0,1.61
1780611371.085,189.1,74,0.0,1.61
1780611371.185,200.6,74,30.0,1.61
1780611371.286,200.6,74,0.0,1.61
1780611371.386,200.6,74,0.0,1.61
1780611371.486,200.6,74,0.0,1.61
1780611371.586,200.6,74,0.0,1.61
1780611371.686,200.6,74,0.0,1.61
1780611371.786,200.6,74,0.0,1.61
1780611371.886,200.6,74,0.0,1.61
1780611371.986,200.6,74,0.0,1.61
1780611372.087,200.6,74,10.0,1.61
1780611372.188,200.9,74,0.0,1.61
1780611372.288,201.4,74,29.9,1.30
1780611372.388,201.4,74,0.0,1.30
1780611372.488,201.4,74,0.0,1.30
1780611372.589,203.4,74,10.0,1.30
1780611372.689,203.6,74,10.0,1.30
1780611372.789,203.6,74,0.0,1.30
1780611372.889,203.6,74,0.0,1.30
1780611372.989,203.6,74,0.0,1.30
1780611373.089,203.6,74,0.0,1.30
1780611373.189,203.6,74,0.0,1.30
1780611373.290,206.1,74,20.0,1.30
1780611373.390,206.1,74,0.0,1.30
1780611373.490,206.1,74,0.0,1.02
1780611373.590,206.1,74,0.0,1.02
1780611373.690,206.1,74,0.0,1.02
1780611373.790,206.1,74,30.0,7.91
1780611373.890,206.1,74,0.0,7.91
1780611373.990,206.1,74,0.0,7.91
1780611374.091,206.1,74,0.0,7.91
1780611374.191,206.1,74,0.0,7.91
1780611374.291,206.1,74,0.0,7.91
1780611374.391,206.1,74,0.0,7.91
1780611374.491,206.1,74,0.0,7.91
1780611374.591,206.1,74,0.0,7.91
1780611374.691,206.1,74,0.0,7.91
1780611374.791,206.1,74,0.0,7.91
1780611374.892,206.1,74,0.0,7.91
1780611374.992,206.1,74,0.0,7.91
1780611375.092,206.1,74,0.0,7.91
1780611375.192,206.1,74,10.0,7.91
1780611375.295,210.8,74,39.0,7.91
1780611375.395,179.1,74,20.0,21.99
1780611375.495,179.1,74,0.0,21.99
1780611375.599,203.7,74,39.9,21.99
1780611375.699,179.1,74,9.7,21.99
1780611375.799,179.1,74,0.0,21.99
1780611375.899,179.1,74,0.0,21.99
1780611375.999,179.1,74,0.0,21.99
1780611376.099,179.1,74,0.0,21.99
1780611376.199,189.1,74,20.0,21.99
1780611376.299,189.1,74,0.0,21.99
1780611376.400,189.1,74,0.0,21.99
1780611376.500,189.1,74,0.0,21.99
1780611376.602,194.4,74,19.6,7.91
1780611376.702,194.4,74,10.0,7.91
1780611376.802,196.4,74,10.0,7.91
1780611376.902,196.4,74,0.0,7.91
1780611377.002,196.4,74,0.0,7.91
1780611377.102,196.4,74,0.0,7.91
1780611377.203,197.1,74,20.0,7.91
1780611377.303,197.1,74,0.0,7.91
1780611377.403,197.1,74,0.0,7.91
1780611377.503,197.1,74,0.0,7.91
1780611377.603,197.1,74,0.0,7.91
1780611377.703,200.1,74,39.9,7.91
1780611377.803,200.1,74,0.0,7.91
1780611377.903,200.1,74,0.0,7.91
1780611378.004,200.1,74,0.0,7.91
1780611378.104,200.8,74,10.0,7.91
1780611378.204,200.8,74,0.0,7.91
1780611378.304,200.8,74,0.0,7.91
1780611378.404,200.8,74,0.0,7.91
1780611378.504,200.8,74,0.0,7.91
1780611378.604,200.8,74,0.0,7.91
1780611378.705,200.8,74,0.0,7.91
1780611378.805,200.8,74,0.0,7.91
1780611378.905,200.8,74,0.0,7.91
1780611379.005,200.8,74,0.0,7.91
1780611379.105,200.8,74,0.0,7.91
1780611379.205,200.8,74,0.0,7.91
1780611379.305,200.8,74,0.0,7.91
1780611379.405,200.8,74,0.0,7.91
1780611379.506,200.8,74,0.0,7.91
1780611379.606,201.1,74,10.0,7.91
1780611379.706,201.1,74,0.0,7.91
1780611379.806,201.1,74,0.0,7.91
1780611379.906,201.1,74,0.0,7.91
1780611380.006,201.1,74,10.0,7.91
1780611380.106,201.1,74,0.0,7.91
1780611380.207,201.1,74,30.0,7.91
1780611380.307,201.1,74,0.0,4.64
1780611380.407,201.1,74,0.0,4.64
1780611380.507,201.1,74,0.0,4.64
1780611380.607,201.1,74,0.0,4.64
1780611380.707,201.1,74,0.0,4.64
1780611380.807,201.1,74,0.0,4.64
1780611380.910,205.1,74,29.2,4.64
1780611381.010,179.1,74,30.0,5.87
1780611381.110,179.1,74,0.0,5.87
1780611381.210,179.1,74,0.0,5.87
1780611381.311,179.1,74,0.0,5.87
1780611381.411,179.1,74,0.0,5.87
1780611381.511,179.1,74,0.0,5.87
1780611381.611,186.7,74,0.0,5.87
1780611381.711,186.7,74,0.0,5.87
1780611381.811,186.7,74,0.0,4.64
1780611381.911,186.7,74,0.0,4.64
1780611382.012,186.7,74,0.0,4.64
1780611382.112,186.7,74,0.0,4.64
1780611382.212,186.7,74,0.0,4.64
1780611382.314,208.2,74,49.2,4.64
1780611382.414,179.1,74,30.0,5.87
1780611382.514,186.7,74,0.0,5.87
1780611382.614,200.2,74,29.9,5.87
1780611382.714,200.2,74,0.0,5.87
1780611382.815,200.2,74,0.0,5.87
1780611382.915,200.2,74,0.0,5.87
1780611383.015,202.4,74,20.0,5.87
1780611383.115,202.4,74,0.0,5.87
1780611383.215,202.4,74,0.0,5.87
1780611383.315,202.4,74,0.0,5.87
1780611383.416,202.4,74,0.0,5.87
1780611383.516,202.4,74,0.0,5.87
1780611383.616,202.6,74,0.0,5.87
1780611383.716,202.9,74,10.0,5.87
1780611383.816,207.1,74,20.0,5.87
1780611383.916,207.1,74,0.0,5.87
1780611384.016,207.1,74,0.0,5.87
1780611384.116,207.1,74,20.0,5.87
1780611384.217,207.3,74,10.0,5.87
1780611384.317,207.3,74,0.0,5.87
1780611384.417,207.3,74,0.0,5.87
1780611384.517,207.3,74,0.0,5.87
1780611384.617,207.3,74,0.0,5.87
1780611384.717,207.3,74,30.0,7.18
1780611384.819,207.3,74,9.9,7.18
1780611384.919,207.3,74,0.0,7.18
1780611385.019,207.3,74,0.0,7.18
1780611385.119,207.3,74,0.0,7.18
1780611385.219,207.3,74,0.0,7.18
1780611385.319,207.3,74,0.0,7.18
1780611385.419,207.3,74,0.0,7.18
1780611385.520,207.3,74,0.0,7.18
1780611385.620,207.3,74,0.0,7.18
1780611385.720,207.3,74,0.0,7.18
1780611385.820,207.3,74,0.0,7.18
1780611385.920,207.3,74,0.0,7.18
1780611386.020,207.3,74,0.0,7.18
1780611386.120,207.3,74,0.0,7.18
1780611386.220,207.3,74,0.0,7.18
1780611386.321,207.3,74,0.0,7.18
1780611386.421,207.3,74,10.0,7.18
1780611386.521,207.3,74,0.0,7.18
1780611386.621,207.3,74,10.0,7.18
1780611386.721,207.3,74,0.0,7.18
1780611386.825,207.3,74,38.5,7.18
1780611386.925,207.3,74,0.0,7.18
1780611387.025,207.3,74,0.0,7.18
1780611387.125,207.3,74,0.0,7.18
1780611387.225,207.3,74,0.0,7.18
1780611387.326,207.3,74,0.0,7.18
1780611387.426,207.3,74,0.0,7.18
1780611387.526,207.3,74,0.0,7.18
1780611387.626,207.3,74,0.0,7.18
1780611387.726,207.3,74,0.0,7.18
1780611387.826,207.3,74,0.0,7.18
1780611387.927,208.7,74,59.9,7.18
1780611388.027,208.7,74,0.0,7.18
1780611388.127,208.7,74,0.0,7.18
1780611388.227,208.7,74,0.0,7.18
1780611388.327,208.7,74,0.0,7.18
1780611388.427,208.7,74,0.0,7.18
1780611388.527,208.7,74,0.0,7.18
1780611388.628,208.7,74,20.0,7.18
1780611388.728,208.7,74,0.0,7.18
1780611388.828,208.7,74,0.0,5.50
1780611388.928,208.7,74,0.0,5.50
1780611389.028,208.7,74,0.0,1.63
1780611389.128,208.9,74,30.0,10.36
1780611389.228,208.9,74,0.0,10.36
1780611389.328,208.9,74,0.0,10.36
1780611389.429,208.9,74,0.0,10.36
1780611389.529,208.9,74,0.0,10.36
1780611389.629,208.9,74,0.0,10.36
1780611389.729,208.9,74,10.0,10.36
1780611389.829,208.9,74,0.0,10.36
1780611389.929,208.9,74,0.0,10.36
1780611390.029,179.1,74,39.9,15.67
1780611390.129,179.1,74,0.0,15.67
1780611390.230,179.1,74,0.0,15.67
1780611390.330,179.1,74,0.0,15.67
1780611390.430,179.1,74,0.0,15.67
1780611390.530,179.1,74,0.0,15.67
1780611390.630,186.4,74,20.0,15.67
1780611390.730,186.4,74,0.0,15.67
1780611390.830,186.7,74,0.0,15.67
1780611390.930,186.7,74,0.0,15.67
1780611391.031,200.4,74,39.9,15.67
1780611391.131,200.4,74,0.0,10.36
1780611391.231,200.4,74,0.0,10.36
1780611391.331,200.4,74,0.0,10.36
1780611391.431,200.4,74,0.0,10.36
1780611391.531,200.4,74,0.0,10.36
1780611391.631,200.4,74,0.0,10.36
1780611391.732,202.6,74,10.0,10.36
1780611391.832,202.6,74,0.0,10.36
1780611391.932,202.6,74,0.0,10.36
1780611392.032,202.6,74,0.0,10.36
1780611392.132,202.6,74,0.0,10.36
1780611392.232,202.6,74,0.0,10.36
1780611392.332,202.6,74,0.0,10.36
1780611392.432,202.6,74,0.0,10.36
1780611392.533,202.6,74,0.0,10.36
1780611392.633,204.6,74,30.0,10.36
1780611392.733,204.6,74,0.0,10.36
1780611392.833,206.6,74,30.0,10.36
1780611392.933,206.6,74,0.0,10.36
1780611393.035,206.6,74,0.0,10.36
1780611393.136,206.6,74,20.0,10.36
1780611393.236,206.6,74,0.0,10.36
1780611393.336,206.6,74,39.9,10.36
1780611393.436,206.6,74,0.0,10.36
1780611393.536,206.6,74,0.0,10.36
1780611393.636,206.6,74,0.0,10.36
1780611393.736,206.6,74,0.0,10.36
1780611393.836,206.6,74,0.0,10.36
1780611393.937,206.6,74,30.0,10.36
1780611394.037,206.6,74,0.0,10.36
1780611394.137,206.6,74,0.0,10.36
1780611394.237,206.6,74,0.0,10.36
1780611394.337,206.6,74,10.0,10.36
1780611394.437,206.6,74,20.0,10.36
1780611394.537,206.6,74,0.0,10.36
1780611394.638,206.6,74,0.0,10.36
1780611394.738,206.6,74,20.0,10.36
1780611394.838,206.9,74,10.0,10.36
1780611394.938,206.9,74,0.0,10.36
1780611395.038,206.9,74,10.0,10.36
1780611395.138,206.9,74,0.0,10.36
1780611395.238,206.9,74,0.0,10.36
1780611395.339,206.9,74,0.0,10.36
1780611395.439,206.9,74,0.0,10.36
1780611395.539,206.9,74,0.0,2.38
1780611395.639,206.9,74,0.0,2.38
1780611395.739,206.9,74,0.0,2.38
1780611395.839,206.9,74,0.0,2.38
1780611395.939,206.9,74,0.0,2.38
1780611396.039,206.9,74,0.0,2.38
1780611396.140,206.9,74,0.0,2.38
1780611396.240,206.9,74,0.0,2.38
1780611396.340,206.9,74,0.0,2.38
1780611396.440,206.9,74,0.0,1.31
1780611396.540,206.9,74,0.0,1.31
1780611396.640,206.9,74,0.0,1.31
1780611396.740,206.9,74,0.0,1.31
1780611396.840,206.9,74,0.0,1.31
1780611396.940,207.1,74,10.0,1.31
1780611397.041,207.1,74,0.0,1.31
1780611397.141,209.1,74,39.9,1.31
1780611397.241,209.1,74,0.0,1.31
1780611397.341,209.1,74,0.0,1.31
1780611397.441,209.1,74,0.0,1.09
1780611397.541,209.1,74,0.0,1.09
1780611397.641,209.1,74,0.0,1.09
1780611397.741,209.1,74,0.0,1.09
1780611397.842,209.1,74,0.0,1.09
1780611397.942,209.1,74,0.0,1.09
1780611398.042,209.1,74,0.0,1.09
1780611398.142,209.1,74,0.0,1.09
1780611398.242,179.1,74,69.9,1.09
1780611398.342,179.1,74,0.0,1.09
1780611398.442,179.1,74,0.0,1.09
1780611398.542,179.1,74,0.0,1.09
1780611398.643,179.1,74,0.0,1.09
1780611398.743,179.1,74,0.0,1.09
1780611398.843,179.1,74,0.0,1.09
1780611398.943,179.1,74,0.0,1.09
1780611399.043,188.9,74,20.0,1.31
1780611399.143,188.9,74,0.0,1.31
1780611399.243,199.1,74,30.0,1.31
1780611399.344,199.1,74,0.0,1.31
1780611399.444,199.1,74,0.0,1.31
1780611399.544,199.1,74,0.0,1.31
1780611399.644,199.1,74,0.0,1.31
1780611399.744,199.1,74,0.0,1.31
1780611399.844,199.1,74,0.0,1.31
1780611399.944,199.1,74,0.0,1.31
1780611400.044,199.1,74,0.0,1.31
1780611400.145,199.1,74,10.0,1.31
1780611400.245,199.1,74,0.0,1.31
1780611400.345,199.1,74,0.0,1.31
1780611400.445,179.1,74,59.9,1.31
1780611400.545,179.1,74,0.0,1.31
1780611400.645,179.1,74,0.0,1.31
1780611400.745,190.0,74,10.0,1.31
1780611400.845,190.0,74,0.0,1.31
1780611400.946,190.0,74,0.0,1.31
1780611401.046,190.0,74,0.0,1.03
1780611401.146,190.0,74,0.0,0.96
1780611401.246,190.0,74,0.0,0.96
1780611401.346,197.0,74,39.9,0.96
1780611401.446,197.0,74,0.0,0.96
1780611401.546,197.0,74,0.0,0.96
1780611401.646,197.0,74,0.0,0.96
1780611401.747,197.0,74,0.0,0.96
1780611401.847,197.0,74,0.0,0.96
1780611401.947,197.0,74,0.0,0.96
1780611402.047,197.0,74,0.0,0.96
1780611402.147,197.0,74,0.0,0.96
1780611402.250,197.5,74,0.0,1.78
1780611402.350,197.5,74,10.0,1.78
1780611402.450,197.5,74,0.0,1.78
1780611402.550,197.5,74,0.0,1.78
1780611402.651,197.5,74,0.0,1.78
1780611402.751,197.5,74,0.0,1.78
1780611402.851,197.5,74,0.0,1.78
1780611402.951,197.5,74,0.0,1.78
1780611403.051,197.5,74,0.0,1.78
1780611403.151,197.5,74,0.0,1.78
1780611403.251,197.5,74,10.0,1.78
1780611403.351,199.9,74,10.0,1.78
1780611403.452,199.9,74,0.0,1.78
1780611403.552,202.4,74,29.9,1.78
1780611403.652,202.4,74,0.0,1.78
1780611403.752,202.4,74,0.0,1.78
1780611403.852,202.4,74,0.0,1.78
1780611403.952,202.4,74,0.0,1.78
1780611404.052,202.4,74,0.0,1.78
1780611404.153,202.4,74,0.0,1.78
1780611404.253,202.4,74,0.0,1.78
1780611404.353,202.4,74,0.0,1.78
1780611404.453,202.6,74,49.9,1.78
1780611404.553,202.6,74,0.0,1.78
1780611404.653,202.6,74,0.0,1.78
1780611404.753,202.6,74,0.0,1.78
1780611404.854,202.6,74,0.0,1.78
1780611404.954,202.6,74,0.0,1.78
1780611405.054,202.6,74,0.0,1.78
1780611405.154,202.6,74,20.0,1.78
1780611405.254,202.6,74,0.0,1.78
1780611405.354,202.6,74,0.0,1.78
1780611405.454,202.6,74,0.0,0.96
1780611405.554,202.6,74,0.0,0.96
1780611405.655,205.8,74,30.0,0.96
1780611405.755,205.8,74,0.0,0.96
1780611405.855,205.8,74,0.0,0.96
1780611405.955,205.8,74,0.0,0.96
1780611406.055,205.8,74,0.0,0.96
1780611406.155,205.8,74,0.0,0.96
1780611406.255,205.8,74,0.0,0.96
1780611406.356,205.8,74,0.0,0.96
1780611406.456,205.8,74,0.0,0.96
1780611406.560,210.1,74,49.5,0.96
1780611406.660,179.1,74,9.7,2.43
1780611406.760,179.1,74,0.0,2.43
1780611406.860,179.1,74,0.0,2.43
1780611406.960,179.1,74,0.0,2.43
1780611407.060,179.1,74,0.0,2.43
1780611407.160,179.1,74,0.0,2.43
1780611407.260,189.2,74,10.0,2.43
1780611407.361,189.2,74,0.0,2.43
1780611407.461,189.4,74,0.0,2.43
1780611407.561,192.2,74,10.0,2.43
1780611407.661,192.2,74,0.0,2.43
1780611407.762,192.2,74,0.0,2.43
1780611407.862,192.2,74,0.0,2.43
1780611407.962,192.2,74,0.0,2.43
1780611408.062,192.2,74,10.0,2.43
1780611408.162,192.2,74,0.0,2.43
1780611408.262,186.7,74,39.9,2.43
1780611408.362,186.7,74,0.0,2.43
1780611408.463,189.8,74,10.0,2.43
1780611408.563,190.0,74,10.0,2.43
1780611408.663,190.0,74,0.0,2.43
1780611408.763,190.0,74,0.0,0.96
1780611408.863,194.8,74,39.9,11.31
1780611408.963,194.8,74,0.0,11.31
1780611409.063,194.8,74,0.0,11.31
1780611409.164,194.8,74,0.0,11.31
1780611409.264,194.8,74,0.0,11.31
1780611409.364,194.8,74,0.0,11.31
1780611409.464,194.8,74,0.0,11.31
1780611409.564,194.8,74,0.0,11.31
1780611409.664,200.5,74,39.9,11.31
1780611409.765,200.5,74,0.0,11.31
1780611409.865,200.5,74,0.0,11.31
1780611409.965,200.5,74,0.0,11.31
1780611410.065,200.5,74,0.0,11.31
1780611410.165,200.5,74,0.0,11.31
1780611410.265,201.2,74,10.0,11.31
1780611410.365,201.2,74,0.0,11.31
1780611410.465,201.2,74,0.0,11.31
1780611410.566,201.2,74,0.0,11.31
1780611410.666,201.2,74,0.0,11.31
1780611410.766,201.2,74,0.0,11.31
1780611410.866,201.2,74,0.0,11.31
1780611410.966,202.0,74,30.0,11.31
1780611411.068,202.0,74,9.9,11.31
1780611411.168,202.0,74,0.0,11.31
1780611411.268,202.0,74,0.0,11.31
1780611411.368,202.0,74,0.0,11.31
1780611411.468,202.7,74,20.0,11.31
1780611411.568,202.7,74,0.0,11.31
1780611411.669,202.7,74,0.0,11.31
1780611411.769,202.7,74,0.0,11.31
1780611411.869,204.9,74,10.0,11.31
1780611411.969,204.9,74,0.0,11.31
1780611412.069,204.9,74,0.0,11.31
1780611412.172,205.7,74,19.5,11.31
1780611412.275,205.7,74,19.5,11.31
1780611412.375,205.7,74,0.0,11.31
1780611412.475,205.7,74,0.0,11.31
1780611412.575,205.7,74,0.0,11.31
1780611412.675,205.7,74,0.0,11.31
1780611412.775,205.7,74,0.0,11.31
1780611412.875,205.7,74,0.0,11.31
1780611412.975,205.7,74,0.0,11.31
1780611413.076,205.7,74,0.0,6.24
1780611413.176,205.7,74,0.0,6.24
1780611413.276,205.7,74,0.0,6.24
1780611413.376,205.7,74,0.0,6.24
1780611413.476,205.7,74,10.0,6.24
1780611413.576,205.9,74,59.9,6.24
1780611413.676,205.9,74,0.0,6.24
1780611413.776,205.9,74,0.0,6.24
1780611413.877,205.9,74,0.0,6.24
1780611413.977,205.9,74,0.0,6.24
1780611414.077,205.9,74,0.0,6.24
1780611414.177,205.9,74,0.0,6.24
1780611414.277,205.9,74,0.0,6.24
1780611414.377,205.9,74,10.0,6.24
1780611414.477,205.9,74,20.0,6.24
1780611414.577,205.9,74,0.0,6.24
1780611414.678,205.9,74,0.0,6.24
1780611414.778,205.9,74,10.0,6.24
1780611414.878,205.9,74,0.0,6.24
1780611414.978,205.9,74,0.0,6.24
1780611415.078,205.9,74,0.0,6.24
1780611415.178,205.9,74,30.0,6.24
1780611415.278,205.9,74,0.0,1.16
1780611415.378,205.9,74,0.0,1.16
1780611415.479,205.9,74,0.0,1.16
1780611415.579,205.9,74,0.0,1.16
1780611415.679,205.9,74,0.0,1.16
1780611415.779,205.9,74,0.0,1.16
1780611415.879,205.9,74,0.0,1.16
1780611415.979,205.9,74,20.0,1.16
1780611416.080,205.9,74,0.0,1.06
1780611416.180,205.9,74,0.0,1.06
1780611416.280,205.9,74,0.0,1.06
1780611416.380,205.9,74,0.0,1.06
1780611416.480,205.9,74,0.0,1.06
1780611416.580,206.2,74,30.0,1.06
1780611416.680,206.2,74,0.0,1.06
1780611416.781,206.4,74,30.0,1.06
1780611416.881,206.4,74,0.0,1.06
1780611416.981,206.4,74,0.0,1.06
1780611417.081,206.4,74,0.0,1.06
1780611417.181,206.4,74,0.0,1.06
1780611417.281,206.4,74,0.0,1.06
1780611417.381,206.4,74,0.0,1.06
1780611417.481,206.4,74,0.0,1.06
1780611417.582,206.4,74,0.0,1.06
1780611417.682,206.4,74,0.0,1.06
1780611417.782,206.4,74,0.0,1.06
1780611417.882,206.4,74,0.0,1.06
1780611417.982,207.1,74,49.9,1.16
1780611418.082,207.1,74,0.0,1.16
1780611418.182,207.1,74,0.0,1.16
1780611418.282,207.1,74,0.0,1.16
1780611418.383,207.1,74,0.0,1.16
1780611418.483,207.1,74,0.0,1.16
1780611418.583,207.1,74,0.0,1.16
1780611418.683,207.1,74,0.0,1.16
1780611418.783,207.1,74,0.0,1.16
1780611418.883,207.1,74,0.0,1.16
1780611418.983,207.1,74,0.0,1.16
1780611419.083,207.1,74,0.0,1.16
1780611419.186,209.9,74,39.9,1.16
1780611419.286,179.2,74,29.1,1.16
1780611419.387,179.2,74,0.0,1.16
1780611419.487,186.8,74,0.0,1.16
1780611419.587,190.0,74,10.0,1.16
1780611419.687,190.0,74,0.0,1.16
1780611419.787,190.0,74,0.0,1.16
1780611419.887,190.0,74,0.0,1.16
1780611419.987,190.3,74,10.0,1.16
1780611420.087,193.5,74,30.0,14.11
1780611420.188,193.5,74,0.0,14.11
1780611420.288,193.5,74,0.0,14.11
1780611420.388,193.5,74,0.0,14.11
1780611420.488,193.5,74,0.0,14.11
1780611420.588,193.5,74,0.0,14.11
1780611420.688,193.5,74,0.0,14.11
1780611420.788,193.5,74,0.0,14.11
1780611420.888,193.5,74,0.0,14.11
1780611420.989,193.5,74,0.0,14.11
1780611421.089,193.5,74,0.0,14.11
1780611421.189,193.5,74,0.0,14.11
1780611421.289,193.5,74,0.0,14.11
1780611421.389,193.5,74,0.0,14.11
1780611421.489,193.5,74,0.0,14.11
1780611421.589,193.5,74,0.0,14.11
1780611421.689,193.5,74,0.0,14.11
1780611421.790,193.5,74,0.0,14.11
1780611421.890,193.5,74,0.0,14.11
1780611421.990,193.5,74,0.0,14.11
1780611422.090,196.0,74,20.0,14.11
1780611422.190,196.0,74,10.0,14.11
1780611422.290,196.0,74,0.0,14.11
1780611422.390,198.8,74,20.0,14.11
1780611422.491,199.5,74,20.0,14.11
1780611422.591,199.5,74,0.0,14.11
1780611422.691,199.5,74,0.0,14.11
1780611422.791,199.5,74,0.0,14.11
1780611422.891,199.5,74,0.0,14.11
1780611422.991,199.5,74,0.0,14.11
1780611423.091,202.8,74,30.0,14.11
1780611423.192,202.8,74,0.0,14.11
1780611423.292,202.8,74,0.0,14.11
1780611423.392,202.8,74,10.0,14.11
1780611423.492,202.8,74,0.0,14.11
1780611423.594,202.8,74,0.0,14.11
1780611423.695,202.8,74,39.9,14.11
1780611423.795,203.7,74,20.0,14.11
1780611423.895,203.7,74,10.0,14.11
1780611423.995,203.7,74,10.0,14.11
1780611424.095,203.7,74,0.0,14.11
1780611424.195,203.7,74,0.0,14.11
1780611424.296,204.0,74,0.0,14.11
1780611424.396,204.0,74,0.0,14.05
1780611424.496,204.2,74,20.0,14.05
1780611424.596,204.2,74,0.0,14.05
1780611424.696,204.2,74,0.0,14.05
1780611424.796,204.2,74,0.0,14.05
1780611424.897,204.2,74,0.0,14.05
1780611424.997,204.2,74,10.0,14.05
1780611425.097,204.2,74,0.0,14.05
1780611425.197,204.2,74,0.0,14.05
1780611425.297,204.2,74,0.0,14.05
1780611425.397,204.2,74,10.0,14.05
1780611425.497,204.2,74,0.0,14.05
1780611425.597,204.2,74,0.0,14.05
1780611425.698,204.2,74,0.0,14.05
1780611425.798,204.2,74,0.0,14.05
1780611425.898,204.2,74,0.0,14.05
1780611425.998,204.2,74,0.0,14.05
1780611426.098,204.2,74,10.0,14.05
1780611426.198,204.2,74,0.0,14.05
1780611426.298,204.2,74,0.0,14.05
1780611426.398,204.2,74,0.0,14.05
1780611426.499,204.2,74,0.0,3.26
1780611426.599,204.2,74,0.0,3.26
1780611426.699,204.2,74,0.0,3.26
1780611426.801,205.1,74,9.8,3.26
1780611426.901,205.1,74,39.9,3.26
1780611427.001,205.1,74,0.0,3.26
1780611427.101,205.1,74,0.0,3.26
1780611427.201,205.1,74,0.0,3.26
1780611427.301,205.1,74,0.0,3.26
1780611427.401,205.1,74,0.0,3.26
1780611427.502,205.1,74,0.0,3.26
1780611427.602,205.1,74,0.0,3.26
1780611427.702,205.1,74,19.9,7.71
1780611427.802,205.1,74,0.0,7.71
1780611427.903,205.1,74,20.0,7.71
1780611428.003,205.1,74,10.0,7.71
1780611428.103,205.1,74,0.0,7.71
1780611428.203,205.1,74,0.0,7.71
1780611428.303,205.1,74,0.0,7.71
1780611428.403,205.1,74,0.0,7.71
1780611428.503,205.1,74,0.0,7.71
1780611428.603,205.1,74,0.0,7.71
1780611428.704,205.1,74,0.0,7.71
1780611428.804,205.1,74,0.0,7.71
1780611428.904,205.1,74,10.0,7.71
1780611429.004,205.1,74,10.0,7.71
1780611429.106,205.7,74,39.1,7.71
1780611429.206,205.7,74,10.0,7.71
1780611429.307,206.2,74,19.8,7.71
1780611429.407,206.2,74,10.0,7.71
