t,rss_mb,num_fds,cpu_pct,loop_lag_p99_ms
1780612273.020,146.6,10,102.8,0.00
1780612273.137,162.7,132,59.7,0.00
1780612273.255,167.8,518,50.8,0.00
1780612273.381,175.3,968,95.2,0.00
1780612273.490,185.9,1626,74.0,0.00
1780612273.729,197.7,2317,91.7,0.00
1780612273.843,213.2,3274,96.4,0.00
1780612274.062,226.5,4053,105.1,0.00
1780612274.183,237.8,4760,74.9,0.00
1780612274.307,255.8,5796,104.1,0.00
1780612274.509,262.0,6141,103.8,0.00
1780612274.638,279.1,7212,101.8,0.00
1780612274.761,296.7,8192,105.1,0.00
1780612275.065,304.4,8753,95.5,0.00
1780612275.212,323.1,9962,102.1,0.00
1780612275.355,343.7,11138,118.3,0.00
1780612275.695,358.4,12023,103.1,0.00
1780612275.850,379.1,13284,103.1,0.00
1780612276.008,400.5,14568,107.3,0.00
1780612276.493,422.1,15869,103.3,0.00
1780612276.935,438.6,16394,92.7,3926.58
1780612277.426,500.9,16394,122.1,436.94
1780612277.598,535.7,16394,110.4,436.94
1780612277.753,535.8,16394,110.0,436.94
1780612277.863,535.8,16394,45.4,436.94
1780612277.973,535.8,16394,9.1,436.94
1780612278.084,535.8,16394,9.1,436.94
1780612278.194,535.8,16394,9.1,436.94
1780612278.301,535.8,16394,0.0,436.94
1780612278.408,535.8,16394,9.4,436.94
1780612278.517,535.8,16394,9.2,436.94
1780612278.627,535.8,16394,9.1,436.94
1780612278.737,535.8,16394,9.1,436.94
1780612278.848,535.8,16394,9.1,436.94
1780612278.958,535.8,16394,9.1,436.94
1780612279.069,535.8,16394,9.0,436.94
1780612279.179,535.8,16394,9.1,436.94
1780612279.289,535.8,16394,9.1,436.94
1780612279.400,535.8,16394,18.1,436.94
1780612279.510,535.8,16394,0.0,436.94
1780612279.620,535.8,16394,9.1,436.94
1780612279.731,535.8,16394,18.1,436.94
1780612279.841,535.8,16394,9.0,436.94
1780612279.952,535.8,16394,9.1,436.94
1780612280.062,535.8,16394,0.0,436.94
1780612280.172,535.8,16394,9.1,436.94
1780612280.283,535.8,16394,9.0,436.94
1780612280.393,535.8,16394,9.1,436.94
1780612280.503,535.8,16394,9.1,436.94
1780612280.614,535.8,16394,9.1,436.94
1780612280.724,535.8,16394,9.1,436.94
1780612280.833,535.8,16394,18.2,436.94
1780612280.944,535.8,16394,9.1,436.94
1780612281.054,535.8,16394,0.0,436.94
1780612281.164,535.8,16394,9.1,436.94
1780612281.275,535.8,16394,18.1,436.94
1780612281.385,535.8,16394,0.0,436.94
1780612281.495,535.8,16394,18.2,436.94
1780612281.604,535.8,16394,9.1,436.94
1780612281.714,535.8,16394,9.1,436.94
1780612281.825,535.8,16394,9.1,436.94
1780612281.935,535.8,16394,9.1,436.94
1780612282.045,535.8,16394,9.1,436.94
1780612282.155,535.8,16394,0.0,436.94
1780612282.265,535.8,16394,9.1,436.94
1780612282.375,535.8,16394,18.2,436.94
1780612282.484,535.8,16394,9.1,436.94
1780612282.593,535.8,16394,9.2,436.94
1780612282.702,535.8,16394,0.0,436.94
1780612282.812,535.8,16394,9.1,436.94
1780612282.922,535.8,16394,18.2,436.94
1780612283.032,535.8,16394,0.0,436.94
1780612283.143,535.8,16394,9.1,436.94
1780612283.253,535.8,16394,9.1,436.94
1780612283.363,535.8,16394,18.2,436.94
1780612283.473,535.8,16394,0.0,436.94
1780612283.582,535.8,16394,9.1,436.94
1780612283.691,535.8,16394,9.2,436.94
1780612283.800,535.8,16394,9.2,436.94
1780612283.909,535.8,16394,9.2,436.94
1780612284.017,535.8,16394,0.0,277.65
1780612284.126,535.8,16394,9.2,1.35
1780612284.234,535.8,16394,18.4,0.14
1780612284.345,535.8,16394,9.0,0.14
1780612284.456,535.8,16394,9.0,0.13
1780612284.566,535.8,16394,9.0,0.13
1780612284.676,535.8,16394,9.1,0.13
1780612284.786,535.8,16394,9.1,0.13
1780612284.896,535.8,16394,0.0,0.13
1780612285.006,535.8,16394,18.2,0.13
1780612285.115,535.8,16394,0.0,0.13
1780612285.225,535.8,16394,9.1,0.13
1780612285.334,535.8,16394,9.2,0.13
1780612285.443,535.8,16394,18.3,0.13
1780612285.553,535.8,16394,9.1,0.13
1780612285.663,535.8,16394,0.0,0.13
1780612285.773,535.8,16394,9.1,0.13
1780612285.883,535.8,16394,9.1,0.13
1780612285.993,535.8,16394,9.1,0.13
1780612286.103,535.8,16394,9.1,0.13
1780612286.213,535.8,16394,9.1,0.13
1780612286.323,535.8,16394,9.1,0.13
1780612286.434,535.8,16394,18.1,0.14
1780612286.544,535.8,16394,0.0,0.14
1780612286.655,535.8,16394,9.1,0.14
1780612286.765,535.8,16394,9.1,0.14
1780612286.876,535.8,16394,9.0,0.14
1780612286.986,535.8,16394,18.1,0.14
1780612287.097,535.8,16394,9.0,0.14
1780612287.207,535.8,16394,9.1,0.14
1780612287.318,535.8,16394,0.0,0.14
1780612287.428,535.8,16394,9.1,0.14
1780612287.538,535.8,16394,18.2,0.14
1780612287.647,535.8,16394,9.1,0.14
1780612287.757,535.8,16394,9.1,0.14
1780612287.866,535.8,16394,9.2,0.14
1780612287.975,535.8,16394,0.0,0.14
1780612288.085,535.8,16394,9.1,0.14
1780612288.196,535.8,16394,9.1,0.14
1780612288.306,535.8,16394,9.1,0.14
1780612288.415,535.8,16394,18.3,0.14
1780612288.524,535.8,16394,9.2,0.14
1780612288.632,535.8,16394,0.0,0.14
1780612288.739,535.8,16394,9.3,0.14
1780612288.846,535.8,16394,9.3,0.14
1780612288.953,535.8,16394,0.0,0.14
1780612289.059,535.8,16394,9.4,0.14
1780612289.166,535.8,16394,0.0,0.14
1780612289.272,535.8,16394,18.8,0.14
1780612289.378,535.8,16394,0.0,0.14
1780612289.484,535.8,16394,9.4,0.14
1780612289.590,535.8,16394,0.0,0.14
1780612289.696,535.8,16394,0.0,0.14
1780612289.802,535.8,16394,18.9,0.14
1780612289.908,535.8,16394,0.0,0.14
1780612290.014,535.8,16394,0.0,0.14
1780612290.120,535.8,16394,0.0,0.14
1780612290.226,535.8,16394,9.4,0.14
1780612290.331,535.8,16394,9.4,0.14
1780612290.438,535.8,16394,0.0,0.14
1780612290.544,535.8,16394,9.4,0.14
1780612290.654,535.8,16394,18.2,0.14
1780612290.764,535.8,16394,0.0,0.14
1780612290.875,535.8,16394,9.0,0.14
1780612290.986,535.8,16394,9.0,0.14
1780612291.096,535.8,16394,9.0,0.14
1780612291.206,535.8,16394,9.1,0.14
1780612291.316,535.8,16394,9.1,0.14
1780612291.426,535.8,16394,9.1,0.14
1780612291.536,535.8,16394,9.1,0.14
1780612291.645,535.8,16394,9.1,0.14
1780612291.754,535.8,16394,9.2,0.14
1780612291.863,535.8,16394,9.2,0.14
1780612291.972,535.8,16394,9.2,0.14
1780612292.082,535.8,16394,9.1,0.14
1780612292.191,535.8,16394,9.1,0.14
1780612292.301,535.8,16394,9.1,0.14
1780612292.410,535.8,16394,9.2,0.14
1780612292.517,535.8,16394,9.3,0.14
1780612292.624,535.8,16394,9.3,0.14
1780612292.731,535.8,16394,0.0,0.14
1780612292.837,535.8,16394,0.0,0.14
1780612292.943,535.8,16394,9.4,0.14
1780612293.049,535.8,16394,0.0,0.14
1780612293.155,535.8,16394,9.4,0.14
1780612293.261,535.8,16394,9.4,0.14
1780612293.367,535.8,16394,9.4,0.14
1780612293.473,535.8,16394,0.0,0.14
1780612293.579,535.8,16394,9.4,0.14
1780612293.684,535.8,16394,0.0,0.14
1780612293.790,535.8,16394,9.5,0.14
1780612293.896,535.8,16394,0.0,0.14
1780612294.002,535.8,16394,9.5,0.14
1780612294.107,535.8,16394,9.5,0.14
1780612294.213,535.8,16394,0.0,0.14
1780612294.319,535.8,16394,9.4,0.14
1780612294.425,535.8,16394,0.0,0.14
1780612294.532,535.8,16394,9.4,0.14
1780612294.639,535.8,16394,9.4,0.14
1780612294.749,535.8,16394,0.0,0.14
1780612294.859,535.8,16394,18.1,0.14
1780612294.970,535.8,16394,9.0,0.14
1780612295.081,535.8,16394,9.0,0.14
1780612295.191,535.8,16394,9.1,0.14
1780612295.301,535.8,16394,9.1,0.14
1780612295.412,535.8,16394,9.0,0.15
1780612295.523,535.8,16394,9.0,0.15
1780612295.633,535.8,16394,9.0,0.15
1780612295.744,535.8,16394,9.0,0.15
1780612295.855,535.8,16394,9.0,0.15
1780612295.966,535.8,16394,9.0,0.15
1780612296.076,535.8,16394,9.0,0.15
1780612296.187,535.8,16394,18.1,0.15
1780612296.297,535.8,16394,9.0,0.15
1780612296.408,535.8,16394,0.0,0.15
1780612296.518,535.8,16394,18.1,0.15
1780612296.629,535.8,16394,9.0,0.15
1780612296.740,535.8,16394,9.0,0.15
1780612296.850,535.8,16394,9.1,0.15
1780612296.960,535.8,16394,9.1,0.15
1780612297.071,535.8,16394,9.0,0.15
1780612297.181,535.8,16394,9.1,0.15
1780612297.292,535.8,16394,9.1,0.15
1780612297.402,535.8,16394,18.1,0.15
1780612297.513,535.8,16394,9.0,0.15
1780612297.624,535.8,16394,0.0,0.15
1780612297.734,535.8,16394,9.0,0.15
1780612297.845,535.8,16394,9.1,0.15
1780612297.955,535.8,16394,9.0,0.15
1780612298.066,535.8,16394,9.1,0.15
1780612298.176,535.8,16394,9.0,0.15
1780612298.287,535.8,16394,9.0,0.15
1780612298.397,535.8,16394,18.1,0.15
1780612298.508,535.8,16394,9.0,0.15
1780612298.619,535.8,16394,9.0,0.15
1780612298.729,535.8,16394,0.0,0.15
1780612298.840,535.8,16394,18.1,0.15
1780612298.950,535.8,16394,9.1,0.15
1780612299.061,535.8,16394,9.0,0.15
1780612299.171,535.8,16394,9.1,0.15
1780612299.282,535.8,16394,9.1,0.15
1780612299.392,535.8,16394,9.1,0.15
1780612299.503,535.8,16394,9.0,0.15
1780612299.613,535.8,16394,9.0,0.14
1780612299.724,535.8,16394,9.0,0.14
1780612299.834,535.8,16394,9.0,0.14
1780612299.945,535.8,16394,9.0,0.14
1780612300.056,535.8,16394,9.0,0.14
1780612300.166,535.8,16394,9.0,0.14
1780612300.277,535.8,16394,9.0,0.14
1780612300.387,535.8,16394,9.0,0.14
1780612300.498,535.8,16394,9.1,0.14
1780612300.608,535.8,16394,9.1,0.14
1780612300.719,535.8,16394,18.1,0.14
1780612300.829,535.8,16394,0.0,0.14
1780612300.940,535.8,16394,18.1,0.14
1780612301.050,535.8,16394,9.0,0.14
1780612301.160,535.8,16394,9.1,0.14
1780612301.271,535.8,16394,9.0,0.14
1780612301.381,535.8,16394,9.1,0.14
1780612301.492,535.8,16394,9.1,0.14
1780612301.602,535.8,16394,0.0,0.14
1780612301.713,535.8,16394,18.1,0.14
1780612301.823,535.8,16394,9.0,0.14
1780612301.934,535.8,16394,9.0,0.14
1780612302.044,535.8,16394,9.0,0.14
1780612302.155,535.8,16394,18.1,0.14
1780612302.265,535.8,16394,0.0,0.14
1780612302.376,535.8,16394,9.0,0.14
1780612302.486,535.8,16394,9.0,0.14
1780612302.597,535.8,16394,9.1,0.14
1780612302.707,535.8,16394,9.1,0.14
1780612302.817,535.8,16394,9.1,0.14
1780612302.928,535.8,16394,9.1,0.14
1780612303.038,535.8,16394,9.1,0.14
1780612303.148,535.8,16394,9.1,0.14
1780612303.258,535.8,16394,18.1,0.14
1780612303.368,535.8,16394,9.1,0.14
1780612303.478,535.8,16394,0.0,0.14
1780612303.589,535.8,16394,9.0,0.14
1780612303.699,535.8,16394,9.1,0.14
1780612303.810,535.8,16394,18.1,0.14
1780612303.920,535.8,16394,9.0,0.14
1780612304.031,535.8,16394,9.0,0.14
1780612304.141,535.8,16394,9.0,0.14
1780612304.252,535.8,16394,9.0,0.14
1780612304.363,535.8,16394,9.0,0.14
1780612304.473,535.8,16394,9.0,0.14
1780612304.584,535.8,16394,9.0,0.14
1780612304.694,535.8,16394,9.0,0.14
1780612304.805,535.8,16394,9.0,0.14
1780612304.916,535.8,16394,9.0,0.14
1780612305.026,535.8,16394,9.0,0.14
1780612305.137,535.8,16394,9.0,0.14
1780612305.247,535.8,16394,18.1,0.14
1780612305.358,535.8,16394,9.0,0.14
1780612305.469,535.8,16394,9.0,0.14
1780612305.579,535.8,16394,9.1,0.14
1780612305.690,535.8,16394,9.1,0.14
1780612305.800,535.8,16394,9.1,0.14
1780612305.910,535.8,16394,9.1,0.14
1780612306.021,535.8,16394,9.0,0.14
1780612306.132,535.8,16394,9.0,0.14
1780612306.242,535.8,16394,0.0,0.14
1780612306.353,535.8,16394,18.1,0.14
1780612306.463,535.8,16394,9.1,0.14
1780612306.574,535.8,16394,9.1,0.14
1780612306.684,535.8,16394,9.0,0.14
1780612306.795,535.8,16394,18.1,0.14
1780612306.905,535.8,16394,0.0,0.14
1780612307.016,535.8,16394,9.0,0.14
1780612307.126,535.8,16394,9.0,0.14
1780612307.237,535.8,16394,9.1,0.14
1780612307.350,535.8,16394,8.8,0.14
1780612307.461,535.8,16394,9.0,0.16
1780612307.571,535.8,16394,9.1,0.16
1780612307.682,535.8,16394,9.1,0.16
1780612307.792,535.8,16394,18.1,0.16
1780612307.903,535.8,16394,9.0,0.16
1780612308.013,535.8,16394,9.0,0.16
1780612308.124,535.8,16394,9.0,0.16
1780612308.235,535.8,16394,9.0,0.16
1780612308.345,535.8,16394,9.0,0.16
1780612308.456,535.8,16394,18.1,0.16
1780612308.566,535.8,16394,0.0,0.16
1780612308.677,535.8,16394,9.0,0.16
1780612308.787,535.8,16394,9.0,0.16
1780612308.898,535.8,16394,18.1,0.16
1780612309.008,535.8,16394,9.1,0.16
1780612309.118,535.8,16394,0.0,0.16
1780612309.228,535.8,16394,9.1,0.16
1780612309.338,535.8,16394,9.1,0.16
1780612309.448,535.8,16394,9.1,0.16
1780612309.558,535.8,16394,9.1,0.15
1780612309.668,535.8,16394,9.1,0.15
1780612309.777,535.8,16394,9.2,0.15
1780612309.886,535.8,16394,9.2,0.15
1780612309.997,535.8,16394,9.1,0.15
1780612310.107,535.8,16394,9.1,0.15
1780612310.217,535.8,16394,9.1,0.15
1780612310.328,535.8,16394,18.1,0.15
1780612310.438,535.8,16394,9.1,0.15
1780612310.549,535.8,16394,9.1,0.15
1780612310.659,535.8,16394,9.1,0.15
1780612310.770,535.8,16394,0.0,0.15
1780612310.880,535.8,16394,9.1,0.15
1780612310.991,535.8,16394,18.1,0.15
1780612311.101,535.8,16394,9.1,0.15
1780612311.211,535.8,16394,9.1,0.15
1780612311.320,535.8,16394,9.1,0.15
1780612311.429,535.8,16394,9.1,0.15
1780612311.539,535.8,16394,0.0,0.15
1780612311.648,535.8,16394,9.2,0.15
1780612311.758,535.8,16394,9.1,0.15
1780612311.868,535.8,16394,9.1,0.15
1780612311.977,535.8,16394,9.2,0.15
1780612312.084,535.8,16394,0.0,0.15
1780612312.190,535.8,16394,18.9,0.15
1780612312.295,535.8,16394,0.0,0.15
1780612312.402,535.8,16394,9.4,0.15
1780612312.508,535.8,16394,0.0,0.15
1780612312.613,535.8,16394,0.0,0.15
1780612312.718,535.8,16394,9.5,0.15
1780612312.824,535.8,16394,9.5,0.15
1780612312.929,535.8,16394,0.0,0.15
1780612313.034,535.8,16394,9.5,0.15
1780612313.139,535.8,16394,9.5,0.16
1780612313.244,535.8,16394,0.0,0.16
1780612313.350,535.8,16394,9.5,0.16
1780612313.455,535.8,16394,0.0,0.16
1780612313.560,535.8,16394,9.5,0.16
1780612313.666,535.8,16394,0.0,0.16
1780612313.772,535.8,16394,0.0,0.16
1780612313.879,535.8,16394,18.6,0.15
1780612313.985,535.8,16394,0.0,0.15
1780612314.091,535.8,16394,9.5,0.15
1780612314.196,535.8,16394,0.0,0.15
1780612314.301,535.8,16394,9.5,0.15
1780612314.406,535.8,16394,0.0,0.15
1780612314.512,535.8,16394,0.0,0.15
1780612314.617,535.8,16394,19.0,0.15
1780612314.722,535.8,16394,0.0,0.15
1780612314.827,535.8,16394,0.0,0.15
1780612314.932,535.8,16394,9.5,0.13
1780612315.038,535.8,16394,0.0,0.13
1780612315.143,535.8,16394,0.0,0.13
1780612315.248,535.8,16394,9.5,0.13
1780612315.354,535.8,16394,9.4,0.13
1780612315.462,535.8,16394,0.0,0.13
1780612315.568,535.8,16394,9.4,0.13
1780612315.673,535.8,16394,9.5,0.13
1780612315.779,535.8,16394,0.0,0.13
1780612315.884,535.8,16394,9.5,0.13
1780612315.989,535.8,16394,0.0,0.13
1780612316.094,535.8,16394,9.5,0.13
1780612316.199,535.8,16394,9.5,0.13
1780612316.305,535.8,16394,0.0,0.13
1780612316.410,535.8,16394,9.5,0.13
1780612316.515,535.8,16394,0.0,0.13
1780612316.620,535.8,16394,9.5,0.13
1780612316.725,535.8,16394,0.0,0.13
1780612316.832,535.8,16394,9.4,0.13
1780612316.942,535.8,16394,9.1,0.13
1780612317.052,535.8,16394,9.1,0.13
1780612317.163,535.8,16394,9.1,0.13
1780612317.273,535.8,16394,9.1,0.13
1780612317.382,535.8,16394,9.2,0.13
1780612317.490,535.8,16394,9.3,0.13
1780612317.597,535.8,16394,0.0,0.13
1780612317.706,535.8,16394,0.0,0.13
1780612317.816,535.8,16394,18.1,0.13
1780612317.926,535.8,16394,9.1,0.13
1780612318.036,535.8,16394,9.1,0.13
1780612318.145,535.8,16394,9.2,0.13
1780612318.254,535.8,16394,9.1,0.13
1780612318.363,535.8,16394,9.2,0.13
1780612318.469,535.8,16394,0.0,0.13
1780612318.574,535.8,16394,9.5,0.13
1780612318.681,535.8,16394,0.0,0.13
1780612318.788,535.8,16394,9.3,0.13
1780612318.897,535.8,16394,9.2,0.13
1780612319.008,535.8,16394,9.1,0.13
1780612319.118,535.8,16394,9.1,0.13
1780612319.227,535.8,16394,9.2,0.13
1780612319.335,535.8,16394,0.0,0.13
1780612319.440,535.8,16394,9.5,0.13
1780612319.546,535.8,16394,9.5,0.12
1780612319.651,535.8,16394,9.5,0.12
1780612319.756,535.8,16394,0.0,0.12
1780612319.861,535.8,16394,0.0,0.12
1780612319.967,535.8,16394,9.5,0.12
1780612320.075,535.8,16394,0.0,0.13
1780612320.184,535.8,16394,18.3,0.13
1780612320.294,535.8,16394,9.0,0.14
1780612320.405,535.9,16394,9.0,0.15
1780612320.515,535.9,16394,9.1,0.15
1780612320.625,535.9,16394,9.1,0.15
1780612320.749,535.9,16394,24.3,0.69
1780612320.862,536.0,16394,96.7,1.08
1780612320.973,536.0,16394,9.0,1.08
1780612321.083,536.0,16394,9.0,1.08
1780612321.194,536.0,16394,9.0,1.08
1780612321.305,536.0,16394,9.0,1.08
1780612321.415,536.0,16394,18.1,1.08
1780612321.526,536.0,16394,0.0,1.08
1780612321.636,536.0,16394,18.1,1.08
1780612321.747,536.0,16394,9.1,1.08
1780612321.857,536.0,16394,9.0,1.08
1780612321.968,536.0,16394,9.1,1.08
1780612322.078,536.0,16394,0.0,1.08
1780612322.189,536.0,16394,9.0,1.08
1780612322.299,536.0,16394,18.1,1.08
1780612322.410,536.0,16394,9.0,1.08
1780612322.526,546.3,16394,25.7,1.08
1780612322.637,546.3,16394,9.0,1.08
1780612322.748,546.3,16394,9.0,1.08
1780612322.858,546.3,16394,9.1,1.08
1780612322.969,546.3,16394,18.1,1.72
1780612323.079,546.3,16394,9.0,1.72
1780612323.190,546.3,16394,9.1,1.72
1780612323.300,550.9,16394,36.2,1.72
1780612323.410,550.9,16394,9.1,1.72
1780612323.521,550.9,16394,9.1,1.72
1780612323.631,550.9,16394,9.0,1.72
1780612323.742,550.9,16394,9.0,1.72
1780612323.856,551.6,16394,17.6,1.72
1780612323.966,551.7,16394,18.1,1.72
1780612324.077,551.7,16394,9.1,1.72
1780612324.187,551.7,16394,9.0,1.72
1780612324.298,551.7,16394,18.1,1.72
1780612324.408,551.7,16394,9.1,1.80
1780612324.518,551.7,16394,9.1,1.80
1780612324.628,551.7,16394,9.1,1.80
1780612324.738,551.7,16394,0.0,1.80
1780612324.848,551.7,16394,9.1,1.80
1780612324.959,551.7,16394,9.1,1.80
1780612325.069,551.7,16394,27.1,2.03
1780612325.180,551.7,16394,9.0,2.03
1780612325.290,551.7,16394,0.0,2.03
1780612325.401,551.7,16394,18.0,2.03
1780612325.557,570.9,16394,111.2,13.20
1780612325.668,536.0,16394,17.6,13.20
1780612325.778,536.0,16394,9.0,13.20
1780612325.889,536.0,16394,0.0,13.20
1780612326.000,536.0,16394,9.0,13.20
1780612326.110,536.0,16394,9.0,13.20
1780612326.221,536.0,16394,9.0,13.20
1780612326.331,536.0,16394,9.0,13.20
1780612326.442,536.0,16394,9.0,13.20
1780612326.552,536.0,16394,9.0,13.20
1780612326.663,536.0,16394,9.0,13.20
1780612326.774,536.0,16394,18.1,13.20
1780612326.884,536.0,16394,9.0,13.20
1780612326.999,536.0,16394,17.5,13.20
1780612327.110,536.0,16394,9.0,13.20
1780612327.220,536.0,16394,9.0,13.20
1780612327.331,536.0,16394,9.0,2.03
1780612327.441,536.0,16394,9.0,2.03
1780612327.552,536.0,16394,9.1,2.03
1780612327.662,536.0,16394,9.1,2.03
1780612327.773,536.0,16394,9.0,2.03
1780612327.883,536.0,16394,9.0,2.03
1780612327.994,536.0,16394,9.0,2.03
1780612328.104,536.0,16394,0.0,2.03
1780612328.215,536.0,16394,18.1,2.03
1780612328.326,536.0,16394,9.0,2.03
1780612328.436,536.0,16394,9.1,2.03
1780612328.547,536.0,16394,9.0,2.03
1780612328.657,536.0,16394,9.0,2.03
1780612328.768,536.0,16394,9.0,2.03
1780612328.878,536.0,16394,9.1,2.03
1780612328.989,536.0,16394,9.0,2.03
1780612329.099,536.0,16394,9.1,2.03
1780612329.210,536.0,16394,18.1,2.03
1780612329.320,536.0,16394,9.1,2.03
1780612329.431,536.0,16394,0.0,2.03
1780612329.541,536.0,16394,9.1,2.03
1780612329.652,536.0,16394,18.1,2.03
1780612329.762,536.0,16394,9.1,2.03
1780612329.873,536.0,16394,9.1,2.03
1780612329.983,536.0,16394,9.0,2.03
1780612330.094,536.0,16394,9.0,2.03
1780612330.205,536.0,16394,9.0,2.03
1780612330.315,536.0,16394,9.0,2.03
1780612330.426,536.0,16394,9.1,2.03
1780612330.536,536.0,16394,9.1,2.03
1780612330.647,536.0,16394,9.0,2.03
1780612330.757,536.0,16394,9.0,2.03
1780612330.868,536.0,16394,18.1,2.03
1780612330.978,536.0,16394,9.1,2.03
1780612331.088,536.0,16394,9.1,2.03
1780612331.199,536.0,16394,0.0,2.03
1780612331.309,536.0,16394,9.1,2.03
1780612331.419,536.0,16394,9.1,2.03
1780612331.529,536.0,16394,9.1,0.14
1780612331.639,536.0,16394,18.1,0.14
1780612331.750,536.0,16394,0.0,0.14
1780612331.859,536.0,16394,9.1,0.14
1780612331.970,536.0,16394,18.2,0.14
1780612332.080,536.0,16394,9.1,0.14
1780612332.190,536.0,16394,9.1,0.14
1780612332.301,536.0,16394,9.1,0.13
1780612332.411,536.0,16394,9.0,0.13
1780612332.522,536.0,16394,0.0,0.13
1780612332.632,536.0,16394,9.1,0.13
1780612332.742,536.0,16394,18.2,0.13
1780612332.852,536.0,16394,9.1,0.13
1780612332.962,536.0,16394,9.1,0.13
1780612333.073,536.0,16394,9.1,0.13
1780612333.183,536.0,16394,9.1,0.14
1780612333.294,536.0,16394,9.0,0.14
1780612333.404,536.0,16394,9.0,0.51
1780612333.515,536.0,16394,9.1,0.51
1780612333.625,536.0,16394,9.0,0.51
1780612333.736,536.0,16394,9.1,0.51
1780612333.846,536.0,16394,9.1,0.51
1780612333.956,536.0,16394,9.1,0.51
1780612334.067,536.0,16394,9.1,0.51
1780612334.177,536.0,16394,18.1,0.51
1780612334.288,536.0,16394,0.0,0.51
1780612334.398,536.0,16394,9.0,0.51
1780612334.509,546.4,16394,36.2,0.52
1780612334.619,546.4,16394,9.0,0.52
1780612334.730,546.4,16394,0.0,0.52
1780612334.840,546.4,16394,9.0,0.52
1780612335.008,582.0,16394,91.2,1.25
1780612335.119,536.1,16394,35.1,3.89
1780612335.229,554.3,16394,36.1,3.89
1780612335.340,554.3,16394,9.0,3.89
1780612335.451,554.3,16394,18.1,3.89
1780612335.561,554.3,16394,9.0,3.89
1780612335.672,554.3,16394,9.0,3.89
1780612335.782,554.3,16394,9.0,3.89
1780612335.893,554.3,16394,9.0,3.89
1780612336.050,569.5,16394,57.4,10.18
1780612336.161,549.9,16394,18.0,10.18
1780612336.271,550.1,16394,18.1,10.18
1780612336.382,550.1,16394,0.0,10.18
1780612336.492,550.1,16394,9.0,10.18
1780612336.603,550.1,16394,9.0,10.18
1780612336.713,550.1,16394,18.1,10.18
1780612336.824,550.1,16394,0.0,10.18
1780612336.934,550.1,16394,9.1,10.18
1780612337.045,550.1,16394,9.1,10.18
1780612337.155,550.1,16394,9.1,10.18
1780612337.266,550.1,16394,18.1,10.18
1780612337.376,550.1,16394,9.1,10.18
1780612337.487,550.1,16394,0.0,10.18
1780612337.597,550.1,16394,9.0,10.18
1780612337.708,550.1,16394,18.1,10.18
1780612337.818,550.1,16394,9.0,10.18
1780612337.929,550.1,16394,9.0,10.18
1780612338.039,550.1,16394,9.1,10.18
1780612338.150,550.1,16394,9.1,10.18
1780612338.260,550.1,16394,9.1,10.18
1780612338.371,550.1,16394,9.0,10.18
1780612338.481,550.1,16394,9.0,10.18
1780612338.592,550.1,16394,9.0,10.18
1780612338.702,550.1,16394,9.0,10.18
1780612338.813,550.1,16394,9.0,10.18
1780612338.923,550.1,16394,9.0,10.18
1780612339.034,550.1,16394,9.1,10.18
1780612339.144,550.1,16394,9.1,10.18
1780612339.255,550.1,16394,18.1,10.18
1780612339.365,550.1,16394,9.0,10.18
1780612339.476,550.1,16394,9.0,10.18
1780612339.587,550.1,16394,9.1,10.18
1780612339.697,550.1,16394,0.0,10.18
1780612339.808,550.1,16394,9.0,10.18
1780612339.918,550.1,16394,9.0,10.18
1780612340.029,550.1,16394,9.0,10.18
1780612340.139,555.1,16394,45.2,10.18
1780612340.250,555.1,16394,18.1,10.18
1780612340.361,555.1,16394,9.0,10.18
1780612340.471,555.1,16394,9.0,10.18
1780612340.582,555.1,16394,9.0,10.18
1780612340.692,555.1,16394,9.0,10.18
1780612340.803,555.1,16394,9.0,10.18
1780612340.913,555.1,16394,9.0,10.18
1780612341.024,555.1,16394,9.0,10.18
1780612341.134,555.1,16394,9.0,10.18
1780612341.245,555.1,16394,9.0,10.18
1780612341.356,555.1,16394,9.0,10.18
1780612341.466,555.1,16394,9.0,1.33
1780612341.577,555.1,16394,18.1,1.33
1780612341.687,555.1,16394,9.0,1.33
1780612341.798,555.1,16394,9.1,1.33
1780612341.908,555.1,16394,9.0,1.33
1780612342.019,555.1,16394,9.1,1.33
1780612342.129,555.1,16394,9.1,1.33
1780612342.240,555.1,16394,9.1,1.33
1780612342.350,555.1,16394,0.0,1.33
1780612342.461,555.1,16394,9.1,0.57
1780612342.571,555.1,16394,9.0,0.57
1780612342.682,555.1,16394,18.1,0.14
1780612342.792,555.1,16394,0.0,0.14
1780612342.903,555.1,16394,18.1,0.14
1780612343.013,555.1,16394,9.1,0.14
1780612343.124,555.1,16394,9.0,0.14
1780612343.234,555.1,16394,9.1,0.57
1780612343.345,555.1,16394,18.1,0.57
1780612343.456,555.1,16394,9.0,0.57
1780612343.566,555.1,16394,9.0,0.57
1780612343.677,555.1,16394,0.0,0.57
1780612343.787,555.1,16394,18.1,0.57
1780612343.898,555.1,16394,9.1,0.57
1780612344.008,555.1,16394,9.1,0.57
1780612344.119,555.1,16394,0.0,0.57
1780612344.229,555.1,16394,18.1,0.57
1780612344.340,555.1,16394,0.0,0.57
1780612344.450,555.1,16394,18.1,0.57
1780612344.561,555.1,16394,9.0,0.57
1780612344.671,555.1,16394,9.0,0.57
1780612344.782,555.1,16394,9.0,0.57
1780612344.893,555.1,16394,9.0,0.57
1780612345.003,555.1,16394,9.0,0.57
1780612345.114,555.1,16394,9.0,0.57
1780612345.225,555.1,16394,9.0,0.57
1780612345.335,555.1,16394,18.1,0.57
1780612345.446,555.1,16394,9.0,0.57
1780612345.557,555.1,16394,9.0,0.57
1780612345.667,555.1,16394,9.0,0.57
1780612345.778,555.1,16394,9.0,0.57
1780612345.889,555.1,16394,9.1,0.57
1780612345.999,555.1,16394,9.1,0.57
1780612346.109,555.1,16394,9.1,0.57
1780612346.219,555.1,16394,9.1,0.57
1780612346.330,555.1,16394,9.1,0.57
1780612346.440,555.1,16394,9.1,0.57
1780612346.550,555.1,16394,9.1,0.57
1780612346.661,555.1,16394,9.1,0.30
1780612346.771,555.1,16394,9.1,0.30
1780612346.881,555.1,16394,9.1,0.30
1780612346.991,555.1,16394,0.0,0.30
1780612347.101,555.1,16394,18.1,0.30
1780612347.212,555.1,16394,9.0,0.30
1780612347.323,555.1,16394,9.0,0.30
1780612347.433,555.1,16394,9.0,0.30
1780612347.544,555.1,16394,9.0,0.30
1780612347.654,555.1,16394,9.1,0.30
1780612347.765,555.1,16394,9.0,0.30
1780612347.875,555.1,16394,9.0,0.30
1780612347.986,555.1,16394,9.0,0.30
1780612348.096,555.1,16394,18.1,0.30
1780612348.207,555.1,16394,9.0,0.30
1780612348.318,555.1,16394,0.0,0.30
1780612348.428,555.1,16394,18.1,0.30
1780612348.539,555.1,16394,0.0,0.30
1780612348.649,555.1,16394,9.1,0.30
1780612348.760,555.1,16394,9.0,0.30
1780612348.870,555.1,16394,18.1,0.30
1780612348.981,555.1,16394,9.1,0.30
1780612349.091,555.1,16394,9.1,0.30
1780612349.202,555.1,16394,9.1,0.30
1780612349.312,555.1,16394,9.1,0.30
1780612349.422,555.1,16394,0.0,0.30
1780612349.533,555.1,16394,18.1,0.30
1780612349.643,555.1,16394,9.1,0.17
1780612349.754,555.1,16394,9.1,0.17
1780612349.864,555.1,16394,9.0,0.17
1780612349.975,555.1,16394,9.0,0.30
1780612350.086,555.1,16394,9.0,0.30
1780612350.196,555.1,16394,9.0,0.30
1780612350.307,555.1,16394,9.0,0.30
1780612350.417,555.1,16394,9.1,0.30
1780612350.528,555.1,16394,18.1,0.30
1780612350.638,555.1,16394,9.1,0.30
1780612350.749,559.1,16394,18.1,0.41
1780612350.859,559.1,16394,9.0,0.41
1780612350.970,559.1,16394,9.1,0.41
1780612351.080,559.1,16394,9.0,0.41
1780612351.191,559.1,16394,9.0,0.41
1780612351.345,564.5,16394,58.6,0.74
1780612351.455,543.4,16394,9.0,0.74
1780612351.566,543.4,16394,0.0,0.74
1780612351.677,543.4,16394,9.0,0.74
1780612351.787,543.4,16394,9.0,0.74
1780612351.898,543.4,16394,9.0,0.74
1780612352.008,547.9,16394,45.3,1.00
1780612352.119,547.9,16394,0.0,1.00
1780612352.230,547.9,16394,9.0,1.00
1780612352.340,547.9,16394,9.0,1.00
1780612352.451,547.9,16394,9.0,1.00
1780612352.561,547.9,16394,18.1,1.00
1780612352.672,547.9,16394,9.0,1.00
1780612352.782,547.9,16394,0.0,1.00
1780612352.893,547.9,16394,18.1,1.00
1780612353.004,547.9,16394,9.0,1.00
1780612353.114,547.9,16394,9.0,1.00
1780612353.225,547.9,16394,9.0,1.00
1780612353.335,547.9,16394,9.0,1.00
1780612353.497,555.0,16394,55.5,2.79
1780612353.608,536.3,16394,9.0,2.79
1780612353.719,536.3,16394,9.0,2.79
1780612353.830,536.3,16394,9.0,2.79
1780612353.940,536.3,16394,9.0,2.79
1780612354.051,536.3,16394,9.0,2.79
1780612354.161,536.3,16394,9.0,2.79
1780612354.272,536.3,16394,9.0,2.79
1780612354.383,536.3,16394,9.0,2.79
1780612354.493,536.3,16394,18.1,2.79
1780612354.604,536.3,16394,0.0,2.79
1780612354.715,536.3,16394,9.0,2.79
1780612354.825,536.3,16394,18.1,2.79
1780612354.936,536.3,16394,0.0,2.79
1780612355.046,536.3,16394,9.0,2.79
1780612355.157,549.2,16394,36.2,2.79
1780612355.267,549.2,16394,18.1,2.79
1780612355.378,549.2,16394,9.0,2.79
1780612355.488,549.2,16394,0.0,2.79
1780612355.599,549.2,16394,18.1,2.79
1780612355.709,549.2,16394,9.1,2.79
1780612355.819,549.2,16394,9.1,2.79
1780612355.930,549.2,16394,9.1,2.79
1780612356.040,549.2,16394,9.1,2.79
1780612356.150,549.2,16394,9.1,2.79
1780612356.261,549.2,16394,9.1,2.79
1780612356.371,549.2,16394,9.1,2.79
1780612356.481,549.2,16394,9.1,2.79
1780612356.592,549.2,16394,9.1,2.79
1780612356.702,549.2,16394,9.1,2.79
1780612356.813,549.2,16394,9.0,2.79
1780612356.923,549.2,16394,9.0,2.79
1780612357.034,549.2,16394,9.1,2.79
1780612357.144,549.2,16394,9.1,2.79
1780612357.255,549.2,16394,9.1,2.79
1780612357.365,549.2,16394,9.0,2.79
1780612357.476,549.2,16394,9.1,2.79
1780612357.586,549.2,16394,9.0,2.79
1780612357.697,549.2,16394,9.0,2.79
1780612357.807,549.2,16394,9.0,2.79
1780612357.974,571.4,16394,66.2,3.99
1780612358.084,536.4,16394,18.1,3.99
1780612358.195,536.4,16394,9.1,3.99
1780612358.343,603.5,16394,96.5,5.55
1780612358.519,608.2,16394,102.1,5.55
1780612358.630,536.6,16394,17.6,30.17
1780612358.740,536.6,16394,18.1,30.17
1780612358.851,536.6,16394,9.1,30.17
1780612358.961,536.6,16394,9.0,30.17
1780612359.109,576.1,16394,81.2,54.62
1780612359.219,536.6,16394,9.1,54.62
1780612359.330,536.6,16394,9.0,54.62
1780612359.441,536.6,16394,9.0,54.62
1780612359.551,536.6,16394,9.0,54.62
1780612359.662,536.6,16394,18.1,54.62
1780612359.772,536.6,16394,9.0,54.62
1780612359.883,536.6,16394,9.0,54.62
1780612359.994,536.6,16394,9.0,54.62
1780612360.104,536.6,16394,0.0,54.62
1780612360.215,536.6,16394,9.0,54.62
1780612360.326,536.6,16394,18.1,54.62
1780612360.436,536.6,16394,9.0,54.62
1780612360.547,536.6,16394,9.0,54.62
1780612360.657,536.6,16394,9.0,54.62
1780612360.768,536.6,16394,9.0,54.62
1780612360.879,536.6,16394,18.1,54.62
1780612360.989,536.6,16394,0.0,54.62
1780612361.100,536.6,16394,9.0,54.62
1780612361.211,536.6,16394,9.0,54.62
1780612361.321,536.6,16394,9.0,54.62
1780612361.432,536.6,16394,18.1,54.62
1780612361.542,536.6,16394,0.0,54.62
1780612361.653,536.6,16394,9.0,54.62
1780612361.764,536.6,16394,9.0,54.62
1780612361.874,536.6,16394,9.0,54.62
1780612361.985,536.6,16394,9.0,54.62
1780612362.095,536.6,16394,18.1,54.62
1780612362.206,536.6,16394,9.0,54.62
1780612362.317,536.6,16394,9.0,54.62
1780612362.427,536.6,16394,9.0,54.62
1780612362.538,536.6,16394,9.0,54.62
1780612362.649,536.6,16394,9.0,54.62
1780612362.759,536.6,16394,9.0,54.62
1780612362.870,536.6,16394,9.0,54.62
1780612362.980,536.6,16394,9.0,54.62
1780612363.104,557.6,16394,56.8,54.62
1780612363.268,576.4,16394,91.3,54.62
1780612363.379,536.7,16394,36.1,54.62
1780612363.490,536.7,16394,9.0,54.62
1780612363.600,536.7,16394,9.0,54.62
1780612363.711,536.7,16394,9.0,54.62
1780612363.821,536.7,16394,9.1,54.62
1780612363.932,536.7,16394,18.1,54.62
1780612364.042,536.7,16394,9.1,54.62
1780612364.152,536.7,16394,0.0,54.62
1780612364.263,536.7,16394,9.0,54.62
1780612364.373,544.5,16394,18.1,54.62
1780612364.484,544.5,16394,18.1,54.62
1780612364.595,544.5,16394,9.0,54.62
1780612364.705,544.5,16394,0.0,54.62
1780612364.816,544.5,16394,9.1,54.62
1780612364.926,544.5,16394,9.1,54.62
1780612365.037,544.5,16394,9.1,6.25
1780612365.147,544.5,16394,9.1,6.25
1780612365.257,544.5,16394,9.1,6.25
1780612365.368,544.5,16394,9.0,6.25
1780612365.478,544.5,16394,18.1,6.25
1780612365.589,544.5,16394,9.1,3.50
1780612365.700,544.5,16394,9.0,3.50
1780612365.810,544.5,16394,9.0,3.50
1780612365.927,567.9,16394,68.5,6.25
1780612366.038,543.4,16394,18.1,6.25
1780612366.148,543.4,16394,9.0,6.25
1780612366.259,543.4,16394,9.0,6.25
1780612366.369,543.4,16394,9.0,6.25
1780612366.480,543.4,16394,9.0,6.25
1780612366.650,576.4,16394,65.7,11.11
1780612366.761,536.7,16394,52.8,11.11
1780612366.872,536.7,16394,9.0,11.11
1780612367.035,596.7,16394,99.6,14.53
1780612367.146,536.8,16394,61.7,14.53
1780612367.257,536.8,16394,9.0,14.53
1780612367.367,536.8,16394,9.0,14.53
1780612367.478,536.8,16394,18.1,14.53
1780612367.588,536.8,16394,9.0,14.53
1780612367.699,536.8,16394,9.0,14.53
1780612367.809,536.8,16394,9.1,14.53
1780612367.920,536.8,16394,9.0,14.53
1780612368.030,545.7,16394,27.2,14.53
1780612368.141,545.7,16394,9.0,14.53
1780612368.251,545.7,16394,9.1,14.53
1780612368.362,545.7,16394,9.0,14.53
1780612368.476,546.4,16394,26.4,14.53
1780612368.587,546.5,16394,9.0,14.53
1780612368.706,560.3,16394,58.7,14.53
1780612368.817,565.1,16394,54.2,14.53
1780612368.973,571.5,16394,57.5,40.83
1780612369.084,543.0,16394,9.0,40.83
1780612369.195,543.0,16394,9.0,40.83
1780612369.305,543.0,16394,9.0,40.83
1780612369.416,543.0,16394,9.0,40.83
1780612369.527,543.0,16394,9.0,40.83
1780612369.637,543.0,16394,18.1,40.83
1780612369.748,543.0,16394,9.0,40.83
1780612369.859,543.0,16394,18.1,40.83
1780612369.969,543.0,16394,18.1,40.83
1780612370.080,543.0,16394,9.0,40.83
1780612370.191,543.0,16394,0.0,40.83
1780612370.301,543.0,16394,9.0,40.83
1780612370.412,543.5,16394,27.1,40.83
1780612370.522,543.5,16394,0.0,40.83
1780612370.633,543.5,16394,18.1,40.83
1780612370.743,543.5,16394,0.0,40.83
1780612370.854,543.5,16394,9.1,40.83
1780612370.964,543.5,16394,9.1,40.83
1780612371.074,543.5,16394,18.1,40.83
1780612371.185,543.5,16394,9.1,40.83
1780612371.295,543.5,16394,9.0,40.83
1780612371.410,543.5,16394,17.5,40.83
1780612371.521,543.5,16394,9.0,40.83
1780612371.631,544.5,16394,27.1,40.83
1780612371.742,544.5,16394,9.0,40.83
1780612371.852,544.5,16394,18.1,40.83
1780612371.963,544.5,16394,9.0,40.83
1780612372.074,544.5,16394,9.0,40.83
1780612372.243,589.9,16394,101.9,40.83
1780612372.354,537.0,16394,17.6,40.83
1780612372.465,537.0,16394,9.0,40.83
1780612372.575,537.0,16394,9.1,40.83
1780612372.686,537.0,16394,9.0,40.83
1780612372.796,537.0,16394,18.1,40.83
1780612372.918,553.5,16394,49.1,40.83
1780612373.029,554.5,16394,27.1,40.83
1780612373.189,558.9,16394,56.5,40.83
1780612373.301,545.4,16394,26.8,40.83
1780612373.412,545.6,16394,27.0,40.83
1780612373.522,545.6,16394,9.0,22.78
1780612373.633,545.6,16394,0.0,22.78
1780612373.744,545.6,16394,9.0,22.78
1780612373.854,545.6,16394,18.1,22.78
1780612373.965,545.6,16394,9.0,22.78
1780612374.075,545.6,16394,9.0,22.78
1780612374.186,545.6,16394,9.0,22.78
1780612374.297,545.6,16394,9.0,22.78
1780612374.407,545.6,16394,9.0,22.78
1780612374.518,545.6,16394,9.0,22.78
1780612374.628,545.6,16394,9.0,22.78
1780612374.739,545.6,16394,18.1,22.78
1780612374.849,545.6,16394,9.1,22.78
1780612374.960,545.6,16394,9.1,22.78
1780612375.070,545.6,16394,9.0,22.78
1780612375.181,545.6,16394,9.0,22.78
1780612375.292,545.6,16394,18.1,22.78
1780612375.402,545.6,16394,0.0,22.78
1780612375.513,545.7,16394,18.0,19.83
1780612375.624,545.7,16394,18.1,19.83
1780612375.734,545.7,16394,0.0,19.83
1780612375.845,545.7,16394,27.2,19.83
1780612375.955,545.7,16394,9.1,19.83
1780612376.099,575.5,16394,97.0,22.59
1780612376.210,556.5,16394,9.0,22.59
1780612376.321,556.5,16394,9.0,22.59
1780612376.432,556.5,16394,9.0,22.59
1780612376.542,556.5,16394,9.0,22.59
1780612376.653,556.5,16394,9.0,22.59
1780612376.764,556.5,16394,9.0,22.59
1780612376.874,556.5,16394,9.0,22.59
1780612376.985,556.5,16394,9.0,22.59
1780612377.096,556.5,16394,18.1,22.59
1780612377.206,556.5,16394,0.0,22.59
1780612377.317,556.5,16394,9.0,22.59
1780612377.433,561.3,16394,51.6,22.59
1780612377.544,561.3,16394,9.0,22.59
1780612377.654,561.3,16394,9.0,22.59
1780612377.765,561.3,16394,18.1,22.59
1780612377.876,561.3,16394,9.0,22.59
1780612377.986,561.3,16394,9.0,22.59
1780612378.097,561.3,16394,9.0,22.59
1780612378.207,561.3,16394,9.0,22.59
1780612378.318,561.3,16394,9.0,22.59
1780612378.429,561.9,16394,27.1,22.59
1780612378.539,561.9,16394,9.0,22.59
1780612378.650,561.9,16394,27.1,19.83
1780612378.767,561.9,16394,17.1,19.83
1780612378.878,561.9,16394,9.0,19.83
1780612378.988,561.9,16394,9.1,19.83
1780612379.099,561.9,16394,9.0,19.83
1780612379.209,561.9,16394,9.0,19.83
1780612379.320,562.4,16394,27.1,19.83
1780612379.432,562.4,16394,17.8,3.60
1780612379.543,562.4,16394,18.1,3.60
1780612379.653,562.4,16394,18.1,3.60
1780612379.764,562.4,16394,27.1,3.60
1780612379.874,562.4,16394,9.0,3.60
1780612379.985,562.4,16394,9.0,3.60
1780612380.095,562.4,16394,9.0,3.60
1780612380.254,563.5,16394,50.4,3.60
1780612380.365,537.4,16394,9.0,3.60
1780612380.485,545.4,16394,25.0,3.60
1780612380.596,549.6,16394,27.1,3.60
1780612380.717,549.7,16394,16.5,3.60
1780612380.827,549.8,16394,9.0,3.60
1780612380.939,549.9,16394,18.0,3.60
1780612381.049,549.9,16394,9.0,3.60
1780612381.160,555.6,16394,45.2,3.60
1780612381.271,555.6,16394,9.0,3.60
1780612381.381,555.6,16394,0.0,3.60
1780612381.492,555.6,16394,18.1,3.60
1780612381.602,555.7,16394,9.1,3.60
1780612381.713,555.7,16394,9.0,3.60
1780612381.824,555.7,16394,18.1,3.60
1780612381.942,555.8,16394,34.0,3.60
1780612382.052,555.8,16394,9.0,3.60
1780612382.163,555.9,16394,36.2,3.60
1780612382.273,555.9,16394,9.0,3.60
1780612382.384,556.0,16394,9.0,3.60
1780612382.494,556.0,16394,0.0,2.26
1780612382.605,556.0,16394,9.1,2.26
1780612382.715,556.0,16394,18.1,2.26
1780612382.826,556.0,16394,9.0,2.26
1780612382.936,556.0,16394,27.2,2.26
1780612383.047,556.0,16394,0.0,2.26
1780612383.158,556.0,16394,18.1,2.26
1780612383.268,556.0,16394,9.0,2.26
1780612383.379,556.3,16394,9.0,2.26
1780612383.489,556.3,16394,9.0,2.26
1780612383.600,556.3,16394,9.0,2.26
1780612383.712,556.3,16394,8.9,2.26
1780612383.823,556.5,16394,18.1,2.26
1780612383.936,557.0,16394,35.3,2.26
1780612384.047,557.0,16394,0.0,2.26
1780612384.158,557.3,16394,18.0,2.26
1780612384.269,557.3,16394,9.0,2.26
1780612384.380,557.3,16394,9.0,2.26
1780612384.491,557.6,16394,36.1,2.26
1780612384.601,557.6,16394,9.0,2.26
1780612384.715,558.1,16394,35.3,2.26
1780612384.825,558.1,16394,9.0,2.26
1780612384.936,558.1,16394,9.0,2.26
1780612385.046,558.1,16394,9.0,2.26
1780612385.157,558.1,16394,9.0,2.26
1780612385.268,558.1,16394,9.0,2.26
1780612385.379,558.1,16394,18.1,2.26
1780612385.489,558.1,16394,9.0,2.26
1780612385.600,558.1,16394,9.0,2.26
1780612385.710,558.1,16394,9.1,2.09
1780612385.821,558.1,16394,9.0,2.09
1780612385.931,558.1,16394,9.1,2.09
1780612386.042,558.1,16394,9.1,2.09
1780612386.152,558.1,16394,9.1,2.09
1780612386.262,558.1,16394,9.1,2.09
1780612386.373,558.1,16394,9.0,2.09
1780612386.483,558.1,16394,9.0,2.09
1780612386.594,559.6,16394,36.2,2.09
1780612386.704,559.6,16394,18.1,2.09
1780612386.815,559.6,16394,0.0,2.09
1780612386.925,559.6,16394,9.0,2.09
1780612387.036,559.6,16394,18.1,1.62
1780612387.160,564.4,16394,56.4,1.62
1780612387.271,537.6,16394,9.0,1.62
1780612387.381,537.6,16394,9.0,1.62
1780612387.492,537.6,16394,18.1,1.62
1780612387.612,562.0,16394,58.2,2.09
1780612387.723,537.6,16394,9.0,2.09
1780612387.833,537.6,16394,9.0,2.09
1780612387.944,537.6,16394,9.0,2.09
1780612388.055,537.6,16394,9.0,2.09
1780612388.165,537.6,16394,9.0,2.09
1780612388.276,537.6,16394,9.0,2.09
1780612388.386,537.6,16394,9.0,2.09
1780612388.497,537.6,16394,9.0,2.09
1780612388.607,537.6,16394,9.0,2.09
1780612388.718,537.6,16394,9.0,2.09
1780612388.829,537.6,16394,9.0,2.09
1780612388.939,545.4,16394,27.1,2.09
1780612389.050,545.4,16394,0.0,2.09
1780612389.160,545.4,16394,9.0,2.09
1780612389.271,545.4,16394,9.0,2.09
1780612389.382,546.1,16394,18.1,2.09
1780612389.492,546.1,16394,9.0,2.09
1780612389.603,546.1,16394,18.1,2.09
1780612389.713,546.1,16394,9.0,2.09
1780612389.824,546.1,16394,9.0,2.09
1780612389.934,548.8,16394,27.1,2.09
1780612390.045,548.8,16394,18.1,2.09
1780612390.156,548.8,16394,0.0,2.09
1780612390.267,557.9,16394,36.2,2.09
1780612390.378,557.9,16394,9.0,2.09
1780612390.488,558.4,16394,36.2,2.09
1780612390.599,558.4,16394,18.1,2.09
1780612390.709,560.4,16394,27.1,2.09
1780612390.820,560.4,16394,18.1,2.09
1780612390.930,560.4,16394,9.1,2.09
1780612391.041,560.4,16394,9.0,2.09
1780612391.151,560.4,16394,9.1,2.09
1780612391.262,560.4,16394,9.1,1.05
1780612391.372,560.4,16394,9.1,1.05
1780612391.483,560.4,16394,0.0,1.05
1780612391.593,560.4,16394,18.1,1.05
1780612391.704,560.4,16394,9.1,1.05
1780612391.814,560.4,16394,9.0,1.05
1780612391.925,560.4,16394,9.0,1.05
1780612392.048,560.5,16394,32.5,1.05
1780612392.158,561.4,16394,0.0,1.05
1780612392.269,561.4,16394,9.0,1.05
1780612392.379,561.4,16394,9.0,1.05
1780612392.490,561.4,16394,18.1,1.05
1780612392.601,561.4,16394,9.0,1.05
1780612392.711,561.4,16394,9.1,1.05
1780612392.822,561.4,16394,9.1,1.05
1780612392.935,538.3,16394,61.8,9.07
1780612393.045,538.3,16394,9.0,9.07
1780612393.156,561.0,16394,54.3,9.07
1780612393.267,561.0,16394,18.1,9.07
1780612393.377,561.0,16394,9.0,9.07
1780612393.488,561.0,16394,9.0,9.07
1780612393.599,561.8,16394,27.1,9.07
1780612393.710,561.8,16394,9.0,9.07
1780612393.843,565.2,16394,60.1,9.07
1780612393.953,538.4,16394,0.0,9.07
1780612394.064,538.4,16394,9.0,2.52
1780612394.175,538.4,16394,18.1,2.52
1780612394.285,538.4,16394,9.0,2.52
1780612394.396,538.4,16394,9.0,2.52
1780612394.506,538.4,16394,0.0,2.52
1780612394.617,538.4,16394,18.1,2.52
1780612394.728,548.1,16394,18.1,2.52
1780612394.878,548.3,16394,39.9,2.52
1780612394.989,559.9,16394,9.0,2.52
1780612395.100,559.9,16394,9.0,2.52
1780612395.210,559.9,16394,18.1,2.52
1780612395.321,559.9,16394,9.0,2.52
1780612395.432,559.9,16394,9.0,2.52
1780612395.543,559.9,16394,9.0,2.52
1780612395.653,559.9,16394,18.1,2.52
1780612395.764,562.4,16394,27.1,3.68
1780612395.874,562.4,16394,9.0,3.68
1780612395.985,562.4,16394,9.0,3.68
1780612396.096,562.4,16394,9.0,3.68
1780612396.206,562.6,16394,18.1,3.68
1780612396.370,571.5,16394,73.3,3.68
1780612396.481,548.0,16394,9.0,3.68
1780612396.592,548.0,16394,18.1,3.68
1780612396.702,548.0,16394,0.0,3.68
1780612396.813,548.0,16394,9.0,3.68
1780612396.923,548.0,16394,9.1,3.68
1780612397.033,548.0,16394,9.1,3.68
1780612397.144,552.9,16394,27.1,3.68
1780612397.255,552.9,16394,9.0,3.68
1780612397.365,552.9,16394,9.0,3.68
1780612397.476,552.9,16394,18.1,3.68
1780612397.586,552.9,16394,0.0,3.68
1780612397.697,552.9,16394,18.1,3.68
1780612397.807,552.9,16394,0.0,3.68
1780612397.918,552.9,16394,9.1,3.68
1780612398.028,552.9,16394,18.1,3.68
1780612398.139,552.9,16394,0.0,3.68
1780612398.249,552.9,16394,18.1,3.68
1780612398.360,552.9,16394,9.0,3.68
1780612398.470,552.9,16394,0.0,3.68
1780612398.581,552.9,16394,18.1,3.68
1780612398.691,552.9,16394,9.1,3.68
1780612398.810,553.0,16394,17.3,3.68
1780612398.921,553.5,16394,8.8,3.68
1780612399.031,553.5,16394,9.1,3.68
1780612399.141,553.5,16394,0.0,3.68
1780612399.252,553.5,16394,18.1,3.68
1780612399.362,553.5,16394,9.0,2.52
1780612399.473,553.5,16394,9.0,2.52
1780612399.612,575.8,16394,93.3,3.68
1780612399.722,540.6,16394,9.1,3.68
1780612399.833,540.6,16394,9.1,3.68
1780612399.942,540.6,16394,9.1,3.68
1780612400.057,540.6,16394,8.7,3.68
1780612400.167,547.9,16394,18.2,3.68
1780612400.278,547.9,16394,9.0,3.68
1780612400.388,547.9,16394,9.0,3.68
1780612400.499,547.9,16394,9.1,3.68
1780612400.609,547.9,16394,0.0,3.68
1780612400.720,547.9,16394,9.0,3.68
1780612400.830,547.9,16394,9.0,3.68
1780612400.941,547.9,16394,9.0,3.68
1780612401.051,547.9,16394,9.0,3.68
1780612401.162,547.9,16394,18.1,3.68
1780612401.272,548.1,16394,9.0,3.68
1780612401.383,548.1,16394,9.0,3.68
1780612401.493,548.1,16394,9.1,3.68
1780612401.605,548.4,16394,18.0,3.68
1780612401.715,557.6,16394,54.3,3.68
1780612401.826,557.6,16394,9.0,3.68
1780612401.963,575.9,16394,95.1,9.57
1780612402.073,540.7,16394,9.0,9.57
1780612402.184,540.7,16394,9.0,9.57
1780612402.295,540.7,16394,9.0,9.57
1780612402.405,540.7,16394,0.0,9.57
1780612402.516,540.7,16394,18.1,9.57
1780612402.626,548.0,16394,18.1,9.57
1780612402.737,548.0,16394,9.0,9.57
1780612402.847,548.0,16394,9.0,9.57
1780612402.958,548.0,16394,0.0,9.57
1780612403.069,548.0,16394,9.0,9.57
1780612403.179,548.0,16394,9.0,9.57
1780612403.290,548.0,16394,18.0,9.57
1780612403.401,559.7,16394,54.2,9.57
1780612403.511,559.7,16394,9.0,9.57
1780612403.622,559.7,16394,9.0,9.57
1780612403.733,559.7,16394,9.0,9.57
1780612403.843,559.7,16394,9.0,9.57
1780612403.954,559.7,16394,9.1,9.57
1780612404.064,559.7,16394,9.1,9.57
1780612404.175,559.7,16394,9.0,9.57
1780612404.285,559.7,16394,9.0,9.57
1780612404.396,559.7,16394,9.0,9.57
1780612404.507,559.7,16394,9.0,9.57
1780612404.617,559.7,16394,9.1,9.57
1780612404.727,559.7,16394,9.1,9.57
1780612404.838,559.7,16394,9.1,9.57
1780612404.948,559.7,16394,9.1,9.57
1780612405.059,559.7,16394,9.0,9.57
1780612405.170,559.7,16394,9.0,9.57
1780612405.280,559.7,16394,9.0,9.57
1780612405.391,540.8,16394,63.3,9.57
1780612405.501,540.8,16394,18.1,9.57
1780612405.612,540.8,16394,9.1,9.57
1780612405.722,540.8,16394,9.1,9.57
1780612405.833,540.8,16394,9.1,9.57
1780612405.943,540.8,16394,9.0,9.57
1780612406.077,561.4,16394,44.9,2.76
1780612406.188,561.5,16394,9.0,2.76
1780612406.298,561.5,16394,9.0,2.76
1780612406.440,561.5,16394,43.3,2.76
1780612406.551,551.8,16394,79.1,2.76
1780612406.661,551.8,16394,9.0,2.76
1780612406.772,551.8,16394,0.0,2.76
1780612406.882,551.8,16394,9.1,2.76
1780612406.993,551.8,16394,9.0,2.76
1780612407.103,551.8,16394,9.0,2.76
1780612407.214,551.8,16394,18.1,2.76
1780612407.325,551.8,16394,9.0,2.76
1780612407.435,551.8,16394,9.0,2.76
1780612407.546,551.8,16394,9.0,2.76
1780612407.656,551.8,16394,0.0,2.76
1780612407.767,551.8,16394,18.1,2.76
1780612407.877,551.8,16394,9.0,2.76
1780612407.988,551.8,16394,9.1,2.76
1780612408.098,551.8,16394,9.1,1.19
1780612408.209,551.8,16394,9.1,1.19
1780612408.319,551.8,16394,9.0,1.06
1780612408.430,551.8,16394,9.0,1.06
1780612408.560,559.2,16394,46.1,1.19
1780612408.671,563.2,16394,0.0,1.19
1780612408.781,563.2,16394,18.1,1.19
1780612408.892,563.3,16394,9.0,1.19
1780612409.002,563.3,16394,18.1,1.19
1780612409.113,563.3,16394,9.0,1.19
1780612409.223,563.3,16394,9.0,1.19
1780612409.334,563.3,16394,9.1,1.19
1780612409.444,563.3,16394,9.1,1.19
1780612409.554,563.3,16394,9.1,1.92
1780612409.697,571.2,16394,56.2,1.92
1780612409.807,540.9,16394,9.0,1.92
1780612409.918,540.9,16394,18.1,1.92
1780612410.028,540.9,16394,9.1,1.92
1780612410.137,540.9,16394,0.0,1.92
1780612410.272,540.9,16394,37.2,1.92
1780612410.382,553.9,16394,0.0,1.92
1780612410.493,553.9,16394,9.0,1.92
1780612410.604,553.9,16394,18.1,1.92
1780612410.714,553.9,16394,9.1,1.92
1780612410.824,553.9,16394,9.1,1.92
1780612410.934,553.9,16394,0.0,1.92
1780612411.043,553.9,16394,9.1,1.92
1780612411.152,553.9,16394,9.2,1.92
1780612411.262,553.9,16394,18.3,1.92
1780612411.372,553.9,16394,9.0,1.92
1780612411.483,553.9,16394,0.0,1.92
1780612411.593,553.9,16394,9.0,1.92
1780612411.704,553.9,16394,9.0,1.92
1780612411.815,553.9,16394,18.1,1.92
1780612411.925,553.9,16394,9.0,1.92
1780612412.036,553.9,16394,0.0,1.92
1780612412.146,553.9,16394,18.1,1.92
1780612412.257,553.9,16394,9.1,1.92
1780612412.367,553.9,16394,9.1,1.92
1780612412.476,553.9,16394,9.1,1.92
1780612412.586,553.9,16394,9.1,1.92
1780612412.695,553.9,16394,0.0,1.92
1780612412.805,553.9,16394,9.2,1.92
1780612412.914,553.9,16394,18.3,1.92
1780612413.023,553.9,16394,0.0,1.92
1780612413.132,553.9,16394,9.2,1.92
1780612413.240,553.9,16394,18.5,1.92
1780612413.348,553.9,16394,0.0,1.92
1780612413.458,553.9,16394,9.1,1.92
1780612413.569,553.9,16394,9.1,1.92
1780612413.679,553.9,16394,9.0,1.92
1780612413.790,561.4,16394,45.2,1.92
1780612413.900,561.4,16394,18.1,1.92
1780612414.011,561.4,16394,0.0,1.92
1780612414.121,561.4,16394,9.1,1.92
1780612414.247,561.4,16394,23.9,5.21
1780612414.358,562.4,16394,9.0,5.21
1780612414.469,562.4,16394,9.0,5.21
1780612414.579,562.4,16394,9.0,5.21
1780612414.696,562.4,16394,17.1,5.21
1780612414.807,563.1,16394,18.1,5.21
1780612414.917,563.1,16394,9.0,5.21
1780612415.028,563.1,16394,9.0,1.92
1780612415.139,563.1,16394,9.0,1.92
1780612415.249,563.1,16394,9.0,1.92
1780612415.407,563.1,16394,38.0,1.92
1780612415.517,541.0,16394,18.2,1.92
1780612415.628,541.0,16394,9.1,1.92
1780612415.738,541.0,16394,9.1,1.92
1780612415.849,541.0,16394,9.1,1.92
1780612415.959,541.0,16394,9.1,1.67
1780612416.070,541.0,16394,9.0,1.67
1780612416.180,541.0,16394,18.1,1.67
1780612416.291,541.0,16394,0.0,1.67
1780612416.401,541.0,16394,9.0,1.67
1780612416.512,541.0,16394,18.1,1.67
1780612416.622,548.4,16394,9.0,1.67
1780612416.733,555.3,16394,36.2,1.38
1780612416.843,555.3,16394,9.0,1.91
1780612416.954,555.3,16394,9.0,1.91
1780612417.068,555.3,16394,17.5,1.91
1780612417.179,555.3,16394,0.0,1.91
1780612417.289,555.3,16394,18.1,1.91
1780612417.399,555.3,16394,9.1,1.91
1780612417.510,555.3,16394,9.0,1.91
1780612417.621,555.3,16394,9.1,1.91
1780612417.731,555.3,16394,9.1,1.91
1780612417.841,555.3,16394,9.1,1.91
1780612417.952,555.3,16394,9.1,1.91
1780612418.063,555.5,16394,9.0,1.91
1780612418.173,565.4,16394,54.3,1.91
1780612418.284,565.4,16394,9.0,1.91
1780612418.394,565.4,16394,9.1,1.91
1780612418.505,565.4,16394,9.1,1.91
1780612418.615,565.4,16394,9.0,1.91
1780612418.726,565.4,16394,18.1,1.91
1780612418.836,565.4,16394,0.0,1.91
1780612418.947,565.4,16394,9.1,1.91
1780612419.064,566.0,16394,34.1,1.91
1780612419.174,566.0,16394,9.0,1.91
1780612419.285,566.0,16394,9.0,1.91
1780612419.396,566.0,16394,9.0,1.91
1780612419.506,566.0,16394,18.1,1.91
1780612419.617,566.0,16394,9.1,1.91
1780612419.727,566.0,16394,9.1,1.91
1780612419.837,566.0,16394,9.1,1.91
1780612419.948,566.0,16394,9.1,1.91
1780612420.058,566.0,16394,0.0,1.91
1780612420.169,566.0,16394,18.1,1.91
1780612420.280,566.0,16394,9.0,1.91
1780612420.390,566.0,16394,0.0,1.91
1780612420.560,571.0,16394,59.1,1.91
1780612420.670,543.1,16394,18.1,1.38
1780612420.781,543.1,16394,18.0,1.38
1780612420.892,543.1,16394,0.0,1.38
1780612421.002,543.1,16394,9.1,1.38
1780612421.113,543.1,16394,9.1,1.38
1780612421.223,543.1,16394,9.1,1.38
1780612421.334,550.3,16394,18.1,1.38
1780612421.444,550.3,16394,9.0,1.38
1780612421.555,550.3,16394,18.1,1.38
1780612421.665,550.3,16394,9.0,1.38
1780612421.776,550.3,16394,9.0,1.38
1780612421.886,550.3,16394,9.0,1.38
1780612421.997,550.3,16394,9.1,1.38
1780612422.107,550.3,16394,9.0,1.38
1780612422.218,550.3,16394,9.1,1.38
1780612422.328,550.3,16394,9.0,1.38
1780612422.439,550.3,16394,9.0,1.38
1780612422.550,550.3,16394,9.0,1.07
1780612422.660,550.3,16394,9.0,1.07
1780612422.771,550.3,16394,9.0,1.07
1780612422.881,550.3,16394,9.0,1.07
1780612422.992,550.3,16394,9.1,1.07
1780612423.102,550.3,16394,9.1,1.07
1780612423.213,550.3,16394,18.1,0.98
1780612423.323,550.3,16394,9.0,0.98
1780612423.434,550.3,16394,0.0,0.98
1780612423.544,550.3,16394,18.1,0.98
1780612423.655,550.3,16394,0.0,0.98
1780612423.765,550.3,16394,9.1,0.98
1780612423.875,550.3,16394,18.1,0.98
1780612423.986,550.3,16394,9.1,0.98
1780612424.096,550.3,16394,0.0,0.98
1780612424.207,550.3,16394,18.1,0.98
1780612424.317,550.5,16394,9.0,0.98
1780612424.428,550.6,16394,9.0,0.98
1780612424.594,589.7,16394,108.6,1.07
1780612424.705,562.9,16394,9.0,1.07
1780612424.815,562.9,16394,9.0,1.07
1780612424.926,562.9,16394,9.0,1.07
1780612425.036,563.9,16394,27.1,1.07
1780612425.147,563.9,16394,9.0,1.07
1780612425.257,563.9,16394,9.0,1.07
1780612425.368,563.9,16394,9.0,1.07
1780612425.479,563.9,16394,9.1,1.07
1780612425.589,563.9,16394,18.1,1.07
1780612425.700,563.9,16394,0.0,1.07
1780612425.817,564.1,16394,34.2,1.07
1780612425.927,564.1,16394,9.0,1.07
1780612426.038,564.1,16394,0.0,1.07
1780612426.149,564.1,16394,9.0,1.07
1780612426.259,564.1,16394,9.0,1.45
1780612426.370,564.1,16394,18.1,1.45
1780612426.480,564.1,16394,9.0,1.45
1780612426.591,564.1,16394,9.0,1.45
1780612426.702,564.1,16394,9.0,1.45
1780612426.812,564.1,16394,9.0,1.45
1780612426.923,564.1,16394,18.1,1.45
1780612427.033,564.1,16394,0.0,1.45
1780612427.144,564.1,16394,9.1,1.45
1780612427.254,565.1,16394,36.2,1.45
1780612427.365,568.1,16394,36.2,19.33
1780612427.475,568.1,16394,18.1,19.33
1780612427.586,568.1,16394,9.1,19.33
1780612427.696,568.1,16394,9.0,19.33
1780612427.807,568.1,16394,9.1,19.33
1780612427.918,568.1,16394,9.0,19.33
1780612428.029,568.1,16394,18.1,19.33
1780612428.139,568.1,16394,9.1,19.33
1780612428.249,568.1,16394,9.1,19.33
1780612428.360,568.1,16394,0.0,19.33
1780612428.470,568.1,16394,9.0,19.33
1780612428.581,568.1,16394,9.0,19.33
1780612428.691,568.1,16394,9.1,19.33
1780612428.802,568.1,16394,9.0,19.33
1780612428.912,568.1,16394,18.1,19.33
1780612429.023,568.1,16394,0.0,19.33
1780612429.133,568.1,16394,18.1,19.33
1780612429.243,568.1,16394,9.1,19.33
1780612429.354,568.1,16394,9.0,19.33
1780612429.465,568.1,16394,9.0,19.33
1780612429.575,568.1,16394,9.0,19.33
1780612429.686,568.1,16394,9.1,19.33
1780612429.796,568.1,16394,9.1,19.33
1780612429.907,568.1,16394,9.0,19.33
1780612430.017,568.1,16394,9.1,19.33
1780612430.128,568.1,16394,9.0,19.33
1780612430.238,568.1,16394,9.0,19.33
1780612430.349,568.1,16394,9.0,19.33
1780612430.460,568.1,16394,18.1,19.33
1780612430.570,568.1,16394,9.0,19.33
1780612430.744,570.9,16394,70.4,19.33
1780612430.855,550.8,16394,26.4,19.33
1780612431.012,575.4,16394,63.5,19.33
1780612431.123,543.4,16394,0.0,19.33
1780612431.233,543.4,16394,18.1,19.33
1780612431.344,543.4,16394,9.0,19.33
1780612431.455,543.4,16394,9.0,19.33
1780612431.565,543.4,16394,9.0,19.33
1780612431.676,543.4,16394,0.0,19.33
1780612431.786,543.4,16394,18.1,19.33
1780612431.897,565.0,16394,63.2,19.33
1780612432.007,565.0,16394,9.0,19.33
1780612432.118,565.0,16394,0.0,19.33
1780612432.228,565.0,16394,18.1,19.33
1780612432.339,565.0,16394,9.0,19.33
1780612432.449,565.0,16394,9.1,19.33
1780612432.560,565.0,16394,0.0,19.33
1780612432.671,565.0,16394,18.1,19.33
1780612432.781,565.0,16394,9.0,19.33
1780612432.892,565.0,16394,9.0,19.33
1780612433.002,565.0,16394,9.0,19.33
1780612433.113,565.0,16394,18.0,19.33
1780612433.224,565.0,16394,0.0,19.33
1780612433.334,566.0,16394,36.1,19.33
1780612433.445,566.0,16394,18.1,19.33
1780612433.555,566.0,16394,9.1,19.33
1780612433.666,566.0,16394,9.1,19.33
1780612433.776,566.0,16394,9.1,19.33
1780612433.887,566.0,16394,9.1,10.15
1780612433.997,566.0,16394,9.0,10.15
1780612434.108,566.0,16394,0.0,10.15
1780612434.218,566.0,16394,18.1,10.15
1780612434.329,566.0,16394,9.0,10.15
1780612434.439,566.0,16394,9.0,10.15
1780612434.550,566.6,16394,45.2,10.91
1780612434.661,566.8,16394,36.2,10.91
1780612434.771,566.8,16394,9.1,10.91
1780612434.881,566.8,16394,9.1,10.91
1780612434.992,566.8,16394,9.1,10.91
1780612435.121,567.7,16394,54.2,10.91
1780612435.232,567.7,16394,9.1,10.91
1780612435.342,567.7,16394,9.1,10.91
1780612435.453,567.7,16394,9.0,10.91
1780612435.563,567.7,16394,9.1,10.91
1780612435.707,567.7,16394,41.6,10.91
1780612435.818,568.3,16394,18.1,10.91
1780612435.928,568.3,16394,9.1,10.91
1780612436.039,568.3,16394,0.0,10.91
1780612436.149,568.3,16394,9.1,10.91
1780612436.260,568.3,16394,9.1,10.91
1780612436.370,568.3,16394,18.1,10.91
1780612436.480,568.3,16394,9.1,10.91
1780612436.591,568.3,16394,9.1,10.91
1780612436.701,568.3,16394,9.1,10.91
1780612436.812,568.3,16394,9.0,10.91
1780612436.922,568.3,16394,9.1,10.91
1780612437.033,568.3,16394,9.1,10.91
1780612437.143,568.3,16394,9.1,10.91
1780612437.254,568.3,16394,9.1,10.91
1780612437.378,568.3,16394,32.1,10.91
1780612437.489,569.0,16394,9.0,5.87
1780612437.599,569.0,16394,9.0,5.87
1780612437.710,569.0,16394,0.0,5.87
1780612437.820,569.0,16394,9.1,5.87
1780612437.931,569.0,16394,18.1,5.87
1780612438.041,569.0,16394,9.1,5.87
1780612438.152,569.0,16394,27.1,5.87
1780612438.273,569.8,16394,49.5,10.91
1780612438.384,569.8,16394,9.0,10.91
1780612438.494,569.8,16394,9.1,10.91
1780612438.605,569.8,16394,18.1,10.91
1780612438.715,571.3,16394,54.3,16.35
1780612438.826,571.3,16394,9.0,16.35
1780612438.936,571.3,16394,9.1,16.35
1780612439.047,571.3,16394,9.1,16.35
1780612439.157,571.3,16394,9.1,16.35
1780612439.268,571.3,16394,9.0,16.35
1780612439.378,571.3,16394,18.1,16.35
1780612439.489,571.3,16394,9.1,16.35
1780612439.599,571.3,16394,9.0,16.35
1780612439.710,571.3,16394,9.0,16.35
1780612439.820,571.3,16394,9.0,16.35
1780612439.931,571.3,16394,9.1,16.35
1780612440.041,571.3,16394,9.0,16.35
1780612440.160,571.6,16394,42.3,16.35
1780612440.270,571.6,16394,45.1,16.35
1780612440.421,578.4,16394,79.8,16.35
1780612440.532,551.4,16394,9.0,16.35
1780612440.642,551.4,16394,18.1,16.35
1780612440.753,551.4,16394,9.1,16.35
1780612440.917,577.7,16394,74.7,16.35
1780612441.028,544.0,16394,8.8,16.35
1780612441.138,544.0,16394,9.0,16.35
1780612441.249,544.0,16394,9.0,16.35
1780612441.359,544.0,16394,9.0,16.35
1780612441.470,544.0,16394,9.0,16.35
1780612441.580,544.0,16394,9.0,16.35
1780612441.691,544.0,16394,9.1,16.35
1780612441.801,544.0,16394,9.1,16.35
1780612441.912,544.0,16394,9.1,16.35
1780612442.022,544.0,16394,9.1,16.35
1780612442.133,544.0,16394,9.0,16.35
1780612442.243,544.0,16394,9.1,16.35
1780612442.354,544.0,16394,9.0,16.35
1780612442.464,544.0,16394,18.1,16.35
1780612442.575,544.0,16394,0.0,16.35
1780612442.686,544.0,16394,9.0,16.35
1780612442.796,544.0,16394,9.0,16.35
1780612442.907,544.0,16394,9.1,16.35
1780612443.017,544.0,16394,9.0,16.35
1780612443.127,544.0,16394,18.2,16.35
1780612443.237,544.0,16394,9.1,16.35
1780612443.346,544.0,16394,9.1,16.35
1780612443.456,544.0,16394,0.0,16.35
1780612443.565,544.0,16394,18.3,16.35
1780612443.674,544.0,16394,0.0,16.35
1780612443.783,544.0,16394,9.2,16.35
1780612443.892,544.0,16394,9.2,16.35
1780612444.001,544.0,16394,9.2,16.35
1780612444.110,544.0,16394,0.0,16.35
1780612444.218,544.0,16394,9.2,16.35
1780612444.325,544.0,16394,9.3,16.35
1780612444.434,544.0,16394,18.4,16.35
1780612444.544,544.0,16394,9.1,16.35
1780612444.655,544.0,16394,9.1,16.35
1780612444.765,551.3,16394,9.0,15.48
1780612444.876,551.3,16394,9.1,15.48
1780612444.986,551.3,16394,9.1,15.48
1780612445.097,551.3,16394,9.0,15.48
1780612445.207,551.3,16394,9.1,9.59
1780612445.318,551.3,16394,18.1,9.59
1780612445.428,551.3,16394,9.1,9.59
1780612445.538,551.5,16394,0.0,9.59
1780612445.680,571.0,16394,70.8,15.48
1780612445.790,551.5,16394,27.1,15.48
1780612445.901,551.5,16394,9.1,15.48
1780612446.011,551.5,16394,9.1,15.48
1780612446.121,551.5,16394,9.1,15.48
1780612446.232,551.5,16394,9.1,15.48
1780612446.342,551.5,16394,0.0,15.48
1780612446.452,551.5,16394,18.1,15.48
1780612446.563,551.5,16394,0.0,15.48
1780612446.673,551.5,16394,9.0,15.48
1780612446.784,551.5,16394,18.1,15.48
1780612446.894,551.5,16394,0.0,15.48
1780612447.004,551.5,16394,18.2,15.48
1780612447.114,551.5,16394,0.0,15.48
1780612447.224,551.5,16394,9.1,15.48
1780612447.335,551.5,16394,18.1,15.48
1780612447.445,551.5,16394,9.1,1.08
1780612447.556,551.5,16394,9.1,1.08
1780612447.666,551.5,16394,9.1,1.08
1780612447.776,551.5,16394,0.0,1.08
1780612447.886,551.5,16394,18.1,1.08
1780612447.996,551.5,16394,9.1,1.08
1780612448.105,551.5,16394,9.2,1.08
1780612448.213,551.5,16394,9.2,1.08
1780612448.321,551.5,16394,0.0,1.08
1780612448.432,551.5,16394,9.1,1.08
1780612448.542,551.5,16394,9.1,1.08
1780612448.652,551.5,16394,9.1,1.08
1780612448.763,558.8,16394,45.3,2.72
1780612448.873,558.8,16394,18.1,2.72
1780612448.983,558.8,16394,9.1,2.72
1780612449.094,558.8,16394,9.1,2.72
1780612449.204,558.8,16394,9.1,2.72
1780612449.314,558.8,16394,18.1,2.72
1780612449.424,558.8,16394,9.1,2.72
1780612449.531,558.8,16394,9.3,2.72
1780612449.637,558.8,16394,0.0,2.72
1780612449.742,558.8,16394,9.5,2.72
1780612449.848,558.8,16394,0.0,2.72
1780612449.953,558.8,16394,0.0,2.72
1780612450.059,558.8,16394,9.5,2.72
1780612450.164,558.8,16394,0.0,2.72
1780612450.269,558.8,16394,9.5,2.72
1780612450.375,558.8,16394,9.5,2.72
1780612450.480,558.8,16394,0.0,2.72
1780612450.586,558.8,16394,0.0,2.72
1780612450.693,558.8,16394,18.7,2.72
1780612450.799,558.8,16394,0.0,2.72
1780612450.904,558.8,16394,0.0,2.72
1780612451.009,558.8,16394,9.5,2.72
1780612451.114,558.8,16394,9.5,2.72
1780612451.219,558.8,16394,0.0,2.72
1780612451.324,558.8,16394,0.0,2.72
1780612451.430,558.8,16394,9.5,2.72
1780612451.539,558.8,16394,9.2,2.72
1780612451.649,558.8,16394,9.1,2.72
1780612451.759,558.8,16394,9.1,2.72
1780612451.869,558.8,16394,27.3,2.72
1780612451.977,558.8,16394,0.0,2.72
1780612452.083,558.8,16394,9.5,1.12
1780612452.188,558.8,16394,0.0,1.12
1780612452.293,558.8,16394,9.5,1.12
1780612452.399,558.8,16394,0.0,1.12
1780612452.504,558.8,16394,0.0,1.12
1780612452.609,558.8,16394,9.5,1.12
1780612452.714,558.8,16394,9.5,1.12
1780612452.819,558.8,16394,0.0,1.12
1780612452.925,558.8,16394,9.5,1.12
1780612453.030,558.8,16394,0.0,1.12
1780612453.135,558.8,16394,9.5,1.12
1780612453.240,558.8,16394,0.0,1.68
1780612453.346,558.8,16394,9.5,1.68
1780612453.451,558.8,16394,9.5,1.68
1780612453.556,558.8,16394,0.0,1.68
1780612453.661,558.8,16394,0.0,1.68
1780612453.766,558.8,16394,9.5,1.68
1780612453.872,558.8,16394,0.0,1.68
1780612453.977,558.8,16394,9.5,1.68
1780612454.082,558.8,16394,0.0,1.68
1780612454.187,558.8,16394,9.5,1.68
1780612454.298,558.8,16394,9.1,1.68
1780612454.457,563.7,16394,57.5,1.68
1780612454.577,581.1,16394,98.1,2.72
1780612454.685,544.2,16394,9.2,2.72
1780612454.792,544.2,16394,0.0,2.72
1780612454.897,544.2,16394,9.5,2.72
1780612455.002,544.2,16394,0.0,2.72
1780612455.110,544.2,16394,9.3,1.68
1780612455.220,544.2,16394,18.2,1.68
1780612455.330,544.2,16394,0.0,1.68
1780612455.441,544.2,16394,9.1,1.68
1780612455.551,544.2,16394,9.0,1.68
1780612455.662,552.2,16394,36.2,1.68
1780612455.772,552.2,16394,9.1,1.68
1780612455.883,552.2,16394,9.1,1.68
1780612455.993,552.2,16394,9.1,1.68
1780612456.104,552.2,16394,9.1,1.68
1780612456.214,552.2,16394,9.1,1.68
1780612456.325,552.2,16394,9.1,1.68
1780612456.435,552.2,16394,9.0,1.68
1780612456.546,552.2,16394,9.1,1.68
1780612456.656,552.2,16394,9.1,1.68
1780612456.766,552.2,16394,9.1,1.68
1780612456.877,552.2,16394,18.1,1.68
1780612456.988,552.2,16394,9.0,1.68
1780612457.098,552.2,16394,9.0,1.68
1780612457.209,552.2,16394,9.0,1.68
1780612457.319,552.2,16394,9.1,1.68
1780612457.430,552.2,16394,9.1,1.68
1780612457.540,552.2,16394,9.1,1.68
1780612457.649,552.2,16394,0.0,1.68
1780612457.754,552.2,16394,9.5,1.68
1780612457.861,552.2,16394,0.0,1.68
1780612457.971,552.2,16394,9.1,1.68
1780612458.081,552.2,16394,9.1,1.68
1780612458.192,552.2,16394,18.1,1.68
1780612458.302,552.2,16394,9.1,1.68
1780612458.413,552.2,16394,9.0,1.68
1780612458.523,552.2,16394,9.1,1.68
1780612458.633,552.2,16394,9.1,1.68
1780612458.744,552.2,16394,0.0,1.68
1780612458.854,552.2,16394,18.1,1.68
1780612458.965,552.2,16394,9.1,1.68
1780612459.075,552.2,16394,9.1,1.68
1780612459.186,552.2,16394,9.1,1.68
1780612459.296,552.2,16394,9.1,1.68
1780612459.407,552.2,16394,9.1,1.68
1780612459.517,552.2,16394,9.0,1.68
1780612459.628,552.2,16394,18.1,0.80
1780612459.738,552.2,16394,9.1,0.80
1780612459.849,552.2,16394,9.1,0.80
1780612459.959,552.2,16394,9.1,0.80
1780612460.069,552.2,16394,9.1,0.80
1780612460.180,552.2,16394,0.0,0.80
1780612460.290,552.2,16394,9.0,0.80
1780612460.401,552.2,16394,9.1,0.80
1780612460.511,552.2,16394,18.1,0.80
1780612460.622,552.2,16394,0.0,0.80
1780612460.732,552.2,16394,18.1,0.80
1780612460.843,552.2,16394,9.1,0.80
1780612460.953,552.2,16394,9.0,0.59
1780612461.064,552.2,16394,9.1,0.59
1780612461.174,552.2,16394,9.1,0.59
1780612461.285,552.2,16394,9.0,0.59
1780612461.395,552.2,16394,9.1,0.80
1780612461.505,552.2,16394,9.1,0.80
1780612461.617,552.2,16394,8.9,0.80
1780612461.728,552.2,16394,27.1,0.96
1780612461.859,572.2,16394,83.7,1.03
1780612461.970,551.6,16394,9.0,1.03
1780612462.081,551.6,16394,9.0,1.03
1780612462.191,551.6,16394,9.1,1.03
1780612462.302,551.6,16394,9.1,1.03
1780612462.412,551.6,16394,9.1,1.03
1780612462.522,551.6,16394,9.0,1.03
1780612462.633,551.6,16394,18.1,1.03
1780612462.744,551.6,16394,0.0,1.03
1780612462.854,551.6,16394,18.1,1.03
1780612462.965,551.6,16394,9.0,1.03
1780612463.075,551.6,16394,9.1,1.03
1780612463.186,551.7,16394,9.1,1.03
1780612463.296,551.7,16394,9.0,1.03
1780612463.407,551.7,16394,18.1,1.03
1780612463.517,551.7,16394,0.0,1.03
1780612463.628,551.7,16394,9.0,1.03
1780612463.738,551.7,16394,9.1,1.03
1780612463.849,551.7,16394,9.1,1.03
1780612463.959,551.7,16394,9.1,1.03
1780612464.069,551.7,16394,9.1,1.03
1780612464.180,551.7,16394,18.1,1.03
1780612464.290,551.7,16394,9.1,1.03
1780612464.401,551.7,16394,9.1,1.03
1780612464.511,557.7,16394,45.2,2.07
1780612464.622,557.7,16394,9.1,2.07
1780612464.732,557.7,16394,0.0,2.07
1780612464.842,557.7,16394,9.1,2.07
1780612464.953,557.7,16394,9.1,2.07
1780612465.063,557.7,16394,18.1,2.07
1780612465.174,557.7,16394,9.1,2.07
1780612465.346,566.0,16394,53.1,12.19
1780612465.457,551.5,16394,26.4,12.19
1780612465.567,551.5,16394,9.1,12.19
1780612465.678,551.5,16394,9.1,12.19
1780612465.788,551.5,16394,9.1,12.19
1780612465.898,551.5,16394,9.1,12.19
1780612466.009,551.5,16394,9.1,12.19
1780612466.119,551.5,16394,9.1,12.19
1780612466.230,551.5,16394,9.0,12.19
1780612466.340,551.5,16394,9.0,12.19
1780612466.451,551.5,16394,9.0,12.19
1780612466.562,561.7,16394,54.4,12.19
1780612466.672,561.7,16394,9.1,12.19
1780612466.783,561.7,16394,18.1,12.19
1780612466.893,561.7,16394,0.0,12.19
1780612467.003,561.7,16394,18.1,12.19
1780612467.114,561.7,16394,0.0,12.19
1780612467.224,561.7,16394,18.1,12.19
1780612467.335,561.7,16394,0.0,12.19
1780612467.445,561.7,16394,18.1,12.19
1780612467.556,561.7,16394,9.0,12.19
1780612467.666,561.7,16394,9.1,12.19
1780612467.777,561.7,16394,9.1,12.19
1780612467.887,561.7,16394,9.1,12.19
1780612467.998,562.6,16394,45.2,12.19
1780612468.108,562.6,16394,18.1,12.19
1780612468.219,562.6,16394,0.0,12.19
1780612468.329,562.8,16394,45.2,12.19
1780612468.440,562.8,16394,27.1,12.19
1780612468.550,562.8,16394,0.0,12.19
1780612468.661,562.8,16394,18.1,12.19
1780612468.816,568.3,16394,64.4,12.19
1780612468.927,568.3,16394,18.1,12.19
1780612469.037,568.3,16394,9.1,12.19
1780612469.147,568.3,16394,0.0,12.19
1780612469.258,568.3,16394,9.0,12.19
1780612469.368,568.3,16394,9.1,12.19
1780612469.479,568.3,16394,9.1,12.19
1780612469.589,568.3,16394,18.1,12.19
1780612469.699,568.3,16394,0.0,12.19
1780612469.809,568.3,16394,9.1,12.19
1780612469.920,568.3,16394,9.1,12.19
1780612470.030,568.3,16394,18.1,12.19
1780612470.140,568.3,16394,9.1,12.19
1780612470.250,568.3,16394,9.1,12.19
1780612470.361,568.3,16394,9.0,12.19
1780612470.472,568.4,16394,9.0,12.19
1780612470.582,568.4,16394,9.0,12.19
1780612470.693,568.4,16394,18.1,12.19
1780612470.803,568.4,16394,9.1,12.19
1780612470.914,568.4,16394,9.1,12.19
1780612471.024,568.4,16394,9.1,12.19
1780612471.134,568.4,16394,9.1,12.19
1780612471.245,568.4,16394,9.0,12.19
1780612471.424,580.0,16394,91.0,21.32
1780612471.534,552.0,16394,17.6,21.32
1780612471.645,552.0,16394,9.0,21.32
1780612471.756,555.4,16394,36.2,21.32
1780612471.866,555.4,16394,9.1,21.32
1780612471.977,555.4,16394,9.0,21.32
1780612472.087,555.4,16394,9.1,21.32
1780612472.198,555.4,16394,9.0,21.32
1780612472.308,555.4,16394,9.1,21.32
1780612472.419,555.4,16394,9.0,21.32
1780612472.529,555.4,16394,9.0,21.32
1780612472.640,555.5,16394,18.1,21.32
1780612472.750,555.5,16394,0.0,21.32
1780612472.861,556.0,16394,36.2,21.32
1780612472.971,556.0,16394,9.1,21.32
1780612473.082,556.0,16394,9.1,21.32
1780612473.192,556.0,16394,18.1,21.32
1780612473.302,556.0,16394,0.0,21.32
1780612473.412,556.0,16394,9.1,21.32
1780612473.522,556.0,16394,18.2,21.32
1780612473.632,556.0,16394,9.1,21.32
1780612473.742,556.0,16394,9.1,21.32
1780612473.851,556.0,16394,9.1,21.32
1780612473.961,556.0,16394,9.1,21.32
1780612474.071,556.0,16394,0.0,21.32
1780612474.181,556.0,16394,9.1,21.32
1780612474.291,556.0,16394,9.1,21.32
1780612474.402,556.0,16394,18.1,21.32
1780612474.513,556.0,16394,9.0,21.32
1780612474.623,556.0,16394,9.0,21.32
1780612474.734,556.0,16394,0.0,4.27
1780612474.844,556.0,16394,9.0,4.27
1780612474.955,556.0,16394,18.1,4.27
1780612475.065,556.0,16394,9.0,4.27
1780612475.175,556.0,16394,9.1,4.27
1780612475.285,556.0,16394,0.0,2.91
1780612475.395,556.0,16394,18.2,2.91
1780612475.504,556.0,16394,9.1,2.91
1780612475.614,556.0,16394,9.1,2.91
1780612475.723,556.0,16394,9.2,2.91
1780612475.832,556.0,16394,0.0,2.91
1780612475.940,556.0,16394,9.2,2.91
1780612476.049,556.0,16394,9.2,2.91
1780612476.158,556.0,16394,9.2,2.91
1780612476.266,556.0,16394,0.0,2.91
1780612476.373,556.0,16394,18.6,2.91
1780612476.482,556.0,16394,0.0,2.91
1780612476.592,556.0,16394,9.1,2.91
1780612476.702,556.0,16394,18.1,2.91
1780612476.813,556.0,16394,9.1,2.91
1780612476.923,556.0,16394,9.0,2.91
1780612477.097,576.4,16394,64.3,22.61
1780612477.208,544.6,16394,17.6,22.61
1780612477.317,544.6,16394,9.1,22.61
1780612477.427,544.6,16394,9.1,22.61
1780612477.537,544.6,16394,0.0,22.61
1780612477.646,544.6,16394,18.3,22.61
1780612477.757,544.6,16394,9.1,22.61
1780612477.867,544.6,16394,9.0,1.34
1780612477.978,544.6,16394,9.1,1.34
1780612478.090,544.6,16394,8.9,1.34
1780612478.201,544.6,16394,9.1,1.34
1780612478.311,544.6,16394,9.1,1.34
1780612478.422,544.6,16394,9.1,1.34
1780612478.532,544.6,16394,9.1,1.34
1780612478.642,544.6,16394,9.1,1.34
1780612478.753,544.6,16394,9.1,1.34
1780612478.863,544.6,16394,9.1,1.34
1780612478.974,544.6,16394,18.1,1.34
1780612479.084,544.6,16394,9.1,1.34
1780612479.194,544.6,16394,9.1,1.34
1780612479.305,544.6,16394,0.0,0.92
1780612479.415,544.6,16394,18.1,0.92
1780612479.536,544.6,16394,24.8,0.92
1780612479.653,580.9,16394,94.4,46.55
1780612479.762,550.4,16394,18.4,46.55
1780612479.872,550.4,16394,0.0,46.55
1780612479.981,550.4,16394,18.3,46.55
1780612480.091,550.4,16394,0.0,46.55
1780612480.201,550.4,16394,18.1,46.55
1780612480.312,550.4,16394,18.1,46.55
1780612480.422,550.4,16394,0.0,46.55
1780612480.532,550.4,16394,9.1,46.55
1780612480.643,550.4,16394,9.1,46.55
1780612480.753,550.4,16394,9.1,46.55
1780612480.863,550.4,16394,18.1,46.55
1780612480.974,550.4,16394,0.0,46.55
1780612481.084,550.4,16394,9.1,46.55
1780612481.194,550.4,16394,9.1,46.55
1780612481.305,550.4,16394,9.0,46.55
1780612481.416,550.4,16394,9.1,46.55
1780612481.526,550.4,16394,18.1,46.55
1780612481.636,550.4,16394,0.0,46.55
1780612481.747,550.4,16394,9.1,46.55
1780612481.855,550.4,16394,9.2,46.55
1780612481.979,565.6,16394,56.7,46.55
1780612482.124,565.6,16394,42.2,46.55
1780612482.234,569.7,16394,8.8,46.55
1780612482.345,569.7,16394,18.1,46.55
1780612482.456,569.7,16394,9.0,46.55
1780612482.566,569.7,16394,9.0,46.55
1780612482.677,569.7,16394,9.1,46.55
1780612482.787,569.7,16394,9.1,46.55
1780612482.898,569.7,16394,9.0,46.55
1780612483.008,569.8,16394,54.3,46.55
1780612483.119,570.2,16394,36.2,46.55
1780612483.229,570.2,16394,9.1,46.55
1780612483.340,570.2,16394,9.1,46.55
1780612483.450,570.2,16394,9.0,46.55
1780612483.561,570.2,16394,18.1,26.79
1780612483.671,570.2,16394,9.0,26.79
1780612483.782,570.2,16394,9.0,26.79
1780612483.893,570.2,16394,9.1,26.79
1780612484.003,570.2,16394,9.0,26.79
1780612484.113,570.2,16394,9.1,26.79
1780612484.224,570.2,16394,9.0,26.79
1780612484.335,570.2,16394,18.1,26.79
1780612484.445,570.2,16394,9.0,26.79
1780612484.556,570.2,16394,9.1,26.79
1780612484.666,570.2,16394,9.1,26.79
1780612484.776,570.2,16394,9.1,26.79
1780612484.887,570.2,16394,9.1,26.79
1780612484.997,570.2,16394,0.0,26.79
1780612485.108,570.2,16394,18.1,26.79
1780612485.218,570.2,16394,0.0,26.79
1780612485.329,570.2,16394,9.0,26.79
1780612485.439,570.2,16394,9.0,26.79
1780612485.550,570.2,16394,18.1,26.79
1780612485.660,570.3,16394,18.1,26.79
1780612485.771,570.3,16394,9.1,26.79
1780612485.881,570.3,16394,9.1,26.79
1780612485.991,570.3,16394,0.0,26.79
1780612486.102,570.3,16394,9.0,4.80
1780612486.213,570.3,16394,9.0,4.80
1780612486.324,570.3,16394,18.1,4.80
1780612486.434,570.3,16394,9.1,4.80
1780612486.545,570.3,16394,9.1,4.80
1780612486.655,570.3,16394,9.1,4.80
1780612486.765,570.3,16394,9.1,4.80
1780612486.876,570.3,16394,9.1,4.80
1780612486.986,570.3,16394,9.1,4.80
1780612487.097,570.3,16394,9.0,4.80
1780612487.207,570.3,16394,9.1,4.80
1780612487.318,570.3,16394,27.1,4.80
1780612487.428,570.3,16394,9.1,4.80
1780612487.539,570.3,16394,9.1,4.80
1780612487.649,570.3,16394,9.1,4.80
1780612487.760,570.3,16394,9.0,4.80
1780612487.870,570.3,16394,9.0,4.80
1780612487.981,570.3,16394,9.1,4.80
1780612488.098,576.9,16394,76.8,16.46
1780612488.208,552.2,16394,9.1,16.46
1780612488.319,552.2,16394,18.1,16.46
1780612488.429,552.2,16394,9.0,16.46
1780612488.540,552.2,16394,0.0,16.46
1780612488.650,552.2,16394,9.1,16.46
1780612488.761,552.2,16394,9.1,16.46
1780612488.871,552.2,16394,9.1,16.46
1780612488.982,552.2,16394,9.0,16.46
1780612489.092,552.2,16394,9.0,16.46
1780612489.203,552.2,16394,18.1,16.46
1780612489.314,552.2,16394,9.1,16.46
1780612489.424,552.2,16394,9.1,3.07
1780612489.534,552.2,16394,0.0,1.64
1780612489.645,552.2,16394,18.1,1.64
1780612489.756,552.2,16394,9.0,1.64
1780612489.866,552.2,16394,9.1,1.64
1780612489.976,552.2,16394,9.1,1.64
1780612490.087,552.2,16394,9.0,1.64
1780612490.197,552.2,16394,9.0,1.64
1780612490.308,552.2,16394,9.0,1.64
1780612490.418,552.2,16394,9.1,1.64
1780612490.529,552.2,16394,9.1,1.64
1780612490.639,552.2,16394,9.1,1.64
1780612490.749,552.2,16394,9.1,1.64
1780612490.860,552.2,16394,18.1,1.64
1780612490.970,552.2,16394,0.0,1.64
1780612491.081,552.2,16394,18.1,1.64
1780612491.191,552.2,16394,9.1,1.64
1780612491.301,552.2,16394,9.0,1.64
1780612491.412,552.2,16394,0.0,1.64
1780612491.522,552.2,16394,18.1,1.64
1780612491.632,552.2,16394,9.1,1.64
1780612491.743,552.2,16394,9.1,1.64
1780612491.853,552.2,16394,9.1,1.64
1780612491.964,552.2,16394,9.0,1.64
1780612492.074,552.2,16394,9.1,1.64
1780612492.185,552.2,16394,9.1,1.64
1780612492.295,552.2,16394,9.1,1.64
1780612492.406,559.9,16394,45.3,1.64
1780612492.516,559.9,16394,18.1,1.64
1780612492.627,559.9,16394,0.0,1.64
1780612492.737,559.9,16394,9.1,1.64
1780612492.848,559.9,16394,18.1,1.64
1780612493.017,583.4,16394,96.3,16.46
1780612493.127,562.4,16394,35.2,21.32
1780612493.238,562.5,16394,9.0,21.32
1780612493.349,562.5,16394,9.0,21.32
1780612493.483,562.5,16394,30.4,21.32
1780612493.594,568.5,16394,17.6,21.32
1780612493.705,568.5,16394,9.0,21.32
1780612493.815,568.5,16394,18.1,21.32
1780612493.926,568.5,16394,0.0,21.32
1780612494.036,568.5,16394,18.1,21.32
1780612494.147,568.5,16394,0.0,21.32
1780612494.257,568.5,16394,18.1,21.32
1780612494.368,568.5,16394,9.0,21.32
1780612494.478,568.5,16394,9.1,21.32
1780612494.588,568.5,16394,9.1,21.32
1780612494.699,568.5,16394,9.1,21.32
1780612494.809,568.5,16394,9.1,21.32
1780612494.922,568.5,16394,8.9,21.32
1780612495.032,570.5,16394,45.3,21.32
1780612495.143,570.5,16394,9.1,21.32
1780612495.253,570.5,16394,9.1,21.32
1780612495.364,570.5,16394,18.1,21.32
1780612495.474,570.5,16394,9.0,21.32
1780612495.633,570.5,16394,51.3,21.32
1780612495.744,545.1,16394,79.2,21.32
1780612495.855,545.1,16394,9.0,21.32
1780612495.965,545.1,16394,9.1,21.32
1780612496.075,545.1,16394,18.1,21.32
1780612496.217,559.3,16394,42.4,26.61
1780612496.327,561.6,16394,9.1,26.61
1780612496.438,561.6,16394,0.0,26.61
1780612496.548,561.6,16394,9.1,26.61
1780612496.658,561.6,16394,9.1,26.61
1780612496.769,561.6,16394,9.1,26.61
1780612496.890,561.6,16394,24.7,26.61
1780612497.064,575.6,16394,109.6,36.44
1780612497.174,551.7,16394,9.0,36.44
1780612497.285,551.7,16394,9.0,36.44
1780612497.396,551.7,16394,9.0,36.44
1780612497.506,551.7,16394,9.1,36.44
1780612497.617,551.7,16394,9.1,36.44
1780612497.727,551.7,16394,9.0,36.44
1780612497.838,551.7,16394,9.1,36.44
1780612497.948,551.7,16394,9.1,36.44
1780612498.059,551.7,16394,9.0,36.44
1780612498.169,551.7,16394,9.1,36.44
1780612498.280,551.7,16394,9.1,36.44
1780612498.390,551.7,16394,18.1,36.44
1780612498.501,551.7,16394,9.0,36.44
1780612498.611,551.7,16394,9.0,36.44
1780612498.722,551.7,16394,9.0,36.44
1780612498.832,551.7,16394,0.0,36.44
1780612498.943,551.7,16394,18.1,36.44
1780612499.053,551.7,16394,9.1,36.44
1780612499.163,551.7,16394,9.1,36.44
1780612499.274,551.7,16394,9.0,36.44
1780612499.384,551.7,16394,9.1,36.44
1780612499.495,551.7,16394,9.1,36.44
1780612499.605,551.7,16394,0.0,26.61
1780612499.716,551.7,16394,18.1,26.61
1780612499.826,551.7,16394,9.1,26.61
1780612499.936,551.7,16394,9.1,26.61
1780612500.047,551.7,16394,9.0,26.61
1780612500.157,551.7,16394,9.1,26.61
1780612500.267,551.7,16394,9.1,26.61
1780612500.377,551.7,16394,9.1,26.61
1780612500.486,551.7,16394,9.2,26.61
1780612500.595,551.7,16394,9.2,26.61
1780612500.704,551.7,16394,0.0,26.61
1780612500.813,551.7,16394,9.2,26.61
1780612500.923,551.7,16394,18.1,26.61
1780612501.034,551.7,16394,9.1,26.61
1780612501.144,551.7,16394,9.1,26.61
1780612501.255,551.7,16394,0.0,26.61
1780612501.365,551.7,16394,18.1,26.61
1780612501.475,551.7,16394,9.1,26.61
1780612501.584,551.7,16394,0.0,26.61
1780612501.692,551.7,16394,18.5,26.61
1780612501.802,551.7,16394,0.0,26.61
1780612501.913,551.7,16394,9.1,26.61
1780612502.023,551.7,16394,9.1,26.61
1780612502.134,551.7,16394,9.1,26.61
1780612502.244,551.7,16394,18.1,26.61
1780612502.354,551.7,16394,9.1,26.61
1780612502.465,551.7,16394,9.1,26.61
1780612502.575,551.7,16394,9.1,26.61
1780612502.685,551.7,16394,9.1,13.86
1780612502.794,551.7,16394,9.2,13.86
1780612502.904,551.7,16394,9.1,13.86
1780612503.014,551.7,16394,0.0,13.86
1780612503.125,551.7,16394,9.1,13.86
1780612503.235,551.8,16394,18.1,13.86
1780612503.345,551.9,16394,27.2,13.86
1780612503.501,587.4,16394,104.8,8.76
1780612503.664,605.5,16394,102.4,33.62
1780612503.775,545.4,16394,9.0,33.62
1780612503.885,545.4,16394,9.0,33.62
1780612503.996,545.4,16394,18.1,33.62
1780612504.106,545.4,16394,0.0,33.62
1780612504.217,545.4,16394,9.1,33.62
1780612504.327,545.4,16394,9.0,33.62
1780612504.438,545.4,16394,18.1,33.62
1780612504.548,545.4,16394,9.1,33.62
1780612504.658,545.4,16394,9.1,33.62
1780612504.769,545.4,16394,9.0,33.62
1780612504.879,545.4,16394,9.1,33.62
1780612504.990,545.4,16394,9.1,33.62
1780612505.100,545.4,16394,9.0,33.62
1780612505.211,545.4,16394,9.0,33.62
1780612505.322,545.4,16394,9.0,33.62
1780612505.432,545.4,16394,9.0,33.62
1780612505.543,552.8,16394,18.1,33.62
1780612505.653,552.8,16394,9.1,33.62
1780612505.764,552.8,16394,9.1,33.62
1780612505.874,552.8,16394,9.1,33.62
1780612505.984,552.8,16394,9.1,33.62
1780612506.095,552.8,16394,9.1,33.62
1780612506.205,552.8,16394,9.1,33.62
1780612506.316,552.8,16394,9.0,33.62
1780612506.426,552.8,16394,9.0,33.62
1780612506.537,552.8,16394,18.1,33.62
1780612506.647,552.8,16394,18.1,33.62
1780612506.758,552.8,16394,18.1,33.62
1780612506.881,568.3,16394,56.9,33.62
1780612506.991,545.4,16394,9.1,33.62
1780612507.101,545.4,16394,9.1,33.62
1780612507.212,545.4,16394,9.1,33.62
1780612507.322,545.4,16394,9.0,33.62
1780612507.433,545.4,16394,9.0,33.62
1780612507.543,545.4,16394,9.1,33.62
1780612507.654,545.4,16394,18.1,33.62
1780612507.764,545.4,16394,0.0,33.62
1780612507.875,545.4,16394,9.1,33.62
1780612507.985,545.4,16394,9.1,33.62
1780612508.096,545.4,16394,18.1,33.62
1780612508.206,545.4,16394,9.1,33.62
1780612508.316,545.4,16394,0.0,33.62
1780612508.427,545.4,16394,18.1,33.62
1780612508.537,545.4,16394,9.1,33.62
1780612508.648,545.4,16394,9.0,33.62
1780612508.758,545.4,16394,9.0,33.62
1780612508.869,545.4,16394,9.1,33.62
1780612508.979,552.7,16394,18.1,33.62
1780612509.090,552.7,16394,0.0,33.62
1780612509.200,552.7,16394,18.1,33.62
1780612509.311,552.7,16394,9.1,33.62
1780612509.421,552.7,16394,0.0,33.62
1780612509.532,552.7,16394,18.1,33.62
1780612509.642,552.7,16394,9.1,33.62
1780612509.753,552.7,16394,9.0,33.62
1780612509.863,552.7,16394,9.1,33.62
1780612509.973,552.7,16394,9.1,33.62
1780612510.084,552.7,16394,9.1,1.46
1780612510.194,552.7,16394,9.0,1.46
1780612510.305,552.7,16394,9.0,1.46
1780612510.416,552.7,16394,18.0,1.46
1780612510.590,570.6,16394,82.2,3.90
1780612510.701,545.5,16394,8.7,3.90
1780612510.811,545.5,16394,0.0,3.90
1780612510.922,545.5,16394,9.0,3.90
1780612511.032,552.7,16394,27.2,3.90
1780612511.143,552.7,16394,9.1,3.90
1780612511.253,552.7,16394,9.1,3.90
1780612511.363,552.7,16394,9.1,3.90
1780612511.473,552.7,16394,9.1,3.90
1780612511.584,552.7,16394,9.1,3.90
1780612511.695,552.7,16394,18.1,3.90
1780612511.805,552.7,16394,0.0,3.90
1780612511.970,570.8,16394,66.9,16.18
1780612512.097,592.2,16394,101.7,44.92
1780612512.208,564.5,16394,9.0,44.92
1780612512.318,564.5,16394,9.1,44.92
1780612512.429,564.5,16394,9.1,44.92
1780612512.539,564.5,16394,9.1,44.92
1780612512.650,564.5,16394,9.1,44.92
1780612512.760,564.5,16394,9.1,44.92
1780612512.870,564.5,16394,9.1,44.92
1780612512.981,564.5,16394,18.1,44.92
1780612513.091,564.5,16394,9.1,44.92
1780612513.201,564.5,16394,9.1,44.92
1780612513.312,564.5,16394,18.1,44.92
1780612513.422,564.5,16394,0.0,44.92
1780612513.533,564.5,16394,9.0,44.92
1780612513.643,564.5,16394,9.0,44.92
1780612513.754,564.5,16394,9.1,44.92
1780612513.925,583.0,16394,87.5,44.92
1780612514.036,545.6,16394,9.0,44.92
1780612514.154,545.6,16394,16.9,44.92
1780612514.265,545.6,16394,72.3,44.92
1780612514.376,545.6,16394,9.0,44.92
1780612514.512,564.1,16394,51.3,44.92
1780612514.623,566.1,16394,9.0,44.92
1780612514.733,566.5,16394,27.2,44.92
1780612514.844,566.5,16394,9.1,44.92
1780612514.954,566.5,16394,9.1,44.92
1780612515.065,566.5,16394,9.0,44.92
1780612515.175,566.5,16394,9.1,44.92
1780612515.286,566.6,16394,18.1,44.92
1780612515.396,566.6,16394,9.1,44.92
1780612515.507,566.6,16394,18.1,44.92
1780612515.617,566.6,16394,0.0,44.92
1780612515.728,566.6,16394,9.1,44.92
1780612515.838,566.6,16394,9.1,44.92
1780612515.954,571.9,16394,68.9,44.92
1780612516.065,571.9,16394,9.0,44.92
1780612516.175,571.9,16394,18.1,44.92
1780612516.286,571.9,16394,18.1,44.92
1780612516.396,571.9,16394,9.1,44.92
1780612516.526,571.9,16394,46.1,44.92
1780612516.637,572.1,16394,18.1,44.92
1780612516.747,572.2,16394,27.2,44.92
1780612516.858,572.2,16394,9.1,44.92
1780612516.968,572.2,16394,9.1,44.92
1780612517.079,572.2,16394,18.1,44.92
1780612517.189,572.2,16394,9.1,44.92
1780612517.299,572.2,16394,9.1,44.92
1780612517.410,572.2,16394,9.0,44.92
1780612517.520,572.2,16394,27.1,44.92
1780612517.631,572.2,16394,27.2,44.92
1780612517.748,572.2,16394,17.0,44.92
1780612517.859,572.2,16394,9.0,44.92
1780612517.970,572.2,16394,0.0,44.92
1780612518.080,572.2,16394,9.0,44.92
1780612518.191,572.2,16394,18.1,44.92
1780612518.301,572.2,16394,9.1,44.92
1780612518.412,572.2,16394,9.1,44.92
1780612518.522,572.2,16394,9.1,13.35
1780612518.633,572.2,16394,9.0,5.33
1780612518.743,572.2,16394,9.0,5.33
1780612518.854,572.2,16394,9.0,5.33
1780612518.964,572.2,16394,9.1,5.33
1780612519.074,572.2,16394,9.1,5.33
1780612519.185,572.2,16394,18.1,5.33
1780612519.295,572.2,16394,0.0,5.33
1780612519.406,572.2,16394,9.1,5.33
1780612519.516,572.2,16394,9.0,5.33
1780612519.627,572.2,16394,18.1,5.33
1780612519.737,572.2,16394,9.1,5.33
1780612519.852,572.2,16394,8.7,5.33
1780612519.963,572.2,16394,9.0,5.33
1780612520.073,572.2,16394,18.1,5.33
1780612520.184,572.2,16394,9.1,5.33
1780612520.294,572.2,16394,27.1,3.75
1780612520.405,572.2,16394,27.2,3.35
1780612520.515,572.2,16394,9.1,3.35
1780612520.626,572.2,16394,9.1,3.35
1780612520.736,572.2,16394,9.1,1.10
1780612520.846,572.2,16394,9.1,1.10
1780612520.957,572.2,16394,9.1,1.10
1780612521.067,572.2,16394,9.1,1.10
1780612521.177,572.2,16394,9.1,1.10
1780612521.288,572.2,16394,18.1,1.10
1780612521.398,572.2,16394,9.1,1.10
1780612521.509,572.2,16394,9.1,1.10
1780612521.619,572.2,16394,9.1,1.10
1780612521.729,572.2,16394,9.1,1.10
1780612521.840,572.2,16394,9.1,1.10
1780612521.950,572.2,16394,9.1,1.10
1780612522.060,572.2,16394,9.1,1.10
1780612522.171,572.2,16394,18.1,1.10
1780612522.281,572.2,16394,0.0,1.10
1780612522.391,572.2,16394,18.1,1.10
1780612522.502,572.2,16394,9.1,0.95
1780612522.612,572.2,16394,9.1,0.95
1780612522.723,572.2,16394,0.0,0.95
1780612522.833,572.2,16394,9.1,0.95
1780612522.944,572.2,16394,9.1,0.94
1780612523.054,572.2,16394,9.1,0.94
1780612523.165,572.2,16394,9.1,0.94
1780612523.275,572.2,16394,18.1,0.94
1780612523.385,572.2,16394,9.1,0.94
1780612523.494,572.2,16394,9.2,0.94
1780612523.604,572.2,16394,9.1,0.94
1780612523.714,572.2,16394,9.1,0.94
1780612523.824,572.2,16394,18.1,0.99
1780612523.935,572.2,16394,0.0,0.99
1780612524.045,572.2,16394,9.1,0.99
1780612524.156,572.2,16394,9.1,0.99
1780612524.266,572.2,16394,18.1,1.22
1780612524.433,578.3,16394,84.0,3.35
1780612524.543,559.3,16394,18.1,3.35
1780612524.654,559.3,16394,0.0,3.35
1780612524.764,559.3,16394,9.1,3.35
1780612524.874,559.3,16394,9.1,3.35
1780612524.984,559.3,16394,9.1,3.35
1780612525.094,559.3,16394,9.1,3.35
1780612525.204,561.3,16394,27.2,3.35
1780612525.314,561.3,16394,9.1,3.35
1780612525.424,561.3,16394,9.1,3.35
1780612525.534,561.3,16394,9.1,3.35
1780612525.645,561.3,16394,18.1,3.35
1780612525.755,561.3,16394,9.1,3.35
1780612525.865,561.3,16394,9.1,3.35
1780612525.976,561.3,16394,9.1,3.35
1780612526.130,561.3,16394,45.4,3.35
1780612526.249,558.9,16394,75.8,3.35
1780612526.359,558.9,16394,9.1,3.35
1780612526.470,558.9,16394,0.0,1.22
1780612526.580,558.9,16394,9.1,1.22
1780612526.690,558.9,16394,9.1,1.22
1780612526.801,558.9,16394,18.1,1.22
1780612526.911,558.9,16394,9.1,1.22
1780612527.022,558.9,16394,9.1,1.22
1780612527.132,558.9,16394,0.0,1.22
1780612527.242,558.9,16394,9.1,1.22
1780612527.353,558.9,16394,9.1,1.22
1780612527.463,558.9,16394,9.1,1.22
1780612527.573,558.9,16394,9.1,1.22
1780612527.684,558.9,16394,18.1,1.22
1780612527.794,558.9,16394,9.1,1.22
1780612527.905,558.9,16394,9.1,1.22
1780612528.015,558.9,16394,9.1,1.22
1780612528.126,558.9,16394,9.1,1.22
1780612528.236,558.9,16394,9.1,1.22
1780612528.346,558.9,16394,9.1,1.22
1780612528.457,558.9,16394,9.1,1.22
1780612528.567,558.9,16394,9.1,1.22
1780612528.678,558.9,16394,18.1,1.22
1780612528.788,558.9,16394,18.1,1.92
1780612528.899,558.9,16394,9.0,1.92
1780612529.009,558.9,16394,9.1,1.92
1780612529.119,558.9,16394,18.1,1.92
1780612529.230,558.9,16394,9.1,1.92
1780612529.340,558.9,16394,9.1,1.92
1780612529.450,558.9,16394,9.1,1.92
1780612529.561,558.9,16394,9.1,1.92
1780612529.671,558.9,16394,9.1,1.92
1780612529.782,558.9,16394,9.0,1.92
1780612529.892,558.9,16394,0.0,1.92
1780612530.003,558.9,16394,9.1,1.92
1780612530.113,558.9,16394,18.1,1.92
1780612530.224,558.9,16394,9.1,1.92
1780612530.334,558.9,16394,9.0,1.92
1780612530.445,558.9,16394,9.1,1.92
1780612530.555,558.9,16394,9.1,1.92
1780612530.665,558.9,16394,9.1,1.92
1780612530.776,558.9,16394,9.1,1.92
1780612530.886,559.0,16394,9.1,1.19
1780612530.996,559.0,16394,9.1,1.19
1780612531.107,559.0,16394,9.1,1.19
1780612531.217,559.0,16394,18.1,1.19
1780612531.327,559.0,16394,9.1,1.19
1780612531.438,559.0,16394,9.1,1.19
1780612531.548,559.0,16394,9.1,1.19
1780612531.659,559.0,16394,9.1,1.19
1780612531.769,559.0,16394,0.0,1.19
1780612531.879,559.0,16394,9.1,1.19
1780612531.990,559.0,16394,18.1,1.19
1780612532.100,559.0,16394,9.1,1.19
1780612532.210,559.0,16394,9.1,1.19
1780612532.321,559.0,16394,9.1,1.19
1780612532.431,559.0,16394,9.1,1.19
1780612532.541,559.0,16394,9.1,1.07
1780612532.652,559.0,16394,9.1,1.07
1780612532.762,559.0,16394,9.0,1.07
1780612532.873,559.0,16394,9.1,1.07
1780612532.983,559.0,16394,9.1,1.07
1780612533.093,559.0,16394,9.1,1.07
1780612533.203,559.0,16394,9.1,1.07
1780612533.314,559.0,16394,9.1,1.07
1780612533.424,559.0,16394,9.1,1.07
1780612533.535,559.0,16394,18.1,1.07
1780612533.645,559.0,16394,0.0,1.07
1780612533.755,559.0,16394,9.1,1.07
1780612533.866,559.0,16394,18.1,1.07
1780612533.976,559.0,16394,9.0,1.07
1780612534.087,559.0,16394,0.0,1.07
1780612534.197,559.0,16394,9.1,1.07
1780612534.308,559.0,16394,18.1,1.07
1780612534.418,559.0,16394,0.0,1.07
1780612534.529,559.0,16394,9.1,1.07
1780612534.639,559.0,16394,9.1,1.07
1780612534.750,559.0,16394,9.1,1.07
1780612534.860,559.0,16394,18.1,1.07
1780612534.970,559.0,16394,9.1,1.07
1780612535.080,559.0,16394,9.1,1.07
1780612535.191,559.0,16394,9.1,1.07
1780612535.301,559.0,16394,9.1,0.85
1780612535.411,559.0,16394,9.1,0.85
1780612535.522,559.0,16394,9.1,0.85
1780612535.632,559.0,16394,9.1,0.85
1780612535.742,559.0,16394,9.1,0.85
1780612535.852,559.0,16394,9.1,0.85
1780612535.962,559.0,16394,9.1,0.85
1780612536.072,559.0,16394,9.1,0.85
1780612536.182,559.0,16394,9.1,0.85
1780612536.293,559.0,16394,9.0,0.85
1780612536.403,559.0,16394,9.1,0.85
1780612536.514,559.0,16394,9.1,0.85
1780612536.624,559.0,16394,18.1,0.85
1780612536.734,559.0,16394,0.0,0.85
1780612536.845,559.0,16394,9.0,0.85
1780612536.955,559.0,16394,9.1,0.85
1780612537.065,559.0,16394,9.1,1.02
1780612537.204,560.0,16394,86.4,1.02
1780612537.348,589.6,16394,104.6,3.79
1780612537.458,569.4,16394,9.0,3.79
1780612537.569,569.4,16394,9.1,3.79
1780612537.679,569.4,16394,9.1,3.79
1780612537.789,569.4,16394,9.1,3.79
1780612537.899,569.4,16394,9.1,3.79
1780612538.010,569.4,16394,9.1,3.79
1780612538.120,569.4,16394,18.1,3.79
1780612538.230,569.4,16394,9.1,3.79
1780612538.340,569.4,16394,9.1,3.79
1780612538.451,569.4,16394,0.0,3.79
1780612538.561,569.4,16394,9.1,3.79
1780612538.671,569.4,16394,9.1,3.79
1780612538.782,569.4,16394,18.1,3.79
1780612538.892,569.4,16394,9.1,3.79
1780612539.002,569.4,16394,9.1,3.79
1780612539.113,569.4,16394,9.1,3.79
1780612539.223,569.4,16394,9.1,3.79
1780612539.333,569.4,16394,9.1,3.79
1780612539.444,569.4,16394,9.1,3.79
1780612539.554,569.4,16394,0.0,3.79
1780612539.664,569.4,16394,18.1,3.79
1780612539.775,569.4,16394,9.1,3.79
1780612539.885,569.4,16394,9.1,3.79
1780612539.996,569.4,16394,9.1,3.79
1780612540.137,584.7,16394,87.3,3.79
1780612540.302,640.0,16394,94.6,21.68
1780612540.478,640.0,16394,115.5,34.28
1780612540.589,546.3,16394,17.6,36.35
1780612540.700,553.6,16394,27.1,36.35
1780612540.810,553.6,16394,9.0,36.35
1780612540.921,553.6,16394,9.1,36.35
1780612541.031,553.6,16394,9.1,36.35
1780612541.141,553.6,16394,9.1,36.35
1780612541.251,553.6,16394,9.1,36.35
1780612541.362,553.6,16394,9.1,36.35
1780612541.475,553.8,16394,17.6,36.35
1780612541.630,571.3,16394,98.7,36.35
1780612541.741,546.5,16394,61.6,83.75
1780612541.851,546.5,16394,9.1,83.75
1780612541.961,546.5,16394,9.1,83.75
1780612542.071,554.0,16394,18.1,83.75
1780612542.182,554.0,16394,9.1,83.75
1780612542.297,554.0,16394,8.7,83.75
1780612542.462,558.8,16394,54.5,83.75
1780612542.572,572.0,16394,27.1,83.75
1780612542.683,572.0,16394,18.1,83.75
1780612542.793,572.0,16394,9.1,83.75
1780612542.903,572.0,16394,9.1,83.75
1780612543.014,572.0,16394,27.2,83.75
1780612543.129,572.0,16394,34.8,83.75
1780612543.239,572.0,16394,9.1,83.75
1780612543.349,572.0,16394,9.1,83.75
1780612543.478,573.0,16394,30.9,83.75
1780612543.588,573.0,16394,9.1,83.75
1780612543.699,573.0,16394,9.0,83.75
1780612543.809,573.0,16394,0.0,83.75
1780612543.919,573.0,16394,18.1,83.75
1780612544.030,573.0,16394,9.0,83.75
1780612544.140,573.0,16394,9.1,83.75
1780612544.250,573.0,16394,9.1,83.75
1780612544.361,573.0,16394,9.1,83.75
1780612544.471,573.0,16394,9.1,83.75
1780612544.582,573.0,16394,9.1,83.75
1780612544.692,573.0,16394,9.1,83.75
1780612544.802,573.0,16394,9.1,83.75
1780612544.913,573.0,16394,9.1,83.75
1780612545.023,573.0,16394,9.1,83.75
1780612545.133,573.0,16394,9.1,83.75
1780612545.244,573.0,16394,9.0,83.75
1780612545.354,573.0,16394,18.1,83.75
1780612545.465,573.0,16394,9.0,83.75
1780612545.575,573.0,16394,9.1,83.75
1780612545.686,573.0,16394,0.0,83.75
1780612545.796,573.0,16394,9.1,83.75
1780612545.906,573.0,16394,9.1,83.75
1780612546.017,573.0,16394,9.1,83.75
1780612546.127,573.0,16394,9.1,83.75
1780612546.237,573.0,16394,9.1,83.75
1780612546.348,573.0,16394,9.1,83.75
1780612546.458,573.0,16394,9.1,83.75
1780612546.568,573.0,16394,9.1,83.75
1780612546.679,573.0,16394,18.1,83.75
1780612546.789,573.0,16394,9.0,83.75
1780612546.900,573.0,16394,9.1,83.75
1780612547.010,573.0,16394,0.0,6.37
1780612547.121,573.0,16394,9.1,6.37
1780612547.231,573.0,16394,9.1,6.37
1780612547.341,573.0,16394,9.1,6.37
1780612547.452,573.0,16394,18.1,6.37
1780612547.562,573.0,16394,9.1,6.37
1780612547.673,573.0,16394,9.1,6.37
1780612547.783,573.0,16394,9.1,6.37
1780612547.893,573.0,16394,9.1,6.37
1780612548.004,573.0,16394,9.1,6.37
1780612548.114,573.0,16394,9.1,1.15
1780612548.224,573.0,16394,9.1,1.15
1780612548.335,573.0,16394,9.1,1.15
1780612548.445,573.0,16394,9.1,1.15
1780612548.556,573.0,16394,9.1,1.15
1780612548.666,573.0,16394,9.1,1.15
1780612548.777,573.0,16394,18.1,1.15
1780612548.887,573.0,16394,9.1,0.96
1780612548.997,573.0,16394,9.1,0.96
1780612549.108,573.0,16394,0.0,0.65
1780612549.218,573.0,16394,9.1,0.65
1780612549.329,573.0,16394,9.1,0.65
1780612549.439,573.0,16394,9.1,0.30
1780612549.550,573.0,16394,9.1,0.30
1780612549.660,573.0,16394,18.1,0.13
1780612549.770,573.0,16394,9.1,0.13
1780612549.881,573.0,16394,9.1,0.13
1780612549.991,573.0,16394,9.1,0.13
1780612550.101,573.0,16394,9.1,0.13
1780612550.212,573.0,16394,9.1,0.13
1780612550.322,573.0,16394,0.0,0.13
1780612550.433,573.0,16394,18.1,0.13
1780612550.543,573.0,16394,9.0,0.13
1780612550.654,573.0,16394,9.1,0.13
1780612550.764,573.0,16394,9.1,0.13
1780612550.874,573.0,16394,9.1,0.13
1780612550.985,573.0,16394,9.1,0.13
1780612551.095,573.0,16394,9.1,0.13
1780612551.205,573.0,16394,9.1,0.13
1780612551.316,573.0,16394,9.1,0.13
1780612551.426,573.0,16394,9.1,0.13
1780612551.537,573.0,16394,9.1,0.13
1780612551.647,573.0,16394,9.1,0.13
1780612551.758,573.0,16394,18.1,0.13
1780612551.868,573.0,16394,9.1,0.13
1780612551.978,573.0,16394,9.1,0.13
1780612552.089,573.0,16394,9.1,0.13
1780612552.199,573.0,16394,9.1,0.13
1780612552.310,573.0,16394,9.1,0.13
1780612552.420,573.0,16394,9.1,0.13
1780612552.530,573.0,16394,9.1,0.13
1780612552.641,573.0,16394,9.1,0.13
1780612552.751,573.0,16394,9.1,0.13
1780612552.862,573.0,16394,9.1,0.13
1780612552.972,573.0,16394,9.1,0.13
1780612553.083,573.0,16394,9.0,0.13
1780612553.193,573.0,16394,9.1,0.13
1780612553.303,573.0,16394,9.1,0.16
1780612553.414,573.0,16394,9.0,0.16
1780612553.524,573.0,16394,9.1,0.16
1780612553.635,573.0,16394,9.1,0.16
1780612553.745,573.0,16394,9.1,0.16
1780612553.856,573.0,16394,9.1,0.16
1780612553.966,573.0,16394,9.0,0.16
1780612554.076,573.0,16394,9.1,0.16
1780612554.187,573.0,16394,9.1,0.16
1780612554.297,573.0,16394,9.0,0.16
1780612554.408,573.0,16394,18.1,0.16
1780612554.518,573.0,16394,0.0,0.16
1780612554.629,573.0,16394,9.1,0.16
1780612554.739,573.0,16394,9.1,0.16
1780612554.849,573.0,16394,9.1,0.16
1780612554.960,573.0,16394,9.1,0.16
1780612555.070,573.0,16394,18.1,0.16
1780612555.181,573.0,16394,9.0,0.16
1780612555.291,573.0,16394,9.1,0.16
1780612555.402,573.0,16394,9.0,0.16
1780612555.512,573.0,16394,9.1,0.16
1780612555.622,573.0,16394,9.1,0.16
1780612555.733,573.0,16394,9.0,0.16
1780612555.843,573.0,16394,9.1,0.16
1780612555.955,573.0,16394,9.0,0.16
1780612556.065,573.1,16394,9.0,0.16
1780612556.176,573.1,16394,9.1,0.16
1780612556.286,573.1,16394,9.1,0.16
1780612556.396,573.1,16394,9.1,0.16
1780612556.507,573.1,16394,18.1,0.16
1780612556.617,573.1,16394,0.0,0.16
1780612556.728,573.1,16394,9.1,0.16
1780612556.838,573.1,16394,9.1,0.16
1780612556.948,573.1,16394,9.1,0.16
1780612557.059,573.1,16394,9.1,0.16
1780612557.169,573.1,16394,9.1,0.16
1780612557.279,573.1,16394,9.1,0.16
1780612557.390,573.1,16394,18.1,0.16
1780612557.500,573.1,16394,0.0,0.16
1780612557.610,573.1,16394,9.1,0.16
1780612557.721,573.1,16394,18.1,0.25
1780612557.831,573.1,16394,9.1,0.25
1780612557.942,573.1,16394,9.1,0.25
1780612558.052,573.1,16394,0.0,0.25
1780612558.162,573.1,16394,18.1,0.25
1780612558.273,573.1,16394,9.1,0.25
1780612558.383,573.1,16394,9.1,0.25
1780612558.493,573.1,16394,9.1,0.25
1780612558.604,573.1,16394,9.1,0.25
1780612558.714,573.1,16394,9.1,0.87
1780612558.824,573.1,16394,18.1,0.87
1780612558.935,573.1,16394,9.1,0.87
1780612559.045,573.1,16394,0.0,0.87
1780612559.155,573.1,16394,18.1,0.87
1780612559.266,573.1,16394,9.1,0.87
1780612559.376,573.1,16394,9.1,0.87
1780612559.486,573.1,16394,0.0,0.87
1780612559.597,573.1,16394,18.1,0.87
1780612559.707,573.1,16394,9.1,0.25
1780612559.818,573.1,16394,9.1,0.25
1780612559.928,573.1,16394,9.1,0.25
1780612560.038,573.1,16394,9.1,0.25
1780612560.149,573.1,16394,9.1,0.25
1780612560.259,573.1,16394,9.1,0.25
1780612560.370,573.1,16394,9.0,0.25
1780612560.480,573.1,16394,9.0,0.25
1780612560.591,573.1,16394,9.1,0.25
1780612560.702,573.1,16394,9.0,0.25
1780612560.812,573.1,16394,18.1,0.25
1780612560.923,573.1,16394,0.0,0.25
1780612561.033,573.1,16394,18.1,0.87
1780612561.144,573.1,16394,9.1,0.87
1780612561.254,573.1,16394,9.1,0.87
1780612561.364,573.1,16394,9.1,0.87
1780612561.474,573.1,16394,9.1,0.87
1780612561.585,573.1,16394,9.1,0.87
1780612561.714,573.1,16394,30.9,0.87
1780612561.825,573.1,16394,9.0,1.38
1780612561.935,573.1,16394,9.1,1.38
1780612562.045,573.1,16394,9.1,1.38
1780612562.155,573.1,16394,9.1,1.38
1780612562.266,573.1,16394,9.1,1.38
1780612562.376,573.1,16394,9.1,1.38
1780612562.486,573.1,16394,9.1,1.38
1780612562.597,573.1,16394,9.1,1.38
1780612562.707,573.1,16394,9.1,1.38
1780612562.818,574.0,16394,54.4,1.65
1780612562.928,574.0,16394,18.1,1.65
1780612563.038,574.0,16394,9.1,1.65
1780612563.149,574.0,16394,9.0,1.65
1780612563.260,574.0,16394,9.1,1.65
1780612563.371,574.0,16394,9.0,1.65
1780612563.482,574.0,16394,18.1,1.65
1780612563.592,574.0,16394,9.1,1.65
1780612563.702,574.0,16394,9.1,1.65
1780612563.833,574.0,16394,31.3,1.65
1780612563.944,574.0,16394,44.0,7.14
1780612564.054,574.0,16394,9.1,7.14
1780612564.165,574.0,16394,9.1,7.14
1780612564.275,574.0,16394,9.1,7.14
1780612564.385,574.0,16394,9.1,7.14
1780612564.533,574.0,16394,40.7,7.14
1780612564.644,576.3,16394,9.0,7.14
1780612564.754,576.3,16394,9.0,7.14
1780612564.865,576.3,16394,9.0,7.14
1780612564.995,577.1,16394,76.8,14.21
1780612565.105,577.1,16394,9.0,14.21
1780612565.216,577.1,16394,9.1,14.21
1780612565.326,577.1,16394,9.1,14.21
1780612565.437,577.1,16394,9.1,14.21
1780612565.547,577.1,16394,9.0,14.21
1780612565.697,578.2,16394,86.9,14.21
1780612565.808,553.3,16394,0.0,14.21
1780612565.918,553.3,16394,18.1,14.21
1780612566.029,553.3,16394,9.1,14.21
1780612566.139,553.3,16394,9.1,14.21
1780612566.250,553.3,16394,18.1,14.21
1780612566.360,553.3,16394,9.1,14.21
1780612566.471,553.3,16394,27.1,14.21
1780612566.581,553.3,16394,9.0,14.21
1780612566.691,553.3,16394,9.1,14.21
1780612566.802,553.3,16394,9.1,14.21
1780612566.912,553.3,16394,0.0,14.21
1780612567.022,553.3,16394,18.1,14.21
1780612567.133,553.3,16394,9.1,14.21
1780612567.243,553.4,16394,9.1,14.21
1780612567.354,553.9,16394,36.2,14.21
1780612567.464,553.9,16394,9.1,14.21
1780612567.574,553.9,16394,9.1,14.21
1780612567.685,553.9,16394,9.1,14.21
1780612567.795,560.2,16394,45.3,14.21
1780612567.905,560.2,16394,9.1,14.21
1780612568.016,560.2,16394,9.1,14.21
1780612568.126,560.2,16394,9.1,14.21
1780612568.237,560.2,16394,9.1,14.21
1780612568.347,560.2,16394,9.1,14.21
1780612568.457,560.2,16394,9.1,14.21
1780612568.567,560.2,16394,9.1,14.21
1780612568.678,560.2,16394,18.1,14.21
1780612568.788,560.2,16394,0.0,14.21
1780612568.898,560.2,16394,18.1,14.21
1780612569.008,560.2,16394,9.1,14.21
1780612569.118,560.2,16394,0.0,14.21
1780612569.228,560.2,16394,9.1,7.14
1780612569.339,560.2,16394,9.1,7.14
1780612569.449,560.2,16394,18.2,7.14
1780612569.559,560.2,16394,9.1,7.14
1780612569.669,560.2,16394,0.0,7.14
1780612569.779,560.2,16394,18.2,7.14
1780612569.889,560.2,16394,9.1,7.14
1780612569.999,560.2,16394,9.1,7.14
1780612570.109,560.2,16394,9.1,7.14
1780612570.220,560.2,16394,9.1,7.14
1780612570.330,560.2,16394,0.0,3.69
1780612570.476,560.2,16394,55.0,3.69
1780612570.612,567.4,16394,45.1,3.69
1780612570.782,592.4,16394,105.9,14.21
1780612570.892,563.6,16394,88.1,43.72
1780612571.002,563.6,16394,9.1,43.72
1780612571.119,564.6,16394,43.0,43.72
1780612571.229,564.6,16394,0.0,43.72
1780612571.340,564.6,16394,9.1,43.72
1780612571.450,564.6,16394,18.1,43.72
1780612571.560,564.6,16394,9.1,43.72
1780612571.671,564.6,16394,18.1,43.72
1780612571.781,564.6,16394,9.1,43.72
1780612571.891,564.6,16394,9.1,43.72
1780612572.002,564.6,16394,9.1,43.72
1780612572.112,564.6,16394,18.1,43.72
1780612572.223,564.6,16394,9.1,43.72
1780612572.379,570.6,16394,63.8,43.72
1780612572.490,554.2,16394,9.0,43.72
1780612572.601,554.2,16394,9.0,43.72
1780612572.711,554.2,16394,9.1,43.72
1780612572.821,554.2,16394,9.1,43.72
1780612572.932,554.2,16394,9.0,43.72
1780612573.042,554.2,16394,18.1,43.72
1780612573.153,554.2,16394,9.1,43.72
1780612573.263,554.2,16394,9.1,43.72
1780612573.374,554.2,16394,9.0,43.72
1780612573.484,554.2,16394,9.0,43.72
1780612573.595,554.2,16394,18.1,43.72
1780612573.705,554.2,16394,0.0,43.72
1780612573.815,554.2,16394,9.1,43.72
1780612573.926,554.2,16394,18.1,43.72
1780612574.700,554.4,16394,90.4,43.72
