t,rss_mb,num_fds,cpu_pct,loop_lag_p99_ms
1780611535.637,146.6,10,112.6,0.00
1780611535.749,161.9,67,53.8,0.00
1780611535.850,164.4,270,29.5,0.00
1780611535.954,171.4,740,48.3,0.00
1780611536.057,176.0,1019,116.4,0.00
1780611536.162,184.6,1528,57.1,0.00
1780611536.269,195.1,2139,65.4,0.00
1780611536.424,198.6,2342,102.9,0.00
1780611536.536,213.5,3258,108.1,0.00
1780611536.757,226.6,4046,99.2,0.00
1780611536.871,236.6,4637,61.5,0.00
1780611536.990,253.6,5612,109.4,0.00
1780611537.204,261.8,6106,103.0,0.00
1780611537.326,278.3,7115,106.3,0.00
1780611537.449,295.0,8071,105.7,0.00
1780611537.760,304.4,8666,93.3,0.00
1780611537.896,321.3,9770,102.9,0.00
1780611538.027,340.4,10849,106.3,0.00
1780611538.397,358.7,11946,102.7,0.00
1780611538.541,377.8,13106,104.5,0.00
1780611538.682,397.4,14244,113.2,0.00
1780611538.825,416.4,15362,104.9,0.00
1780611539.228,426.0,15945,104.2,0.00
1780611539.569,444.0,16394,108.9,3748.43
1780611539.871,484.9,16394,121.9,439.74
1780611540.019,492.5,16394,101.5,439.74
1780611540.156,492.7,16394,109.4,439.74
1780611540.265,492.7,16394,55.1,439.74
1780611540.373,492.7,16394,9.3,439.74
1780611540.478,492.7,16394,9.5,439.74
1780611540.582,492.7,16394,0.0,439.74
1780611540.687,492.7,16394,0.0,439.74
1780611540.792,492.7,16394,9.5,439.74
1780611540.897,492.7,16394,9.5,439.74
1780611541.001,492.7,16394,0.0,439.74
1780611541.106,492.7,16394,9.5,439.74
1780611541.211,492.7,16394,0.0,439.74
1780611541.316,492.7,16394,9.5,439.74
1780611541.420,492.7,16394,0.0,439.74
1780611541.525,492.7,16394,0.0,439.74
1780611541.630,492.7,16394,9.5,439.74
1780611541.735,492.7,16394,0.0,439.74
1780611541.839,492.7,16394,9.5,439.74
1780611541.944,492.7,16394,9.5,439.74
1780611542.049,492.7,16394,0.0,439.74
1780611542.154,492.7,16394,0.0,439.74
1780611542.258,492.7,16394,9.5,439.74
1780611542.363,492.7,16394,0.0,439.74
1780611542.468,492.7,16394,9.5,439.74
1780611542.573,492.7,16394,9.5,439.74
1780611542.677,492.7,16394,0.0,439.74
1780611542.782,492.7,16394,0.0,439.74
1780611542.887,492.7,16394,9.5,439.74
1780611542.992,492.7,16394,0.0,439.74
1780611543.096,492.7,16394,0.0,439.74
1780611543.201,492.7,16394,9.5,439.74
1780611543.306,492.7,16394,9.5,439.74
1780611543.411,492.7,16394,0.0,439.74
1780611543.515,492.7,16394,9.5,439.74
1780611543.620,492.7,16394,0.0,439.74
1780611543.725,492.7,16394,0.0,439.74
1780611543.830,492.7,16394,9.5,439.74
1780611543.935,492.7,16394,0.0,439.74
1780611544.040,492.7,16394,9.5,439.74
1780611544.144,492.7,16394,0.0,439.74
1780611544.249,492.7,16394,9.5,439.74
1780611544.354,492.7,16394,0.0,439.74
1780611544.459,492.7,16394,9.5,439.74
1780611544.563,492.7,16394,0.0,439.74
1780611544.668,492.7,16394,9.5,439.74
1780611544.773,492.7,16394,0.0,439.74
1780611544.878,492.7,16394,0.0,439.74
1780611544.982,492.7,16394,9.5,439.74
1780611545.087,492.7,16394,0.0,439.74
1780611545.192,492.7,16394,9.5,439.74
1780611545.297,492.7,16394,0.0,439.74
1780611545.401,492.7,16394,0.0,439.74
1780611545.506,492.7,16394,19.1,439.74
1780611545.611,492.7,16394,0.0,439.74
1780611545.716,492.7,16394,9.5,439.74
1780611545.820,492.7,16394,0.0,439.74
1780611545.925,492.7,16394,0.0,439.74
1780611546.030,492.7,16394,0.0,439.74
1780611546.135,492.7,16394,9.5,439.74
1780611546.239,492.7,16394,9.5,439.74
1780611546.344,492.7,16394,9.5,439.74
1780611546.449,492.7,16394,0.0,260.00
1780611546.554,492.7,16394,0.0,0.32
1780611546.658,492.7,16394,9.5,0.14
1780611546.763,492.7,16394,0.0,0.13
1780611546.868,492.7,16394,0.0,0.13
1780611546.973,492.7,16394,9.5,0.13
1780611547.078,492.7,16394,0.0,0.13
1780611547.182,492.7,16394,9.5,0.13
1780611547.287,492.7,16394,9.5,0.13
1780611547.392,492.7,16394,0.0,0.13
1780611547.497,492.7,16394,0.0,0.13
1780611547.601,492.7,16394,9.5,0.13
1780611547.706,492.7,16394,0.0,0.13
1780611547.811,492.7,16394,0.0,0.13
1780611547.916,492.7,16394,9.5,0.13
1780611548.020,492.7,16394,0.0,0.13
1780611548.125,492.7,16394,19.1,0.13
1780611548.230,492.7,16394,0.0,0.13
1780611548.335,492.7,16394,0.0,0.13
1780611548.439,492.7,16394,9.5,0.13
1780611548.544,492.7,16394,0.0,0.13
1780611548.649,492.7,16394,9.5,0.13
1780611548.754,492.7,16394,0.0,0.13
1780611548.858,492.7,16394,9.5,0.13
1780611548.963,492.7,16394,0.0,0.13
1780611549.068,492.7,16394,0.0,0.13
1780611549.173,492.7,16394,9.5,0.13
1780611549.278,492.7,16394,0.0,0.13
1780611549.382,492.7,16394,9.5,0.13
1780611549.487,492.7,16394,0.0,0.13
1780611549.592,492.7,16394,9.5,0.13
1780611549.697,492.7,16394,0.0,0.13
1780611549.801,492.7,16394,9.5,0.13
1780611549.906,492.7,16394,0.0,0.13
1780611550.011,492.7,16394,9.5,0.13
1780611550.116,492.7,16394,9.5,0.13
1780611550.220,492.7,16394,0.0,0.13
1780611550.325,492.7,16394,0.0,0.13
1780611550.430,492.7,16394,0.0,0.13
1780611550.535,492.7,16394,9.5,0.13
1780611550.640,492.7,16394,0.0,0.13
1780611550.744,492.7,16394,9.5,0.13
1780611550.849,492.7,16394,0.0,0.13
1780611550.954,492.7,16394,9.5,0.13
1780611551.059,492.7,16394,9.5,0.13
1780611551.163,492.7,16394,0.0,0.13
1780611551.268,492.7,16394,9.5,0.13
1780611551.373,492.7,16394,0.0,0.13
1780611551.478,492.7,16394,0.0,0.13
1780611551.582,492.7,16394,9.5,0.13
1780611551.687,492.7,16394,0.0,0.13
1780611551.792,492.7,16394,9.5,0.13
1780611551.897,492.7,16394,0.0,0.13
1780611552.001,492.7,16394,0.0,0.13
1780611552.106,492.7,16394,9.5,0.13
1780611552.211,492.7,16394,0.0,0.12
1780611552.316,492.7,16394,9.5,0.12
1780611552.420,492.7,16394,0.0,0.12
1780611552.525,492.7,16394,9.5,0.12
1780611552.630,492.7,16394,9.5,0.12
1780611552.735,492.7,16394,0.0,0.12
1780611552.840,492.7,16394,0.0,0.12
1780611552.945,492.7,16394,9.5,0.12
1780611553.050,492.7,16394,0.0,0.12
1780611553.155,492.7,16394,0.0,0.12
1780611553.259,492.7,16394,9.5,0.12
1780611553.364,492.7,16394,0.0,0.12
1780611553.469,492.7,16394,9.5,0.12
1780611553.574,492.7,16394,0.0,0.12
1780611553.679,492.7,16394,9.5,0.12
1780611553.783,492.7,16394,0.0,0.12
1780611553.888,492.7,16394,9.5,0.12
1780611553.993,492.7,16394,9.5,0.12
1780611554.098,492.7,16394,9.5,0.12
1780611554.202,492.7,16394,0.0,0.12
1780611554.307,492.7,16394,0.0,0.12
1780611554.412,492.7,16394,9.5,0.12
1780611554.517,492.7,16394,0.0,0.12
1780611554.621,492.7,16394,0.0,0.12
1780611554.726,492.7,16394,9.5,0.12
1780611554.831,492.7,16394,9.5,0.12
1780611554.936,492.7,16394,0.0,0.12
1780611555.041,492.7,16394,0.0,0.12
1780611555.145,492.7,16394,9.5,0.12
1780611555.250,492.7,16394,9.5,0.12
1780611555.355,492.7,16394,0.0,0.12
1780611555.460,492.7,16394,0.0,0.12
1780611555.565,492.7,16394,9.5,0.12
1780611555.669,492.7,16394,0.0,0.12
1780611555.774,492.7,16394,0.0,0.12
1780611555.879,492.7,16394,9.5,0.12
1780611555.984,492.7,16394,9.5,0.12
1780611556.088,492.7,16394,0.0,0.12
1780611556.193,492.7,16394,0.0,0.12
1780611556.298,492.7,16394,9.5,0.12
1780611556.403,492.7,16394,9.5,0.12
1780611556.508,492.7,16394,0.0,0.12
1780611556.612,492.7,16394,9.5,0.12
1780611556.717,492.7,16394,0.0,0.12
1780611556.822,492.7,16394,9.5,0.12
1780611556.927,492.7,16394,0.0,0.12
1780611557.031,492.7,16394,9.5,0.12
1780611557.136,492.7,16394,0.0,0.12
1780611557.241,492.7,16394,0.0,0.12
1780611557.346,492.7,16394,0.0,0.12
1780611557.450,492.7,16394,9.5,0.12
1780611557.555,492.7,16394,9.5,0.12
1780611557.660,492.7,16394,9.5,0.12
1780611557.765,492.7,16394,0.0,0.12
1780611557.869,492.7,16394,9.5,0.12
1780611557.974,492.7,16394,0.0,0.12
1780611558.079,492.7,16394,0.0,0.12
1780611558.183,492.7,16394,9.5,0.12
1780611558.288,492.7,16394,0.0,0.12
1780611558.393,492.7,16394,9.5,0.12
1780611558.498,492.7,16394,0.0,0.12
1780611558.602,492.7,16394,0.0,0.12
1780611558.707,492.7,16394,9.5,0.12
1780611558.812,492.7,16394,0.0,0.12
1780611558.917,492.7,16394,9.5,0.12
1780611559.021,492.7,16394,0.0,0.12
1780611559.126,492.7,16394,9.5,0.12
1780611559.231,492.7,16394,0.0,0.12
1780611559.336,492.7,16394,0.0,0.12
1780611559.441,492.7,16394,19.1,0.12
1780611559.545,492.7,16394,0.0,0.12
1780611559.650,492.7,16394,9.5,0.12
1780611559.755,492.7,16394,0.0,0.12
1780611559.860,492.7,16394,9.5,0.12
1780611559.964,492.7,16394,0.0,0.12
1780611560.069,492.7,16394,9.5,0.12
1780611560.174,492.7,16394,0.0,0.12
1780611560.279,492.7,16394,0.0,0.12
1780611560.384,492.7,16394,9.5,0.12
1780611560.488,492.7,16394,0.0,0.12
1780611560.593,492.7,16394,9.5,0.12
1780611560.698,492.7,16394,0.0,0.12
1780611560.803,492.7,16394,0.0,0.12
1780611560.907,492.7,16394,9.5,0.12
1780611561.012,492.7,16394,0.0,0.12
1780611561.117,492.7,16394,9.5,0.12
1780611561.222,492.7,16394,0.0,0.12
1780611561.327,492.7,16394,9.5,0.12
1780611561.431,492.7,16394,0.0,0.12
1780611561.536,492.7,16394,9.5,0.12
1780611561.641,492.7,16394,0.0,0.12
1780611561.746,492.7,16394,9.5,0.12
1780611561.850,492.7,16394,0.0,0.12
1780611561.955,492.7,16394,9.5,0.12
1780611562.060,492.7,16394,0.0,0.12
1780611562.165,492.7,16394,0.0,0.12
1780611562.269,492.7,16394,9.5,0.11
1780611562.374,492.7,16394,0.0,0.11
1780611562.479,492.7,16394,9.5,0.11
1780611562.584,492.7,16394,0.0,0.11
1780611562.688,492.7,16394,9.5,0.11
1780611562.793,492.7,16394,9.5,0.11
1780611562.898,492.7,16394,0.0,0.11
1780611563.003,492.7,16394,0.0,0.11
1780611563.108,492.7,16394,9.5,0.13
1780611563.212,492.7,16394,9.5,0.13
1780611563.317,492.7,16394,0.0,0.13
1780611563.422,492.7,16394,0.0,0.13
1780611563.527,492.7,16394,0.0,0.13
1780611563.631,492.7,16394,9.5,0.13
1780611563.736,492.7,16394,0.0,0.13
1780611563.841,492.7,16394,19.1,0.13
1780611563.946,492.7,16394,0.0,0.13
1780611564.050,492.7,16394,0.0,0.13
1780611564.155,492.7,16394,9.5,0.13
1780611564.260,492.7,16394,0.0,0.13
1780611564.365,492.7,16394,0.0,0.13
1780611564.469,492.7,16394,9.5,0.13
1780611564.574,492.7,16394,9.5,0.13
1780611564.679,492.7,16394,0.0,0.13
1780611564.784,492.7,16394,9.5,0.13
1780611564.888,492.7,16394,0.0,0.13
1780611564.993,492.7,16394,0.0,0.13
1780611565.098,492.7,16394,9.5,0.13
1780611565.203,492.7,16394,0.0,0.13
1780611565.307,492.7,16394,0.0,0.13
1780611565.412,492.7,16394,9.5,0.13
1780611565.517,492.7,16394,0.0,0.13
1780611565.622,492.7,16394,19.1,0.13
1780611565.727,492.7,16394,0.0,0.13
1780611565.831,492.7,16394,0.0,0.14
1780611565.936,492.7,16394,9.5,0.14
1780611566.041,492.7,16394,0.0,0.14
1780611566.146,492.7,16394,0.0,0.14
1780611566.250,492.7,16394,9.5,0.14
1780611566.355,492.7,16394,0.0,0.14
1780611566.460,492.7,16394,9.5,0.14
1780611566.565,492.7,16394,0.0,0.14
1780611566.669,492.7,16394,0.0,0.14
1780611566.774,492.7,16394,19.1,0.14
1780611566.879,492.7,16394,0.0,0.14
1780611566.984,492.7,16394,9.5,0.14
1780611567.088,492.7,16394,0.0,0.14
1780611567.193,492.7,16394,0.0,0.14
1780611567.298,492.7,16394,0.0,0.14
1780611567.403,492.7,16394,19.1,0.14
1780611567.507,492.7,16394,0.0,0.14
1780611567.612,492.7,16394,9.5,0.14
1780611567.717,492.7,16394,0.0,0.14
1780611567.822,492.7,16394,0.0,0.14
1780611567.926,492.7,16394,9.5,0.14
1780611568.031,492.7,16394,0.0,0.14
1780611568.136,492.7,16394,9.5,0.14
1780611568.241,492.7,16394,0.0,0.14
1780611568.346,492.7,16394,9.5,0.14
1780611568.450,492.7,16394,0.0,0.14
1780611568.555,492.7,16394,9.5,0.14
1780611568.660,492.7,16394,0.0,0.14
1780611568.765,492.7,16394,0.0,0.14
1780611568.869,492.7,16394,9.5,0.14
1780611568.974,492.7,16394,9.5,0.14
1780611569.079,492.7,16394,0.0,0.14
1780611569.184,492.7,16394,9.5,0.14
1780611569.288,492.7,16394,0.0,0.14
1780611569.393,492.7,16394,0.0,0.14
1780611569.498,492.7,16394,0.0,0.13
1780611569.602,492.7,16394,9.5,0.13
1780611569.707,492.7,16394,0.0,0.13
1780611569.812,492.7,16394,9.5,0.13
1780611569.917,492.7,16394,0.0,0.13
1780611570.021,492.7,16394,9.5,0.13
1780611570.126,492.7,16394,0.0,0.13
1780611570.231,492.7,16394,9.5,0.13
1780611570.336,492.7,16394,0.0,0.13
1780611570.441,492.7,16394,9.5,0.13
1780611570.545,492.7,16394,0.0,0.13
1780611570.650,492.7,16394,0.0,0.13
1780611570.755,492.7,16394,19.1,0.13
1780611570.859,492.7,16394,0.0,0.13
1780611570.964,492.7,16394,9.5,0.13
1780611571.069,492.7,16394,0.0,0.13
1780611571.174,492.7,16394,0.0,0.13
1780611571.278,492.7,16394,0.0,0.13
1780611571.383,492.7,16394,9.5,0.13
1780611571.488,492.7,16394,9.5,0.13
1780611571.593,492.7,16394,0.0,0.13
1780611571.698,492.7,16394,9.5,0.13
1780611571.802,492.7,16394,0.0,0.13
1780611571.907,492.7,16394,0.0,0.13
1780611572.012,492.7,16394,9.5,0.13
1780611572.117,492.7,16394,0.0,0.13
1780611572.221,492.7,16394,9.5,0.13
1780611572.326,492.7,16394,0.0,0.13
1780611572.431,492.7,16394,0.0,0.13
1780611572.536,492.7,16394,9.5,0.13
1780611572.640,492.7,16394,0.0,0.13
1780611572.745,492.7,16394,9.5,0.13
1780611572.850,492.7,16394,9.5,0.13
1780611572.955,492.7,16394,0.0,0.13
1780611573.059,492.7,16394,9.5,0.13
1780611573.164,492.7,16394,0.0,0.13
1780611573.269,492.7,16394,0.0,0.13
1780611573.374,492.7,16394,9.5,0.13
1780611573.478,492.7,16394,0.0,0.13
1780611573.583,492.7,16394,9.5,0.13
1780611573.688,492.7,16394,0.0,0.13
1780611573.793,492.7,16394,9.5,0.13
1780611573.898,492.7,16394,9.5,0.13
1780611574.002,492.7,16394,0.0,0.13
1780611574.107,492.7,16394,9.5,0.13
1780611574.212,492.7,16394,0.0,0.13
1780611574.317,492.7,16394,0.0,0.13
1780611574.421,492.7,16394,9.5,0.13
1780611574.526,492.7,16394,0.0,0.13
1780611574.631,492.7,16394,9.5,0.13
1780611574.736,492.7,16394,0.0,0.13
1780611574.840,492.7,16394,9.5,0.12
1780611574.945,492.7,16394,9.5,0.12
1780611575.050,492.7,16394,0.0,0.12
1780611575.155,492.7,16394,0.0,0.12
1780611575.259,492.7,16394,9.5,0.12
1780611575.364,492.7,16394,0.0,0.12
1780611575.469,492.7,16394,9.5,0.12
1780611575.574,492.7,16394,0.0,0.12
1780611575.678,492.7,16394,0.0,0.12
1780611575.783,492.7,16394,9.5,0.13
1780611575.888,492.7,16394,0.0,0.13
1780611575.993,492.7,16394,9.5,0.13
1780611576.097,492.7,16394,0.0,0.13
1780611576.202,492.7,16394,9.5,0.13
1780611576.307,492.7,16394,0.0,0.13
1780611576.412,492.7,16394,9.5,0.13
1780611576.516,492.7,16394,0.0,0.13
1780611576.621,492.7,16394,9.5,0.13
1780611576.726,492.7,16394,0.0,0.13
1780611576.831,492.7,16394,9.5,0.13
1780611576.935,492.7,16394,0.0,0.12
1780611577.040,492.7,16394,9.5,0.12
1780611577.145,492.7,16394,0.0,0.12
1780611577.250,492.7,16394,9.5,0.15
1780611577.354,492.7,16394,0.0,0.15
1780611577.459,492.7,16394,9.5,0.15
1780611577.564,492.7,16394,0.0,0.15
1780611577.669,492.7,16394,0.0,0.15
1780611577.773,492.7,16394,9.5,0.15
1780611577.878,492.7,16394,0.0,0.15
1780611577.983,492.7,16394,9.5,0.15
1780611578.088,492.7,16394,0.0,0.15
1780611578.192,492.7,16394,9.5,0.15
1780611578.297,492.7,16394,0.0,0.15
1780611578.402,492.7,16394,9.5,0.15
1780611578.506,492.7,16394,0.0,0.15
1780611578.611,492.7,16394,0.0,0.15
1780611578.716,492.7,16394,9.5,0.15
1780611578.821,492.7,16394,0.0,0.15
1780611578.925,492.7,16394,9.5,0.15
1780611579.030,492.7,16394,0.0,0.15
1780611579.135,492.7,16394,9.5,0.15
1780611579.240,492.7,16394,0.0,0.15
1780611579.344,492.7,16394,9.5,0.15
1780611579.449,492.7,16394,9.5,0.15
1780611579.554,492.7,16394,0.0,0.15
1780611579.659,492.7,16394,9.5,0.15
1780611579.763,492.7,16394,0.0,0.15
1780611579.868,492.7,16394,0.0,0.15
1780611579.973,492.7,16394,0.0,0.15
1780611580.078,492.7,16394,19.1,0.15
1780611580.182,492.7,16394,0.0,0.15
1780611580.287,492.7,16394,9.5,0.15
1780611580.392,492.7,16394,0.0,0.15
1780611580.497,492.7,16394,0.0,0.15
1780611580.601,492.7,16394,0.0,0.15
1780611580.706,492.7,16394,9.5,0.15
1780611580.811,492.7,16394,0.0,0.15
1780611580.916,492.7,16394,9.5,0.15
1780611581.020,492.7,16394,9.5,0.15
1780611581.125,492.7,16394,0.0,0.15
1780611581.230,492.7,16394,0.0,0.15
1780611581.334,492.7,16394,9.5,0.15
1780611581.439,492.7,16394,0.0,0.15
1780611581.544,492.7,16394,9.5,0.15
1780611581.649,492.7,16394,0.0,0.15
1780611581.753,492.7,16394,9.5,0.15
1780611581.858,492.7,16394,0.0,0.15
1780611581.963,492.7,16394,9.5,0.15
1780611582.068,492.7,16394,0.0,0.15
1780611582.173,492.7,16394,9.5,0.12
1780611582.277,492.7,16394,0.0,0.12
1780611582.382,492.7,16394,0.0,0.12
1780611582.487,492.7,16394,9.5,0.12
1780611582.592,492.7,16394,0.0,0.12
1780611582.696,492.7,16394,9.5,0.12
1780611582.801,492.7,16394,0.0,0.12
1780611582.906,492.7,16394,9.5,0.12
1780611583.011,492.7,16394,0.0,0.12
1780611583.115,492.7,16394,9.5,0.12
1780611583.220,492.7,16394,9.5,0.12
1780611583.325,492.7,16394,0.0,0.12
1780611583.430,492.7,16394,9.5,0.12
1780611583.534,492.7,16394,0.0,0.12
1780611583.639,492.7,16394,0.0,0.12
1780611583.744,492.7,16394,9.5,0.12
1780611583.848,492.7,16394,0.0,0.12
1780611583.953,492.7,16394,9.5,0.12
1780611584.058,492.7,16394,0.0,0.12
1780611584.163,492.7,16394,0.0,0.12
1780611584.268,492.7,16394,9.5,0.12
1780611584.372,492.7,16394,0.0,0.12
1780611584.477,492.7,16394,9.5,0.12
1780611584.582,492.7,16394,9.5,0.12
1780611584.687,492.7,16394,0.0,0.12
1780611584.791,492.7,16394,0.0,0.12
1780611584.896,492.7,16394,9.5,0.12
1780611585.001,492.7,16394,0.0,0.12
1780611585.106,492.7,16394,9.5,0.12
1780611585.210,492.7,16394,0.0,0.12
1780611585.315,492.7,16394,0.0,0.12
1780611585.420,492.7,16394,19.1,0.12
1780611585.525,492.7,16394,0.0,0.12
1780611585.629,492.7,16394,0.0,0.12
1780611585.734,492.7,16394,9.5,0.12
1780611585.839,492.7,16394,9.5,0.12
1780611585.944,492.7,16394,0.0,0.12
1780611586.048,492.7,16394,0.0,0.12
1780611586.153,492.7,16394,9.5,0.12
1780611586.258,492.7,16394,0.0,0.12
1780611586.363,492.7,16394,9.5,0.12
1780611586.467,492.7,16394,0.0,0.12
1780611586.572,492.7,16394,9.5,0.12
1780611586.677,492.7,16394,0.0,0.12
1780611586.782,492.7,16394,9.5,0.12
1780611586.886,492.7,16394,0.0,0.12
1780611586.991,492.7,16394,9.5,0.12
1780611587.096,492.7,16394,0.0,0.12
1780611587.201,492.7,16394,0.0,0.12
1780611587.305,492.7,16394,9.5,0.12
1780611587.410,492.7,16394,0.0,0.12
1780611587.515,492.7,16394,9.5,0.12
1780611587.619,492.7,16394,0.0,0.12
1780611587.724,492.7,16394,0.0,0.12
1780611587.829,492.7,16394,9.5,0.12
1780611587.934,492.7,16394,9.5,0.12
1780611588.038,492.7,16394,0.0,0.12
1780611588.143,492.7,16394,0.0,0.12
1780611588.248,492.7,16394,9.5,0.12
1780611588.353,492.7,16394,9.5,0.12
1780611588.458,492.7,16394,0.0,0.12
1780611588.562,492.7,16394,0.0,0.12
1780611588.667,492.7,16394,9.5,0.12
1780611588.772,492.7,16394,0.0,0.12
1780611588.877,492.7,16394,9.5,0.12
1780611588.981,492.7,16394,0.0,0.12
1780611589.086,492.7,16394,9.5,0.12
1780611589.191,492.7,16394,0.0,0.12
1780611589.296,492.7,16394,9.5,0.12
1780611589.400,492.7,16394,0.0,0.12
1780611589.505,492.7,16394,9.5,0.12
1780611589.610,492.7,16394,0.0,0.12
1780611589.715,492.7,16394,9.5,0.12
1780611589.819,492.7,16394,0.0,0.12
1780611589.924,492.7,16394,9.5,0.12
1780611590.029,492.7,16394,0.0,0.12
1780611590.134,492.7,16394,0.0,0.12
1780611590.238,492.7,16394,9.5,0.12
1780611590.343,492.7,16394,0.0,0.12
1780611590.448,492.7,16394,9.5,0.12
1780611590.553,492.7,16394,9.5,0.12
1780611590.657,492.7,16394,0.0,0.12
1780611590.762,492.7,16394,0.0,0.12
1780611590.867,492.7,16394,0.0,0.12
1780611590.972,492.7,16394,9.5,0.12
1780611591.076,492.7,16394,9.5,0.12
1780611591.181,492.7,16394,0.0,0.12
1780611591.286,492.7,16394,0.0,0.12
1780611591.391,492.7,16394,9.5,0.12
1780611591.495,492.7,16394,0.0,0.12
1780611591.600,492.7,16394,9.5,0.12
1780611591.705,492.7,16394,9.5,0.12
1780611591.810,492.7,16394,0.0,0.12
1780611591.914,492.7,16394,9.5,0.12
1780611592.019,492.7,16394,0.0,0.12
1780611592.124,492.7,16394,9.5,0.12
1780611592.229,492.7,16394,0.0,0.12
1780611592.333,492.7,16394,0.0,0.12
1780611592.438,492.7,16394,9.5,0.12
1780611592.543,492.7,16394,0.0,0.12
1780611592.648,492.7,16394,9.5,0.12
1780611592.752,492.7,16394,9.5,0.11
1780611592.857,492.7,16394,0.0,0.11
1780611592.962,492.7,16394,0.0,0.11
1780611593.067,492.7,16394,0.0,0.11
1780611593.171,492.7,16394,9.5,0.11
1780611593.276,492.7,16394,0.0,0.11
1780611593.381,492.7,16394,9.5,0.11
1780611593.486,492.7,16394,0.0,0.11
1780611593.591,492.7,16394,9.5,0.11
1780611593.695,492.7,16394,0.0,0.11
1780611593.800,492.7,16394,9.5,0.11
1780611593.905,492.7,16394,9.5,0.11
1780611594.010,492.7,16394,0.0,0.11
1780611594.114,492.8,16394,9.5,0.11
1780611594.379,549.3,16394,99.3,7.30
1780611594.489,520.5,16394,44.4,7.30
1780611594.597,520.5,16394,9.2,7.30
1780611594.702,520.5,16394,0.0,7.30
1780611594.810,520.5,16394,9.3,7.30
1780611594.915,520.5,16394,0.0,7.30
1780611595.020,520.5,16394,0.0,7.30
1780611595.124,520.5,16394,9.5,7.30
1780611595.229,520.5,16394,9.5,7.30
1780611595.334,520.5,16394,0.0,7.30
1780611595.439,520.5,16394,9.5,7.30
1780611595.543,520.5,16394,0.0,7.30
1780611595.648,520.5,16394,0.0,7.30
1780611595.753,520.5,16394,9.5,7.30
1780611595.858,520.5,16394,0.0,7.30
1780611595.963,520.5,16394,9.5,7.30
1780611596.067,520.5,16394,0.0,7.30
1780611596.172,520.5,16394,9.5,7.30
1780611596.277,520.5,16394,9.5,7.30
1780611596.382,520.5,16394,0.0,7.30
1780611596.486,520.5,16394,0.0,7.30
1780611596.591,520.5,16394,9.5,7.30
1780611596.696,520.5,16394,0.0,7.30
1780611596.801,520.5,16394,9.5,7.30
1780611596.905,520.5,16394,9.5,7.30
1780611597.010,520.5,16394,0.0,7.30
1780611597.115,520.5,16394,9.5,7.30
1780611597.220,520.5,16394,0.0,7.30
1780611597.324,520.5,16394,0.0,7.30
1780611597.429,520.5,16394,9.5,7.30
1780611597.539,520.6,16394,18.2,7.30
1780611597.685,544.7,16394,102.4,39.14
1780611597.843,565.8,16394,107.5,98.29
1780611597.952,536.9,16394,0.0,98.29
1780611598.058,536.9,16394,18.9,98.29
1780611598.163,536.9,16394,9.5,98.29
1780611598.268,536.9,16394,9.5,98.29
1780611598.373,536.9,16394,0.0,98.29
1780611598.480,537.0,16394,65.5,98.29
1780611598.586,537.0,16394,28.2,98.29
1780611598.692,537.0,16394,0.0,98.29
1780611598.804,537.0,16394,17.7,98.29
1780611598.909,537.0,16394,0.0,98.29
1780611599.014,537.0,16394,9.5,98.29
1780611599.119,537.0,16394,0.0,98.29
1780611599.223,537.0,16394,0.0,98.29
1780611599.328,537.0,16394,9.5,98.29
1780611599.433,537.0,16394,0.0,98.29
1780611599.538,537.0,16394,9.5,98.29
1780611599.642,537.0,16394,0.0,98.29
1780611599.747,537.0,16394,9.5,98.29
1780611599.852,537.0,16394,19.1,98.29
1780611599.963,537.0,16394,18.1,98.29
1780611600.073,537.0,16394,9.1,98.29
1780611600.181,537.0,16394,0.0,98.29
1780611600.287,537.0,16394,9.5,98.29
1780611600.392,537.0,16394,0.0,98.29
1780611600.497,537.0,16394,0.0,98.29
1780611600.601,537.0,16394,9.5,98.29
1780611600.706,537.0,16394,9.5,98.29
1780611600.811,537.0,16394,0.0,98.29
1780611600.916,537.0,16394,9.5,98.29
1780611601.020,537.0,16394,0.0,39.14
1780611601.125,537.0,16394,0.0,39.14
1780611601.263,537.0,16394,59.1,39.14
1780611601.371,539.0,16394,81.8,39.14
1780611601.477,539.0,16394,0.0,39.14
1780611601.582,539.0,16394,9.5,39.14
1780611601.687,539.0,16394,9.5,39.14
1780611601.791,539.0,16394,0.0,39.14
1780611601.896,539.0,16394,9.5,39.14
1780611602.001,539.0,16394,0.0,39.14
1780611602.106,539.0,16394,0.0,39.14
1780611602.210,539.0,16394,9.5,39.14
1780611602.315,539.0,16394,0.0,39.14
1780611602.420,539.0,16394,9.5,39.14
1780611602.525,539.0,16394,9.5,39.14
1780611602.630,539.0,16394,19.0,39.14
1780611602.735,539.0,16394,0.0,39.14
1780611602.840,539.0,16394,0.0,39.14
1780611602.944,539.0,16394,0.0,39.14
1780611603.049,539.0,16394,9.5,39.14
1780611603.154,539.0,16394,9.5,39.14
1780611603.259,539.0,16394,0.0,39.14
1780611603.363,539.0,16394,9.5,39.14
1780611603.468,539.0,16394,0.0,39.14
1780611603.573,539.0,16394,9.5,39.14
1780611603.678,539.0,16394,0.0,39.14
1780611603.783,539.1,16394,9.5,39.14
1780611603.888,539.1,16394,38.0,39.14
1780611603.993,539.1,16394,0.0,39.14
1780611604.098,539.1,16394,9.5,39.14
1780611604.202,539.1,16394,0.0,12.75
1780611604.311,539.1,16394,9.2,4.62
1780611604.416,539.1,16394,37.9,4.62
1780611604.522,539.1,16394,9.5,4.62
1780611604.627,539.1,16394,9.5,4.62
1780611604.731,539.1,16394,9.5,4.62
1780611604.836,539.1,16394,0.0,4.62
1780611604.941,539.1,16394,0.0,1.52
1780611605.046,539.1,16394,9.5,1.52
1780611605.150,539.1,16394,0.0,1.52
1780611605.255,539.1,16394,9.5,1.52
1780611605.360,539.1,16394,0.0,1.52
1780611605.465,539.1,16394,0.0,1.52
1780611605.569,539.1,16394,19.1,1.52
1780611605.674,539.1,16394,0.0,1.52
1780611605.779,539.1,16394,9.5,1.52
1780611605.884,539.1,16394,0.0,1.52
1780611605.989,539.1,16394,9.5,1.52
1780611606.093,539.1,16394,9.5,1.52
1780611606.198,539.1,16394,0.0,1.52
1780611606.303,539.1,16394,9.5,1.52
1780611606.460,539.1,16394,44.5,1.52
1780611606.566,539.1,16394,9.4,1.52
1780611606.672,539.1,16394,9.5,1.52
1780611606.777,539.1,16394,0.0,1.52
1780611606.881,539.1,16394,9.5,1.52
1780611606.987,539.1,16394,37.9,1.52
1780611607.092,539.1,16394,9.5,1.52
1780611607.197,539.1,16394,0.0,1.52
1780611607.302,539.1,16394,9.5,1.52
1780611607.406,539.1,16394,0.0,1.52
1780611607.511,539.1,16394,9.5,1.52
1780611607.616,539.1,16394,0.0,1.52
1780611607.721,539.1,16394,19.1,1.33
1780611607.825,539.1,16394,0.0,1.33
1780611607.930,539.1,16394,9.5,1.33
1780611608.035,539.1,16394,9.5,1.33
1780611608.140,539.1,16394,0.0,1.33
1780611608.245,539.1,16394,9.5,1.33
1780611608.350,539.1,16394,0.0,1.33
1780611608.454,539.1,16394,9.5,1.33
1780611608.559,539.1,16394,0.0,1.33
1780611608.664,539.1,16394,0.0,1.33
1780611608.769,539.1,16394,9.5,1.33
1780611608.873,539.1,16394,9.5,1.33
1780611608.978,539.1,16394,0.0,1.33
1780611609.083,539.1,16394,9.5,1.24
1780611609.188,539.1,16394,0.0,1.24
1780611609.293,539.1,16394,28.5,1.24
1780611609.398,539.1,16394,9.5,1.33
1780611609.503,539.1,16394,0.0,1.33
1780611609.633,539.2,16394,30.9,1.33
1780611609.739,539.2,16394,65.9,1.60
1780611609.845,539.2,16394,0.0,1.60
1780611609.950,539.2,16394,9.5,1.60
1780611610.055,539.2,16394,0.0,1.60
1780611610.173,539.2,16394,25.4,1.60
1780611610.278,539.2,16394,0.0,1.60
1780611610.382,539.2,16394,0.0,1.60
1780611610.487,539.2,16394,9.5,1.60
1780611610.592,539.2,16394,0.0,1.60
1780611610.697,539.2,16394,9.5,1.60
1780611610.801,539.2,16394,9.5,1.60
1780611610.942,539.2,16394,35.6,21.74
1780611611.047,539.2,16394,0.0,21.74
1780611611.152,539.2,16394,0.0,21.74
1780611611.257,539.2,16394,9.5,21.74
1780611611.362,539.2,16394,0.0,21.74
1780611611.467,539.2,16394,9.5,21.74
1780611611.571,539.2,16394,9.5,21.74
1780611611.676,539.2,16394,0.0,21.74
1780611611.781,539.2,16394,9.5,21.74
1780611611.912,539.3,16394,38.9,21.74
1780611612.019,539.3,16394,45.8,21.74
1780611612.124,539.3,16394,9.5,21.74
1780611612.230,539.3,16394,28.3,21.74
1780611612.336,539.3,16394,9.5,21.74
1780611612.440,539.3,16394,9.5,21.74
1780611612.545,539.3,16394,0.0,21.74
1780611612.650,539.3,16394,0.0,21.74
1780611612.756,539.4,16394,65.9,21.74
1780611612.862,539.4,16394,9.4,21.74
1780611612.969,539.4,16394,0.0,21.74
1780611613.074,539.4,16394,0.0,21.74
1780611613.182,539.4,16394,27.7,21.74
1780611613.288,539.4,16394,9.5,21.74
1780611613.392,539.4,16394,0.0,21.74
1780611613.497,539.4,16394,9.5,21.74
1780611613.602,539.4,16394,9.5,21.74
1780611613.707,539.4,16394,19.1,21.74
1780611613.812,539.4,16394,38.0,21.74
1780611613.917,539.4,16394,0.0,21.74
1780611614.022,539.4,16394,9.5,21.74
1780611614.127,539.4,16394,9.5,21.74
1780611614.234,539.5,16394,74.7,21.74
1780611614.341,539.5,16394,9.4,21.74
1780611614.446,539.5,16394,9.5,21.74
1780611614.551,539.5,16394,0.0,21.74
1780611614.655,539.5,16394,0.0,21.74
1780611614.760,539.5,16394,19.1,21.74
1780611614.865,539.5,16394,0.0,21.74
1780611614.970,539.5,16394,9.5,21.74
1780611615.074,539.5,16394,9.5,21.74
1780611615.179,539.5,16394,0.0,21.74
1780611615.284,539.5,16394,9.5,21.74
1780611615.389,539.5,16394,0.0,21.74
1780611615.494,539.5,16394,9.5,21.74
1780611615.598,539.5,16394,0.0,21.74
1780611615.705,539.5,16394,66.0,21.74
1780611615.810,539.5,16394,9.5,21.74
1780611615.916,539.5,16394,18.9,21.74
1780611616.021,539.5,16394,9.5,21.74
1780611616.126,539.5,16394,0.0,21.74
1780611616.231,539.5,16394,0.0,17.94
1780611616.336,539.6,16394,47.5,17.94
1780611616.441,539.6,16394,0.0,17.94
1780611616.546,539.6,16394,19.1,17.94
1780611616.651,539.6,16394,9.5,17.94
1780611616.756,539.6,16394,9.5,17.94
1780611616.860,539.6,16394,0.0,17.94
1780611616.965,539.6,16394,9.5,17.94
1780611617.070,539.6,16394,9.5,17.94
1780611617.175,539.6,16394,0.0,17.94
1780611617.279,539.6,16394,0.0,17.94
1780611617.384,539.6,16394,9.5,17.94
1780611617.489,539.6,16394,0.0,10.57
1780611617.594,539.6,16394,9.5,10.57
1780611617.707,539.6,16394,35.4,10.57
1780611617.812,539.6,16394,0.0,10.57
1780611617.917,539.6,16394,9.5,10.57
1780611618.022,539.6,16394,9.5,10.57
1780611618.127,539.6,16394,9.5,10.57
1780611618.232,539.6,16394,9.5,10.57
1780611618.336,539.6,16394,0.0,10.57
1780611618.441,539.6,16394,9.5,10.57
1780611618.546,539.6,16394,0.0,10.57
1780611618.651,539.6,16394,9.5,10.57
1780611618.756,539.6,16394,19.1,10.57
1780611618.861,539.6,16394,0.0,10.57
1780611618.966,539.6,16394,0.0,10.57
1780611619.071,539.6,16394,9.5,10.57
1780611619.176,539.6,16394,0.0,10.57
1780611619.280,539.6,16394,9.5,10.57
1780611619.385,539.6,16394,0.0,10.57
1780611619.490,539.6,16394,9.5,10.57
1780611619.595,539.6,16394,0.0,10.57
1780611619.699,539.6,16394,9.5,10.57
1780611619.804,539.6,16394,0.0,10.57
1780611619.909,539.6,16394,47.4,10.57
1780611620.015,539.6,16394,0.0,10.57
1780611620.120,539.6,16394,9.5,10.57
1780611620.224,539.6,16394,0.0,10.57
1780611620.329,539.6,16394,9.5,10.57
1780611620.434,539.6,16394,9.5,10.57
1780611620.539,539.6,16394,0.0,10.57
1780611620.643,539.6,16394,0.0,9.29
1780611620.748,539.6,16394,9.5,9.29
1780611620.853,539.6,16394,0.0,9.29
1780611620.958,539.6,16394,0.0,9.29
1780611621.062,539.6,16394,9.5,9.29
1780611621.167,539.6,16394,0.0,9.29
1780611621.272,539.6,16394,9.5,9.29
1780611621.377,539.6,16394,0.0,9.29
1780611621.482,539.6,16394,9.5,9.29
1780611621.586,539.6,16394,0.0,9.29
1780611621.691,539.6,16394,9.5,9.29
1780611621.796,539.6,16394,0.0,9.29
1780611621.901,539.6,16394,9.5,9.29
1780611622.005,539.6,16394,9.5,9.29
1780611622.110,539.6,16394,0.0,9.29
1780611622.215,539.6,16394,9.5,9.29
1780611622.320,539.6,16394,0.0,9.29
1780611622.425,539.6,16394,0.0,2.04
1780611622.529,539.6,16394,9.5,2.04
1780611622.634,539.6,16394,0.0,2.04
1780611622.739,539.6,16394,9.5,2.00
1780611622.844,539.6,16394,0.0,2.00
1780611622.948,539.6,16394,9.5,1.09
1780611623.053,539.6,16394,0.0,1.09
1780611623.158,539.6,16394,0.0,1.09
1780611623.264,539.6,16394,47.4,1.11
1780611623.369,539.6,16394,9.5,1.11
1780611623.474,539.6,16394,0.0,1.09
1780611623.578,539.6,16394,9.5,1.09
1780611623.683,539.6,16394,0.0,1.09
1780611623.788,539.6,16394,9.5,1.09
1780611623.893,539.6,16394,0.0,1.09
1780611623.997,539.6,16394,9.5,1.09
1780611624.102,539.6,16394,0.0,1.09
1780611624.207,539.6,16394,0.0,1.09
1780611624.312,539.6,16394,9.5,1.09
1780611624.416,539.6,16394,9.5,1.09
1780611624.521,539.6,16394,9.5,1.11
1780611624.626,539.6,16394,0.0,1.11
1780611624.731,539.6,16394,19.1,1.11
1780611624.836,539.6,16394,0.0,1.11
1780611624.941,539.6,16394,9.5,1.11
1780611625.045,539.6,16394,0.0,1.11
1780611625.150,539.6,16394,9.5,1.11
1780611625.255,539.6,16394,0.0,1.11
1780611625.360,539.6,16394,9.5,1.11
1780611625.465,539.6,16394,0.0,1.11
1780611625.569,539.6,16394,0.0,1.11
1780611625.674,539.6,16394,9.5,1.11
1780611625.779,539.6,16394,0.0,1.11
1780611625.884,539.6,16394,9.5,1.11
1780611625.988,539.6,16394,9.5,1.11
1780611626.093,539.6,16394,0.0,1.11
1780611626.198,539.6,16394,0.0,1.11
1780611626.303,539.6,16394,9.5,1.11
1780611626.407,539.6,16394,0.0,1.11
1780611626.512,539.6,16394,0.0,1.11
1780611626.617,539.6,16394,19.1,1.11
1780611626.722,539.6,16394,0.0,1.11
1780611626.826,539.6,16394,9.5,1.11
1780611626.931,539.6,16394,0.0,1.11
1780611627.036,539.6,16394,0.0,1.11
1780611627.162,539.6,16394,31.8,1.11
1780611627.267,539.6,16394,0.0,1.11
1780611627.372,539.6,16394,9.5,1.11
1780611627.484,539.7,16394,18.3,1.11
1780611627.590,539.7,16394,64.4,2.97
1780611627.695,539.7,16394,0.0,2.97
1780611627.800,539.7,16394,9.5,2.97
1780611627.905,539.7,16394,0.0,2.97
1780611628.009,539.7,16394,0.0,2.97
1780611628.114,539.7,16394,9.5,2.97
1780611628.219,539.7,16394,0.0,2.97
1780611628.324,539.7,16394,9.5,2.97
1780611628.435,539.7,16394,36.1,2.97
1780611628.540,539.7,16394,0.0,2.97
1780611628.644,539.7,16394,9.5,2.97
1780611628.749,539.7,16394,0.0,2.97
1780611628.854,539.7,16394,9.5,2.97
1780611628.959,539.7,16394,0.0,2.97
1780611629.063,539.7,16394,0.0,2.97
1780611629.172,539.7,16394,27.6,2.97
1780611629.277,539.7,16394,0.0,2.97
1780611629.382,539.7,16394,0.0,2.97
1780611629.487,539.7,16394,9.5,2.97
1780611629.591,539.7,16394,0.0,2.97
1780611629.696,539.7,16394,9.5,2.97
1780611629.801,539.7,16394,0.0,2.97
1780611629.906,539.7,16394,19.1,2.97
1780611630.011,539.7,16394,0.0,2.97
1780611630.117,539.8,16394,65.8,16.96
1780611630.223,539.8,16394,0.0,16.96
1780611630.330,539.8,16394,84.3,16.96
1780611630.445,539.8,16394,25.9,16.96
1780611630.555,539.8,16394,9.1,16.96
1780611630.660,539.8,16394,28.5,16.96
1780611630.765,539.8,16394,9.5,16.96
1780611630.871,539.8,16394,28.5,16.96
1780611630.976,539.8,16394,0.0,16.96
1780611631.081,539.8,16394,19.1,16.96
1780611631.185,539.8,16394,0.0,16.96
1780611631.290,539.8,16394,0.0,16.96
1780611631.395,539.8,16394,9.5,16.96
1780611631.500,539.8,16394,0.0,16.96
1780611631.604,539.8,16394,9.5,16.96
1780611631.709,539.8,16394,0.0,16.96
1780611631.814,539.8,16394,9.5,16.96
1780611631.919,539.8,16394,9.5,16.96
1780611632.023,539.8,16394,0.0,16.96
1780611632.128,539.8,16394,0.0,16.96
1780611632.233,539.8,16394,9.5,16.96
1780611632.338,539.8,16394,0.0,16.96
1780611632.442,539.8,16394,0.0,16.96
1780611632.547,539.8,16394,9.5,16.96
1780611632.667,539.8,16394,17.2,16.96
1780611632.775,539.8,16394,54.1,16.96
1780611632.881,539.8,16394,9.4,16.96
1780611632.986,539.8,16394,0.0,16.96
1780611633.090,539.8,16394,0.0,16.96
1780611633.235,539.9,16394,56.5,16.96
1780611633.342,539.9,16394,63.7,16.96
1780611633.448,539.9,16394,0.0,16.96
1780611633.553,539.9,16394,0.0,16.96
1780611633.658,539.9,16394,9.5,16.96
1780611633.762,539.9,16394,9.5,16.96
1780611633.867,539.9,16394,0.0,16.96
1780611633.972,539.9,16394,0.0,16.96
1780611634.077,539.9,16394,9.5,8.95
1780611634.181,539.9,16394,0.0,8.95
1780611634.286,539.9,16394,9.5,8.95
1780611634.391,539.9,16394,0.0,8.95
1780611634.496,539.9,16394,9.5,8.95
1780611634.600,539.9,16394,0.0,8.95
1780611634.705,539.9,16394,19.1,8.95
1780611634.810,539.9,16394,0.0,8.95
1780611634.915,539.9,16394,9.5,8.95
1780611635.020,539.9,16394,0.0,8.95
1780611635.125,539.9,16394,9.5,8.95
1780611635.229,539.9,16394,9.5,8.95
1780611635.334,539.9,16394,9.5,8.95
1780611635.439,539.9,16394,0.0,8.95
1780611635.544,539.9,16394,9.5,8.95
1780611635.648,539.9,16394,0.0,8.95
1780611635.754,539.9,16394,47.3,18.02
1780611635.860,539.9,16394,9.5,18.02
1780611635.965,539.9,16394,0.0,18.02
1780611636.069,539.9,16394,9.5,18.02
1780611636.174,539.9,16394,9.5,18.02
1780611636.279,539.9,16394,0.0,18.02
1780611636.384,539.9,16394,9.5,18.02
1780611636.488,539.9,16394,0.0,18.02
1780611636.593,539.9,16394,0.0,8.95
1780611636.698,539.9,16394,9.5,8.95
1780611636.803,539.9,16394,0.0,8.95
1780611636.908,539.9,16394,9.5,8.95
1780611637.012,539.9,16394,0.0,8.95
1780611637.117,539.9,16394,0.0,8.95
1780611637.222,539.9,16394,9.5,8.95
1780611637.327,539.9,16394,0.0,8.95
1780611637.431,539.9,16394,9.5,8.95
1780611637.536,539.9,16394,0.0,8.95
1780611637.641,539.9,16394,9.5,8.95
1780611637.746,539.9,16394,0.0,8.95
1780611637.851,539.9,16394,0.0,8.95
1780611637.955,539.9,16394,19.1,8.95
1780611638.060,539.9,16394,0.0,8.95
1780611638.165,539.9,16394,9.5,8.95
1780611638.270,539.9,16394,28.5,8.95
1780611638.376,539.9,16394,38.0,19.83
1780611638.481,539.9,16394,9.5,19.83
1780611638.586,539.9,16394,37.9,19.83
1780611638.692,539.9,16394,9.5,19.83
1780611638.797,539.9,16394,0.0,19.83
1780611638.901,539.9,16394,9.5,19.83
1780611639.006,539.9,16394,0.0,19.83
1780611639.111,539.9,16394,9.5,19.83
1780611639.216,539.9,16394,0.0,19.83
1780611639.320,539.9,16394,19.1,19.83
1780611639.425,539.9,16394,0.0,19.83
1780611639.530,539.9,16394,19.1,19.83
1780611639.635,539.9,16394,9.5,19.83
1780611639.740,539.9,16394,0.0,19.83
1780611639.844,539.9,16394,0.0,19.83
1780611639.950,540.0,16394,38.1,19.83
1780611640.055,540.0,16394,0.0,19.83
1780611640.159,540.0,16394,9.5,19.83
1780611640.264,540.0,16394,0.0,19.83
1780611640.369,540.0,16394,0.0,19.83
1780611640.474,540.0,16394,19.1,19.83
1780611640.579,540.0,16394,0.0,19.83
1780611640.688,540.0,16394,27.5,19.83
1780611640.792,540.0,16394,0.0,19.83
1780611640.897,540.0,16394,0.0,19.83
1780611641.002,540.0,16394,9.5,19.83
1780611641.107,540.0,16394,9.5,19.83
1780611641.212,540.0,16394,0.0,19.83
1780611641.316,540.0,16394,0.0,19.83
1780611641.421,540.0,16394,19.1,19.83
1780611641.526,540.0,16394,0.0,19.83
1780611641.631,540.0,16394,0.0,19.83
1780611641.735,540.0,16394,9.5,19.83
1780611641.840,540.0,16394,0.0,19.83
1780611641.945,540.0,16394,9.5,19.83
1780611642.050,540.0,16394,0.0,19.83
1780611642.154,540.0,16394,0.0,19.83
1780611642.259,540.0,16394,9.5,1.04
1780611642.364,540.0,16394,0.0,1.04
1780611642.469,540.0,16394,9.5,1.04
1780611642.573,540.0,16394,0.0,1.04
1780611642.678,540.0,16394,9.5,1.04
1780611642.783,540.0,16394,0.0,1.04
1780611642.888,540.0,16394,0.0,1.04
1780611642.992,540.0,16394,19.1,1.04
1780611643.109,540.0,16394,25.8,1.04
1780611643.214,540.0,16394,9.5,1.04
1780611643.342,540.0,16394,70.0,6.23
1780611643.448,540.0,16394,0.0,6.23
1780611643.553,540.0,16394,0.0,6.23
1780611643.658,540.0,16394,9.5,6.23
1780611643.763,540.0,16394,9.5,6.23
1780611643.867,540.0,16394,9.5,6.23
1780611643.972,540.0,16394,0.0,6.23
1780611644.077,540.0,16394,9.5,6.23
1780611644.182,540.0,16394,0.0,6.23
1780611644.286,540.0,16394,0.0,6.23
1780611644.391,540.0,16394,9.5,6.23
1780611644.496,540.0,16394,0.0,6.23
1780611644.601,540.0,16394,9.5,6.23
1780611644.705,540.0,16394,0.0,6.23
1780611644.810,540.0,16394,9.5,1.04
1780611644.915,540.0,16394,0.0,1.04
1780611645.020,540.0,16394,9.5,1.04
1780611645.126,540.0,16394,0.0,1.04
1780611645.273,540.1,16394,48.4,1.04
1780611645.379,540.1,16394,27.5,6.23
1780611645.511,540.2,16394,83.7,6.23
1780611645.618,540.2,16394,37.3,6.23
1780611645.730,540.2,16394,17.9,6.23
1780611645.835,540.2,16394,9.5,6.23
1780611645.940,540.2,16394,0.0,6.23
1780611646.045,540.2,16394,9.5,6.23
1780611646.150,540.2,16394,0.0,6.23
1780611646.254,540.2,16394,0.0,6.23
1780611646.359,540.2,16394,9.5,6.23
1780611646.464,540.2,16394,0.0,6.23
1780611646.569,540.2,16394,9.5,6.23
1780611646.673,540.2,16394,0.0,6.23
1780611646.778,540.2,16394,9.5,6.23
1780611646.883,540.2,16394,0.0,6.23
1780611646.988,540.2,16394,9.5,6.23
1780611647.092,540.2,16394,0.0,6.23
1780611647.197,540.2,16394,9.5,6.23
1780611647.302,540.2,16394,0.0,6.23
1780611647.407,540.2,16394,9.5,6.23
1780611647.511,540.2,16394,0.0,6.23
1780611647.616,540.2,16394,9.5,6.23
1780611647.721,540.2,16394,0.0,6.23
1780611647.826,540.2,16394,0.0,6.23
1780611647.930,540.2,16394,9.5,6.23
1780611648.035,540.2,16394,0.0,6.23
1780611648.140,540.2,16394,9.5,6.23
1780611648.245,540.2,16394,9.5,6.23
1780611648.349,540.2,16394,0.0,6.23
1780611648.454,540.2,16394,0.0,6.23
1780611648.559,540.2,16394,9.5,6.23
1780611648.664,540.2,16394,0.0,6.23
1780611648.768,540.2,16394,9.5,6.23
1780611648.873,540.2,16394,0.0,6.23
1780611648.978,540.2,16394,9.5,6.23
1780611649.083,540.2,16394,0.0,6.23
1780611649.187,540.2,16394,9.5,6.23
1780611649.292,540.2,16394,0.0,6.23
1780611649.397,540.2,16394,9.5,6.23
1780611649.501,540.2,16394,0.0,6.23
1780611649.606,540.2,16394,0.0,6.23
1780611649.711,540.2,16394,9.5,0.96
1780611649.816,540.2,16394,9.5,0.96
1780611649.920,540.2,16394,0.0,0.96
1780611650.025,540.2,16394,0.0,0.96
1780611650.130,540.2,16394,9.5,0.96
1780611650.235,540.2,16394,0.0,0.96
1780611650.340,540.2,16394,9.5,0.96
1780611650.444,540.2,16394,0.0,0.96
1780611650.549,540.2,16394,0.0,0.96
1780611650.654,540.2,16394,9.5,0.96
1780611650.759,540.2,16394,9.5,0.96
1780611650.863,540.2,16394,9.5,0.96
1780611650.968,540.2,16394,0.0,0.96
1780611651.073,540.2,16394,0.0,0.96
1780611651.178,540.2,16394,0.0,0.96
1780611651.282,540.2,16394,9.5,0.96
1780611651.387,540.2,16394,0.0,0.96
1780611651.492,540.2,16394,9.5,0.96
1780611651.597,540.2,16394,9.5,0.96
1780611651.701,540.2,16394,0.0,0.65
1780611651.806,540.2,16394,9.5,0.64
1780611651.911,540.2,16394,0.0,0.64
1780611652.016,540.2,16394,9.5,0.64
1780611652.172,546.2,16394,117.5,0.64
1780611652.281,528.3,16394,80.1,2.23
1780611652.390,528.3,16394,0.0,2.23
1780611652.496,528.3,16394,9.5,2.23
1780611652.600,528.3,16394,0.0,2.23
1780611652.705,528.3,16394,9.5,2.23
1780611652.810,528.3,16394,0.0,2.23
1780611652.915,528.3,16394,9.5,2.23
1780611653.020,528.3,16394,0.0,2.23
1780611653.124,528.3,16394,0.0,2.23
1780611653.229,528.3,16394,19.1,2.23
1780611653.334,528.3,16394,0.0,2.23
1780611653.439,528.3,16394,9.5,2.23
1780611653.543,528.3,16394,0.0,2.23
1780611653.648,528.3,16394,9.5,2.23
1780611653.754,530.3,16394,47.3,12.22
1780611653.859,530.3,16394,9.5,12.22
1780611653.964,530.3,16394,0.0,12.22
1780611654.069,530.3,16394,9.5,12.22
1780611654.174,530.3,16394,0.0,12.22
1780611654.278,530.3,16394,9.5,12.22
1780611654.383,530.3,16394,0.0,12.22
1780611654.488,530.3,16394,0.0,12.22
1780611654.593,530.3,16394,0.0,12.22
1780611654.697,530.3,16394,19.1,12.22
1780611654.802,530.3,16394,0.0,12.22
1780611654.907,530.3,16394,9.5,12.22
1780611655.012,530.3,16394,0.0,12.22
1780611655.117,530.3,16394,19.1,12.22
1780611655.221,530.3,16394,0.0,12.22
1780611655.326,530.3,16394,9.5,12.22
1780611655.431,530.3,16394,0.0,12.22
1780611655.536,530.3,16394,0.0,12.22
1780611655.640,530.3,16394,9.5,12.22
1780611655.745,530.3,16394,0.0,12.22
1780611655.850,530.3,16394,9.5,12.22
1780611655.955,530.3,16394,0.0,12.22
1780611656.059,530.3,16394,0.0,12.22
1780611656.164,530.3,16394,9.5,12.22
1780611656.300,530.3,16394,30.2,12.22
1780611656.405,530.3,16394,18.5,12.22
1780611656.510,530.3,16394,9.5,12.22
1780611656.615,530.3,16394,9.5,12.22
1780611656.719,530.3,16394,0.0,12.22
1780611656.824,530.3,16394,9.5,12.22
1780611656.929,530.3,16394,0.0,12.22
1780611657.034,530.3,16394,0.0,12.22
1780611657.138,530.3,16394,9.5,12.22
1780611657.243,530.3,16394,0.0,12.22
1780611657.348,530.3,16394,9.5,12.22
1780611657.453,530.3,16394,0.0,12.22
1780611657.558,530.3,16394,9.5,12.22
1780611657.662,530.3,16394,9.5,12.22
1780611657.767,530.3,16394,0.0,12.22
1780611657.872,530.3,16394,9.5,12.22
1780611657.977,530.3,16394,0.0,12.22
1780611658.081,530.3,16394,0.0,12.22
1780611658.186,530.3,16394,9.5,12.22
1780611658.291,530.3,16394,0.0,12.22
1780611658.396,530.3,16394,0.0,12.22
1780611658.501,530.3,16394,19.1,12.22
1780611658.606,530.3,16394,0.0,2.23
1780611658.710,530.3,16394,0.0,1.06
1780611658.815,530.3,16394,9.5,1.06
1780611658.920,530.3,16394,0.0,1.06
1780611659.025,530.3,16394,9.5,1.06
1780611659.130,530.3,16394,0.0,1.06
1780611659.234,530.3,16394,0.0,1.06
1780611659.339,530.3,16394,9.5,1.06
1780611659.444,530.3,16394,0.0,1.06
1780611659.548,530.3,16394,9.5,1.06
1780611659.653,530.3,16394,0.0,1.06
1780611659.758,530.3,16394,0.0,1.06
1780611659.863,530.3,16394,9.5,1.06
1780611659.968,530.3,16394,9.5,1.06
1780611660.072,530.3,16394,9.5,1.06
1780611660.177,530.3,16394,0.0,0.93
1780611660.282,530.3,16394,0.0,0.93
1780611660.387,530.3,16394,0.0,0.93
1780611660.491,530.3,16394,9.5,0.93
1780611660.596,530.3,16394,0.0,0.93
1780611660.701,530.3,16394,9.5,0.93
1780611660.806,530.3,16394,0.0,0.93
1780611660.910,530.3,16394,9.5,0.93
1780611661.015,530.3,16394,0.0,0.93
1780611661.120,530.3,16394,9.5,0.93
1780611661.225,530.3,16394,9.5,0.93
1780611661.329,530.3,16394,0.0,0.93
1780611661.434,530.3,16394,9.5,0.93
1780611661.539,530.3,16394,0.0,0.93
1780611661.644,530.3,16394,0.0,0.93
1780611661.748,530.3,16394,9.5,0.93
1780611661.853,530.3,16394,0.0,0.93
1780611661.958,530.3,16394,9.5,0.93
1780611662.063,530.3,16394,9.5,0.93
1780611662.167,530.3,16394,0.0,0.93
1780611662.272,530.3,16394,9.5,0.93
1780611662.377,530.3,16394,0.0,0.93
1780611662.483,530.3,16394,0.0,0.93
1780611662.588,530.3,16394,9.5,0.93
1780611662.693,530.3,16394,0.0,0.73
1780611662.798,530.3,16394,9.5,0.73
1780611662.903,530.3,16394,9.5,0.17
1780611663.019,530.3,16394,8.6,0.17
1780611663.124,530.3,16394,9.5,0.73
1780611663.229,530.3,16394,0.0,0.73
1780611663.334,530.3,16394,0.0,0.73
1780611663.439,530.3,16394,9.5,0.73
1780611663.543,530.3,16394,9.5,0.73
1780611663.648,530.3,16394,9.5,0.73
1780611663.753,530.3,16394,0.0,0.73
1780611663.858,530.3,16394,0.0,0.73
1780611663.962,530.3,16394,9.5,0.73
1780611664.067,530.3,16394,0.0,0.73
1780611664.172,530.3,16394,9.5,0.73
1780611664.277,530.4,16394,28.5,0.78
1780611664.382,530.4,16394,9.5,0.78
1780611664.487,530.4,16394,0.0,0.78
1780611664.592,530.4,16394,0.0,0.78
1780611664.697,530.4,16394,9.5,0.78
1780611664.802,530.4,16394,0.0,0.78
1780611664.907,530.4,16394,9.5,0.78
1780611665.012,530.4,16394,9.5,0.78
1780611665.117,530.4,16394,0.0,0.78
1780611665.221,530.4,16394,9.5,0.78
1780611665.326,530.4,16394,0.0,0.78
1780611665.431,530.4,16394,9.5,0.78
1780611665.535,530.4,16394,0.0,0.78
1780611665.640,530.4,16394,9.5,0.78
1780611665.745,530.4,16394,0.0,0.78
1780611665.850,530.4,16394,0.0,0.98
1780611665.955,530.4,16394,9.5,0.98
1780611666.059,530.4,16394,0.0,0.98
1780611666.164,530.4,16394,9.5,0.98
1780611666.269,530.4,16394,9.5,0.98
1780611666.374,530.4,16394,0.0,0.98
1780611666.478,530.4,16394,0.0,0.98
1780611666.583,530.4,16394,9.5,0.98
1780611666.688,530.4,16394,0.0,0.98
1780611666.793,530.4,16394,9.5,0.98
1780611666.897,530.4,16394,9.5,0.98
1780611667.002,530.4,16394,0.0,0.98
1780611667.107,530.4,16394,0.0,0.98
1780611667.212,530.4,16394,9.5,0.98
1780611667.316,530.4,16394,0.0,0.98
1780611667.434,530.4,16394,17.0,0.98
1780611667.539,530.4,16394,9.5,0.98
1780611667.643,530.4,16394,0.0,0.98
1780611667.748,530.4,16394,9.5,0.98
1780611667.853,530.4,16394,0.0,0.98
1780611667.958,530.4,16394,0.0,0.98
1780611668.062,530.4,16394,9.5,0.98
1780611668.167,530.4,16394,0.0,0.98
1780611668.272,530.4,16394,9.5,0.98
1780611668.377,530.4,16394,0.0,0.98
1780611668.481,530.4,16394,9.5,0.98
1780611668.586,530.4,16394,0.0,0.98
1780611668.691,530.4,16394,0.0,0.98
1780611668.796,530.4,16394,9.5,0.98
1780611668.900,530.4,16394,9.5,0.98
1780611669.005,530.4,16394,0.0,0.98
1780611669.110,530.4,16394,9.5,0.98
1780611669.215,530.4,16394,0.0,0.98
1780611669.319,530.4,16394,0.0,0.98
1780611669.424,530.4,16394,9.5,0.98
1780611669.529,530.4,16394,9.5,0.98
1780611669.634,530.4,16394,0.0,0.98
1780611669.738,530.4,16394,9.5,0.98
1780611669.843,530.4,16394,0.0,0.98
1780611669.948,530.4,16394,0.0,0.98
1780611670.053,530.4,16394,9.5,0.98
1780611670.157,530.4,16394,0.0,0.98
1780611670.262,530.4,16394,9.5,0.98
1780611670.367,530.4,16394,9.5,0.98
1780611670.472,530.4,16394,0.0,0.98
1780611670.576,530.4,16394,9.5,0.98
1780611670.681,530.4,16394,0.0,0.76
1780611670.786,530.4,16394,9.5,0.76
1780611670.891,530.4,16394,0.0,0.76
1780611670.996,530.4,16394,9.5,0.76
1780611671.100,530.4,16394,0.0,0.76
1780611671.205,530.4,16394,0.0,0.76
1780611671.310,530.4,16394,9.5,0.76
1780611671.415,530.4,16394,0.0,0.76
1780611671.520,530.4,16394,0.0,0.76
1780611671.624,530.4,16394,9.5,0.76
1780611671.729,530.4,16394,0.0,0.76
1780611671.834,530.4,16394,19.1,0.76
1780611671.939,530.4,16394,0.0,0.76
1780611672.043,530.4,16394,0.0,0.76
1780611672.148,530.4,16394,9.5,0.76
1780611672.253,530.4,16394,0.0,0.68
1780611672.358,530.4,16394,9.5,0.68
1780611672.463,530.4,16394,0.0,0.68
1780611672.567,530.4,16394,0.0,0.68
1780611672.672,530.4,16394,0.0,0.68
1780611672.777,530.4,16394,9.5,0.68
1780611672.882,530.4,16394,9.5,0.68
1780611672.987,530.4,16394,9.5,0.68
1780611673.092,530.4,16394,0.0,0.68
1780611673.197,530.4,16394,9.5,0.68
1780611673.302,530.4,16394,0.0,0.68
1780611673.406,530.4,16394,9.5,0.68
1780611673.511,530.4,16394,0.0,0.68
1780611673.616,530.4,16394,0.0,0.68
1780611673.721,530.4,16394,9.5,0.68
1780611673.825,530.4,16394,0.0,0.68
1780611673.930,530.4,16394,0.0,0.12
1780611674.044,530.4,16394,26.3,0.12
1780611674.150,530.4,16394,28.4,0.68
1780611674.255,530.4,16394,0.0,0.68
1780611674.360,530.4,16394,9.5,0.68
1780611674.468,530.4,16394,27.8,0.68
1780611674.573,530.4,16394,0.0,0.77
1780611674.677,530.4,16394,9.5,0.77
1780611674.782,530.4,16394,0.0,0.77
1780611674.887,530.4,16394,9.5,0.77
1780611674.992,530.4,16394,0.0,0.77
1780611675.096,530.4,16394,9.5,0.77
1780611675.201,530.4,16394,9.5,0.86
1780611675.306,530.4,16394,28.5,0.86
1780611675.411,530.4,16394,0.0,0.86
1780611675.516,530.4,16394,9.5,0.86
1780611675.621,530.4,16394,0.0,0.86
1780611675.726,530.4,16394,9.5,0.86
1780611675.830,530.4,16394,0.0,0.86
1780611675.935,530.4,16394,9.5,0.86
1780611676.040,530.4,16394,0.0,0.86
1780611676.145,530.4,16394,9.5,0.86
1780611676.250,530.4,16394,9.5,0.86
1780611676.354,530.4,16394,0.0,0.86
1780611676.459,530.4,16394,9.5,0.86
1780611676.564,530.4,16394,0.0,0.86
1780611676.669,530.4,16394,9.5,0.86
1780611676.774,530.4,16394,0.0,0.97
1780611676.878,530.4,16394,9.5,0.97
1780611676.983,530.4,16394,0.0,0.97
1780611677.088,530.4,16394,9.5,0.97
1780611677.193,530.4,16394,0.0,0.97
1780611677.297,530.4,16394,0.0,0.97
1780611677.402,530.4,16394,19.1,0.97
1780611677.507,530.4,16394,0.0,0.97
1780611677.612,530.4,16394,9.5,0.97
1780611677.716,530.4,16394,0.0,0.97
1780611677.821,530.4,16394,9.5,0.97
1780611677.926,530.4,16394,0.0,0.97
1780611678.031,530.4,16394,0.0,0.97
1780611678.135,530.4,16394,9.5,0.97
1780611678.240,530.4,16394,0.0,0.97
1780611678.345,530.4,16394,0.0,0.97
1780611678.450,530.4,16394,9.5,0.97
1780611678.554,530.4,16394,9.5,0.97
1780611678.659,530.4,16394,0.0,0.97
1780611678.764,530.4,16394,9.5,0.97
1780611678.869,530.4,16394,0.0,0.97
1780611678.973,530.4,16394,0.0,0.97
1780611679.078,530.4,16394,9.5,0.97
1780611679.183,530.4,16394,0.0,0.97
1780611679.288,530.4,16394,9.5,0.97
1780611679.392,530.4,16394,0.0,0.97
1780611679.497,530.4,16394,9.5,0.97
1780611679.602,530.4,16394,0.0,0.97
1780611679.707,530.4,16394,9.5,0.97
1780611679.811,530.4,16394,0.0,0.97
1780611679.916,530.4,16394,9.5,0.97
1780611680.021,530.4,16394,0.0,0.97
1780611680.126,530.4,16394,0.0,0.97
1780611680.230,530.4,16394,9.5,0.97
1780611680.335,530.4,16394,9.5,0.97
1780611680.440,530.4,16394,0.0,0.97
1780611680.545,530.4,16394,9.5,0.86
1780611680.649,530.4,16394,0.0,0.86
1780611680.754,530.4,16394,0.0,0.86
1780611680.859,530.4,16394,9.5,0.86
1780611680.964,530.4,16394,0.0,0.86
1780611681.069,530.4,16394,0.0,0.86
1780611681.173,530.4,16394,19.1,0.86
1780611681.278,530.4,16394,0.0,0.86
1780611681.383,530.4,16394,0.0,0.86
1780611681.488,530.4,16394,0.0,0.86
1780611681.592,530.4,16394,19.1,0.86
1780611681.697,530.4,16394,0.0,0.40
1780611681.802,530.4,16394,0.0,0.40
1780611681.907,530.4,16394,9.5,0.40
1780611682.012,530.4,16394,0.0,0.40
1780611682.116,530.4,16394,9.5,0.40
1780611682.221,530.4,16394,0.0,0.14
1780611682.326,530.4,16394,0.0,0.14
1780611682.431,530.4,16394,9.5,0.14
1780611682.535,530.4,16394,0.0,0.14
1780611682.640,530.4,16394,9.5,0.14
1780611682.745,530.4,16394,0.0,0.14
1780611682.850,530.4,16394,0.0,0.14
1780611682.955,530.4,16394,9.5,0.14
1780611683.059,530.4,16394,0.0,0.14
1780611683.164,530.4,16394,19.1,0.12
1780611683.269,530.4,16394,0.0,0.12
1780611683.374,530.4,16394,0.0,0.12
1780611683.478,530.4,16394,9.5,0.12
1780611683.583,530.4,16394,0.0,0.12
1780611683.688,530.4,16394,0.0,0.12
1780611683.793,530.4,16394,9.5,0.12
1780611683.898,530.4,16394,0.0,0.12
1780611684.002,530.4,16394,9.5,0.12
1780611684.107,530.4,16394,9.5,0.12
1780611684.212,530.4,16394,9.5,0.12
1780611684.317,530.4,16394,0.0,0.12
1780611684.422,530.4,16394,0.0,0.12
1780611684.526,530.4,16394,9.5,0.12
1780611684.631,530.4,16394,0.0,0.12
1780611684.736,530.4,16394,0.0,0.12
1780611684.841,530.4,16394,9.5,0.12
1780611684.945,530.4,16394,9.5,0.12
1780611685.050,530.4,16394,0.0,0.12
1780611685.155,530.4,16394,0.0,0.12
1780611685.260,530.4,16394,9.5,0.12
1780611685.364,530.4,16394,0.0,0.12
1780611685.469,530.4,16394,9.5,0.12
1780611685.574,530.4,16394,9.5,0.12
1780611685.679,530.4,16394,0.0,0.12
1780611685.783,530.4,16394,9.5,0.12
1780611685.888,530.4,16394,0.0,0.12
1780611685.993,530.4,16394,0.0,0.12
1780611686.098,530.4,16394,9.5,0.12
1780611686.203,530.5,16394,9.5,0.17
1780611686.371,549.8,16394,109.1,0.43
1780611686.601,555.3,16394,103.2,14.49
1780611686.710,525.3,16394,0.0,14.49
1780611686.815,525.3,16394,18.9,14.49
1780611686.920,525.3,16394,0.0,14.49
1780611687.025,525.3,16394,9.5,14.49
1780611687.130,525.3,16394,0.0,14.49
1780611687.235,525.3,16394,0.0,14.49
1780611687.339,525.3,16394,9.5,14.49
1780611687.444,525.3,16394,0.0,14.49
1780611687.549,525.3,16394,9.5,14.49
1780611687.654,525.3,16394,0.0,14.49
1780611687.759,525.3,16394,9.5,14.49
1780611687.864,525.3,16394,0.0,14.49
1780611687.968,525.3,16394,9.5,14.49
1780611688.073,525.3,16394,0.0,14.49
1780611688.178,525.3,16394,0.0,14.49
1780611688.282,525.3,16394,9.6,14.49
1780611688.387,525.3,16394,9.6,14.49
1780611688.492,525.3,16394,0.0,14.49
1780611688.597,525.3,16394,0.0,14.49
1780611688.701,525.3,16394,9.5,14.49
1780611688.806,525.3,16394,0.0,14.49
1780611688.911,525.3,16394,9.6,14.49
1780611689.015,525.3,16394,0.0,14.49
1780611689.120,525.3,16394,9.6,14.49
1780611689.225,525.3,16394,0.0,14.49
1780611689.329,525.3,16394,9.6,14.49
1780611689.434,525.3,16394,0.0,14.49
1780611689.539,525.3,16394,9.6,14.49
1780611689.643,525.3,16394,0.0,14.49
1780611689.748,525.3,16394,0.0,14.49
1780611689.853,525.3,16394,9.6,14.49
1780611689.958,525.3,16394,0.0,14.49
1780611690.062,525.3,16394,9.6,14.49
1780611690.167,525.3,16394,9.6,14.49
1780611690.272,525.3,16394,0.0,14.49
1780611690.376,525.3,16394,0.0,14.49
1780611690.481,525.3,16394,9.6,14.49
1780611690.586,525.3,16394,0.0,14.49
1780611690.690,525.3,16394,9.6,14.49
1780611690.795,525.3,16394,0.0,14.49
1780611690.900,525.3,16394,0.0,14.49
1780611691.004,525.3,16394,19.1,14.49
1780611691.109,525.3,16394,0.0,14.49
1780611691.214,525.3,16394,0.0,14.49
1780611691.318,525.3,16394,0.0,14.49
1780611691.423,525.3,16394,9.6,14.49
1780611691.528,525.3,16394,0.0,14.49
1780611691.632,525.3,16394,9.6,14.49
1780611691.737,525.3,16394,9.6,14.49
1780611691.842,525.3,16394,0.0,14.49
1780611691.946,525.3,16394,0.0,14.49
1780611692.051,525.3,16394,0.0,14.49
1780611692.156,525.3,16394,19.1,14.49
1780611692.260,525.3,16394,0.0,14.49
1780611692.365,525.3,16394,0.0,14.49
1780611692.470,525.3,16394,9.6,14.49
1780611692.574,525.3,16394,0.0,14.49
1780611692.679,525.3,16394,9.6,14.49
1780611692.784,525.3,16394,0.0,14.49
1780611692.888,525.3,16394,0.0,14.49
1780611692.993,525.3,16394,9.6,0.15
1780611693.098,525.3,16394,9.5,0.13
1780611693.203,525.4,16394,19.0,0.13
1780611693.308,525.4,16394,9.5,0.50
1780611693.413,525.4,16394,0.0,0.50
1780611693.518,525.4,16394,9.6,0.50
1780611693.622,525.4,16394,0.0,0.50
1780611693.727,525.4,16394,9.6,0.50
1780611693.832,525.4,16394,0.0,0.50
1780611693.936,525.4,16394,9.6,0.50
1780611694.041,525.4,16394,9.6,0.50
1780611694.146,525.4,16394,0.0,0.50
1780611694.250,525.4,16394,0.0,0.50
1780611694.355,525.4,16394,9.6,0.50
1780611694.489,533.6,16394,76.0,0.51
1780611695.072,546.0,16394,100.7,11.07
1780611695.182,546.2,16394,18.2,11.07
1780611695.288,546.2,16394,0.0,11.07
1780611695.393,546.2,16394,9.5,11.07
1780611695.498,546.2,16394,9.5,11.07
1780611695.602,546.2,16394,0.0,11.07
1780611695.707,546.2,16394,0.0,11.07
1780611695.812,546.2,16394,9.6,11.07
1780611695.916,546.2,16394,0.0,11.07
1780611696.021,546.2,16394,9.6,11.07
1780611696.126,546.2,16394,9.6,11.07
1780611696.230,546.2,16394,0.0,11.07
1780611696.335,546.2,16394,0.0,11.07
1780611696.440,546.2,16394,9.6,11.07
1780611696.544,546.2,16394,0.0,11.07
1780611696.649,546.2,16394,0.0,11.07
1780611696.754,546.2,16394,9.6,11.07
1780611696.862,546.2,16394,9.2,11.07
1780611697.026,558.6,16394,104.2,45.77
1780611697.157,560.8,16394,106.6,45.77
1780611697.270,529.4,16394,88.6,45.77
1780611697.377,529.4,16394,9.3,45.77
1780611697.482,529.4,16394,0.0,45.77
1780611697.587,529.4,16394,9.6,45.77
1780611697.691,529.4,16394,0.0,45.77
1780611697.796,529.4,16394,9.6,45.77
1780611697.901,529.4,16394,0.0,45.77
1780611698.005,529.4,16394,0.0,45.77
1780611698.110,529.4,16394,9.6,45.77
1780611698.215,529.4,16394,9.6,45.77
1780611698.319,529.4,16394,0.0,45.77
1780611698.424,529.4,16394,9.6,45.77
1780611698.529,529.4,16394,0.0,45.77
1780611698.633,529.4,16394,9.6,45.77
1780611698.738,529.4,16394,0.0,45.77
1780611698.843,529.4,16394,9.6,45.77
1780611698.947,529.4,16394,0.0,45.77
1780611699.052,529.4,16394,0.0,45.77
1780611699.156,529.4,16394,9.6,45.77
1780611699.261,529.4,16394,9.6,45.77
1780611699.366,529.4,16394,0.0,45.77
1780611699.470,529.4,16394,9.6,45.77
1780611699.575,529.4,16394,0.0,45.77
1780611699.680,529.4,16394,0.0,45.77
1780611699.785,529.4,16394,0.0,45.77
1780611699.890,529.4,16394,9.5,45.77
1780611699.994,529.4,16394,0.0,45.77
1780611700.099,529.4,16394,9.6,45.77
1780611700.204,529.4,16394,9.6,45.77
1780611700.308,529.4,16394,0.0,45.77
1780611700.413,529.4,16394,9.6,45.77
1780611700.518,529.4,16394,0.0,45.77
1780611700.622,529.4,16394,0.0,45.77
1780611700.727,529.4,16394,0.0,45.77
1780611700.832,529.4,16394,9.6,45.77
1780611700.936,529.4,16394,9.6,45.77
1780611701.041,529.4,16394,0.0,45.77
1780611701.145,529.4,16394,9.6,45.77
1780611701.250,529.4,16394,9.6,45.77
1780611701.355,529.4,16394,0.0,45.77
1780611701.459,529.4,16394,0.0,45.77
1780611701.564,529.4,16394,9.6,45.77
1780611701.669,529.4,16394,0.0,34.17
1780611701.773,529.4,16394,0.0,34.17
1780611701.878,529.4,16394,9.6,34.17
1780611701.983,529.4,16394,9.6,34.17
1780611702.087,529.4,16394,0.0,34.17
1780611702.192,529.4,16394,0.0,34.17
1780611702.297,529.4,16394,9.6,34.17
1780611702.401,529.4,16394,0.0,34.17
1780611702.506,529.4,16394,9.6,34.17
1780611702.611,529.4,16394,0.0,34.17
1780611702.715,529.4,16394,0.0,34.17
1780611702.820,529.4,16394,9.6,34.17
1780611702.925,529.4,16394,9.6,34.17
1780611703.029,529.4,16394,0.0,34.17
1780611703.134,529.4,16394,9.6,34.17
1780611703.239,529.4,16394,0.0,34.17
1780611703.343,529.4,16394,0.0,34.17
1780611703.448,529.4,16394,9.6,34.17
1780611703.552,529.4,16394,9.6,10.32
1780611703.657,529.4,16394,0.0,0.62
1780611703.762,529.4,16394,0.0,0.18
1780611703.866,529.4,16394,9.6,0.12
1780611703.971,529.4,16394,9.6,0.12
1780611704.076,529.4,16394,0.0,0.12
1780611704.180,529.4,16394,0.0,0.12
1780611704.285,529.4,16394,0.0,0.12
1780611704.390,529.4,16394,9.6,0.18
1780611704.494,529.4,16394,9.6,0.18
1780611704.599,529.4,16394,0.0,0.18
1780611704.704,529.4,16394,9.6,0.18
1780611704.808,529.4,16394,0.0,0.18
1780611704.940,529.4,16394,60.7,0.20
1780611705.046,529.4,16394,0.0,0.50
1780611705.151,529.4,16394,0.0,0.50
1780611705.256,529.4,16394,0.0,0.50
1780611705.360,529.4,16394,9.6,0.50
1780611705.465,529.4,16394,9.6,0.50
1780611705.570,529.4,16394,0.0,0.50
1780611705.674,529.4,16394,9.6,0.50
1780611705.779,529.4,16394,0.0,0.51
1780611705.884,529.4,16394,9.6,0.51
1780611705.988,529.4,16394,0.0,0.51
1780611706.093,529.4,16394,0.0,0.51
1780611706.198,529.4,16394,9.6,0.51
1780611706.302,529.4,16394,0.0,0.51
1780611706.407,529.4,16394,9.6,0.51
1780611706.511,529.4,16394,9.6,0.51
1780611706.616,529.4,16394,0.0,0.51
1780611706.721,529.4,16394,9.6,0.51
1780611706.825,529.4,16394,0.0,0.51
1780611706.930,529.4,16394,0.0,0.51
1780611707.035,529.4,16394,0.0,0.51
1780611707.139,529.4,16394,9.6,0.51
1780611707.244,529.4,16394,9.6,0.51
1780611707.349,529.4,16394,0.0,0.51
1780611707.453,529.4,16394,0.0,0.51
1780611707.558,529.4,16394,9.6,0.51
1780611707.663,529.4,16394,0.0,0.51
1780611707.767,529.4,16394,9.6,0.51
1780611707.872,529.4,16394,0.0,0.51
1780611707.977,529.4,16394,0.0,0.51
1780611708.081,529.4,16394,9.6,0.51
1780611708.188,529.4,16394,9.4,0.51
1780611708.293,529.4,16394,0.0,0.51
1780611708.397,529.4,16394,9.6,0.51
1780611708.502,529.4,16394,9.6,0.51
1780611708.607,529.4,16394,0.0,0.51
1780611708.711,529.4,16394,0.0,0.51
1780611708.816,529.4,16394,9.6,0.51
1780611708.921,529.4,16394,0.0,0.51
1780611709.025,529.4,16394,0.0,0.51
1780611709.130,529.4,16394,9.6,0.51
1780611709.235,529.4,16394,9.6,0.51
1780611709.339,529.4,16394,0.0,0.51
1780611709.444,529.4,16394,0.0,0.51
1780611709.549,529.4,16394,9.6,0.51
1780611709.653,529.4,16394,0.0,0.51
1780611709.758,529.4,16394,9.6,0.51
1780611709.863,529.4,16394,0.0,0.51
1780611709.967,529.4,16394,9.6,0.51
1780611710.072,529.4,16394,9.6,0.51
1780611710.177,529.4,16394,0.0,0.51
1780611710.281,529.4,16394,0.0,0.51
1780611710.386,529.4,16394,9.6,0.51
1780611710.491,529.4,16394,0.0,0.51
1780611710.595,529.4,16394,9.6,0.51
1780611710.700,529.4,16394,0.0,0.51
1780611710.805,529.4,16394,9.6,0.51
1780611710.909,529.4,16394,0.0,0.51
1780611711.014,529.4,16394,0.0,0.51
1780611711.119,529.4,16394,9.5,0.51
1780611711.223,529.4,16394,9.6,0.51
1780611711.328,529.4,16394,0.0,0.50
1780611711.433,529.4,16394,0.0,0.13
1780611711.538,529.4,16394,19.0,0.51
1780611711.643,529.4,16394,9.5,0.52
1780611711.747,529.4,16394,0.0,0.52
1780611711.852,529.4,16394,9.6,0.52
1780611711.957,529.4,16394,0.0,0.52
1780611712.061,529.4,16394,9.6,0.52
1780611712.166,529.4,16394,0.0,0.52
1780611712.271,529.4,16394,0.0,0.52
1780611712.375,529.4,16394,9.6,0.52
1780611712.480,529.4,16394,9.6,0.52
1780611712.584,529.4,16394,0.0,0.52
1780611712.689,529.4,16394,0.0,0.52
1780611712.794,529.4,16394,9.6,0.52
1780611712.898,529.4,16394,0.0,0.52
1780611713.003,529.4,16394,9.6,0.52
1780611713.108,529.4,16394,0.0,0.52
1780611713.212,529.4,16394,0.0,0.52
1780611713.317,529.4,16394,9.6,0.52
1780611713.422,529.4,16394,0.0,0.52
1780611713.526,529.4,16394,9.6,0.52
1780611713.631,529.4,16394,0.0,0.52
1780611713.736,529.4,16394,9.6,0.52
1780611713.840,529.4,16394,9.6,0.52
1780611713.945,529.4,16394,0.0,0.52
1780611714.049,529.4,16394,0.0,0.52
1780611714.154,529.4,16394,9.6,0.52
1780611714.259,529.4,16394,0.0,0.52
1780611714.363,529.4,16394,9.6,0.52
1780611714.468,529.4,16394,0.0,0.52
1780611714.573,529.4,16394,0.0,0.52
1780611714.677,529.4,16394,9.6,0.52
1780611714.782,529.4,16394,0.0,0.52
1780611714.887,529.4,16394,19.1,0.52
1780611714.991,529.4,16394,0.0,0.52
1780611715.096,529.4,16394,0.0,0.52
1780611715.260,542.4,16394,99.5,2.85
1780611715.369,544.4,16394,62.6,6.06
1780611715.476,544.4,16394,9.3,6.06
1780611715.581,544.4,16394,0.0,6.06
1780611715.686,544.4,16394,0.0,6.06
1780611715.790,544.5,16394,9.6,6.06
1780611715.895,544.5,16394,0.0,6.06
1780611716.000,544.5,16394,0.0,6.06
1780611716.104,544.5,16394,9.6,6.06
1780611716.209,544.5,16394,9.6,6.06
1780611716.314,544.5,16394,9.6,6.06
1780611716.418,544.5,16394,0.0,6.06
1780611716.523,544.5,16394,0.0,6.06
1780611716.627,544.5,16394,0.0,6.06
1780611716.732,544.5,16394,9.6,6.06
1780611716.837,544.5,16394,0.0,6.06
1780611716.941,544.5,16394,9.6,6.06
1780611717.046,544.5,16394,0.0,6.06
1780611717.151,544.5,16394,9.6,6.06
1780611717.255,544.5,16394,9.6,6.06
1780611717.360,544.5,16394,0.0,6.06
1780611717.465,544.5,16394,0.0,6.06
1780611717.569,544.5,16394,9.6,6.06
1780611717.674,544.5,16394,0.0,6.06
1780611717.778,544.5,16394,9.6,6.06
1780611717.883,544.5,16394,0.0,6.06
1780611717.988,544.5,16394,9.6,6.06
1780611718.092,544.5,16394,0.0,6.06
1780611718.197,544.5,16394,0.0,6.06
1780611718.302,544.5,16394,9.6,6.06
1780611718.406,544.5,16394,0.0,6.06
1780611718.511,544.5,16394,9.6,6.06
1780611718.616,544.5,16394,0.0,6.06
1780611718.720,544.5,16394,0.0,6.06
1780611718.825,544.5,16394,9.6,6.06
1780611718.930,544.5,16394,9.5,6.06
1780611719.034,544.5,16394,0.0,6.06
1780611719.139,544.5,16394,9.6,6.06
1780611719.244,544.5,16394,0.0,6.06
1780611719.348,544.5,16394,0.0,6.06
1780611719.453,544.5,16394,9.6,6.06
1780611719.558,544.5,16394,9.6,6.06
1780611719.662,544.5,16394,0.0,6.06
1780611719.767,544.5,16394,9.6,6.06
1780611719.872,544.5,16394,0.0,6.06
1780611719.976,544.5,16394,0.0,6.06
1780611720.086,544.5,16394,9.1,6.06
1780611720.195,544.5,16394,9.2,6.06
1780611720.301,544.5,16394,9.5,6.06
1780611720.405,544.5,16394,0.0,6.06
1780611720.510,544.5,16394,9.6,6.06
1780611720.626,544.5,16394,17.3,6.06
1780611720.731,544.5,16394,0.0,6.06
1780611720.835,544.5,16394,9.6,6.06
1780611720.940,544.5,16394,0.0,6.06
1780611721.045,544.5,16394,0.0,6.06
1780611721.149,544.5,16394,9.6,6.06
1780611721.254,544.5,16394,0.0,6.06
1780611721.359,544.5,16394,9.6,6.06
1780611721.463,544.5,16394,0.0,6.06
1780611721.568,544.5,16394,9.6,6.06
1780611721.673,544.5,16394,0.0,0.92
1780611721.777,544.5,16394,0.0,0.55
1780611721.882,544.5,16394,9.6,0.55
1780611721.987,544.5,16394,0.0,0.55
1780611722.091,544.5,16394,9.6,0.20
1780611722.196,544.5,16394,0.0,0.20
1780611722.301,544.5,16394,9.6,0.19
1780611722.405,544.5,16394,9.6,0.19
1780611722.510,544.5,16394,0.0,0.19
1780611722.614,544.5,16394,0.0,0.19
1780611722.719,544.5,16394,9.6,0.19
1780611722.824,544.5,16394,0.0,0.19
1780611722.929,544.5,16394,9.6,0.19
1780611723.033,544.5,16394,9.6,0.19
1780611723.138,544.5,16394,0.0,0.19
1780611723.243,544.5,16394,0.0,0.19
1780611723.347,544.5,16394,9.6,0.19
1780611723.452,544.5,16394,0.0,0.19
1780611723.556,544.5,16394,9.6,0.19
1780611723.661,544.5,16394,0.0,0.19
1780611723.766,544.5,16394,9.6,0.19
1780611723.870,544.5,16394,0.0,0.19
1780611723.975,544.5,16394,9.6,0.19
1780611724.080,544.5,16394,0.0,0.19
1780611724.184,544.5,16394,0.0,0.19
1780611724.289,544.5,16394,0.0,0.19
1780611724.394,544.5,16394,9.6,0.19
1780611724.498,544.5,16394,0.0,0.19
1780611724.603,544.5,16394,9.6,0.19
1780611724.738,544.9,16394,74.2,0.19
1780611724.845,547.0,16394,64.9,0.20
1780611724.952,547.0,16394,9.4,0.20
1780611725.057,547.0,16394,0.0,0.20
1780611725.162,547.0,16394,9.5,0.20
1780611725.266,547.0,16394,0.0,0.20
1780611725.371,547.0,16394,0.0,0.20
1780611725.476,547.0,16394,0.0,0.20
1780611725.581,547.0,16394,9.6,0.20
1780611725.685,547.0,16394,0.0,0.20
1780611725.790,547.0,16394,19.1,0.20
1780611725.895,547.0,16394,0.0,0.52
1780611725.999,547.0,16394,0.0,0.52
1780611726.104,547.0,16394,0.0,0.52
1780611726.208,547.0,16394,9.6,0.52
1780611726.313,547.0,16394,9.6,0.52
1780611726.418,547.0,16394,0.0,0.52
1780611726.522,547.0,16394,0.0,0.52
1780611726.627,547.0,16394,9.6,0.52
1780611726.732,547.0,16394,0.0,1.86
1780611726.837,547.1,16394,19.1,1.86
1780611726.942,547.1,16394,0.0,1.86
1780611727.046,547.1,16394,9.6,1.86
1780611727.151,547.1,16394,9.6,1.86
1780611727.256,547.1,16394,0.0,1.86
1780611727.360,547.1,16394,0.0,1.86
1780611727.465,547.4,16394,19.1,1.86
1780611727.596,548.4,16394,94.5,7.99
1780611727.771,582.1,16394,102.2,7.99
1780611727.880,553.1,16394,62.3,26.63
1780611727.989,553.1,16394,9.2,26.63
1780611728.094,553.1,16394,9.5,26.63
1780611728.214,553.2,16394,75.0,26.63
1780611728.367,601.8,16394,113.3,26.63
1780611728.541,603.8,16394,103.6,26.63
1780611728.650,538.0,16394,44.5,130.57
1780611728.758,538.0,16394,0.0,130.57
1780611728.864,538.0,16394,9.5,130.57
1780611728.968,538.0,16394,9.5,130.57
1780611729.073,538.0,16394,0.0,130.57
1780611729.178,538.0,16394,9.5,130.57
1780611729.282,538.0,16394,9.5,130.57
1780611729.387,538.0,16394,0.0,130.57
1780611729.492,538.0,16394,0.0,130.57
1780611729.596,538.0,16394,0.0,130.57
1780611729.701,538.0,16394,9.6,130.57
1780611729.806,538.0,16394,9.6,130.57
1780611729.910,538.0,16394,0.0,130.57
1780611730.015,538.0,16394,9.6,130.57
1780611730.120,538.0,16394,0.0,130.57
1780611730.224,538.0,16394,0.0,130.57
1780611730.329,538.0,16394,0.0,130.57
1780611730.434,538.0,16394,9.6,130.57
1780611730.538,538.0,16394,9.6,130.57
1780611730.643,538.0,16394,9.6,130.57
1780611730.748,538.0,16394,0.0,130.57
1780611730.852,538.0,16394,0.0,130.57
1780611730.957,538.0,16394,9.6,130.57
1780611731.062,538.0,16394,0.0,130.57
1780611731.166,538.0,16394,0.0,130.57
1780611731.271,538.0,16394,9.6,130.57
1780611731.384,538.0,16394,35.5,130.57
1780611731.489,538.0,16394,9.5,130.57
1780611731.593,538.0,16394,0.0,130.57
1780611731.698,538.0,16394,0.0,130.57
1780611731.803,538.0,16394,9.6,130.57
1780611731.907,538.0,16394,0.0,130.57
1780611732.012,538.0,16394,9.6,130.57
1780611732.117,538.0,16394,0.0,130.57
1780611732.221,538.0,16394,0.0,130.57
1780611732.326,538.0,16394,9.6,130.57
1780611732.430,538.0,16394,9.6,130.57
1780611732.535,538.0,16394,0.0,130.57
1780611732.640,538.0,16394,0.0,130.57
1780611732.744,538.0,16394,9.6,130.57
1780611732.849,538.0,16394,0.0,130.57
1780611732.954,538.0,16394,9.5,130.57
1780611733.059,538.0,16394,0.0,130.57
1780611733.164,538.0,16394,0.0,130.57
1780611733.269,538.0,16394,9.6,130.57
1780611733.429,552.7,16394,101.5,130.57
1780611733.538,525.8,16394,71.6,130.57
1780611733.645,525.8,16394,9.3,130.57
1780611733.750,525.8,16394,0.0,130.57
1780611733.855,525.8,16394,9.5,130.57
1780611733.960,525.8,16394,0.0,130.57
1780611734.065,525.8,16394,0.0,130.57
1780611734.169,531.6,16394,19.1,130.57
1780611734.274,531.6,16394,0.0,130.57
1780611734.379,531.6,16394,0.0,130.57
1780611734.484,531.6,16394,9.5,12.22
1780611734.588,531.6,16394,0.0,12.22
1780611734.694,531.6,16394,9.5,12.22
1780611734.798,531.6,16394,19.1,12.22
1780611734.903,531.6,16394,0.0,12.22
1780611735.008,531.6,16394,9.6,3.84
1780611735.143,531.7,16394,37.1,3.84
1780611735.248,531.8,16394,9.5,3.84
1780611735.352,531.8,16394,0.0,3.84
1780611735.457,531.8,16394,9.6,3.84
1780611735.562,531.8,16394,0.0,3.84
1780611735.705,547.2,16394,107.0,4.96
1780611735.887,580.8,16394,104.1,23.24
1780611735.997,545.6,16394,53.3,46.38
1780611736.105,545.6,16394,9.2,46.38
1780611736.245,545.6,16394,36.6,46.38
1780611736.419,555.8,16394,103.4,46.38
1780611736.529,532.1,16394,53.3,46.38
1780611736.636,532.1,16394,9.3,46.38
1780611736.741,532.1,16394,9.5,46.38
1780611736.846,532.1,16394,0.0,46.38
1780611736.951,532.1,16394,0.0,46.38
1780611737.056,532.1,16394,0.0,46.38
1780611737.160,532.1,16394,9.6,46.38
1780611737.265,532.1,16394,9.6,46.38
1780611737.370,532.1,16394,0.0,46.38
1780611737.475,532.1,16394,38.1,46.38
1780611737.579,532.1,16394,0.0,46.38
1780611737.684,532.1,16394,9.6,46.38
1780611737.789,532.1,16394,0.0,46.38
1780611737.893,532.1,16394,9.6,46.38
1780611737.998,532.1,16394,0.0,46.38
1780611738.103,532.1,16394,9.6,46.38
1780611738.207,532.1,16394,0.0,46.38
1780611738.312,532.1,16394,0.0,46.38
1780611738.417,532.1,16394,9.6,46.38
1780611738.521,532.1,16394,0.0,46.38
1780611738.626,532.1,16394,9.6,46.38
1780611738.731,532.1,16394,9.6,46.38
1780611738.835,532.1,16394,0.0,46.38
1780611738.940,532.1,16394,9.6,46.38
1780611739.045,532.1,16394,0.0,46.38
1780611739.149,532.1,16394,0.0,46.38
1780611739.254,532.1,16394,9.6,46.38
1780611739.359,532.1,16394,0.0,46.38
1780611739.463,532.1,16394,0.0,46.38
1780611739.568,532.1,16394,9.6,46.38
1780611739.672,532.1,16394,9.6,46.38
1780611739.777,532.1,16394,0.0,46.38
1780611739.882,532.1,16394,0.0,46.38
1780611739.986,532.1,16394,0.0,46.38
1780611740.091,532.1,16394,19.1,46.38
1780611740.196,532.1,16394,0.0,46.38
1780611740.300,532.1,16394,0.0,46.38
1780611740.405,532.1,16394,9.6,46.38
1780611740.510,532.1,16394,0.0,46.38
1780611740.614,532.1,16394,0.0,46.38
1780611740.721,532.1,16394,18.8,46.38
1780611740.828,537.1,16394,102.7,46.38
1780611740.934,537.1,16394,0.0,46.38
1780611741.040,537.1,16394,19.0,46.38
1780611741.144,537.1,16394,0.0,46.38
1780611741.250,537.1,16394,47.4,46.38
1780611741.355,537.1,16394,9.5,46.38
1780611741.460,537.1,16394,47.4,46.38
1780611741.566,537.1,16394,0.0,46.38
1780611741.670,537.1,16394,19.1,46.38
1780611741.775,537.1,16394,0.0,46.38
1780611741.880,537.1,16394,0.0,46.38
1780611741.985,537.1,16394,9.6,46.38
1780611742.089,537.1,16394,0.0,46.38
1780611742.194,537.1,16394,9.6,46.38
1780611742.349,538.0,16394,64.5,35.75
1780611742.456,538.2,16394,37.3,23.22
1780611742.561,538.2,16394,0.0,23.22
1780611742.666,538.2,16394,0.0,23.22
1780611742.771,538.2,16394,9.6,17.57
1780611742.876,538.2,16394,9.6,12.71
1780611742.990,538.2,16394,17.4,12.71
1780611743.095,538.2,16394,9.5,12.71
1780611743.200,538.2,16394,0.0,12.71
1780611743.305,538.2,16394,0.0,12.71
1780611743.409,538.2,16394,9.6,12.71
1780611743.514,538.2,16394,9.6,12.71
1780611743.618,538.2,16394,0.0,12.71
1780611743.723,538.2,16394,0.0,12.71
1780611743.828,538.2,16394,9.6,12.71
1780611743.932,538.2,16394,0.0,12.71
1780611744.037,538.2,16394,9.6,12.71
1780611744.142,538.2,16394,0.0,12.71
1780611744.246,538.2,16394,9.6,12.71
1780611744.351,538.2,16394,0.0,12.71
1780611744.456,538.2,16394,9.6,12.71
1780611744.560,538.2,16394,0.0,12.71
1780611744.665,538.2,16394,0.0,12.71
1780611744.770,538.2,16394,9.6,12.71
1780611744.874,538.2,16394,0.0,12.71
1780611744.979,538.2,16394,9.6,12.71
1780611745.084,538.2,16394,9.6,12.71
1780611745.188,538.2,16394,0.0,12.71
1780611745.293,538.2,16394,0.0,12.71
1780611745.398,538.2,16394,0.0,12.71
1780611745.502,538.2,16394,9.6,12.71
1780611745.607,538.2,16394,0.0,12.71
1780611745.712,538.2,16394,9.6,12.71
1780611745.817,538.2,16394,9.6,12.71
1780611745.921,538.2,16394,0.0,12.71
1780611746.026,538.2,16394,9.5,12.71
1780611746.131,538.2,16394,0.0,12.71
1780611746.236,538.2,16394,19.1,12.71
1780611746.340,538.2,16394,0.0,12.71
1780611746.445,538.2,16394,9.6,12.71
1780611746.550,538.2,16394,9.6,12.71
1780611746.656,538.2,16394,28.3,12.71
1780611746.761,538.2,16394,0.0,12.71
1780611746.865,538.2,16394,19.1,12.71
1780611746.970,538.2,16394,0.0,12.71
1780611747.075,538.2,16394,0.0,12.71
1780611747.179,538.2,16394,9.6,12.71
1780611747.284,538.2,16394,0.0,12.49
1780611747.389,538.2,16394,0.0,12.49
1780611747.493,538.2,16394,9.6,12.49
1780611747.598,538.2,16394,0.0,12.49
1780611747.745,541.3,16394,83.0,12.49
1780611747.854,541.8,16394,80.9,12.49
1780611747.961,541.8,16394,9.3,12.49
1780611748.066,541.8,16394,0.0,12.49
1780611748.171,541.8,16394,9.5,12.49
1780611748.280,541.8,16394,9.2,12.49
1780611748.440,547.4,16394,108.1,12.49
1780611748.549,547.6,16394,53.7,12.49
1780611748.656,547.6,16394,9.3,12.49
1780611748.761,547.6,16394,0.0,12.49
1780611748.866,547.6,16394,9.6,8.69
1780611748.970,547.6,16394,9.6,8.69
1780611749.075,547.6,16394,0.0,8.69
1780611749.180,547.6,16394,0.0,8.69
1780611749.284,547.6,16394,9.6,8.69
1780611749.389,547.6,16394,0.0,8.69
1780611749.494,547.6,16394,0.0,8.69
1780611749.598,547.6,16394,9.5,8.69
1780611749.703,547.6,16394,9.6,8.69
1780611749.808,547.6,16394,0.0,8.69
1780611749.912,547.6,16394,0.0,8.69
1780611750.017,547.6,16394,0.0,8.69
1780611750.122,547.6,16394,19.1,8.69
1780611750.271,548.5,16394,68.5,8.69
1780611750.378,548.5,16394,45.4,8.69
1780611750.484,548.5,16394,0.0,8.69
1780611750.589,548.5,16394,9.5,8.69
1780611750.693,548.5,16394,0.0,8.69
1780611750.798,548.5,16394,9.6,8.69
1780611750.903,548.5,16394,0.0,8.69
1780611751.007,548.5,16394,9.6,8.69
1780611751.128,548.5,16394,24.9,8.69
1780611751.233,548.5,16394,0.0,8.69
1780611751.338,548.5,16394,9.6,8.69
1780611751.442,548.5,16394,0.0,8.69
1780611751.547,548.5,16394,9.6,8.69
1780611751.651,548.5,16394,0.0,8.69
1780611751.756,548.5,16394,9.6,8.69
1780611751.861,548.5,16394,0.0,8.69
1780611751.966,548.5,16394,9.5,8.69
1780611752.070,548.5,16394,0.0,8.69
1780611752.175,548.5,16394,0.0,8.69
1780611752.280,548.5,16394,9.6,8.69
1780611752.384,548.5,16394,0.0,8.69
1780611752.489,548.5,16394,9.6,8.69
1780611752.594,548.5,16394,9.6,8.69
1780611752.698,548.5,16394,0.0,8.69
1780611752.803,548.5,16394,0.0,8.69
1780611752.907,548.5,16394,9.6,8.69
1780611753.012,548.5,16394,0.0,8.69
1780611753.117,548.5,16394,9.6,7.52
1780611753.221,548.5,16394,0.0,7.52
1780611753.326,548.5,16394,9.6,7.52
1780611753.431,548.5,16394,0.0,7.52
1780611753.535,548.5,16394,0.0,7.52
1780611753.640,548.5,16394,9.6,7.52
1780611753.745,548.5,16394,0.0,7.52
1780611753.849,548.5,16394,9.6,7.52
1780611753.954,548.5,16394,9.6,7.52
1780611754.058,548.5,16394,0.0,7.52
1780611754.163,548.5,16394,0.0,7.52
1780611754.268,548.5,16394,0.0,7.52
1780611754.372,548.5,16394,9.6,7.52
1780611754.477,548.5,16394,0.0,7.52
1780611754.582,548.5,16394,9.6,7.52
1780611754.686,548.5,16394,9.6,7.52
1780611754.791,548.5,16394,0.0,7.52
1780611754.896,548.5,16394,0.0,3.64
1780611755.000,548.5,16394,9.6,3.56
1780611755.105,548.5,16394,0.0,3.56
1780611755.210,548.5,16394,9.6,3.56
1780611755.314,548.5,16394,0.0,3.56
1780611755.419,548.5,16394,0.0,3.56
1780611755.524,548.5,16394,9.6,3.56
1780611755.628,548.5,16394,9.6,3.56
1780611755.733,548.5,16394,0.0,3.56
1780611755.838,548.5,16394,9.6,3.56
1780611755.942,548.5,16394,0.0,3.56
1780611756.047,548.5,16394,0.0,3.56
1780611756.152,548.5,16394,9.6,3.56
1780611756.256,548.5,16394,0.0,3.56
1780611756.361,548.5,16394,9.6,3.56
1780611756.466,548.5,16394,0.0,3.56
1780611756.570,548.5,16394,9.6,3.56
1780611756.675,548.5,16394,9.6,1.11
1780611756.780,548.5,16394,0.0,1.08
1780611756.884,548.5,16394,0.0,0.98
1780611756.989,548.5,16394,0.0,0.98
1780611757.094,548.5,16394,9.6,0.98
1780611757.198,548.5,16394,0.0,0.98
1780611757.303,548.5,16394,9.6,0.98
1780611757.408,548.5,16394,0.0,0.98
1780611757.512,548.5,16394,9.6,0.78
1780611757.617,548.5,16394,0.0,0.17
1780611757.722,548.5,16394,0.0,0.17
1780611757.832,548.5,16394,27.2,0.17
1780611758.010,549.6,16394,109.0,0.78
1780611758.118,549.6,16394,17.9,0.78
1780611758.224,549.6,16394,0.0,0.78
1780611758.329,549.6,16394,9.5,0.78
1780611758.434,549.6,16394,0.0,0.78
1780611758.539,549.6,16394,9.6,0.78
1780611758.643,549.6,16394,19.1,0.78
1780611758.748,549.6,16394,0.0,1.49
1780611758.853,549.6,16394,9.6,1.49
1780611758.959,549.6,16394,75.2,7.91
1780611759.065,549.6,16394,0.0,7.91
1780611759.170,549.6,16394,0.0,7.91
1780611759.275,549.6,16394,9.6,7.91
1780611759.379,549.6,16394,9.6,7.91
1780611759.484,549.6,16394,9.6,7.91
1780611759.589,549.6,16394,0.0,7.91
1780611759.693,549.6,16394,0.0,7.91
1780611759.798,549.6,16394,0.0,7.91
1780611759.903,549.6,16394,9.6,7.91
1780611760.007,549.6,16394,0.0,7.91
1780611760.112,549.6,16394,9.6,7.91
1780611760.217,549.6,16394,9.6,7.91
1780611760.321,549.6,16394,0.0,7.91
1780611760.426,549.6,16394,0.0,7.91
1780611760.531,549.6,16394,9.6,7.91
1780611760.635,549.6,16394,0.0,7.91
1780611760.740,549.6,16394,9.6,7.91
1780611760.852,549.6,16394,17.9,7.91
1780611760.958,549.6,16394,47.2,7.91
1780611761.063,549.6,16394,9.5,7.91
1780611761.168,549.6,16394,0.0,7.91
1780611761.272,549.6,16394,0.0,7.91
1780611761.377,549.6,16394,0.0,7.91
1780611761.482,549.6,16394,9.6,7.91
1780611761.586,549.6,16394,9.6,7.91
1780611761.691,549.6,16394,0.0,7.91
1780611761.796,549.6,16394,0.0,7.91
1780611761.900,549.6,16394,19.1,7.91
1780611762.005,549.6,16394,0.0,7.91
1780611762.110,549.6,16394,0.0,7.91
1780611762.214,549.6,16394,9.6,7.91
1780611762.319,549.6,16394,9.5,7.91
1780611762.478,549.8,16394,96.3,14.93
1780611762.605,549.8,16394,38.5,14.93
1780611762.784,566.8,16394,108.0,28.18
1780611762.905,533.1,16394,48.4,28.18
1780611763.013,533.1,16394,9.3,28.18
1780611763.118,533.1,16394,9.5,28.18
1780611763.223,533.1,16394,28.6,28.18
1780611763.328,533.1,16394,0.0,28.18
1780611763.433,533.1,16394,0.0,28.18
1780611763.537,533.1,16394,9.6,28.18
1780611763.642,533.1,16394,9.5,28.18
1780611763.747,533.1,16394,0.0,28.18
1780611763.852,533.1,16394,9.6,28.18
1780611763.960,533.1,16394,0.0,28.18
1780611764.064,533.1,16394,19.1,28.18
1780611764.169,533.1,16394,0.0,28.18
1780611764.274,533.1,16394,9.6,28.18
1780611764.378,533.1,16394,0.0,28.18
1780611764.483,533.1,16394,9.6,28.18
1780611764.588,533.1,16394,0.0,28.18
1780611764.692,533.1,16394,9.6,28.18
1780611764.797,533.1,16394,0.0,28.18
1780611764.902,533.1,16394,9.6,28.18
1780611765.006,533.1,16394,0.0,28.18
1780611765.145,539.7,16394,86.5,28.18
1780611765.252,539.7,16394,18.7,28.18
1780611765.358,539.7,16394,9.5,28.18
1780611765.462,539.7,16394,0.0,28.18
1780611765.567,539.7,16394,9.6,28.18
1780611765.672,539.7,16394,0.0,28.18
1780611765.776,539.7,16394,9.6,28.18
1780611765.881,539.7,16394,0.0,28.18
1780611765.986,539.7,16394,9.6,28.18
1780611766.090,539.7,16394,0.0,28.18
1780611766.195,539.7,16394,9.6,28.18
1780611766.299,539.7,16394,9.6,28.18
1780611766.404,539.7,16394,0.0,28.18
1780611766.509,539.7,16394,0.0,28.18
1780611766.613,539.7,16394,9.6,28.18
1780611766.718,539.7,16394,0.0,28.18
1780611766.823,539.7,16394,9.6,28.18
1780611766.927,539.7,16394,0.0,28.18
1780611767.032,539.7,16394,0.0,28.18
1780611767.137,539.7,16394,9.6,28.18
1780611767.241,539.7,16394,9.5,28.18
1780611767.346,539.7,16394,0.0,28.18
1780611767.451,539.7,16394,19.1,28.18
1780611767.555,539.7,16394,0.0,28.18
1780611767.660,539.7,16394,0.0,28.18
1780611767.765,539.7,16394,9.6,28.18
1780611767.869,539.7,16394,0.0,28.18
1780611767.974,539.7,16394,9.6,28.18
1780611768.079,539.7,16394,0.0,28.18
1780611768.183,539.7,16394,9.6,28.18
1780611768.288,539.7,16394,0.0,28.18
1780611768.392,539.7,16394,0.0,28.18
1780611768.497,539.7,16394,9.6,28.18
1780611768.602,539.7,16394,9.6,28.18
1780611768.706,539.7,16394,0.0,28.18
1780611768.811,539.7,16394,0.0,28.18
1780611768.916,539.7,16394,9.6,28.18
1780611769.020,539.7,16394,9.6,22.00
1780611769.125,539.7,16394,0.0,22.00
1780611769.230,539.7,16394,0.0,11.86
1780611769.334,539.7,16394,9.6,1.48
1780611769.439,539.7,16394,0.0,1.48
1780611769.544,539.7,16394,9.6,1.48
1780611769.648,539.7,16394,0.0,1.48
1780611769.753,539.7,16394,0.0,1.48
1780611769.858,539.7,16394,9.6,1.48
1780611769.962,539.7,16394,0.0,1.48
1780611770.067,539.7,16394,9.6,1.48
1780611770.171,539.7,16394,9.6,1.48
1780611770.276,539.7,16394,0.0,1.48
1780611770.381,539.7,16394,9.6,1.48
1780611770.486,539.7,16394,19.0,1.48
1780611770.591,539.7,16394,9.5,1.48
1780611770.696,539.7,16394,9.5,1.48
1780611770.801,539.7,16394,0.0,1.48
1780611770.906,539.7,16394,37.9,11.86
1780611771.011,539.7,16394,9.5,11.86
1780611771.116,539.7,16394,0.0,11.86
1780611771.221,539.7,16394,9.6,11.86
1780611771.325,539.7,16394,9.6,11.86
1780611771.430,539.7,16394,0.0,11.86
1780611771.535,539.7,16394,0.0,11.86
1780611771.639,539.7,16394,9.6,1.25
1780611771.744,539.7,16394,9.6,1.25
1780611771.849,539.7,16394,0.0,1.25
1780611771.953,539.7,16394,9.6,1.25
1780611772.058,539.8,16394,19.1,1.25
1780611772.163,539.8,16394,9.5,1.25
1780611772.268,539.8,16394,0.0,1.25
1780611772.372,539.8,16394,0.0,1.25
1780611772.477,539.8,16394,0.0,1.25
1780611772.582,539.8,16394,9.6,1.25
1780611772.688,539.8,16394,28.1,1.25
1780611772.793,539.8,16394,9.5,1.25
1780611772.898,539.8,16394,0.0,1.25
1780611773.003,539.8,16394,9.6,1.25
1780611773.107,539.8,16394,0.0,1.25
1780611773.212,539.8,16394,0.0,1.25
1780611773.317,539.8,16394,0.0,1.25
1780611773.421,539.8,16394,9.6,1.25
1780611773.526,539.8,16394,9.6,1.25
1780611773.630,539.8,16394,0.0,1.25
1780611773.735,539.8,16394,0.0,0.98
1780611773.840,539.8,16394,47.5,0.98
1780611773.945,539.8,16394,0.0,1.90
1780611774.050,539.8,16394,0.0,1.90
1780611774.155,539.8,16394,47.5,1.90
1780611774.261,539.8,16394,9.5,1.90
1780611774.365,539.8,16394,0.0,1.90
1780611774.470,539.8,16394,9.6,1.90
1780611774.575,539.8,16394,0.0,1.90
1780611774.681,539.8,16394,47.0,1.90
1780611774.786,539.8,16394,9.5,1.90
1780611774.891,539.8,16394,9.5,1.90
1780611774.996,539.8,16394,9.5,1.90
1780611775.101,539.8,16394,19.1,1.90
1780611775.205,539.8,16394,0.0,1.90
1780611775.310,539.8,16394,0.0,1.90
1780611775.415,539.8,16394,9.6,1.90
1780611775.519,539.8,16394,0.0,1.90
1780611775.624,539.8,16394,9.6,1.90
1780611775.729,539.8,16394,0.0,1.90
1780611775.833,539.8,16394,0.0,1.90
1780611775.938,539.8,16394,9.6,1.90
1780611776.043,539.8,16394,9.6,1.90
1780611776.147,539.8,16394,0.0,1.90
1780611776.252,539.8,16394,0.0,1.90
1780611776.357,539.8,16394,9.6,1.90
1780611776.508,539.9,16394,52.9,5.53
1780611776.614,539.9,16394,0.0,5.53
1780611776.719,539.9,16394,9.5,5.53
1780611776.823,539.9,16394,0.0,5.53
1780611776.928,539.9,16394,9.6,5.53
1780611777.033,539.9,16394,0.0,5.53
1780611777.137,539.9,16394,9.6,5.53
1780611777.242,539.9,16394,0.0,5.53
1780611777.347,539.9,16394,9.6,1.90
1780611777.451,539.9,16394,0.0,1.90
1780611777.556,539.9,16394,9.6,1.90
1780611777.661,539.9,16394,9.6,1.90
1780611777.765,539.9,16394,0.0,1.90
1780611777.870,539.9,16394,0.0,1.90
1780611777.974,539.9,16394,0.0,1.90
1780611778.079,539.9,16394,9.6,1.90
1780611778.184,539.9,16394,9.6,1.90
1780611778.288,539.9,16394,9.6,1.90
1780611778.393,539.9,16394,0.0,1.90
1780611778.498,539.9,16394,0.0,1.90
1780611778.602,539.9,16394,0.0,1.90
1780611778.707,539.9,16394,9.6,1.90
1780611778.812,539.9,16394,47.4,5.53
1780611778.918,539.9,16394,0.0,5.53
1780611779.022,539.9,16394,0.0,5.53
1780611779.127,539.9,16394,0.0,5.53
1780611779.232,539.9,16394,19.1,5.53
1780611779.336,539.9,16394,0.0,5.53
1780611779.441,539.9,16394,9.6,5.53
1780611779.546,539.9,16394,0.0,5.53
1780611779.650,539.9,16394,0.0,5.53
1780611779.755,539.9,16394,0.0,5.53
1780611779.860,539.9,16394,9.6,5.53
1780611779.964,539.9,16394,9.6,5.53
1780611780.069,539.9,16394,0.0,5.53
1780611780.174,539.9,16394,9.6,5.53
1780611780.278,539.9,16394,0.0,5.53
1780611780.383,539.9,16394,0.0,5.53
1780611780.488,539.9,16394,9.6,5.53
1780611780.592,539.9,16394,0.0,5.53
1780611780.697,539.9,16394,9.6,5.53
1780611780.802,539.9,16394,0.0,5.53
1780611780.906,539.9,16394,9.6,5.53
1780611781.011,539.9,16394,0.0,5.53
1780611781.116,539.9,16394,0.0,5.53
1780611781.220,539.9,16394,9.6,5.53
1780611781.325,539.9,16394,9.6,5.53
1780611781.430,539.9,16394,0.0,5.53
1780611781.534,539.9,16394,9.6,5.53
1780611781.639,539.9,16394,0.0,5.53
1780611781.743,539.9,16394,0.0,5.53
1780611781.848,539.9,16394,0.0,5.53
1780611781.953,539.9,16394,9.6,5.53
1780611782.057,539.9,16394,0.0,5.53
1780611782.162,539.9,16394,19.1,5.53
1780611782.267,539.9,16394,0.0,5.53
1780611782.371,539.9,16394,9.6,5.53
1780611782.476,539.9,16394,0.0,5.53
1780611782.581,539.9,16394,0.0,5.53
1780611782.685,539.9,16394,0.0,5.53
1780611782.790,539.9,16394,9.6,5.53
1780611782.894,539.9,16394,9.6,5.53
1780611782.999,539.9,16394,0.0,0.48
1780611783.104,539.9,16394,0.0,0.48
1780611783.208,539.9,16394,9.6,0.48
1780611783.313,539.9,16394,0.0,0.48
1780611783.418,539.9,16394,9.6,0.48
1780611783.522,539.9,16394,0.0,0.48
1780611783.627,539.9,16394,0.0,0.48
1780611783.732,539.9,16394,9.6,0.48
1780611783.836,539.9,16394,0.0,0.48
1780611783.941,539.9,16394,9.6,0.48
1780611784.046,539.9,16394,9.6,0.48
1780611784.150,539.9,16394,0.0,0.48
1780611784.255,539.9,16394,0.0,0.48
1780611784.359,539.9,16394,9.6,0.48
1780611784.464,539.9,16394,0.0,0.48
1780611784.569,539.9,16394,0.0,0.48
1780611784.673,539.9,16394,9.6,0.48
1780611784.778,539.9,16394,0.0,0.48
1780611784.883,539.9,16394,19.1,0.48
1780611784.988,539.9,16394,0.0,0.48
1780611785.092,539.9,16394,0.0,0.48
1780611785.197,539.9,16394,9.6,0.48
1780611785.302,539.9,16394,0.0,0.12
1780611785.406,539.9,16394,0.0,0.12
1780611785.511,539.9,16394,9.6,0.12
1780611785.616,539.9,16394,9.6,0.12
1780611785.720,539.9,16394,0.0,0.12
1780611785.825,539.9,16394,0.0,0.12
1780611785.930,539.9,16394,9.6,0.12
1780611786.034,539.9,16394,0.0,0.12
1780611786.139,539.9,16394,9.6,0.12
1780611786.243,539.9,16394,9.6,0.12
1780611786.348,539.9,16394,0.0,0.12
1780611786.453,539.9,16394,0.0,0.12
1780611786.557,539.9,16394,9.6,0.12
1780611786.662,539.9,16394,0.0,0.12
1780611786.767,539.9,16394,9.6,0.12
1780611786.871,539.9,16394,0.0,0.12
1780611786.976,539.9,16394,0.0,0.12
1780611787.081,539.9,16394,9.6,0.12
1780611787.185,539.9,16394,9.6,0.12
1780611787.290,539.9,16394,0.0,0.12
1780611787.394,539.9,16394,0.0,0.12
1780611787.499,539.9,16394,9.6,0.12
1780611787.604,539.9,16394,0.0,0.12
1780611787.708,539.9,16394,0.0,0.12
1780611787.813,539.9,16394,9.6,0.12
1780611787.918,539.9,16394,9.6,0.12
1780611788.022,539.9,16394,9.6,0.12
1780611788.127,539.9,16394,0.0,0.12
1780611788.232,539.9,16394,0.0,0.12
1780611788.336,539.9,16394,9.6,0.35
1780611788.441,539.9,16394,0.0,0.35
1780611788.546,539.9,16394,0.0,0.35
1780611788.650,539.9,16394,9.6,0.35
1780611788.755,539.9,16394,0.0,0.35
1780611788.859,539.9,16394,9.6,0.35
1780611788.964,539.9,16394,0.0,0.35
1780611789.069,539.9,16394,0.0,0.35
1780611789.173,539.9,16394,9.6,0.35
1780611789.278,539.9,16394,19.1,0.35
1780611789.383,539.9,16394,0.0,0.75
1780611789.488,539.9,16394,0.0,0.75
1780611789.592,539.9,16394,19.1,0.75
1780611789.698,539.9,16394,47.5,1.00
1780611789.803,539.9,16394,0.0,1.00
1780611789.947,539.9,16394,62.4,11.42
1780611790.053,540.0,16394,0.0,11.42
1780611790.158,540.0,16394,9.5,11.42
1780611790.263,540.0,16394,0.0,11.42
1780611790.368,540.0,16394,9.6,11.42
1780611790.472,540.0,16394,0.0,11.42
1780611790.577,540.0,16394,9.6,11.42
1780611790.682,540.0,16394,0.0,11.42
1780611790.786,540.0,16394,0.0,11.42
1780611790.891,540.0,16394,9.6,11.42
1780611790.996,540.0,16394,9.6,11.42
1780611791.100,540.0,16394,0.0,11.42
1780611791.205,540.0,16394,9.6,11.42
1780611791.309,540.0,16394,0.0,11.42
1780611791.414,540.0,16394,0.0,11.42
1780611791.519,540.0,16394,0.0,11.42
1780611791.623,540.0,16394,9.6,11.42
1780611791.728,540.0,16394,9.6,11.42
1780611791.833,540.0,16394,0.0,11.42
1780611791.946,540.0,16394,17.7,11.42
1780611792.050,540.0,16394,9.5,11.42
1780611792.155,540.0,16394,0.0,11.42
1780611792.260,540.0,16394,9.6,11.42
1780611792.364,540.0,16394,0.0,11.42
1780611792.469,540.0,16394,9.6,11.42
1780611792.574,540.0,16394,0.0,11.42
1780611792.678,540.0,16394,9.6,11.42
1780611792.783,540.0,16394,0.0,11.42
1780611792.888,540.0,16394,9.6,11.42
1780611792.993,540.0,16394,0.0,11.42
1780611793.098,540.0,16394,9.5,11.42
1780611793.203,540.0,16394,0.0,11.42
1780611793.307,540.0,16394,9.6,11.42
1780611793.412,540.0,16394,0.0,11.42
1780611793.517,540.0,16394,9.6,11.42
1780611793.621,540.0,16394,0.0,11.42
1780611793.726,540.0,16394,0.0,11.42
1780611793.831,540.0,16394,0.0,11.42
1780611793.935,540.0,16394,9.6,11.42
1780611794.040,540.0,16394,0.0,11.42
1780611794.145,540.0,16394,19.1,11.42
1780611794.249,540.0,16394,0.0,11.42
1780611794.354,540.0,16394,0.0,11.42
1780611794.459,540.0,16394,0.0,11.42
1780611794.563,540.0,16394,9.6,11.42
1780611794.668,540.0,16394,0.0,11.42
1780611794.773,540.0,16394,9.6,11.42
1780611794.877,540.0,16394,9.6,11.42
1780611794.982,540.0,16394,0.0,11.42
1780611795.087,540.0,16394,0.0,11.42
1780611795.191,540.0,16394,0.0,11.42
1780611795.296,540.0,16394,9.6,11.42
1780611795.400,540.0,16394,9.6,11.42
1780611795.505,540.0,16394,0.0,11.42
1780611795.610,540.0,16394,9.6,11.42
1780611795.714,540.0,16394,0.0,11.42
1780611795.819,540.0,16394,0.0,11.42
1780611795.924,540.0,16394,9.6,11.42
1780611796.028,540.0,16394,9.6,11.42
1780611796.133,540.0,16394,0.0,0.76
1780611796.238,540.0,16394,0.0,0.76
1780611796.342,540.0,16394,9.6,0.76
1780611796.447,540.0,16394,0.0,0.76
1780611796.551,540.0,16394,0.0,0.66
1780611796.656,540.0,16394,19.1,0.66
1780611796.761,540.0,16394,0.0,0.66
1780611796.865,540.0,16394,0.0,0.66
1780611796.970,540.0,16394,9.6,0.66
1780611797.075,540.0,16394,0.0,0.66
1780611797.179,540.0,16394,9.6,0.66
1780611797.284,540.0,16394,0.0,0.76
1780611797.389,540.0,16394,0.0,0.76
1780611797.493,540.0,16394,0.0,0.76
1780611797.598,540.0,16394,9.6,0.76
1780611797.703,540.0,16394,9.6,0.76
1780611797.807,540.0,16394,0.0,0.76
1780611797.912,540.0,16394,9.6,0.76
1780611798.017,540.0,16394,9.6,0.76
1780611798.121,540.0,16394,0.0,0.76
1780611798.226,540.0,16394,0.0,0.76
1780611798.331,540.0,16394,9.6,0.76
1780611798.435,540.0,16394,0.0,0.66
1780611798.540,540.0,16394,0.0,0.66
1780611798.645,540.0,16394,9.6,0.66
1780611798.749,540.0,16394,9.6,0.66
1780611798.854,540.0,16394,0.0,0.66
1780611798.959,540.0,16394,0.0,0.66
1780611799.063,540.0,16394,9.5,0.66
1780611799.168,540.0,16394,9.5,0.66
1780611799.273,540.0,16394,0.0,0.66
1780611799.377,540.0,16394,9.6,0.66
1780611799.482,540.0,16394,0.0,0.66
1780611799.587,540.0,16394,9.6,0.66
1780611799.691,540.0,16394,0.0,0.66
1780611799.796,540.0,16394,0.0,0.66
1780611799.901,540.0,16394,9.6,0.66
1780611800.005,540.0,16394,0.0,0.66
1780611800.110,540.0,16394,9.6,0.66
1780611800.215,540.0,16394,0.0,0.66
1780611800.319,540.0,16394,9.6,0.66
1780611800.424,540.0,16394,0.0,0.66
1780611800.529,540.0,16394,28.6,0.78
1780611800.634,540.0,16394,0.0,0.78
1780611800.738,540.0,16394,9.5,0.78
1780611800.883,540.0,16394,69.1,2.58
1780611800.989,540.0,16394,9.4,2.58
1780611801.095,540.0,16394,0.0,2.58
1780611801.199,540.0,16394,0.0,2.58
1780611801.304,540.0,16394,9.5,2.58
1780611801.409,540.0,16394,9.6,2.58
1780611801.513,540.0,16394,0.0,2.58
1780611801.618,540.0,16394,9.6,2.58
1780611801.723,540.0,16394,0.0,2.58
1780611801.827,540.0,16394,0.0,2.58
1780611801.932,540.0,16394,9.6,2.58
1780611802.037,540.0,16394,0.0,2.58
1780611802.141,540.0,16394,9.6,2.58
1780611802.246,540.0,16394,0.0,2.58
1780611802.351,540.0,16394,9.6,2.58
1780611802.455,540.0,16394,0.0,2.58
1780611802.560,540.0,16394,0.0,2.58
1780611802.665,540.0,16394,9.6,2.58
1780611802.769,540.0,16394,0.0,2.58
1780611802.874,540.0,16394,9.6,2.58
1780611802.979,540.0,16394,9.6,2.58
1780611803.083,540.0,16394,0.0,2.58
1780611803.188,540.0,16394,9.6,2.58
1780611803.293,540.0,16394,0.0,2.58
1780611803.397,540.0,16394,9.6,2.58
1780611803.502,540.0,16394,0.0,2.58
1780611803.607,540.0,16394,0.0,2.58
1780611803.711,540.0,16394,9.6,2.58
1780611803.816,540.0,16394,0.0,2.58
1780611803.921,540.0,16394,9.6,2.58
1780611804.025,540.0,16394,0.0,2.58
1780611804.130,540.0,16394,0.0,2.58
1780611804.235,540.0,16394,9.6,2.58
1780611804.339,540.0,16394,0.0,2.58
1780611804.444,540.0,16394,9.6,2.58
1780611804.549,540.0,16394,9.6,2.58
1780611804.653,540.0,16394,0.0,2.58
1780611804.758,540.0,16394,0.0,2.58
1780611804.863,540.0,16394,9.5,2.58
1780611804.968,540.0,16394,9.5,2.58
1780611805.072,540.0,16394,9.5,2.58
1780611805.177,540.0,16394,0.0,2.58
1780611805.282,540.0,16394,9.6,2.58
1780611805.386,540.0,16394,0.0,2.58
1780611805.491,540.0,16394,0.0,2.58
1780611805.596,540.0,16394,9.6,2.58
1780611805.700,540.0,16394,9.6,2.58
1780611805.805,540.0,16394,0.0,2.58
1780611805.910,540.0,16394,9.5,2.58
1780611806.015,540.0,16394,9.5,2.58
1780611806.120,540.0,16394,0.0,2.58
1780611806.225,540.0,16394,0.0,2.58
1780611806.329,540.0,16394,9.6,2.58
1780611806.434,540.0,16394,0.0,2.58
1780611806.539,540.0,16394,9.6,2.58
1780611806.683,540.0,16394,55.6,2.58
1780611806.795,540.1,16394,97.6,4.69
1780611806.902,540.1,16394,0.0,4.69
1780611807.007,540.1,16394,9.5,4.69
1780611807.112,540.1,16394,0.0,4.69
1780611807.217,540.1,16394,9.6,4.69
1780611807.321,540.1,16394,0.0,4.14
1780611807.426,540.1,16394,9.6,4.14
1780611807.531,540.1,16394,0.0,4.14
1780611807.635,540.1,16394,9.6,4.14
1780611807.746,540.1,16394,18.2,4.14
1780611807.888,545.1,16394,98.2,4.69
1780611807.996,545.1,16394,18.6,4.69
1780611808.101,545.1,16394,0.0,4.69
1780611808.206,545.1,16394,9.5,4.69
1780611808.310,545.1,16394,0.0,4.69
1780611808.415,545.1,16394,9.6,4.69
1780611808.520,545.1,16394,0.0,4.69
1780611808.624,545.1,16394,0.0,4.69
1780611808.729,545.1,16394,0.0,4.69
1780611808.834,545.1,16394,9.6,4.69
1780611808.938,545.1,16394,9.6,4.69
1780611809.043,545.1,16394,0.0,4.69
1780611809.148,545.1,16394,0.0,4.69
1780611809.252,545.1,16394,0.0,4.69
1780611809.357,545.1,16394,19.1,4.69
1780611809.462,545.1,16394,0.0,4.69
1780611809.566,545.1,16394,9.6,4.69
1780611809.671,545.1,16394,0.0,4.69
1780611809.776,545.1,16394,0.0,4.69
1780611809.880,545.1,16394,0.0,4.69
1780611809.985,545.1,16394,9.6,4.69
1780611810.089,545.1,16394,9.6,4.69
1780611810.194,545.1,16394,0.0,4.69
1780611810.335,549.4,16394,56.7,4.69
1780611810.512,560.7,16394,109.6,33.54
1780611810.621,545.2,16394,71.3,33.54
1780611810.729,545.2,16394,9.2,33.54
1780611810.835,545.2,16394,9.5,33.54
1780611810.939,545.2,16394,0.0,33.54
1780611811.044,545.2,16394,0.0,33.54
1780611811.149,545.2,16394,9.5,33.54
1780611811.256,545.2,16394,0.0,33.54
1780611811.361,545.2,16394,9.5,33.54
1780611811.465,545.2,16394,9.5,33.54
1780611811.570,545.2,16394,0.0,33.54
1780611811.675,545.2,16394,9.6,33.54
1780611811.779,545.2,16394,0.0,33.54
1780611811.884,545.2,16394,0.0,33.54
1780611811.989,545.2,16394,9.6,33.54
1780611812.093,545.2,16394,9.6,33.54
1780611812.198,545.2,16394,0.0,33.54
1780611812.303,545.2,16394,9.6,33.54
1780611812.407,545.2,16394,0.0,33.54
1780611812.512,545.2,16394,9.6,33.54
1780611812.617,545.2,16394,0.0,33.54
1780611812.721,545.2,16394,0.0,33.54
1780611812.826,545.2,16394,0.0,33.54
1780611812.930,545.2,16394,9.6,33.54
1780611813.035,545.2,16394,9.6,33.54
1780611813.140,545.2,16394,0.0,33.54
1780611813.245,545.2,16394,9.6,33.54
1780611813.349,545.2,16394,0.0,33.54
1780611813.454,545.2,16394,0.0,33.54
1780611813.559,545.2,16394,9.6,33.54
1780611813.663,545.2,16394,0.0,33.54
1780611813.768,545.2,16394,9.6,33.54
1780611813.873,545.2,16394,9.6,33.54
1780611813.977,545.2,16394,0.0,33.54
1780611814.082,545.2,16394,0.0,33.54
1780611814.187,545.2,16394,9.6,33.54
1780611814.291,545.2,16394,9.6,33.54
1780611814.396,545.2,16394,0.0,33.54
1780611814.553,548.5,16394,63.8,33.54
1780611814.660,548.6,16394,46.6,33.54
1780611814.766,548.6,16394,0.0,33.54
1780611814.871,548.6,16394,9.5,33.54
1780611814.976,548.6,16394,0.0,33.54
1780611815.080,548.6,16394,9.5,33.54
1780611815.185,548.6,16394,0.0,33.54
1780611815.290,548.6,16394,0.0,33.54
1780611815.394,548.6,16394,19.1,33.54
1780611815.499,548.6,16394,0.0,33.54
1780611815.604,548.6,16394,9.6,33.54
1780611815.708,548.6,16394,0.0,33.54
1780611815.813,548.6,16394,0.0,33.54
1780611815.918,548.6,16394,9.6,33.54
1780611816.022,548.6,16394,0.0,33.54
1780611816.127,548.6,16394,0.0,33.54
1780611816.231,548.6,16394,9.6,33.54
1780611816.336,548.6,16394,0.0,33.54
1780611816.441,548.6,16394,0.0,33.54
1780611816.545,548.6,16394,19.1,33.54
1780611816.650,548.6,16394,0.0,33.54
1780611816.755,548.6,16394,0.0,33.54
1780611816.859,548.6,16394,9.6,23.51
1780611816.964,548.6,16394,0.0,1.61
1780611817.069,548.6,16394,9.6,1.61
1780611817.182,548.6,16394,97.5,2.96
1780611817.288,548.6,16394,0.0,2.96
1780611817.393,548.6,16394,9.5,2.96
1780611817.498,548.6,16394,0.0,2.96
1780611817.602,548.6,16394,0.0,2.96
1780611817.707,548.6,16394,9.6,2.96
1780611817.812,548.6,16394,0.0,2.96
1780611817.916,548.6,16394,9.6,2.96
1780611818.021,548.6,16394,0.0,2.96
1780611818.126,548.6,16394,9.6,2.96
1780611818.230,548.6,16394,0.0,2.96
1780611818.335,548.6,16394,9.6,2.96
1780611818.440,548.6,16394,0.0,2.96
1780611818.544,548.6,16394,0.0,2.96
1780611818.649,548.6,16394,9.6,2.96
1780611818.754,548.6,16394,0.0,2.96
1780611818.858,548.6,16394,9.6,2.96
1780611818.963,548.6,16394,9.6,2.96
1780611819.068,548.6,16394,0.0,2.96
1780611819.172,548.6,16394,9.6,2.96
1780611819.277,548.6,16394,0.0,2.96
1780611819.381,548.6,16394,0.0,2.96
1780611819.486,548.6,16394,0.0,2.96
1780611819.591,548.6,16394,38.1,2.96
1780611819.696,548.6,16394,9.5,2.96
1780611819.801,548.6,16394,0.0,2.96
1780611819.906,548.6,16394,0.0,2.96
1780611820.010,548.6,16394,0.0,2.96
1780611820.115,548.6,16394,9.6,2.96
1780611820.220,548.6,16394,9.6,2.96
1780611820.324,548.6,16394,0.0,2.96
1780611820.429,548.6,16394,0.0,2.96
1780611820.534,548.6,16394,9.6,2.96
1780611820.638,548.6,16394,0.0,2.96
1780611820.743,548.6,16394,9.6,2.96
1780611820.848,548.6,16394,0.0,2.96
1780611820.952,548.6,16394,19.1,2.04
1780611821.058,548.6,16394,56.7,2.04
1780611821.163,548.6,16394,0.0,2.04
1780611821.268,548.6,16394,9.5,2.04
1780611821.373,548.6,16394,0.0,2.04
1780611821.478,548.6,16394,0.0,2.04
1780611821.582,548.6,16394,9.6,2.04
1780611821.687,548.6,16394,0.0,2.04
1780611821.792,548.6,16394,9.6,2.04
1780611821.896,548.6,16394,9.6,2.04
1780611822.001,548.6,16394,0.0,2.04
1780611822.105,548.6,16394,0.0,2.04
1780611822.210,548.6,16394,9.6,2.04
1780611822.315,548.6,16394,0.0,2.04
1780611822.419,548.6,16394,9.6,2.04
1780611822.524,548.6,16394,0.0,2.04
1780611822.629,548.6,16394,0.0,2.04
1780611822.733,548.6,16394,9.6,2.04
1780611822.838,548.6,16394,9.6,2.04
1780611822.943,548.6,16394,9.6,2.04
1780611823.047,548.6,16394,0.0,2.04
1780611823.152,548.6,16394,0.0,2.04
1780611823.256,548.6,16394,0.0,2.04
1780611823.361,548.6,16394,9.6,2.04
1780611823.466,548.6,16394,0.0,2.04
1780611823.570,548.6,16394,9.6,1.08
1780611823.675,548.6,16394,0.0,1.08
1780611823.780,548.6,16394,9.6,1.08
1780611823.884,548.6,16394,9.6,1.08
1780611823.989,548.6,16394,0.0,1.08
1780611824.094,548.6,16394,9.6,1.08
1780611824.198,548.6,16394,0.0,1.08
1780611824.303,548.6,16394,0.0,1.08
1780611824.407,548.6,16394,0.0,1.08
1780611824.512,548.6,16394,9.6,1.08
1780611824.617,548.6,16394,0.0,1.08
1780611824.721,548.6,16394,19.1,1.08
1780611824.826,548.6,16394,0.0,1.08
1780611824.931,548.6,16394,0.0,1.08
1780611825.035,548.6,16394,0.0,1.08
1780611825.141,548.6,16394,38.0,1.08
1780611825.246,548.6,16394,9.5,1.08
1780611825.350,548.6,16394,9.5,1.08
1780611825.455,548.7,16394,28.6,1.21
1780611825.560,548.7,16394,9.5,1.21
1780611825.665,548.7,16394,0.0,1.21
1780611825.770,548.7,16394,0.0,1.21
1780611825.874,548.7,16394,9.6,1.21
1780611825.979,548.7,16394,0.0,1.21
1780611826.084,548.7,16394,9.6,1.21
1780611826.188,548.7,16394,0.0,1.21
1780611826.293,548.7,16394,0.0,1.21
1780611826.398,548.7,16394,9.6,1.21
1780611826.502,548.7,16394,9.6,1.21
1780611826.607,548.7,16394,0.0,1.21
1780611826.712,548.7,16394,9.6,1.21
1780611826.816,548.7,16394,0.0,1.08
1780611826.921,548.7,16394,0.0,1.08
1780611827.026,548.7,16394,9.6,1.08
1780611827.130,548.7,16394,9.6,1.08
1780611827.235,548.7,16394,0.0,1.08
1780611827.340,548.7,16394,0.0,1.08
1780611827.444,548.7,16394,9.6,1.08
1780611827.549,548.7,16394,0.0,0.71
1780611827.653,548.7,16394,9.6,0.71
1780611827.758,548.7,16394,9.6,0.71
1780611827.863,548.7,16394,0.0,1.14
1780611827.968,548.7,16394,47.4,1.14
1780611828.074,548.7,16394,0.0,1.14
1780611828.179,548.7,16394,28.6,1.14
1780611828.284,548.7,16394,0.0,1.14
1780611828.388,548.7,16394,9.6,1.14
1780611828.493,548.7,16394,9.6,1.14
1780611828.597,548.7,16394,0.0,1.14
1780611828.702,548.7,16394,0.0,1.14
1780611828.807,548.7,16394,9.6,1.14
1780611828.911,548.7,16394,0.0,1.14
1780611829.016,548.7,16394,9.6,1.14
1780611829.121,548.7,16394,0.0,1.14
1780611829.225,548.7,16394,0.0,1.14
1780611829.330,548.7,16394,9.6,1.14
1780611829.435,548.7,16394,0.0,1.14
1780611829.539,548.7,16394,9.6,1.14
1780611829.644,548.7,16394,0.0,1.14
1780611829.748,548.7,16394,9.6,1.14
1780611829.853,548.7,16394,0.0,1.14
1780611829.958,548.7,16394,9.6,1.14
1780611830.091,552.0,16394,82.8,1.21
1780611830.252,559.4,16394,113.3,23.14
1780611830.361,537.5,16394,53.6,23.14
1780611830.468,537.5,16394,0.0,23.14
1780611830.574,537.5,16394,9.5,23.14
1780611830.678,537.5,16394,0.0,23.14
1780611830.783,537.5,16394,0.0,23.14
1780611830.888,537.5,16394,9.5,23.14
1780611830.992,537.5,16394,0.0,23.14
1780611831.097,537.5,16394,9.6,23.14
1780611831.202,537.5,16394,0.0,23.14
1780611831.332,544.6,16394,86.9,23.14
1780611831.509,556.0,16394,107.0,24.69
1780611831.618,537.6,16394,17.9,24.69
1780611831.724,537.6,16394,0.0,24.69
1780611831.829,537.6,16394,0.0,24.69
1780611831.933,537.6,16394,9.5,24.69
1780611832.038,537.6,16394,9.5,24.69
1780611832.143,537.6,16394,0.0,24.69
1780611832.248,537.6,16394,9.6,24.69
1780611832.352,537.6,16394,0.0,24.69
1780611832.457,537.6,16394,9.6,24.69
1780611832.561,537.6,16394,0.0,24.69
1780611832.666,537.6,16394,9.6,24.69
1780611832.771,537.6,16394,0.0,24.69
1780611832.875,537.6,16394,9.6,24.69
1780611832.980,537.6,16394,0.0,24.69
1780611833.085,537.6,16394,0.0,24.69
1780611833.189,537.6,16394,9.6,24.69
1780611833.294,537.6,16394,0.0,24.69
1780611833.399,537.6,16394,9.6,24.69
1780611833.503,537.6,16394,0.0,24.69
1780611833.608,537.6,16394,0.0,24.69
1780611833.713,537.6,16394,9.6,24.69
1780611833.817,537.6,16394,9.6,24.69
1780611833.922,537.6,16394,0.0,24.69
1780611834.027,537.6,16394,0.0,24.69
1780611834.131,537.6,16394,9.6,24.69
1780611834.236,537.6,16394,9.6,24.69
1780611834.340,537.6,16394,0.0,24.69
1780611834.445,537.6,16394,0.0,24.69
1780611834.552,537.7,16394,18.8,24.69
1780611834.658,537.7,16394,0.0,24.69
1780611834.788,540.6,16394,99.6,29.38
1780611834.950,575.1,16394,113.4,29.38
1780611835.112,590.4,16394,102.8,30.15
1780611835.221,537.8,16394,9.2,30.15
1780611835.328,537.8,16394,9.4,30.15
1780611835.432,537.8,16394,0.0,30.15
1780611835.537,537.8,16394,9.5,30.15
1780611835.642,537.8,16394,0.0,30.15
1780611835.747,537.8,16394,9.5,30.15
1780611835.851,537.8,16394,0.0,30.15
1780611835.956,537.8,16394,0.0,30.15
1780611836.061,537.8,16394,9.6,30.15
1780611836.165,537.8,16394,0.0,30.15
1780611836.270,537.8,16394,9.6,30.15
1780611836.374,537.8,16394,0.0,30.15
1780611836.479,537.8,16394,9.6,30.15
1780611836.584,537.8,16394,0.0,30.15
1780611836.688,537.8,16394,9.6,30.15
1780611836.793,537.8,16394,0.0,30.15
1780611836.898,537.8,16394,0.0,30.15
1780611837.002,537.8,16394,9.6,30.15
1780611837.107,537.8,16394,0.0,30.15
1780611837.212,537.8,16394,9.6,30.15
1780611837.316,537.8,16394,9.6,30.15
1780611837.421,537.8,16394,0.0,30.15
1780611837.526,537.8,16394,0.0,30.15
1780611837.630,537.8,16394,9.6,30.15
1780611837.735,537.8,16394,0.0,30.15
1780611837.840,537.8,16394,9.6,30.15
1780611837.944,537.8,16394,0.0,30.15
1780611838.049,537.8,16394,9.6,30.15
