t,rss_mb,num_fds,cpu_pct,loop_lag_p99_ms
1780610837.751,142.5,10,59.0,0.00
1780610837.877,144.6,132,47.6,0.00
1780610837.999,150.3,519,49.0,0.00
1780610838.167,159.1,1032,71.2,0.00
1780610838.268,166.5,1034,39.8,436.35
1780610838.368,166.5,1034,0.0,1.92
1780610838.469,166.5,1034,0.0,1.92
1780610838.569,166.5,1034,10.0,1.92
1780610838.670,166.5,1034,0.0,1.92
1780610838.770,166.5,1034,0.0,1.92
1780610838.870,166.5,1034,0.0,1.92
1780610838.971,166.5,1034,0.0,1.92
1780610839.071,166.5,1034,0.0,1.92
1780610839.171,166.5,1034,0.0,1.92
1780610839.272,166.5,1034,0.0,1.92
1780610839.372,166.5,1034,0.0,1.92
1780610839.473,166.5,1034,0.0,1.92
1780610839.573,166.5,1034,0.0,1.92
1780610839.673,166.5,1034,0.0,1.92
1780610839.774,166.5,1034,0.0,1.92
1780610839.874,166.5,1034,0.0,1.92
1780610839.974,166.5,1034,0.0,1.92
1780610840.075,166.5,1034,0.0,1.92
1780610840.175,171.6,1034,10.0,1.92
1780610840.276,171.6,1034,0.0,1.92
1780610840.376,171.6,1034,0.0,1.92
1780610840.477,171.6,1034,0.0,1.92
1780610840.577,179.9,1034,10.0,1.92
1780610840.677,179.9,1034,0.0,1.92
1780610840.778,179.9,1034,0.0,1.92
1780610840.878,179.9,1034,0.0,1.92
1780610840.978,179.9,1034,0.0,1.92
1780610841.079,179.9,1034,0.0,1.92
1780610841.179,179.9,1034,0.0,1.92
1780610841.280,179.9,1034,0.0,1.92
1780610841.380,179.9,1034,0.0,1.92
1780610841.480,179.9,1034,0.0,1.92
1780610841.581,179.9,1034,0.0,1.92
1780610841.681,179.9,1034,10.0,1.92
1780610841.781,179.9,1034,0.0,1.92
1780610841.882,180.4,1034,10.0,1.92
1780610841.982,180.4,1034,0.0,1.92
1780610842.083,180.4,1034,0.0,1.92
1780610842.183,180.4,1034,0.0,1.92
1780610842.283,180.4,1034,0.0,1.92
1780610842.384,180.4,1034,10.0,1.92
1780610842.484,180.4,1034,0.0,1.92
1780610842.585,180.4,1034,0.0,1.92
1780610842.685,180.4,1034,0.0,1.92
1780610842.785,180.4,1034,10.0,1.92
1780610842.886,180.4,1034,0.0,1.92
1780610842.986,180.4,1034,0.0,1.92
1780610843.087,180.4,1034,0.0,1.92
1780610843.187,180.4,1034,0.0,1.92
1780610843.287,180.4,1034,0.0,1.92
1780610843.388,180.4,1034,0.0,1.92
1780610843.488,180.4,1034,10.0,1.92
1780610843.589,180.4,1034,10.0,1.92
1780610843.689,180.4,1034,0.0,1.92
1780610843.790,180.4,1034,0.0,1.92
1780610843.890,180.4,1034,0.0,1.92
1780610843.990,180.4,1034,0.0,1.92
1780610844.091,180.4,1034,0.0,1.92
1780610844.191,180.4,1034,0.0,1.92
1780610844.291,180.4,1034,0.0,1.92
1780610844.392,180.4,1034,0.0,1.92
1780610844.492,180.4,1034,0.0,1.92
1780610844.593,180.7,1034,10.0,1.89
1780610844.693,180.7,1034,0.0,1.59
1780610844.793,180.7,1034,0.0,1.59
1780610844.894,180.7,1034,0.0,1.59
1780610844.994,180.7,1034,0.0,1.59
1780610845.095,180.7,1034,0.0,1.59
1780610845.197,185.7,1034,29.2,1.59
1780610845.298,186.2,1034,10.0,1.59
1780610845.398,186.2,1034,0.0,1.59
1780610845.498,186.2,1034,10.0,1.59
1780610845.599,186.2,1034,0.0,1.59
1780610845.699,186.2,1034,10.0,1.59
1780610845.800,186.2,1034,19.9,1.59
1780610845.904,186.5,1034,9.8,1.89
1780610846.005,186.5,1034,9.7,1.89
1780610846.105,186.5,1034,0.0,1.89
1780610846.206,186.5,1034,10.0,1.89
1780610846.306,186.5,1034,0.0,1.89
1780610846.406,186.5,1034,10.0,1.89
1780610846.507,186.7,1034,10.0,1.89
1780610846.607,186.7,1034,10.0,1.89
1780610846.708,186.7,1034,0.0,1.89
1780610846.808,186.7,1034,0.0,1.89
1780610846.908,186.7,1034,0.0,1.89
1780610847.009,186.7,1034,0.0,1.89
1780610847.109,186.7,1034,0.0,1.89
1780610847.209,186.7,1034,0.0,1.89
1780610847.310,186.7,1034,0.0,1.89
1780610847.410,186.7,1034,0.0,1.89
1780610847.510,186.7,1034,19.9,1.89
1780610847.611,186.7,1034,0.0,1.89
1780610847.711,186.7,1034,0.0,1.89
1780610847.812,190.5,1034,39.8,1.89
1780610847.912,190.7,1034,0.0,1.89
1780610848.013,190.7,1034,0.0,1.89
1780610848.113,193.7,1034,39.8,1.89
1780610848.214,193.7,1034,0.0,1.89
1780610848.314,193.7,1034,10.0,1.89
1780610848.414,193.7,1034,0.0,1.89
1780610848.515,193.7,1034,0.0,1.89
1780610848.615,193.7,1034,0.0,1.89
1780610848.715,193.7,1034,0.0,1.89
1780610848.816,193.7,1034,0.0,1.89
1780610848.916,193.7,1034,10.0,1.89
1780610849.017,197.7,1034,39.8,2.37
1780610849.117,197.7,1034,9.9,2.37
1780610849.218,197.7,1034,0.0,2.37
1780610849.318,197.7,1034,0.0,2.37
1780610849.418,197.7,1034,0.0,2.37
1780610849.519,197.7,1034,0.0,2.37
1780610849.619,197.7,1034,0.0,2.37
1780610849.720,197.7,1034,0.0,2.37
1780610849.820,197.8,1034,0.0,2.37
1780610849.920,198.6,1034,19.9,2.37
1780610850.021,198.6,1034,10.0,2.37
1780610850.121,198.6,1034,0.0,2.37
1780610850.221,198.6,1034,0.0,2.37
1780610850.322,198.6,1034,0.0,2.37
1780610850.422,198.6,1034,0.0,2.37
1780610850.523,198.6,1034,0.0,2.37
1780610850.623,198.6,1034,0.0,2.37
1780610850.723,198.6,1034,0.0,2.37
1780610850.824,198.6,1034,0.0,2.37
1780610850.924,198.6,1034,10.0,2.37
1780610851.025,198.9,1034,10.0,2.37
1780610851.125,198.9,1034,0.0,2.37
1780610851.225,198.9,1034,10.0,2.37
1780610851.326,199.0,1034,10.0,2.37
1780610851.426,199.0,1034,0.0,2.37
1780610851.526,199.0,1034,10.0,2.37
1780610851.627,199.0,1034,0.0,2.37
1780610851.727,199.0,1034,0.0,2.37
1780610851.828,199.0,1034,10.0,2.37
1780610851.928,199.0,1034,10.0,2.37
1780610852.028,199.0,1034,0.0,2.37
1780610852.129,199.0,1034,0.0,2.37
1780610852.229,199.0,1034,0.0,2.37
1780610852.330,199.0,1034,0.0,2.02
1780610852.430,199.0,1034,0.0,2.02
1780610852.530,200.5,1034,49.8,2.02
1780610852.631,200.5,1034,0.0,2.02
1780610852.731,200.5,1034,0.0,2.02
1780610852.838,200.5,1034,28.0,2.02
1780610852.939,200.7,1034,10.0,3.47
1780610853.039,200.7,1034,0.0,3.47
1780610853.139,200.7,1034,0.0,3.47
1780610853.240,200.7,1034,0.0,3.47
1780610853.340,200.7,1034,0.0,3.47
1780610853.441,200.7,1034,0.0,3.47
1780610853.541,200.7,1034,0.0,3.47
1780610853.641,200.7,1034,0.0,3.47
1780610853.742,200.7,1034,0.0,3.47
1780610853.842,200.7,1034,0.0,3.47
1780610853.942,200.7,1034,0.0,3.47
1780610854.043,200.7,1034,0.0,3.47
1780610854.143,200.7,1034,0.0,3.47
1780610854.243,200.7,1034,19.9,3.47
1780610854.345,200.7,1034,9.8,3.47
1780610854.446,201.2,1034,29.9,3.47
1780610854.546,201.2,1034,0.0,3.47
1780610854.647,201.2,1034,0.0,3.47
1780610854.747,201.2,1034,0.0,3.47
1780610854.847,201.2,1034,0.0,3.47
1780610854.948,201.2,1034,0.0,3.47
1780610855.048,201.2,1034,0.0,3.47
1780610855.148,201.2,1034,0.0,3.47
1780610855.249,201.2,1034,0.0,3.47
1780610855.349,201.2,1034,0.0,3.47
1780610855.450,201.2,1034,0.0,3.47
1780610855.550,201.2,1034,0.0,2.02
1780610855.651,201.2,1034,0.0,2.02
1780610855.751,201.2,1034,19.9,2.02
1780610855.851,201.2,1034,0.0,2.02
1780610855.952,201.3,1034,19.9,2.02
1780610856.052,201.3,1034,0.0,2.02
1780610856.152,201.3,1034,0.0,2.02
1780610856.253,201.3,1034,0.0,2.02
1780610856.353,201.3,1034,0.0,2.02
1780610856.454,201.4,1034,19.9,2.16
1780610856.554,201.4,1034,0.0,2.16
1780610856.654,201.4,1034,0.0,2.16
1780610856.755,201.4,1034,19.9,2.16
1780610856.855,201.4,1034,0.0,2.16
1780610856.956,201.4,1034,0.0,2.16
1780610857.056,201.4,1034,0.0,2.16
1780610857.156,201.4,1034,0.0,2.16
1780610857.257,201.4,1034,10.0,2.16
1780610857.357,201.4,1034,10.0,2.16
1780610857.458,201.4,1034,0.0,2.16
1780610857.558,201.9,1034,19.9,2.16
1780610857.658,201.9,1034,19.9,2.16
1780610857.759,201.9,1034,0.0,2.16
1780610857.859,201.9,1034,0.0,2.16
1780610857.960,201.9,1034,0.0,2.16
1780610858.060,201.9,1034,0.0,2.16
1780610858.160,201.9,1034,0.0,2.16
1780610858.261,202.2,1034,10.0,2.16
1780610858.361,202.2,1034,0.0,2.16
1780610858.467,202.4,1034,9.4,2.16
1780610858.567,202.4,1034,29.9,12.09
1780610858.668,202.5,1034,29.9,12.09
1780610858.768,202.5,1034,0.0,12.09
1780610858.869,202.5,1034,0.0,12.09
1780610858.969,174.0,1034,49.8,12.09
1780610859.069,174.0,1034,0.0,12.09
1780610859.170,174.0,1034,0.0,12.09
1780610859.270,182.5,1034,10.0,12.09
1780610859.371,182.5,1034,0.0,3.24
1780610859.471,182.5,1034,0.0,3.24
1780610859.571,182.5,1034,0.0,3.24
1780610859.672,182.5,1034,0.0,3.24
1780610859.772,182.5,1034,0.0,3.24
1780610859.872,182.5,1034,0.0,3.24
1780610859.973,182.5,1034,0.0,3.24
1780610860.073,182.5,1034,0.0,3.24
1780610860.174,182.5,1034,0.0,3.24
1780610860.274,182.5,1034,0.0,3.24
1780610860.374,182.5,1034,0.0,3.24
1780610860.475,182.8,1034,9.9,3.24
1780610860.575,174.0,1034,49.8,3.24
1780610860.676,185.6,1034,19.9,3.24
1780610860.776,185.6,1034,0.0,3.24
1780610860.877,185.6,1034,0.0,3.24
1780610860.977,185.6,1034,0.0,3.24
1780610861.077,185.6,1034,0.0,3.24
1780610861.178,185.6,1034,0.0,3.24
1780610861.278,185.8,1034,0.0,3.24
1780610861.378,185.8,1034,0.0,3.24
1780610861.479,185.8,1034,9.9,3.24
1780610861.580,192.5,1034,19.9,12.09
1780610861.680,192.5,1034,0.0,12.09
1780610861.780,192.5,1034,0.0,12.09
1780610861.881,192.5,1034,0.0,12.09
1780610861.981,192.5,1034,0.0,12.09
1780610862.081,192.5,1034,10.0,12.09
1780610862.182,195.2,1034,49.8,12.09
1780610862.282,195.2,1034,0.0,12.09
1780610862.383,195.2,1034,0.0,12.09
1780610862.483,195.2,1034,0.0,12.09
1780610862.583,195.2,1034,19.9,12.09
1780610862.684,202.9,1034,49.8,12.09
1780610862.784,202.9,1034,0.0,12.09
1780610862.885,202.9,1034,0.0,12.09
1780610862.985,202.9,1034,0.0,12.09
1780610863.085,202.9,1034,0.0,12.09
1780610863.186,202.9,1034,0.0,12.09
1780610863.286,202.9,1034,0.0,12.09
1780610863.387,202.9,1034,0.0,12.09
1780610863.487,202.9,1034,0.0,12.09
1780610863.594,203.3,1034,37.2,12.09
1780610863.695,203.3,1034,10.0,12.09
1780610863.795,203.3,1034,0.0,12.09
1780610863.896,203.3,1034,0.0,12.09
1780610863.996,203.3,1034,0.0,12.09
1780610864.096,203.3,1034,0.0,12.09
1780610864.197,203.3,1034,0.0,12.09
1780610864.297,203.3,1034,0.0,12.09
1780610864.397,203.3,1034,0.0,12.09
1780610864.498,203.3,1034,0.0,12.09
1780610864.598,203.3,1034,0.0,12.09
1780610864.699,203.3,1034,0.0,12.09
1780610864.799,203.3,1034,0.0,12.09
1780610864.899,203.3,1034,0.0,12.09
1780610865.000,203.5,1034,19.9,3.24
1780610865.100,203.5,1034,0.0,3.24
1780610865.201,203.5,1034,0.0,3.24
1780610865.301,203.5,1034,0.0,3.24
1780610865.401,203.5,1034,0.0,1.65
1780610865.502,203.5,1034,0.0,1.65
1780610865.602,203.5,1034,0.0,1.65
1780610865.702,203.5,1034,0.0,1.65
1780610865.803,203.5,1034,0.0,1.65
1780610865.903,203.5,1034,39.8,3.80
1780610866.004,203.5,1034,0.0,3.80
1780610866.104,203.5,1034,0.0,3.80
1780610866.204,203.5,1034,0.0,3.80
1780610866.305,203.5,1034,0.0,3.80
1780610866.405,203.5,1034,0.0,3.80
1780610866.506,203.5,1034,0.0,3.80
1780610866.606,203.5,1034,0.0,3.80
1780610866.706,203.5,1034,0.0,3.80
1780610866.807,203.5,1034,0.0,3.80
1780610866.907,203.5,1034,0.0,3.80
1780610867.007,203.5,1034,10.0,3.80
1780610867.108,203.6,1034,19.9,3.80
1780610867.208,203.6,1034,10.0,3.80
1780610867.309,203.6,1034,0.0,3.80
1780610867.409,203.6,1034,0.0,3.80
1780610867.509,203.6,1034,0.0,3.80
1780610867.610,203.6,1034,0.0,3.80
1780610867.710,203.6,1034,0.0,3.80
1780610867.810,203.6,1034,0.0,3.80
1780610867.911,203.6,1034,0.0,3.80
1780610868.011,203.6,1034,0.0,1.65
1780610868.112,203.6,1034,0.0,1.65
1780610868.212,203.6,1034,0.0,1.65
1780610868.312,203.6,1034,0.0,1.65
1780610868.413,203.6,1034,0.0,1.65
1780610868.513,203.6,1034,0.0,1.65
1780610868.613,203.6,1034,0.0,1.65
1780610868.714,203.6,1034,0.0,1.65
1780610868.814,203.6,1034,10.0,1.65
1780610868.915,203.6,1034,0.0,1.65
1780610869.024,210.2,1034,75.9,1.65
1780610869.125,174.0,1034,0.0,1.65
1780610869.228,193.8,1034,48.2,3.68
1780610869.329,193.8,1034,0.0,3.68
1780610869.429,193.8,1034,0.0,3.68
1780610869.530,193.8,1034,0.0,3.68
1780610869.630,193.8,1034,0.0,3.68
1780610869.737,196.3,1034,9.4,3.68
1780610869.837,196.3,1034,0.0,3.68
1780610869.938,196.3,1034,10.0,3.68
1780610870.038,196.3,1034,0.0,3.68
1780610870.139,197.5,1034,49.7,3.68
1780610870.239,197.5,1034,0.0,3.68
1780610870.340,197.5,1034,0.0,3.68
1780610870.440,197.5,1034,0.0,3.68
1780610870.541,197.5,1034,0.0,3.68
1780610870.641,197.5,1034,0.0,3.68
1780610870.741,197.5,1034,0.0,3.68
1780610870.842,197.5,1034,0.0,3.68
1780610870.942,197.5,1034,0.0,3.68
1780610871.043,197.5,1034,0.0,3.68
1780610871.143,197.5,1034,0.0,3.68
1780610871.244,197.5,1034,0.0,3.68
1780610871.344,197.6,1034,19.9,3.71
1780610871.444,197.6,1034,0.0,3.71
1780610871.545,197.6,1034,0.0,3.71
1780610871.645,197.6,1034,10.0,3.71
1780610871.746,197.6,1034,0.0,3.71
1780610871.846,197.6,1034,0.0,3.71
1780610871.946,197.6,1034,0.0,3.71
1780610872.047,197.6,1034,0.0,3.71
1780610872.147,197.6,1034,0.0,3.71
1780610872.248,197.6,1034,0.0,3.68
1780610872.348,197.6,1034,0.0,3.68
1780610872.449,197.6,1034,0.0,3.68
1780610872.549,197.6,1034,0.0,3.68
1780610872.649,197.6,1034,0.0,3.68
1780610872.750,197.6,1034,0.0,3.68
1780610872.850,197.6,1034,0.0,3.68
1780610872.950,197.6,1034,0.0,3.68
1780610873.051,197.8,1034,10.0,3.68
1780610873.151,198.6,1034,29.8,3.68
1780610873.252,198.6,1034,0.0,3.68
1780610873.352,198.6,1034,0.0,3.68
1780610873.453,198.6,1034,0.0,3.68
1780610873.553,198.6,1034,0.0,3.68
1780610873.654,198.6,1034,0.0,3.68
1780610873.754,198.6,1034,0.0,3.68
1780610873.854,198.6,1034,10.0,3.68
1780610873.955,198.8,1034,29.9,3.68
1780610874.055,198.8,1034,0.0,3.68
1780610874.156,198.8,1034,0.0,3.68
1780610874.256,198.8,1034,0.0,3.68
1780610874.356,198.8,1034,0.0,3.68
1780610874.457,199.5,1034,10.0,3.68
1780610874.557,199.5,1034,0.0,3.68
1780610874.658,199.5,1034,0.0,3.68
1780610874.758,199.5,1034,0.0,3.68
1780610874.862,199.5,1034,9.6,3.68
1780610874.967,174.0,1034,104.7,3.71
1780610875.067,174.0,1034,0.0,3.71
1780610875.168,174.0,1034,0.0,3.71
1780610875.268,174.0,1034,0.0,3.71
1780610875.368,174.0,1034,0.0,3.71
1780610875.469,174.0,1034,0.0,3.71
1780610875.569,174.0,1034,0.0,3.71
1780610875.670,174.0,1034,0.0,3.71
1780610875.770,174.0,1034,0.0,3.71
1780610875.870,174.0,1034,0.0,3.71
1780610875.971,174.0,1034,0.0,3.71
1780610876.071,174.0,1034,0.0,3.71
1780610876.172,174.0,1034,0.0,3.71
1780610876.272,174.0,1034,0.0,3.71
1780610876.372,174.0,1034,0.0,3.71
1780610876.473,174.0,1034,0.0,3.71
1780610876.573,174.0,1034,0.0,3.71
1780610876.674,174.0,1034,0.0,3.71
1780610876.774,174.0,1034,0.0,3.71
1780610876.874,174.0,1034,0.0,3.71
1780610876.982,210.4,1034,65.1,3.71
1780610877.083,174.0,1034,49.8,17.53
1780610877.183,174.0,1034,0.0,17.53
1780610877.283,174.0,1034,0.0,17.53
1780610877.384,174.0,1034,0.0,17.53
1780610877.484,174.0,1034,0.0,17.53
1780610877.584,174.0,1034,0.0,17.53
1780610877.685,174.0,1034,0.0,17.53
1780610877.785,174.0,1034,0.0,17.53
1780610877.886,174.0,1034,10.0,17.53
1780610877.986,174.0,1034,0.0,17.53
1780610878.086,174.0,1034,0.0,17.53
1780610878.187,174.0,1034,0.0,17.53
1780610878.287,174.0,1034,0.0,17.53
1780610878.388,174.0,1034,0.0,17.53
1780610878.488,174.0,1034,0.0,17.53
1780610878.588,174.0,1034,0.0,17.53
1780610878.689,174.0,1034,0.0,17.53
1780610878.789,174.0,1034,0.0,17.53
1780610878.890,174.0,1034,0.0,17.53
1780610878.992,205.3,1034,29.2,17.53
1780610879.093,174.0,1034,49.8,22.19
1780610879.193,174.0,1034,0.0,22.19
1780610879.294,174.0,1034,0.0,22.19
1780610879.394,174.0,1034,0.0,22.19
1780610879.494,174.0,1034,0.0,22.19
1780610879.595,185.4,1034,19.9,22.19
1780610879.695,185.4,1034,0.0,22.19
1780610879.796,185.4,1034,0.0,22.19
1780610879.897,187.6,1034,9.9,22.19
1780610879.997,196.1,1034,29.9,22.19
1780610880.098,196.1,1034,0.0,22.19
1780610880.198,196.1,1034,0.0,22.19
1780610880.299,196.1,1034,0.0,22.19
1780610880.399,196.1,1034,0.0,22.19
1780610880.499,196.1,1034,0.0,22.19
1780610880.600,196.1,1034,0.0,22.19
1780610880.703,182.2,1034,67.6,22.19
1780610880.804,182.2,1034,0.0,22.19
1780610880.904,182.2,1034,0.0,22.19
1780610881.004,182.2,1034,0.0,22.19
1780610881.105,185.2,1034,19.9,22.19
1780610881.205,185.2,1034,0.0,22.19
1780610881.306,195.5,1034,29.9,22.19
1780610881.406,195.5,1034,0.0,22.19
1780610881.507,195.5,1034,0.0,22.19
1780610881.607,195.5,1034,0.0,22.19
1780610881.707,195.5,1034,0.0,22.19
1780610881.808,195.5,1034,0.0,22.19
1780610881.909,195.5,1034,0.0,22.19
1780610882.010,195.5,1034,0.0,22.19
1780610882.110,195.5,1034,0.0,22.19
1780610882.211,195.5,1034,0.0,22.19
1780610882.311,174.1,1034,59.5,29.04
1780610882.412,174.1,1034,0.0,29.04
1780610882.513,187.2,1034,19.9,29.04
1780610882.613,187.2,1034,0.0,29.04
1780610882.714,187.2,1034,0.0,29.04
1780610882.814,187.2,1034,0.0,29.04
1780610882.914,187.2,1034,0.0,29.04
1780610883.015,187.2,1034,0.0,29.04
1780610883.115,190.1,1034,29.9,29.04
1780610883.216,190.1,1034,0.0,29.04
1780610883.316,190.1,1034,0.0,29.04
1780610883.417,190.1,1034,0.0,29.04
1780610883.517,193.7,1034,19.9,29.04
1780610883.618,193.7,1034,0.0,29.04
1780610883.718,193.7,1034,10.0,29.04
1780610883.818,193.7,1034,0.0,29.04
1780610883.919,193.7,1034,0.0,29.04
1780610884.024,194.1,1034,19.0,29.04
1780610884.125,194.4,1034,10.0,29.04
1780610884.225,194.4,1034,0.0,29.04
1780610884.325,194.4,1034,0.0,29.04
1780610884.426,194.4,1034,0.0,29.04
1780610884.526,194.4,1034,0.0,29.04
1780610884.627,194.4,1034,0.0,29.04
1780610884.731,195.1,1034,19.2,29.04
1780610884.831,195.1,1034,0.0,29.04
1780610884.931,195.1,1034,0.0,29.04
1780610885.032,195.1,1034,0.0,29.04
1780610885.132,195.1,1034,0.0,29.04
1780610885.233,198.1,1034,29.9,29.04
1780610885.333,198.1,1034,0.0,29.04
1780610885.433,198.1,1034,0.0,29.04
1780610885.534,198.1,1034,0.0,16.69
1780610885.634,198.1,1034,0.0,16.69
1780610885.734,198.1,1034,0.0,16.69
1780610885.835,198.1,1034,0.0,16.69
1780610885.935,174.1,1034,49.8,16.69
1780610886.036,174.1,1034,0.0,16.69
1780610886.136,174.1,1034,0.0,16.69
1780610886.236,185.0,1034,19.9,16.69
1780610886.337,185.0,1034,0.0,16.69
1780610886.437,185.0,1034,0.0,16.69
1780610886.538,185.0,1034,0.0,16.69
1780610886.638,185.0,1034,0.0,16.69
1780610886.738,194.8,1034,29.9,18.45
1780610886.839,194.8,1034,0.0,18.45
1780610886.939,194.8,1034,0.0,18.45
1780610887.039,194.8,1034,0.0,18.45
1780610887.140,194.8,1034,0.0,18.45
1780610887.240,194.8,1034,10.0,18.45
1780610887.341,194.8,1034,0.0,18.45
1780610887.441,194.8,1034,0.0,18.45
1780610887.541,194.8,1034,0.0,18.45
1780610887.642,194.8,1034,0.0,18.45
1780610887.742,194.8,1034,0.0,18.45
1780610887.842,194.9,1034,19.9,18.45
1780610887.943,196.9,1034,19.9,18.45
1780610888.043,196.9,1034,0.0,18.45
1780610888.144,196.9,1034,0.0,18.45
1780610888.244,196.9,1034,0.0,18.45
1780610888.344,196.9,1034,10.0,18.45
1780610888.445,197.1,1034,19.9,18.45
1780610888.545,197.1,1034,0.0,18.45
1780610888.646,197.1,1034,0.0,18.45
1780610888.746,197.1,1034,0.0,6.12
1780610888.846,197.1,1034,0.0,6.12
1780610888.947,197.1,1034,0.0,6.12
1780610889.047,197.1,1034,0.0,6.12
1780610889.147,197.1,1034,10.0,6.12
1780610889.248,197.1,1034,0.0,6.12
1780610889.348,197.1,1034,0.0,6.12
1780610889.449,197.1,1034,0.0,6.12
1780610889.549,197.1,1034,0.0,6.12
1780610889.649,197.1,1034,0.0,6.12
1780610889.750,197.1,1034,10.0,6.12
1780610889.850,197.1,1034,0.0,6.12
1780610889.950,197.1,1034,0.0,6.12
1780610890.051,197.1,1034,0.0,6.12
1780610890.151,197.1,1034,0.0,6.12
1780610890.252,197.1,1034,0.0,6.12
1780610890.352,197.1,1034,0.0,6.12
1780610890.452,200.5,1034,49.8,6.12
1780610890.553,200.5,1034,0.0,6.12
1780610890.653,200.5,1034,0.0,6.12
1780610890.754,200.5,1034,0.0,6.12
1780610890.854,200.5,1034,0.0,6.12
1780610890.954,200.5,1034,0.0,6.12
1780610891.055,200.5,1034,0.0,6.12
1780610891.155,200.5,1034,0.0,6.12
1780610891.256,200.5,1034,0.0,6.12
1780610891.356,200.5,1034,0.0,6.12
1780610891.456,200.5,1034,0.0,6.12
1780610891.557,200.5,1034,10.0,6.12
1780610891.657,200.5,1034,0.0,6.12
1780610891.757,200.5,1034,0.0,6.12
1780610891.858,200.5,1034,0.0,6.12
1780610891.958,200.5,1034,0.0,6.12
1780610892.058,200.5,1034,0.0,6.12
1780610892.159,200.5,1034,0.0,6.12
1780610892.259,200.5,1034,0.0,6.12
1780610892.360,201.5,1034,39.8,18.45
1780610892.460,201.5,1034,0.0,18.45
1780610892.560,201.5,1034,0.0,18.45
1780610892.661,201.5,1034,0.0,18.45
1780610892.761,201.9,1034,9.9,18.45
1780610892.862,174.1,1034,39.8,18.45
1780610892.962,174.1,1034,0.0,18.45
1780610893.063,174.1,1034,0.0,18.45
1780610893.163,174.1,1034,0.0,3.42
1780610893.263,174.1,1034,0.0,3.42
1780610893.364,174.1,1034,0.0,3.42
1780610893.464,174.1,1034,0.0,3.42
1780610893.565,174.1,1034,0.0,3.42
1780610893.665,174.1,1034,0.0,3.42
1780610893.765,174.1,1034,0.0,3.42
1780610893.866,174.1,1034,0.0,3.42
1780610893.966,174.1,1034,10.0,3.42
1780610894.066,174.1,1034,0.0,3.42
1780610894.167,174.1,1034,0.0,3.42
1780610894.267,174.1,1034,0.0,3.42
1780610894.368,174.1,1034,0.0,3.42
1780610894.468,174.1,1034,0.0,3.42
1780610894.569,174.1,1034,0.0,3.42
1780610894.677,211.2,1034,66.5,3.42
1780610894.777,190.6,1034,77.5,17.64
1780610894.877,190.6,1034,0.0,17.64
1780610894.978,190.6,1034,0.0,17.64
1780610895.078,190.6,1034,0.0,17.64
1780610895.179,190.6,1034,0.0,17.64
1780610895.279,190.6,1034,0.0,17.64
1780610895.379,190.6,1034,0.0,17.64
1780610895.480,194.9,1034,39.8,17.64
1780610895.580,194.9,1034,10.0,17.64
1780610895.681,194.9,1034,0.0,17.64
1780610895.781,194.9,1034,0.0,17.64
1780610895.881,194.9,1034,0.0,17.64
1780610895.982,194.9,1034,0.0,17.64
1780610896.082,194.9,1034,0.0,17.64
1780610896.182,194.9,1034,0.0,17.64
1780610896.283,194.9,1034,0.0,17.64
1780610896.383,194.9,1034,0.0,17.64
1780610896.484,194.9,1034,0.0,17.64
1780610896.584,194.9,1034,0.0,17.64
1780610896.690,204.7,1034,56.7,17.64
1780610896.794,174.1,1034,9.6,17.64
1780610896.895,174.1,1034,0.0,17.64
1780610896.995,174.1,1034,0.0,17.64
1780610897.095,174.1,1034,0.0,17.64
1780610897.196,174.1,1034,0.0,17.64
1780610897.296,174.1,1034,0.0,17.64
1780610897.400,192.3,1034,28.9,17.64
1780610897.500,197.8,1034,19.9,17.64
1780610897.601,197.8,1034,10.0,17.64
1780610897.701,197.8,1034,0.0,17.64
1780610897.801,197.9,1034,0.0,17.64
1780610897.902,197.9,1034,0.0,17.64
1780610898.002,197.9,1034,0.0,17.64
1780610898.103,197.9,1034,0.0,17.64
1780610898.203,197.9,1034,0.0,17.64
1780610898.303,197.9,1034,0.0,17.64
1780610898.404,197.9,1034,9.9,17.64
1780610898.504,174.2,1034,69.7,17.64
1780610898.605,174.2,1034,0.0,17.64
1780610898.705,174.2,1034,0.0,17.64
1780610898.805,174.2,1034,0.0,5.64
1780610898.906,174.2,1034,0.0,5.64
1780610899.006,174.2,1034,0.0,5.64
1780610899.109,193.4,1034,29.8,5.64
1780610899.210,197.4,1034,19.4,5.64
1780610899.310,197.4,1034,0.0,5.64
1780610899.411,197.4,1034,0.0,5.64
1780610899.511,197.4,1034,0.0,5.64
1780610899.612,197.4,1034,0.0,5.64
1780610899.712,197.4,1034,9.9,5.64
1780610899.812,197.4,1034,0.0,5.64
1780610899.913,197.4,1034,0.0,5.64
1780610900.013,197.4,1034,0.0,5.64
1780610900.114,197.4,1034,0.0,5.64
1780610900.214,197.4,1034,0.0,5.64
1780610900.314,197.4,1034,0.0,5.64
1780610900.415,197.4,1034,0.0,5.64
1780610900.515,197.4,1034,0.0,5.64
1780610900.615,197.4,1034,0.0,5.64
1780610900.716,197.4,1034,0.0,5.64
1780610900.824,202.3,1034,37.1,5.64
1780610900.924,183.1,1034,49.8,17.64
1780610901.025,192.5,1034,29.9,17.64
1780610901.125,192.5,1034,0.0,17.64
1780610901.225,192.5,1034,0.0,12.12
1780610901.326,192.5,1034,0.0,12.12
1780610901.426,192.5,1034,0.0,12.12
1780610901.527,192.5,1034,0.0,12.12
1780610901.627,192.5,1034,0.0,12.12
1780610901.727,192.5,1034,0.0,12.12
1780610901.828,192.5,1034,0.0,12.12
1780610901.928,192.5,1034,10.0,12.12
1780610902.028,192.5,1034,0.0,12.12
1780610902.129,192.5,1034,0.0,12.12
1780610902.233,194.7,1034,9.6,12.12
1780610902.334,194.9,1034,9.9,12.12
1780610902.434,174.2,1034,69.7,22.77
1780610902.535,174.2,1034,0.0,22.77
1780610902.635,174.2,1034,0.0,22.77
1780610902.736,174.2,1034,0.0,22.77
1780610902.836,174.2,1034,0.0,22.77
1780610902.936,174.2,1034,0.0,22.77
1780610903.037,174.2,1034,0.0,22.77
1780610903.137,174.2,1034,0.0,22.77
1780610903.238,174.2,1034,0.0,22.77
1780610903.338,174.2,1034,0.0,22.77
1780610903.438,174.2,1034,0.0,22.77
1780610903.539,174.2,1034,0.0,22.77
1780610903.639,174.2,1034,0.0,22.77
1780610903.745,204.6,1034,47.0,22.77
1780610903.846,174.2,1034,29.9,22.77
1780610903.946,174.2,1034,0.0,22.77
1780610904.046,174.2,1034,0.0,22.77
1780610904.147,174.2,1034,0.0,22.77
1780610904.247,174.2,1034,0.0,22.77
1780610904.348,174.2,1034,0.0,22.77
1780610904.448,174.2,1034,0.0,22.77
1780610904.548,174.2,1034,0.0,22.77
1780610904.649,174.2,1034,0.0,22.77
1780610904.749,174.2,1034,0.0,22.77
1780610904.849,174.2,1034,0.0,22.77
1780610904.950,174.2,1034,0.0,22.77
1780610905.050,174.2,1034,0.0,22.77
1780610905.151,174.2,1034,0.0,22.77
1780610905.251,174.2,1034,0.0,22.77
1780610905.352,174.2,1034,9.9,22.77
1780610905.452,174.2,1034,0.0,22.77
1780610905.552,174.2,1034,0.0,22.77
1780610905.653,174.2,1034,0.0,22.77
1780610905.753,174.2,1034,0.0,22.77
1780610905.853,174.2,1034,49.8,34.12
1780610905.954,174.2,1034,0.0,34.12
1780610906.054,174.2,1034,0.0,34.12
1780610906.155,196.3,1034,59.7,34.12
1780610906.255,196.3,1034,0.0,34.12
1780610906.355,196.3,1034,0.0,34.12
1780610906.456,196.3,1034,0.0,34.12
1780610906.556,196.3,1034,0.0,34.12
1780610906.656,196.3,1034,0.0,34.12
1780610906.757,196.3,1034,0.0,34.12
1780610906.857,196.3,1034,0.0,34.12
1780610906.958,196.3,1034,0.0,34.12
1780610907.058,196.3,1034,0.0,34.12
1780610907.158,196.3,1034,0.0,34.12
1780610907.259,196.3,1034,0.0,34.12
1780610907.359,196.3,1034,0.0,22.77
1780610907.460,196.4,1034,10.0,22.77
1780610907.560,181.7,1034,79.7,22.77
1780610907.660,181.7,1034,0.0,22.77
1780610907.761,181.7,1034,0.0,22.77
1780610907.861,181.7,1034,0.0,22.77
1780610907.962,181.7,1034,0.0,22.77
1780610908.062,181.7,1034,0.0,22.77
1780610908.162,181.7,1034,0.0,22.77
1780610908.270,193.4,1034,28.7,22.77
1780610908.370,193.4,1034,9.7,22.77
1780610908.470,193.4,1034,0.0,22.77
1780610908.571,193.4,1034,0.0,22.77
1780610908.671,193.4,1034,0.0,22.77
1780610908.772,193.4,1034,0.0,22.77
1780610908.872,193.4,1034,0.0,13.12
1780610908.972,193.4,1034,0.0,13.12
1780610909.073,193.4,1034,0.0,13.12
1780610909.173,193.4,1034,0.0,13.12
1780610909.273,193.4,1034,0.0,13.12
1780610909.374,193.4,1034,0.0,13.12
1780610909.474,193.4,1034,0.0,13.12
1780610909.575,193.4,1034,0.0,13.12
1780610909.675,193.4,1034,0.0,13.12
1780610909.775,193.4,1034,0.0,13.12
1780610909.876,194.7,1034,19.9,13.12
1780610909.976,194.7,1034,0.0,13.12
1780610910.076,194.7,1034,0.0,13.12
1780610910.177,194.7,1034,0.0,13.12
1780610910.277,194.7,1034,0.0,13.12
1780610910.378,194.9,1034,19.9,13.12
1780610910.478,194.9,1034,0.0,13.12
1780610910.578,194.9,1034,0.0,13.12
1780610910.679,194.9,1034,0.0,13.12
1780610910.779,194.9,1034,0.0,13.12
1780610910.879,194.9,1034,0.0,13.12
1780610910.980,194.9,1034,0.0,13.12
1780610911.080,194.9,1034,0.0,13.12
1780610911.181,194.9,1034,0.0,13.12
1780610911.281,194.9,1034,0.0,13.12
1780610911.382,194.9,1034,9.9,13.12
1780610911.482,194.9,1034,0.0,13.12
1780610911.582,194.9,1034,0.0,13.12
1780610911.683,194.9,1034,0.0,13.12
1780610911.783,194.9,1034,0.0,13.12
1780610911.883,194.9,1034,0.0,13.12
1780610911.984,194.9,1034,0.0,13.12
1780610912.084,196.9,1034,19.9,13.12
1780610912.185,196.9,1034,0.0,13.12
1780610912.285,196.9,1034,0.0,6.73
1780610912.393,197.3,1034,28.5,6.73
1780610912.493,197.3,1034,9.7,6.73
1780610912.594,197.3,1034,0.0,2.15
1780610912.694,197.3,1034,0.0,2.15
1780610912.795,197.3,1034,0.0,2.15
1780610912.895,197.3,1034,0.0,2.15
1780610912.995,197.3,1034,0.0,2.15
1780610913.096,197.3,1034,0.0,2.15
1780610913.196,197.3,1034,0.0,2.15
1780610913.300,205.6,1034,48.4,2.15
1780610913.401,174.3,1034,19.8,2.15
1780610913.501,174.3,1034,0.0,2.15
1780610913.601,174.3,1034,0.0,2.15
1780610913.702,174.3,1034,0.0,2.15
1780610913.802,174.3,1034,0.0,2.15
1780610913.902,174.3,1034,0.0,2.15
1780610914.003,174.3,1034,0.0,1.92
1780610914.103,174.3,1034,0.0,1.92
1780610914.204,174.3,1034,0.0,1.92
1780610914.304,174.3,1034,0.0,1.92
1780610914.405,174.3,1034,0.0,1.92
1780610914.505,174.3,1034,0.0,1.92
1780610914.605,174.3,1034,0.0,1.92
1780610914.706,174.3,1034,0.0,1.92
1780610914.806,174.3,1034,10.0,1.92
1780610914.906,174.3,1034,0.0,1.92
1780610915.007,174.3,1034,0.0,1.92
1780610915.114,207.6,1034,37.3,1.92
1780610915.214,174.3,1034,49.8,1.92
1780610915.315,174.3,1034,0.0,1.92
1780610915.415,174.3,1034,0.0,1.92
1780610915.516,174.3,1034,0.0,1.92
1780610915.616,174.3,1034,0.0,1.92
1780610915.716,174.3,1034,0.0,1.92
1780610915.824,216.9,1034,92.7,2.15
1780610915.925,174.3,1034,10.0,2.15
1780610916.025,174.3,1034,0.0,2.15
1780610916.125,174.3,1034,0.0,2.15
1780610916.226,174.3,1034,0.0,2.15
1780610916.326,174.3,1034,0.0,1.92
1780610916.427,174.3,1034,0.0,1.92
1780610916.527,174.3,1034,0.0,1.92
1780610916.628,174.3,1034,0.0,1.92
1780610916.728,174.3,1034,0.0,1.92
1780610916.828,174.3,1034,0.0,1.92
1780610916.929,174.3,1034,0.0,1.92
1780610917.029,174.3,1034,0.0,1.92
1780610917.129,174.3,1034,0.0,1.92
1780610917.230,174.3,1034,0.0,1.92
1780610917.330,174.3,1034,0.0,1.92
1780610917.431,174.3,1034,0.0,1.92
1780610917.534,193.7,1034,19.3,1.92
1780610917.635,174.3,1034,49.8,1.92
1780610917.735,174.3,1034,0.0,1.92
1780610917.836,174.3,1034,0.0,1.92
1780610917.936,174.3,1034,0.0,1.92
1780610918.036,174.3,1034,0.0,1.92
1780610918.142,195.9,1034,28.4,1.92
1780610918.245,197.9,1034,29.1,1.92
1780610918.345,197.9,1034,0.0,1.92
1780610918.449,197.9,1034,9.6,1.92
1780610918.550,174.3,1034,39.8,1.92
1780610918.650,174.3,1034,0.0,1.92
1780610918.750,174.3,1034,0.0,1.92
1780610918.851,174.3,1034,0.0,1.92
1780610918.951,174.3,1034,0.0,1.92
1780610919.051,174.3,1034,0.0,1.92
1780610919.152,188.3,1034,29.9,1.92
1780610919.252,188.3,1034,0.0,1.92
1780610919.353,188.3,1034,0.0,1.92
1780610919.453,188.3,1034,0.0,1.92
1780610919.554,188.3,1034,0.0,1.92
1780610919.654,188.3,1034,0.0,1.92
1780610919.754,188.3,1034,0.0,1.92
1780610919.855,188.3,1034,0.0,1.82
1780610919.955,188.3,1034,0.0,1.82
1780610920.055,188.3,1034,0.0,1.82
1780610920.156,188.3,1034,0.0,1.82
1780610920.261,191.0,1034,28.5,1.82
1780610920.362,193.0,1034,0.0,1.82
1780610920.462,193.0,1034,0.0,1.82
1780610920.567,199.0,1034,66.4,22.98
1780610920.668,174.3,1034,0.0,22.98
1780610920.768,182.7,1034,9.9,22.98
1780610920.869,192.2,1034,29.9,22.98
1780610920.969,192.2,1034,0.0,22.98
1780610921.070,192.2,1034,0.0,22.98
1780610921.170,192.2,1034,10.0,22.98
1780610921.270,192.2,1034,0.0,22.98
1780610921.371,192.2,1034,0.0,22.98
1780610921.471,192.2,1034,0.0,22.98
1780610921.572,192.2,1034,0.0,22.98
1780610921.672,192.2,1034,0.0,22.98
1780610921.772,192.2,1034,0.0,22.98
1780610921.873,192.2,1034,0.0,22.98
1780610921.973,192.2,1034,0.0,22.98
1780610922.073,192.2,1034,0.0,22.98
1780610922.174,192.2,1034,0.0,22.98
1780610922.274,192.2,1034,0.0,1.82
1780610922.375,192.2,1034,0.0,1.82
1780610922.475,192.2,1034,10.0,1.82
1780610922.575,192.2,1034,0.0,1.82
1780610922.676,197.1,1034,39.8,1.82
1780610922.777,197.1,1034,0.0,1.82
1780610922.877,197.1,1034,0.0,1.82
1780610922.977,197.1,1034,0.0,1.82
1780610923.078,197.1,1034,10.0,1.82
1780610923.178,197.1,1034,0.0,1.82
1780610923.279,197.1,1034,0.0,1.82
1780610923.379,197.1,1034,0.0,1.82
1780610923.479,197.1,1034,0.0,1.82
1780610923.580,197.1,1034,0.0,1.82
1780610923.680,197.1,1034,0.0,1.44
1780610923.781,197.4,1034,19.9,1.44
1780610923.881,197.4,1034,0.0,1.44
1780610923.981,197.4,1034,0.0,1.44
1780610924.082,197.4,1034,0.0,1.44
1780610924.182,197.4,1034,0.0,1.44
1780610924.282,197.4,1034,10.0,1.44
1780610924.383,197.4,1034,0.0,1.44
1780610924.483,197.6,1034,19.9,1.44
1780610924.584,197.6,1034,0.0,1.44
1780610924.684,197.6,1034,0.0,1.44
1780610924.784,197.6,1034,0.0,1.44
1780610924.885,197.6,1034,10.0,1.44
1780610924.985,197.6,1034,0.0,1.44
1780610925.086,197.6,1034,19.9,2.63
1780610925.186,197.6,1034,0.0,2.63
1780610925.286,197.6,1034,0.0,2.63
1780610925.387,197.6,1034,0.0,2.63
1780610925.487,198.1,1034,10.0,4.01
1780610925.588,198.1,1034,0.0,4.01
1780610925.688,198.1,1034,0.0,4.01
1780610925.788,198.1,1034,0.0,4.01
1780610925.889,198.1,1034,0.0,4.01
1780610925.989,199.5,1034,29.9,12.46
1780610926.089,199.5,1034,0.0,12.46
1780610926.190,199.5,1034,0.0,12.46
1780610926.297,206.0,1034,67.4,12.46
1780610926.397,174.4,1034,9.7,12.46
1780610926.497,174.4,1034,0.0,12.46
1780610926.598,174.4,1034,0.0,12.46
1780610926.698,174.4,1034,0.0,12.46
1780610926.798,174.4,1034,0.0,12.46
1780610926.899,174.4,1034,0.0,12.46
1780610926.999,174.4,1034,0.0,8.23
1780610927.099,174.4,1034,0.0,8.23
1780610927.200,174.4,1034,0.0,8.23
1780610927.300,174.4,1034,0.0,8.23
1780610927.401,174.4,1034,0.0,8.23
1780610927.501,174.4,1034,0.0,8.23
1780610927.601,174.4,1034,0.0,8.23
1780610927.702,174.4,1034,0.0,8.23
1780610927.802,174.4,1034,0.0,8.23
1780610927.903,174.4,1034,0.0,8.23
1780610928.003,174.4,1034,0.0,8.23
1780610928.103,174.4,1034,0.0,8.23
1780610928.204,174.4,1034,0.0,8.23
1780610928.304,174.4,1034,0.0,8.23
1780610928.405,174.4,1034,0.0,8.23
1780610928.506,185.3,1034,19.8,8.23
1780610928.612,221.2,1034,93.8,12.46
1780610928.713,198.9,1034,10.0,12.46
1780610928.813,198.9,1034,0.0,12.46
1780610928.913,198.9,1034,0.0,12.46
1780610929.014,198.9,1034,10.0,12.46
1780610929.114,198.9,1034,0.0,12.46
1780610929.215,198.9,1034,10.0,12.46
1780610929.315,198.9,1034,0.0,12.46
1780610929.415,198.9,1034,0.0,12.46
1780610929.516,198.9,1034,0.0,12.46
1780610929.616,198.9,1034,0.0,12.46
1780610929.717,198.9,1034,0.0,12.46
1780610929.817,198.9,1034,0.0,12.46
1780610929.917,198.9,1034,0.0,12.46
1780610930.018,198.9,1034,0.0,12.46
1780610930.118,198.9,1034,0.0,12.46
1780610930.221,203.7,1034,38.7,14.66
1780610930.325,203.9,1034,9.7,14.66
1780610930.425,203.9,1034,0.0,14.66
1780610930.526,203.9,1034,0.0,14.66
1780610930.626,203.9,1034,10.0,14.66
1780610930.726,207.9,1034,39.8,14.66
1780610930.827,207.9,1034,0.0,14.66
1780610930.927,207.9,1034,0.0,14.66
1780610931.028,207.9,1034,0.0,14.66
1780610931.128,207.9,1034,0.0,14.66
1780610931.228,207.9,1034,0.0,14.66
1780610931.329,207.9,1034,0.0,14.66
1780610931.429,207.9,1034,0.0,14.66
1780610931.530,207.9,1034,0.0,14.66
1780610931.630,207.9,1034,19.9,14.66
1780610931.730,207.9,1034,0.0,14.66
1780610931.831,207.9,1034,0.0,14.66
1780610931.931,207.9,1034,10.0,14.66
1780610932.031,207.9,1034,0.0,14.66
1780610932.132,207.9,1034,0.0,14.66
1780610932.232,207.9,1034,0.0,14.66
1780610932.333,207.9,1034,0.0,14.66
1780610932.433,207.9,1034,0.0,14.66
1780610932.533,207.9,1034,0.0,14.66
1780610932.634,207.9,1034,0.0,14.66
1780610932.734,207.9,1034,0.0,14.66
1780610932.835,207.9,1034,0.0,14.66
1780610932.935,207.9,1034,0.0,14.66
1780610933.040,207.9,1034,38.0,14.66
1780610933.141,207.9,1034,0.0,14.66
1780610933.241,207.9,1034,0.0,14.66
1780610933.341,207.9,1034,0.0,14.66
1780610933.442,207.9,1034,0.0,14.66
1780610933.542,207.9,1034,0.0,14.66
1780610933.642,207.9,1034,0.0,14.66
1780610933.743,207.9,1034,0.0,14.66
1780610933.843,207.9,1034,0.0,14.66
1780610933.943,207.9,1034,0.0,14.66
1780610934.044,207.9,1034,0.0,14.66
1780610934.144,207.9,1034,0.0,14.66
1780610934.245,207.9,1034,0.0,14.66
1780610934.345,207.9,1034,0.0,14.66
1780610934.445,207.9,1034,0.0,14.66
1780610934.546,207.9,1034,10.0,14.66
1780610934.646,207.9,1034,0.0,14.66
1780610934.746,207.9,1034,0.0,14.66
1780610934.847,207.9,1034,0.0,14.66
1780610934.947,207.9,1034,0.0,14.66
1780610935.055,215.7,1034,76.1,14.66
1780610935.156,194.7,1034,29.1,12.87
1780610935.256,194.9,1034,9.9,12.87
1780610935.364,201.8,1034,28.6,12.87
1780610935.464,183.3,1034,38.8,17.06
1780610935.565,183.3,1034,0.0,17.06
1780610935.665,183.3,1034,0.0,17.06
1780610935.765,183.3,1034,0.0,17.06
1780610935.866,183.3,1034,0.0,17.06
1780610935.966,183.3,1034,0.0,17.06
1780610936.066,183.3,1034,0.0,17.06
1780610936.167,183.3,1034,0.0,17.06
1780610936.267,183.3,1034,0.0,17.06
1780610936.368,183.3,1034,0.0,17.06
1780610936.468,183.3,1034,0.0,17.06
1780610936.568,183.3,1034,0.0,17.06
1780610936.669,183.3,1034,0.0,17.06
1780610936.769,183.3,1034,0.0,12.87
1780610936.869,183.3,1034,0.0,12.87
1780610936.970,183.3,1034,0.0,12.87
1780610937.070,183.3,1034,0.0,12.87
1780610937.171,183.3,1034,0.0,12.87
1780610937.271,183.3,1034,0.0,12.87
1780610937.372,183.3,1034,0.0,12.87
1780610937.472,183.3,1034,0.0,12.87
1780610937.572,183.3,1034,0.0,12.87
1780610937.673,183.3,1034,10.0,12.87
1780610937.774,217.9,1034,69.4,12.87
1780610937.877,191.4,1034,58.1,30.54
1780610937.977,191.4,1034,0.0,30.54
1780610938.078,192.3,1034,19.9,30.54
1780610938.178,192.3,1034,0.0,30.54
1780610938.279,192.3,1034,0.0,30.54
1780610938.379,192.3,1034,0.0,30.54
1780610938.479,192.3,1034,0.0,30.54
1780610938.580,192.3,1034,0.0,30.54
1780610938.680,192.3,1034,0.0,30.54
1780610938.780,192.3,1034,0.0,30.54
1780610938.881,192.3,1034,0.0,30.54
1780610938.981,192.3,1034,0.0,30.54
1780610939.082,192.3,1034,0.0,30.54
1780610939.183,195.2,1034,9.8,30.54
1780610939.284,196.5,1034,39.8,30.54
1780610939.384,196.5,1034,0.0,30.54
1780610939.485,196.5,1034,0.0,30.54
1780610939.585,196.5,1034,0.0,30.54
1780610939.685,196.5,1034,0.0,30.54
1780610939.786,196.5,1034,0.0,30.54
1780610939.886,196.5,1034,0.0,30.54
1780610939.986,183.4,1034,49.8,30.54
1780610940.087,183.4,1034,0.0,30.54
1780610940.187,183.4,1034,0.0,30.54
1780610940.288,183.4,1034,0.0,30.54
1780610940.388,183.4,1034,0.0,30.54
1780610940.489,183.4,1034,0.0,30.54
1780610940.589,183.4,1034,0.0,30.54
1780610940.689,183.4,1034,0.0,30.54
1780610940.790,183.4,1034,0.0,30.54
1780610940.890,183.4,1034,0.0,30.54
1780610940.990,183.4,1034,0.0,30.54
1780610941.091,183.4,1034,0.0,30.54
1780610941.191,183.4,1034,10.0,30.54
1780610941.293,183.4,1034,78.8,35.97
1780610941.393,183.4,1034,0.0,35.97
1780610941.493,183.4,1034,0.0,35.97
1780610941.594,188.3,1034,19.9,35.97
1780610941.694,188.3,1034,0.0,35.97
1780610941.795,188.3,1034,0.0,35.97
1780610941.895,188.3,1034,0.0,35.97
1780610941.995,188.3,1034,0.0,35.97
1780610942.096,188.3,1034,0.0,35.97
1780610942.196,188.3,1034,0.0,35.97
1780610942.297,188.3,1034,0.0,35.97
1780610942.397,188.3,1034,0.0,35.97
1780610942.497,190.3,1034,29.9,35.97
1780610942.598,190.3,1034,0.0,35.97
1780610942.698,190.3,1034,0.0,35.97
1780610942.799,190.3,1034,0.0,35.97
1780610942.899,190.3,1034,0.0,35.97
1780610943.003,190.3,1034,0.0,35.97
1780610943.103,192.8,1034,19.9,35.97
1780610943.204,192.8,1034,0.0,35.97
1780610943.304,192.8,1034,0.0,35.97
1780610943.405,193.0,1034,0.0,35.97
1780610943.505,193.0,1034,0.0,35.97
1780610943.605,193.0,1034,0.0,35.97
1780610943.706,193.0,1034,0.0,35.97
1780610943.807,193.9,1034,39.6,35.97
1780610943.907,193.9,1034,0.0,35.97
1780610944.008,193.9,1034,0.0,35.97
1780610944.117,203.5,1034,47.4,35.97
1780610944.217,176.4,1034,9.6,35.97
1780610944.318,176.4,1034,0.0,18.44
1780610944.418,176.4,1034,0.0,18.44
1780610944.519,176.4,1034,0.0,18.44
1780610944.619,176.4,1034,0.0,18.44
1780610944.719,176.4,1034,0.0,18.44
1780610944.820,176.4,1034,0.0,18.44
1780610944.920,176.4,1034,0.0,18.44
1780610945.020,176.4,1034,0.0,18.44
1780610945.121,176.4,1034,0.0,18.44
1780610945.221,176.4,1034,0.0,18.44
1780610945.322,176.4,1034,0.0,18.44
1780610945.422,176.4,1034,0.0,18.44
1780610945.522,176.4,1034,0.0,18.44
1780610945.623,176.4,1034,0.0,18.44
1780610945.723,176.4,1034,0.0,18.44
1780610945.824,183.4,1034,59.8,18.44
1780610945.924,183.4,1034,0.0,18.44
1780610946.024,183.4,1034,0.0,18.44
1780610946.125,183.4,1034,0.0,18.44
1780610946.225,183.4,1034,0.0,18.44
1780610946.326,183.4,1034,0.0,18.44
1780610946.426,185.9,1034,19.9,18.44
1780610946.527,185.9,1034,0.0,18.44
1780610946.627,185.9,1034,0.0,18.44
1780610946.727,185.9,1034,0.0,18.44
1780610946.828,185.9,1034,0.0,18.44
1780610946.928,188.9,1034,19.9,18.44
1780610947.028,188.9,1034,10.0,18.44
1780610947.129,188.9,1034,0.0,18.44
1780610947.229,188.9,1034,0.0,18.44
1780610947.330,188.9,1034,0.0,18.44
1780610947.430,195.6,1034,29.9,18.44
1780610947.531,195.6,1034,0.0,18.44
1780610947.631,195.6,1034,0.0,18.44
1780610947.731,195.6,1034,0.0,13.39
1780610947.832,195.8,1034,10.0,13.39
1780610947.932,195.8,1034,0.0,13.39
1780610948.032,197.2,1034,39.8,13.39
1780610948.133,197.2,1034,10.0,13.39
1780610948.233,197.2,1034,0.0,13.39
1780610948.334,197.2,1034,0.0,13.39
1780610948.434,197.2,1034,0.0,13.39
1780610948.535,197.2,1034,0.0,13.39
1780610948.635,197.2,1034,0.0,13.39
1780610948.735,197.2,1034,10.0,13.39
1780610948.836,197.2,1034,0.0,13.39
1780610948.936,197.2,1034,0.0,13.39
1780610949.036,197.2,1034,0.0,13.39
1780610949.137,197.2,1034,0.0,13.39
1780610949.237,197.2,1034,0.0,13.39
1780610949.338,197.2,1034,0.0,13.39
1780610949.438,197.2,1034,0.0,13.39
1780610949.538,197.2,1034,0.0,13.39
1780610949.639,197.2,1034,0.0,13.39
1780610949.740,197.2,1034,0.0,13.39
1780610949.840,197.2,1034,0.0,13.39
1780610949.941,197.2,1034,0.0,13.39
1780610950.041,197.2,1034,0.0,13.39
1780610950.142,197.2,1034,0.0,13.39
1780610950.243,197.2,1034,0.0,13.39
1780610950.343,197.2,1034,0.0,13.39
1780610950.444,197.2,1034,0.0,13.39
1780610950.544,197.2,1034,0.0,5.21
1780610950.645,197.4,1034,9.9,5.21
1780610950.745,197.4,1034,0.0,5.21
1780610950.846,197.4,1034,0.0,5.21
1780610950.947,197.4,1034,0.0,5.21
1780610951.047,197.4,1034,0.0,5.21
1780610951.147,197.4,1034,0.0,5.21
1780610951.248,197.4,1034,10.0,5.21
1780610951.348,197.4,1034,0.0,5.21
1780610951.449,197.9,1034,29.8,5.21
1780610951.550,197.9,1034,0.0,5.21
1780610951.650,197.9,1034,0.0,5.21
1780610951.751,197.9,1034,0.0,5.21
1780610951.851,197.9,1034,9.9,5.21
1780610951.952,197.9,1034,0.0,5.21
1780610952.052,197.9,1034,0.0,5.21
1780610952.153,197.9,1034,0.0,5.21
1780610952.254,197.9,1034,0.0,0.80
1780610952.354,197.9,1034,0.0,0.80
1780610952.454,197.9,1034,0.0,0.80
1780610952.555,197.9,1034,0.0,0.80
1780610952.655,197.9,1034,0.0,0.80
1780610952.756,197.9,1034,0.0,0.80
1780610952.856,197.9,1034,0.0,1.02
1780610952.957,197.9,1034,0.0,1.02
1780610953.057,183.9,1034,79.6,5.21
1780610953.158,183.9,1034,0.0,5.21
1780610953.259,183.9,1034,0.0,5.21
1780610953.359,183.9,1034,0.0,5.21
1780610953.460,183.9,1034,0.0,5.21
1780610953.562,187.0,1034,19.5,5.21
1780610953.663,187.0,1034,0.0,5.21
1780610953.764,187.0,1034,0.0,5.21
1780610953.864,187.0,1034,0.0,5.21
1780610953.964,187.0,1034,0.0,5.21
1780610954.065,187.0,1034,0.0,5.21
1780610954.165,187.0,1034,0.0,5.21
1780610954.274,205.0,1034,28.4,5.21
1780610954.374,174.6,1034,77.5,7.35
1780610954.475,174.6,1034,0.0,7.35
1780610954.575,174.6,1034,9.9,7.35
1780610954.676,174.6,1034,0.0,7.35
1780610954.776,174.6,1034,0.0,7.35
1780610954.877,174.6,1034,0.0,7.35
1780610954.977,174.6,1034,0.0,7.35
1780610955.078,174.6,1034,0.0,7.35
1780610955.178,174.6,1034,0.0,7.35
1780610955.279,174.6,1034,0.0,7.35
1780610955.379,174.6,1034,0.0,7.35
1780610955.480,174.6,1034,0.0,7.35
1780610955.580,174.6,1034,0.0,7.35
1780610955.681,174.6,1034,0.0,7.35
1780610955.782,174.6,1034,0.0,7.35
1780610955.882,174.6,1034,0.0,7.35
1780610955.983,174.6,1034,0.0,7.35
1780610956.083,174.6,1034,0.0,7.35
1780610956.184,174.6,1034,0.0,7.35
1780610956.285,196.4,1034,19.8,7.35
1780610956.385,189.3,1034,99.4,11.62
1780610956.486,189.3,1034,0.0,11.62
1780610956.586,189.3,1034,10.0,11.62
1780610956.686,189.3,1034,0.0,11.62
1780610956.787,189.3,1034,0.0,11.62
1780610956.887,189.6,1034,0.0,11.62
1780610956.988,189.6,1034,0.0,11.62
1780610957.088,189.6,1034,0.0,11.62
1780610957.188,189.6,1034,0.0,11.62
1780610957.289,189.6,1034,0.0,11.62
1780610957.389,189.6,1034,0.0,11.62
1780610957.493,208.1,1034,67.4,11.62
1780610957.593,174.6,1034,19.9,11.62
1780610957.694,174.6,1034,0.0,11.62
1780610957.794,174.6,1034,0.0,11.62
1780610957.895,174.6,1034,0.0,11.62
1780610957.995,174.6,1034,0.0,11.62
1780610958.096,182.9,1034,9.9,11.62
1780610958.196,182.9,1034,0.0,11.62
1780610958.297,182.9,1034,0.0,11.62
1780610958.397,174.6,1034,89.6,11.62
1780610958.497,174.6,1034,0.0,11.62
1780610958.598,174.6,1034,0.0,11.62
1780610958.698,174.6,1034,0.0,11.62
1780610958.798,174.6,1034,0.0,11.62
1780610958.899,174.6,1034,0.0,11.62
1780610958.999,174.6,1034,0.0,11.62
1780610959.100,198.1,1034,49.7,11.62
1780610959.200,198.1,1034,0.0,11.62
1780610959.301,198.1,1034,0.0,11.62
1780610959.401,198.1,1034,0.0,11.62
1780610959.501,198.1,1034,0.0,11.62
1780610959.602,198.1,1034,0.0,11.62
1780610959.702,198.1,1034,0.0,11.62
1780610959.803,198.1,1034,0.0,11.62
1780610959.903,198.1,1034,10.0,11.62
1780610960.003,198.1,1034,0.0,11.62
1780610960.104,198.1,1034,0.0,11.62
1780610960.204,198.1,1034,0.0,11.62
1780610960.311,216.8,1034,56.5,11.62
1780610960.411,174.6,1034,79.6,18.13
1780610960.511,174.6,1034,0.0,18.13
1780610960.612,174.6,1034,0.0,18.13
1780610960.712,174.6,1034,0.0,18.13
1780610960.812,174.6,1034,0.0,18.13
1780610960.913,174.6,1034,0.0,18.13
1780610961.013,174.6,1034,0.0,18.13
1780610961.114,174.6,1034,0.0,18.13
1780610961.214,174.6,1034,0.0,18.13
1780610961.315,174.6,1034,0.0,18.13
1780610961.415,174.6,1034,0.0,18.13
1780610961.516,174.6,1034,0.0,18.13
1780610961.616,174.6,1034,0.0,18.13
1780610961.716,174.6,1034,0.0,18.13
1780610961.817,174.6,1034,0.0,18.13
1780610961.917,174.6,1034,0.0,18.13
1780610962.018,174.6,1034,0.0,18.13
1780610962.118,174.6,1034,10.0,18.13
1780610962.218,174.6,1034,0.0,18.13
1780610962.319,174.6,1034,0.0,18.13
1780610962.419,174.6,1034,0.0,18.13
1780610962.520,174.6,1034,0.0,18.13
1780610962.620,174.6,1034,0.0,18.13
1780610962.720,174.6,1034,0.0,18.13
1780610962.821,174.6,1034,10.0,7.14
1780610962.921,174.6,1034,0.0,7.14
1780610963.027,208.9,1034,56.5,7.14
1780610963.128,182.7,1034,19.9,18.13
1780610963.228,174.7,1034,49.8,18.13
1780610963.329,174.7,1034,0.0,18.13
1780610963.429,174.7,1034,0.0,18.13
1780610963.530,174.7,1034,10.0,18.13
1780610963.630,174.7,1034,0.0,18.13
1780610963.730,174.7,1034,0.0,18.13
1780610963.831,174.7,1034,0.0,18.13
1780610963.931,183.0,1034,0.0,18.13
1780610964.032,183.0,1034,0.0,18.13
1780610964.132,183.0,1034,0.0,18.13
1780610964.232,183.0,1034,0.0,18.13
1780610964.333,183.0,1034,0.0,18.13
1780610964.433,183.0,1034,0.0,18.13
1780610964.534,190.8,1034,29.9,18.13
1780610964.634,191.2,1034,19.9,18.13
1780610964.735,191.2,1034,0.0,18.13
1780610964.835,191.2,1034,0.0,18.13
1780610964.935,198.1,1034,49.8,20.82
1780610965.036,198.1,1034,0.0,20.82
1780610965.136,198.1,1034,0.0,20.82
1780610965.237,198.1,1034,0.0,20.82
1780610965.337,198.1,1034,0.0,20.82
1780610965.437,198.1,1034,0.0,20.82
1780610965.538,198.3,1034,9.9,20.82
1780610965.639,198.5,1034,39.8,20.82
1780610965.739,198.5,1034,0.0,20.82
1780610965.840,198.5,1034,0.0,20.82
1780610965.940,198.5,1034,0.0,20.82
1780610966.040,198.6,1034,19.9,20.82
1780610966.141,198.6,1034,0.0,20.82
1780610966.241,198.6,1034,0.0,20.82
1780610966.342,198.6,1034,0.0,20.82
1780610966.442,198.6,1034,0.0,20.82
1780610966.543,198.6,1034,0.0,20.82
1780610966.643,198.6,1034,0.0,20.82
1780610966.743,198.6,1034,0.0,20.82
1780610966.844,198.6,1034,0.0,20.82
1780610966.944,198.6,1034,0.0,20.82
1780610967.045,198.6,1034,0.0,20.82
1780610967.145,198.6,1034,0.0,20.82
1780610967.245,198.6,1034,0.0,20.82
1780610967.346,198.6,1034,0.0,20.82
1780610967.446,198.6,1034,0.0,20.82
1780610967.546,198.6,1034,0.0,20.82
1780610967.647,198.6,1034,0.0,20.82
1780610967.747,198.6,1034,10.0,20.82
1780610967.853,201.1,1034,28.3,20.82
1780610967.954,201.7,1034,29.8,20.82
1780610968.054,201.7,1034,0.0,20.82
1780610968.155,201.7,1034,0.0,20.82
1780610968.255,201.7,1034,0.0,20.82
1780610968.355,202.1,1034,19.9,20.82
1780610968.456,202.1,1034,10.0,20.82
1780610968.556,202.1,1034,0.0,20.82
1780610968.657,202.1,1034,0.0,20.82
1780610968.757,202.1,1034,0.0,20.82
1780610968.857,202.1,1034,0.0,20.82
1780610968.958,202.1,1034,0.0,20.82
1780610969.058,202.1,1034,0.0,20.82
1780610969.158,202.1,1034,0.0,20.82
1780610969.259,202.1,1034,10.0,20.82
1780610969.359,202.1,1034,0.0,20.82
1780610969.460,202.1,1034,0.0,20.82
1780610969.560,202.1,1034,10.0,20.00
1780610969.660,202.1,1034,0.0,20.00
1780610969.761,202.1,1034,0.0,20.00
1780610969.861,202.1,1034,0.0,20.00
1780610969.962,202.1,1034,0.0,20.00
1780610970.069,202.2,1034,27.9,20.00
1780610970.169,202.2,1034,10.0,20.00
1780610970.270,202.2,1034,0.0,20.00
1780610970.370,202.2,1034,0.0,20.00
1780610970.470,202.2,1034,0.0,20.00
1780610970.571,202.2,1034,0.0,20.00
1780610970.671,202.2,1034,0.0,20.00
1780610970.771,202.2,1034,10.0,20.00
1780610970.872,202.2,1034,0.0,20.00
1780610970.972,202.2,1034,0.0,20.00
1780610971.073,202.2,1034,0.0,20.00
1780610971.173,202.2,1034,0.0,20.00
1780610971.273,202.2,1034,0.0,20.00
1780610971.374,202.2,1034,0.0,3.06
1780610971.474,202.2,1034,0.0,3.06
1780610971.574,202.2,1034,0.0,3.06
1780610971.675,202.2,1034,0.0,3.06
1780610971.775,202.2,1034,0.0,3.06
1780610971.875,202.2,1034,0.0,3.06
1780610971.976,202.2,1034,0.0,3.06
1780610972.076,202.2,1034,0.0,3.06
1780610972.177,202.2,1034,0.0,3.06
1780610972.277,202.2,1034,0.0,3.06
1780610972.381,204.1,1034,9.6,3.06
1780610972.481,174.7,1034,89.5,12.98
1780610972.582,174.7,1034,0.0,12.98
1780610972.682,174.7,1034,0.0,12.98
1780610972.782,174.7,1034,0.0,12.98
1780610972.883,183.5,1034,10.0,12.98
1780610972.983,183.5,1034,0.0,12.98
1780610973.084,183.5,1034,0.0,12.98
1780610973.189,201.0,1034,38.8,12.98
1780610973.290,174.7,1034,9.7,12.98
1780610973.390,174.7,1034,0.0,12.98
1780610973.491,174.7,1034,0.0,12.98
1780610973.591,174.7,1034,10.0,12.98
1780610973.691,174.7,1034,0.0,12.98
1780610973.792,174.7,1034,0.0,12.98
1780610973.892,174.7,1034,0.0,12.98
1780610973.992,174.7,1034,0.0,12.98
1780610974.093,174.7,1034,0.0,12.98
1780610974.193,183.1,1034,0.0,12.98
1780610974.294,183.1,1034,0.0,12.98
1780610974.394,183.1,1034,0.0,3.06
1780610974.494,183.1,1034,0.0,3.06
1780610974.598,186.2,1034,19.4,3.06
1780610974.698,186.2,1034,0.0,3.06
1780610974.798,186.2,1034,10.0,2.05
1780610974.899,186.2,1034,0.0,2.05
1780610974.999,186.2,1034,0.0,2.05
1780610975.100,174.7,1034,69.7,12.98
1780610975.200,174.8,1034,59.7,13.61
1780610975.301,174.8,1034,0.0,13.61
1780610975.401,174.8,1034,0.0,13.61
1780610975.501,174.8,1034,0.0,13.61
1780610975.602,174.8,1034,0.0,13.61
1780610975.702,174.8,1034,0.0,13.61
1780610975.802,174.8,1034,0.0,13.61
1780610975.903,190.5,1034,19.9,13.61
1780610976.003,190.5,1034,0.0,13.61
1780610976.104,190.5,1034,0.0,13.61
1780610976.204,190.5,1034,0.0,13.61
1780610976.305,190.5,1034,0.0,13.61
1780610976.405,190.5,1034,0.0,13.61
1780610976.505,190.5,1034,0.0,13.61
1780610976.606,190.5,1034,0.0,13.61
1780610976.706,190.5,1034,0.0,13.61
1780610976.806,190.5,1034,0.0,13.61
1780610976.907,190.5,1034,10.0,13.61
1780610977.007,190.5,1034,0.0,13.61
1780610977.107,190.5,1034,0.0,13.61
1780610977.208,190.5,1034,0.0,13.61
1780610977.308,193.4,1034,19.9,13.61
1780610977.409,193.4,1034,0.0,13.61
1780610977.509,193.4,1034,0.0,13.61
1780610977.609,200.9,1034,39.8,13.61
1780610977.710,200.9,1034,0.0,13.61
1780610977.810,200.9,1034,0.0,13.61
1780610977.911,200.9,1034,0.0,13.61
1780610978.011,201.1,1034,29.9,13.61
1780610978.111,201.1,1034,10.0,13.61
1780610978.212,201.1,1034,0.0,13.61
1780610978.312,201.1,1034,0.0,13.61
1780610978.413,201.1,1034,0.0,13.61
1780610978.513,201.1,1034,0.0,13.61
1780610978.613,201.1,1034,0.0,13.61
1780610978.714,201.1,1034,0.0,13.61
1780610978.814,201.1,1034,0.0,13.61
1780610978.914,201.1,1034,0.0,13.61
1780610979.015,201.1,1034,0.0,13.61
1780610979.115,201.1,1034,0.0,13.61
1780610979.216,201.1,1034,0.0,13.61
1780610979.316,201.1,1034,0.0,13.61
1780610979.416,201.3,1034,0.0,13.61
1780610979.517,201.3,1034,0.0,13.61
1780610979.617,201.3,1034,0.0,13.61
1780610979.717,174.8,1034,69.7,13.61
1780610979.825,212.0,1034,57.2,13.61
1780610979.926,212.0,1034,38.8,13.61
1780610980.026,212.0,1034,0.0,13.61
1780610980.126,212.0,1034,0.0,13.61
1780610980.227,212.0,1034,0.0,13.61
1780610980.327,212.0,1034,0.0,13.61
1780610980.427,212.0,1034,0.0,13.61
1780610980.528,212.0,1034,0.0,13.61
1780610980.628,212.0,1034,0.0,13.61
1780610980.728,212.0,1034,0.0,13.61
1780610980.829,212.0,1034,0.0,13.61
1780610980.929,212.0,1034,0.0,13.61
1780610981.029,212.0,1034,0.0,13.61
1780610981.130,212.0,1034,0.0,13.61
1780610981.230,212.0,1034,0.0,13.61
1780610981.331,212.0,1034,0.0,13.61
1780610981.431,212.0,1034,0.0,13.61
1780610981.531,212.0,1034,0.0,9.91
1780610981.632,212.0,1034,10.0,3.01
1780610981.732,212.0,1034,0.0,3.01
1780610981.841,212.5,1034,104.3,9.91
1780610981.941,212.6,1034,9.7,9.91
1780610982.041,212.6,1034,0.0,9.91
1780610982.142,212.6,1034,0.0,9.91
1780610982.242,212.6,1034,0.0,9.91
1780610982.343,212.6,1034,0.0,9.91
1780610982.443,212.6,1034,0.0,9.91
1780610982.543,212.6,1034,0.0,9.91
1780610982.644,212.6,1034,10.0,9.91
1780610982.744,212.6,1034,0.0,9.91
1780610982.844,212.6,1034,0.0,9.91
1780610982.945,212.6,1034,0.0,9.91
1780610983.045,212.6,1034,0.0,9.91
1780610983.146,212.6,1034,0.0,9.91
1780610983.246,212.6,1034,0.0,9.91
1780610983.346,212.6,1034,0.0,9.91
1780610983.447,212.6,1034,0.0,9.91
1780610983.547,212.6,1034,0.0,9.91
1780610983.648,212.6,1034,0.0,9.91
1780610983.748,212.6,1034,0.0,9.91
1780610983.848,212.6,1034,0.0,9.91
1780610983.949,212.6,1034,0.0,9.91
1780610984.049,212.6,1034,0.0,9.91
1780610984.150,212.6,1034,10.0,9.91
1780610984.250,212.6,1034,10.0,9.91
1780610984.350,212.6,1034,0.0,9.91
1780610984.451,212.6,1034,0.0,9.91
1780610984.551,212.6,1034,0.0,9.91
1780610984.659,212.6,1034,19.0,9.91
1780610984.760,212.6,1034,9.7,9.91
1780610984.860,212.6,1034,0.0,9.91
1780610984.960,212.6,1034,0.0,9.91
1780610985.061,212.6,1034,0.0,9.91
1780610985.161,212.6,1034,10.0,9.91
1780610985.262,212.6,1034,0.0,9.91
1780610985.362,212.6,1034,0.0,9.91
1780610985.462,212.6,1034,0.0,9.91
1780610985.563,212.6,1034,0.0,9.91
1780610985.663,212.6,1034,0.0,9.91
1780610985.763,212.6,1034,0.0,9.91
1780610985.864,212.6,1034,0.0,9.91
1780610985.964,212.6,1034,0.0,9.91
1780610986.065,212.6,1034,0.0,9.91
1780610986.165,212.6,1034,0.0,3.01
1780610986.265,212.6,1034,0.0,1.66
1780610986.366,212.6,1034,0.0,1.66
1780610986.466,212.6,1034,0.0,1.66
1780610986.573,212.6,1034,37.3,1.66
1780610986.674,212.6,1034,9.9,1.66
1780610986.774,212.6,1034,0.0,1.66
1780610986.875,212.6,1034,10.0,1.66
1780610986.975,212.6,1034,0.0,1.66
1780610987.075,212.6,1034,0.0,1.66
1780610987.176,212.6,1034,29.9,12.30
1780610987.276,212.6,1034,0.0,12.30
1780610987.376,212.6,1034,0.0,12.30
1780610987.477,212.7,1034,39.8,12.30
1780610987.577,212.7,1034,0.0,12.30
1780610987.678,212.7,1034,19.9,12.30
1780610987.778,213.1,1034,89.6,12.30
1780610987.879,213.1,1034,0.0,12.30
1780610987.979,213.1,1034,0.0,12.30
1780610988.080,213.1,1034,0.0,12.30
1780610988.180,213.1,1034,0.0,12.30
1780610988.281,213.1,1034,0.0,8.87
1780610988.381,213.1,1034,0.0,8.87
1780610988.481,213.1,1034,0.0,8.87
1780610988.582,213.1,1034,0.0,8.87
1780610988.682,213.1,1034,0.0,8.87
1780610988.783,213.1,1034,0.0,8.87
1780610988.883,213.1,1034,0.0,8.87
1780610988.983,213.1,1034,0.0,8.87
1780610989.084,213.1,1034,0.0,8.87
1780610989.184,213.1,1034,0.0,8.87
1780610989.284,213.1,1034,0.0,8.87
1780610989.385,213.1,1034,10.0,8.87
1780610989.485,213.1,1034,0.0,8.87
1780610989.585,213.1,1034,0.0,8.87
1780610989.686,213.1,1034,0.0,8.87
1780610989.786,213.1,1034,0.0,8.87
1780610989.886,213.1,1034,0.0,8.87
1780610989.987,213.1,1034,0.0,8.87
1780610990.087,213.1,1034,0.0,8.87
1780610990.188,213.1,1034,0.0,8.87
1780610990.288,213.1,1034,0.0,8.87
1780610990.388,213.1,1034,0.0,8.87
1780610990.489,213.1,1034,0.0,8.87
1780610990.589,213.1,1034,0.0,8.87
1780610990.690,213.1,1034,0.0,8.87
1780610990.790,213.1,1034,0.0,8.87
1780610990.890,213.1,1034,0.0,8.87
1780610990.991,213.1,1034,0.0,8.87
1780610991.091,213.1,1034,0.0,8.87
1780610991.191,213.1,1034,0.0,8.87
1780610991.292,213.2,1034,19.9,8.87
1780610991.392,213.2,1034,59.7,15.05
1780610991.493,213.2,1034,0.0,15.05
1780610991.593,213.2,1034,10.0,15.05
1780610991.700,213.2,1034,38.3,15.05
1780610991.801,213.2,1034,29.0,19.65
1780610991.901,213.2,1034,10.0,19.65
1780610992.002,213.2,1034,0.0,19.65
1780610992.102,213.2,1034,0.0,19.65
1780610992.202,213.2,1034,0.0,19.65
1780610992.303,213.2,1034,0.0,19.65
1780610992.403,213.2,1034,0.0,19.65
1780610992.503,213.2,1034,0.0,19.65
1780610992.604,213.2,1034,0.0,19.65
1780610992.704,213.2,1034,0.0,19.65
1780610992.805,213.2,1034,0.0,19.65
1780610992.912,213.2,1034,38.2,19.65
1780610993.013,213.2,1034,19.4,19.65
1780610993.113,213.2,1034,0.0,19.65
1780610993.213,213.2,1034,10.0,19.65
1780610993.314,213.2,1034,0.0,19.65
1780610993.414,213.2,1034,0.0,19.65
1780610993.518,213.5,1034,57.7,19.65
1780610993.619,213.5,1034,29.9,19.65
1780610993.719,213.5,1034,0.0,19.65
1780610993.819,213.5,1034,0.0,19.65
1780610993.920,213.5,1034,0.0,19.65
1780610994.020,213.5,1034,0.0,19.65
1780610994.121,213.5,1034,10.0,19.65
1780610994.221,213.5,1034,0.0,19.65
1780610994.321,213.5,1034,0.0,19.65
1780610994.422,213.5,1034,0.0,19.65
1780610994.522,213.5,1034,0.0,19.65
1780610994.623,213.5,1034,0.0,19.65
1780610994.723,213.5,1034,0.0,19.65
1780610994.823,213.5,1034,0.0,19.65
1780610994.924,213.5,1034,0.0,19.65
1780610995.024,213.5,1034,0.0,19.65
1780610995.125,213.5,1034,0.0,19.65
1780610995.225,213.5,1034,10.0,19.65
1780610995.325,213.5,1034,0.0,19.65
1780610995.426,213.5,1034,0.0,19.65
1780610995.526,213.5,1034,0.0,19.65
1780610995.627,213.5,1034,0.0,19.65
1780610995.727,213.5,1034,0.0,19.65
1780610995.827,213.5,1034,0.0,19.65
1780610995.928,213.5,1034,10.0,19.65
1780610996.031,213.5,1034,0.0,19.65
1780610996.132,213.5,1034,0.0,19.65
1780610996.232,213.5,1034,0.0,19.65
1780610996.333,213.5,1034,0.0,19.65
1780610996.433,213.5,1034,10.0,19.65
1780610996.533,213.5,1034,0.0,19.65
1780610996.634,213.5,1034,0.0,19.65
1780610996.735,213.5,1034,19.8,19.65
1780610996.835,213.5,1034,0.0,19.65
1780610996.935,213.5,1034,0.0,19.65
1780610997.036,213.5,1034,0.0,19.65
1780610997.138,213.5,1034,9.7,19.65
1780610997.239,213.5,1034,0.0,19.65
1780610997.339,213.5,1034,0.0,19.65
1780610997.440,213.5,1034,0.0,19.65
1780610997.540,213.5,1034,0.0,19.65
1780610997.640,213.5,1034,0.0,19.65
1780610997.741,213.5,1034,0.0,19.65
1780610997.841,213.5,1034,0.0,14.36
1780610997.942,213.5,1034,0.0,14.36
1780610998.042,213.5,1034,0.0,14.36
1780610998.142,213.5,1034,59.7,14.36
1780610998.243,213.5,1034,0.0,4.10
1780610998.343,213.5,1034,0.0,4.10
1780610998.444,213.5,1034,0.0,4.10
1780610998.544,213.5,1034,0.0,4.10
1780610998.653,213.5,1034,9.4,4.10
1780610998.753,213.5,1034,38.7,4.10
1780610998.854,213.5,1034,10.0,4.10
1780610998.954,213.5,1034,0.0,4.10
1780610999.055,213.5,1034,0.0,4.10
1780610999.155,213.5,1034,0.0,4.10
1780610999.256,213.5,1034,0.0,4.10
1780610999.356,213.5,1034,0.0,1.97
1780610999.456,213.5,1034,0.0,1.97
1780610999.557,213.5,1034,0.0,1.97
1780610999.657,213.5,1034,0.0,1.97
1780610999.757,213.5,1034,0.0,1.97
1780610999.858,213.5,1034,0.0,1.97
1780610999.958,213.5,1034,79.7,1.97
1780611000.059,213.5,1034,0.0,1.97
1780611000.159,213.5,1034,0.0,1.97
1780611000.259,213.5,1034,0.0,1.97
1780611000.360,213.5,1034,0.0,1.97
1780611000.463,213.6,1034,0.0,1.97
1780611000.564,213.6,1034,49.8,1.97
1780611000.664,213.6,1034,0.0,1.97
1780611000.765,213.6,1034,0.0,1.97
1780611000.865,213.6,1034,0.0,1.97
1780611000.966,213.6,1034,0.0,1.97
1780611001.066,213.6,1034,0.0,1.97
1780611001.166,213.6,1034,0.0,1.97
1780611001.267,213.6,1034,0.0,1.97
1780611001.367,213.6,1034,0.0,1.97
1780611001.467,213.6,1034,0.0,1.97
1780611001.568,213.6,1034,0.0,1.97
1780611001.668,213.6,1034,0.0,1.97
1780611001.768,213.6,1034,0.0,1.97
1780611001.869,213.6,1034,49.8,2.13
1780611001.969,213.6,1034,10.0,2.13
1780611002.070,213.6,1034,0.0,2.13
1780611002.170,213.6,1034,0.0,2.13
1780611002.270,213.6,1034,10.0,2.13
1780611002.371,213.6,1034,69.7,2.13
1780611002.471,213.6,1034,0.0,2.13
1780611002.572,213.6,1034,0.0,2.13
1780611002.672,213.6,1034,0.0,2.13
1780611002.772,213.6,1034,0.0,2.13
1780611002.873,213.6,1034,0.0,2.13
1780611002.973,213.6,1034,0.0,2.13
1780611003.074,213.6,1034,0.0,2.13
1780611003.174,213.6,1034,0.0,2.13
1780611003.274,213.6,1034,49.8,2.13
1780611003.375,213.6,1034,0.0,2.13
1780611003.475,213.6,1034,0.0,2.13
1780611003.575,213.6,1034,0.0,2.13
1780611003.676,213.6,1034,0.0,2.13
1780611003.776,213.6,1034,0.0,2.13
1780611003.876,213.6,1034,0.0,2.13
1780611003.977,213.6,1034,0.0,2.13
1780611004.077,213.6,1034,0.0,2.13
1780611004.180,213.6,1034,19.5,2.13
1780611004.280,214.3,1034,59.7,2.13
1780611004.381,214.3,1034,0.0,2.13
1780611004.481,214.4,1034,19.9,2.13
1780611004.582,214.4,1034,0.0,2.13
1780611004.682,214.4,1034,0.0,2.13
1780611004.782,214.4,1034,0.0,2.13
1780611004.883,214.4,1034,39.8,2.13
1780611004.983,214.4,1034,0.0,2.13
1780611005.084,214.4,1034,0.0,2.13
1780611005.184,214.4,1034,0.0,2.13
1780611005.284,214.4,1034,0.0,2.13
1780611005.385,214.4,1034,0.0,2.13
1780611005.485,214.4,1034,0.0,2.13
1780611005.586,214.4,1034,0.0,2.13
1780611005.686,214.4,1034,0.0,2.13
1780611005.786,214.4,1034,0.0,2.13
1780611005.887,214.4,1034,0.0,2.13
1780611005.987,214.4,1034,0.0,2.13
1780611006.088,214.4,1034,9.9,2.13
1780611006.189,214.4,1034,9.9,2.13
1780611006.289,214.4,1034,0.0,2.13
1780611006.390,214.4,1034,0.0,1.84
1780611006.490,214.4,1034,0.0,1.84
1780611006.594,214.4,1034,0.0,1.84
1780611006.694,214.4,1034,10.0,1.84
1780611006.794,214.4,1034,0.0,1.84
1780611006.895,214.4,1034,0.0,1.84
1780611006.995,214.4,1034,0.0,1.84
1780611007.095,214.4,1034,39.9,6.62
1780611007.196,214.4,1034,0.0,6.62
1780611007.296,214.4,1034,0.0,6.62
1780611007.397,214.4,1034,0.0,6.62
1780611007.497,214.4,1034,0.0,6.62
1780611007.597,214.4,1034,0.0,6.62
1780611007.698,214.4,1034,0.0,6.62
1780611007.798,214.4,1034,0.0,6.62
1780611007.899,214.4,1034,0.0,6.62
1780611007.999,214.4,1034,0.0,6.62
1780611008.099,214.4,1034,0.0,6.62
1780611008.200,214.4,1034,0.0,6.62
1780611008.300,214.4,1034,0.0,1.84
1780611008.401,214.4,1034,0.0,1.84
1780611008.501,214.4,1034,0.0,1.84
1780611008.602,214.4,1034,0.0,1.84
1780611008.702,214.4,1034,29.9,1.84
1780611008.802,214.4,1034,10.0,1.03
1780611008.909,214.4,1034,28.9,1.03
1780611009.009,214.4,1034,19.4,6.62
1780611009.110,214.4,1034,0.0,6.62
1780611009.212,214.4,1034,19.6,6.62
1780611009.312,214.4,1034,9.9,7.61
1780611009.413,214.4,1034,0.0,7.61
1780611009.513,214.4,1034,0.0,7.61
1780611009.613,214.4,1034,0.0,7.61
1780611009.714,214.4,1034,10.0,7.61
1780611009.814,214.4,1034,0.0,7.61
1780611009.915,214.4,1034,0.0,7.61
1780611010.015,214.4,1034,0.0,7.61
1780611010.115,214.4,1034,0.0,7.61
1780611010.216,214.4,1034,0.0,7.61
1780611010.316,214.4,1034,0.0,7.61
1780611010.417,214.4,1034,29.9,7.61
1780611010.517,214.4,1034,0.0,7.61
1780611010.617,214.4,1034,0.0,7.61
1780611010.718,214.4,1034,0.0,7.61
1780611010.819,214.4,1034,29.9,10.79
1780611010.919,214.4,1034,0.0,10.79
1780611011.019,214.4,1034,0.0,10.79
1780611011.120,214.4,1034,10.0,10.79
1780611011.220,214.4,1034,0.0,10.79
1780611011.321,214.4,1034,0.0,10.79
1780611011.421,214.4,1034,0.0,10.79
1780611011.522,214.4,1034,9.9,10.79
1780611011.622,214.4,1034,69.7,22.77
1780611011.722,214.4,1034,0.0,22.77
1780611011.823,214.4,1034,0.0,22.77
1780611011.923,214.4,1034,0.0,22.77
1780611012.024,214.4,1034,0.0,22.77
1780611012.124,214.4,1034,0.0,22.77
1780611012.224,214.4,1034,0.0,22.77
1780611012.325,214.4,1034,0.0,22.77
1780611012.425,214.4,1034,0.0,22.77
1780611012.526,214.4,1034,0.0,22.77
1780611012.626,214.4,1034,0.0,22.77
1780611012.726,214.4,1034,39.8,29.01
1780611012.827,214.4,1034,10.0,29.01
1780611012.927,214.4,1034,0.0,29.01
1780611013.028,214.4,1034,0.0,29.01
1780611013.128,214.4,1034,0.0,29.01
1780611013.229,214.4,1034,0.0,29.01
1780611013.329,214.4,1034,49.8,29.01
1780611013.429,214.4,1034,0.0,29.01
1780611013.530,214.4,1034,0.0,29.01
1780611013.630,214.4,1034,0.0,29.01
1780611013.731,214.4,1034,0.0,29.01
1780611013.831,214.4,1034,0.0,29.01
1780611013.931,214.4,1034,0.0,29.01
1780611014.032,214.4,1034,0.0,29.01
1780611014.132,214.4,1034,0.0,29.01
1780611014.232,214.4,1034,0.0,29.01
1780611014.333,214.4,1034,0.0,29.01
1780611014.433,214.4,1034,0.0,29.01
1780611014.534,214.4,1034,0.0,29.01
1780611014.634,214.4,1034,0.0,29.01
1780611014.734,214.4,1034,0.0,29.01
1780611014.835,214.4,1034,0.0,29.01
1780611014.935,214.4,1034,0.0,29.01
1780611015.035,214.4,1034,0.0,29.01
1780611015.136,214.4,1034,0.0,29.01
1780611015.236,214.4,1034,0.0,29.01
1780611015.337,214.4,1034,0.0,29.01
1780611015.437,214.4,1034,0.0,22.77
1780611015.537,214.4,1034,0.0,22.77
1780611015.638,214.4,1034,69.7,22.77
1780611015.738,214.4,1034,0.0,22.77
1780611015.839,214.5,1034,0.0,22.77
1780611015.939,214.5,1034,39.8,22.77
1780611016.039,214.5,1034,0.0,22.77
1780611016.140,214.5,1034,0.0,22.77
1780611016.240,214.5,1034,0.0,22.77
1780611016.340,214.5,1034,0.0,22.77
1780611016.441,214.5,1034,0.0,22.77
1780611016.541,214.5,1034,49.8,22.77
1780611016.642,214.5,1034,0.0,22.77
1780611016.742,214.5,1034,0.0,22.77
1780611016.842,214.5,1034,0.0,22.77
1780611016.943,214.5,1034,0.0,22.77
1780611017.043,214.5,1034,0.0,22.77
1780611017.143,214.5,1034,0.0,22.77
1780611017.244,214.5,1034,0.0,22.77
1780611017.344,214.5,1034,0.0,22.77
1780611017.445,214.5,1034,0.0,22.77
1780611017.545,214.5,1034,0.0,22.77
1780611017.645,214.5,1034,0.0,22.77
1780611017.746,214.5,1034,0.0,22.77
1780611017.846,214.5,1034,0.0,22.77
1780611017.946,214.5,1034,10.0,22.77
1780611018.047,214.5,1034,0.0,17.61
1780611018.151,214.5,1034,86.7,17.61
1780611018.251,214.5,1034,0.0,17.61
1780611018.352,214.5,1034,39.8,17.61
1780611018.452,214.5,1034,0.0,17.61
1780611018.553,214.5,1034,0.0,17.61
1780611018.653,214.5,1034,0.0,17.61
1780611018.753,214.5,1034,0.0,17.61
1780611018.854,214.5,1034,10.0,17.61
1780611018.954,214.5,1034,0.0,17.61
1780611019.055,214.5,1034,0.0,17.61
1780611019.155,214.5,1034,49.8,9.42
1780611019.256,214.5,1034,0.0,9.42
1780611019.356,214.5,1034,0.0,9.42
1780611019.456,214.5,1034,0.0,9.42
1780611019.557,214.5,1034,19.9,9.42
1780611019.657,214.5,1034,0.0,9.42
1780611019.757,214.5,1034,0.0,6.33
1780611019.866,214.5,1034,27.7,6.33
1780611019.966,214.5,1034,19.9,9.42
1780611020.067,214.5,1034,0.0,9.42
1780611020.167,214.5,1034,0.0,9.42
1780611020.267,214.5,1034,0.0,9.42
1780611020.368,214.5,1034,0.0,9.42
1780611020.468,214.5,1034,0.0,9.42
1780611020.568,214.5,1034,0.0,9.42
1780611020.669,214.5,1034,0.0,9.42
1780611020.769,214.5,1034,0.0,9.42
1780611020.870,214.5,1034,0.0,9.42
1780611020.970,214.5,1034,0.0,9.42
1780611021.070,214.5,1034,0.0,9.42
1780611021.171,214.5,1034,0.0,9.42
1780611021.271,214.5,1034,0.0,9.42
1780611021.376,214.5,1034,49.2,9.42
1780611021.476,214.5,1034,0.0,9.42
1780611021.577,214.5,1034,0.0,9.42
1780611021.677,214.5,1034,0.0,9.42
1780611021.777,214.5,1034,0.0,9.42
1780611021.878,214.5,1034,0.0,9.42
1780611021.978,214.5,1034,39.8,9.42
1780611022.079,214.5,1034,0.0,9.42
1780611022.179,214.5,1034,0.0,9.42
1780611022.279,214.5,1034,0.0,9.42
1780611022.380,214.5,1034,0.0,9.42
1780611022.480,214.5,1034,0.0,9.42
1780611022.581,214.5,1034,0.0,9.42
1780611022.681,214.5,1034,19.9,9.42
1780611022.782,214.5,1034,0.0,9.42
1780611022.882,214.5,1034,0.0,9.42
1780611022.982,214.5,1034,0.0,9.42
1780611023.083,214.5,1034,0.0,9.42
1780611023.183,214.5,1034,0.0,9.42
1780611023.284,214.5,1034,0.0,9.42
1780611023.384,214.5,1034,0.0,9.42
1780611023.485,214.5,1034,0.0,9.42
1780611023.585,214.5,1034,39.8,9.42
1780611023.685,214.5,1034,0.0,9.42
1780611023.786,214.5,1034,0.0,9.42
1780611023.886,214.5,1034,0.0,9.42
1780611023.986,214.5,1034,0.0,9.42
1780611024.087,214.6,1034,0.0,9.42
1780611024.187,214.6,1034,0.0,9.42
1780611024.288,214.6,1034,0.0,9.42
1780611024.396,214.6,1034,38.0,9.42
1780611024.496,214.6,1034,19.4,11.58
1780611024.597,214.6,1034,0.0,11.58
1780611024.697,214.6,1034,0.0,11.58
1780611024.797,214.6,1034,0.0,11.58
1780611024.898,214.6,1034,0.0,11.58
1780611024.998,214.6,1034,0.0,11.58
1780611025.098,214.6,1034,0.0,11.58
1780611025.199,214.6,1034,0.0,11.58
1780611025.299,214.6,1034,0.0,11.58
1780611025.400,214.6,1034,0.0,11.58
1780611025.500,214.6,1034,0.0,11.58
1780611025.600,214.6,1034,0.0,11.58
1780611025.701,214.6,1034,79.7,11.58
1780611025.801,214.6,1034,0.0,11.58
1780611025.902,214.6,1034,19.9,11.58
1780611026.002,214.6,1034,0.0,11.58
1780611026.102,214.6,1034,0.0,11.58
1780611026.203,214.6,1034,0.0,11.58
1780611026.303,214.6,1034,0.0,11.58
1780611026.404,214.6,1034,0.0,2.44
1780611026.504,214.6,1034,0.0,2.44
1780611026.604,214.6,1034,10.0,2.44
1780611026.705,214.6,1034,0.0,2.44
1780611026.805,214.6,1034,0.0,2.44
1780611026.905,214.6,1034,0.0,2.44
1780611027.006,214.6,1034,39.6,2.44
1780611027.107,214.6,1034,0.0,2.44
1780611027.208,214.6,1034,0.0,2.44
1780611027.308,214.6,1034,0.0,2.44
1780611027.409,214.6,1034,0.0,2.44
1780611027.509,214.6,1034,0.0,2.44
1780611027.612,214.6,1034,19.5,2.44
1780611027.712,214.6,1034,0.0,2.44
1780611027.813,214.6,1034,0.0,2.44
1780611027.913,214.6,1034,0.0,2.44
1780611028.013,214.6,1034,0.0,2.44
1780611028.114,214.6,1034,0.0,2.44
1780611028.214,214.6,1034,0.0,2.44
1780611028.315,214.6,1034,0.0,2.44
1780611028.415,214.6,1034,0.0,2.07
1780611028.516,214.6,1034,0.0,2.07
1780611028.616,214.6,1034,0.0,2.07
1780611028.716,214.6,1034,0.0,2.07
1780611028.817,214.6,1034,0.0,2.07
1780611028.917,214.6,1034,10.0,2.07
1780611029.018,214.6,1034,0.0,2.07
1780611029.118,214.6,1034,0.0,2.07
1780611029.218,214.6,1034,0.0,2.07
1780611029.319,214.6,1034,0.0,2.07
1780611029.419,214.6,1034,0.0,2.07
1780611029.520,214.6,1034,0.0,2.07
1780611029.620,214.6,1034,0.0,2.07
1780611029.720,214.6,1034,0.0,2.07
1780611029.821,214.6,1034,0.0,2.07
1780611029.921,214.6,1034,0.0,2.07
1780611030.021,214.6,1034,0.0,2.07
1780611030.122,214.6,1034,0.0,1.90
1780611030.223,214.6,1034,0.0,1.90
1780611030.323,214.6,1034,0.0,1.90
1780611030.423,214.6,1034,0.0,1.90
1780611030.524,214.6,1034,0.0,1.90
1780611030.624,214.6,1034,0.0,1.90
1780611030.725,214.6,1034,0.0,1.90
1780611030.825,214.6,1034,0.0,1.90
1780611030.925,214.6,1034,0.0,1.80
1780611031.026,214.6,1034,0.0,1.80
1780611031.126,214.6,1034,0.0,1.80
1780611031.226,214.6,1034,0.0,1.80
1780611031.327,214.6,1034,19.9,1.80
1780611031.427,214.6,1034,0.0,1.80
1780611031.528,214.6,1034,0.0,1.80
1780611031.628,214.6,1034,0.0,1.80
1780611031.729,214.6,1034,0.0,1.80
1780611031.832,214.6,1034,19.3,1.90
1780611031.933,214.6,1034,10.0,1.90
1780611032.033,214.6,1034,0.0,1.90
1780611032.133,214.6,1034,0.0,1.90
1780611032.234,214.6,1034,10.0,1.90
1780611032.334,214.6,1034,0.0,1.90
1780611032.435,214.6,1034,0.0,1.90
1780611032.535,214.6,1034,59.7,1.90
1780611032.635,214.6,1034,0.0,1.90
1780611032.736,214.6,1034,0.0,1.90
1780611032.836,214.6,1034,0.0,1.80
1780611032.937,214.6,1034,39.8,1.77
1780611033.037,214.6,1034,0.0,1.77
1780611033.137,214.6,1034,0.0,1.77
1780611033.238,214.6,1034,0.0,1.77
1780611033.344,214.6,1034,9.5,1.77
1780611033.444,214.6,1034,0.0,1.77
1780611033.544,214.6,1034,0.0,1.77
1780611033.645,214.6,1034,0.0,1.77
1780611033.745,214.6,1034,0.0,1.77
1780611033.846,214.6,1034,0.0,1.77
1780611033.947,214.6,1034,89.5,1.77
1780611034.047,214.6,1034,0.0,1.77
1780611034.147,214.6,1034,0.0,1.77
1780611034.248,214.6,1034,0.0,1.77
1780611034.348,214.6,1034,0.0,1.74
1780611034.449,214.6,1034,0.0,1.74
1780611034.549,214.6,1034,0.0,1.74
1780611034.650,214.6,1034,0.0,1.74
1780611034.750,214.6,1034,0.0,1.74
1780611034.850,214.6,1034,0.0,1.74
1780611034.955,214.6,1034,39.1,1.74
1780611035.056,214.6,1034,29.0,3.67
1780611035.157,214.6,1034,0.0,3.67
1780611035.257,214.6,1034,0.0,3.67
1780611035.357,214.6,1034,0.0,3.67
1780611035.458,214.6,1034,0.0,3.67
1780611035.565,214.6,1034,38.4,3.67
1780611035.665,214.6,1034,19.4,17.68
1780611035.766,214.6,1034,0.0,17.68
1780611035.866,214.6,1034,0.0,17.68
1780611035.966,214.6,1034,0.0,17.68
1780611036.071,214.6,1034,19.7,17.68
1780611036.171,214.6,1034,48.3,21.11
1780611036.272,214.6,1034,0.0,21.11
1780611036.373,214.6,1034,0.0,21.11
1780611036.473,214.6,1034,0.0,21.11
1780611036.573,214.6,1034,0.0,21.11
1780611036.674,214.6,1034,0.0,21.11
1780611036.774,214.6,1034,0.0,21.11
1780611036.875,214.6,1034,0.0,21.11
1780611036.975,214.6,1034,0.0,21.11
1780611037.075,214.6,1034,0.0,21.11
1780611037.176,214.6,1034,69.7,21.11
1780611037.276,214.6,1034,0.0,21.11
1780611037.377,214.6,1034,9.9,21.11
1780611037.478,214.6,1034,0.0,21.11
1780611037.578,214.6,1034,0.0,21.11
1780611037.679,214.6,1034,0.0,21.11
1780611037.779,214.6,1034,0.0,21.11
1780611037.880,214.6,1034,0.0,21.11
1780611037.984,214.6,1034,38.6,21.11
1780611038.084,214.6,1034,49.7,21.11
1780611038.185,214.6,1034,0.0,21.11
1780611038.285,214.6,1034,0.0,21.11
1780611038.385,214.6,1034,0.0,21.11
1780611038.486,214.6,1034,0.0,21.11
1780611038.586,214.6,1034,0.0,21.11
1780611038.687,214.6,1034,10.0,21.11
1780611038.787,214.6,1034,0.0,21.11
1780611038.887,214.6,1034,0.0,21.11
1780611038.988,214.6,1034,0.0,21.11
1780611039.088,214.6,1034,0.0,21.11
1780611039.189,214.6,1034,0.0,21.11
1780611039.289,214.6,1034,0.0,21.11
1780611039.396,214.6,1034,38.5,21.11
1780611039.496,214.6,1034,19.4,21.11
1780611039.597,214.6,1034,0.0,21.11
1780611039.697,214.6,1034,0.0,21.11
1780611039.797,214.6,1034,0.0,21.11
1780611039.898,214.6,1034,0.0,21.11
1780611039.998,214.6,1034,0.0,21.11
1780611040.099,214.6,1034,0.0,21.11
1780611040.199,214.6,1034,0.0,21.11
1780611040.300,214.6,1034,0.0,21.11
1780611040.400,214.6,1034,0.0,21.11
1780611040.501,214.6,1034,69.7,26.14
1780611040.601,214.6,1034,0.0,26.14
1780611040.701,214.6,1034,0.0,26.14
1780611040.802,214.6,1034,0.0,26.14
1780611040.902,214.6,1034,0.0,26.14
1780611041.003,214.6,1034,0.0,26.14
1780611041.110,214.7,1034,38.2,26.14
1780611041.211,214.7,1034,9.7,26.14
1780611041.311,214.7,1034,0.0,26.14
1780611041.411,214.7,1034,19.9,26.14
1780611041.512,214.7,1034,0.0,26.14
1780611041.612,214.7,1034,0.0,26.14
1780611041.713,214.7,1034,0.0,26.14
1780611041.813,214.7,1034,0.0,26.14
1780611041.913,214.7,1034,0.0,26.14
1780611042.014,214.7,1034,0.0,26.14
1780611042.114,214.7,1034,0.0,21.11
1780611042.215,214.7,1034,0.0,21.11
1780611042.315,214.7,1034,0.0,21.11
1780611042.416,214.7,1034,0.0,21.11
1780611042.516,214.7,1034,19.9,21.11
1780611042.616,214.7,1034,0.0,10.09
1780611042.717,214.7,1034,10.0,10.09
1780611042.817,214.7,1034,0.0,10.09
1780611042.918,214.7,1034,59.7,10.09
1780611043.018,214.7,1034,0.0,10.09
1780611043.119,214.7,1034,0.0,10.09
1780611043.219,214.7,1034,0.0,10.09
1780611043.319,214.7,1034,0.0,10.09
1780611043.420,214.7,1034,0.0,10.09
1780611043.520,214.7,1034,0.0,10.09
1780611043.621,214.7,1034,0.0,10.09
1780611043.721,214.7,1034,0.0,10.09
1780611043.821,214.7,1034,0.0,10.09
1780611043.922,214.7,1034,0.0,10.09
1780611044.022,214.7,1034,0.0,10.09
1780611044.123,214.7,1034,0.0,10.09
1780611044.223,214.7,1034,0.0,10.09
1780611044.323,214.7,1034,10.0,10.09
1780611044.424,214.7,1034,0.0,10.09
1780611044.524,214.7,1034,0.0,6.92
1780611044.625,214.7,1034,0.0,6.92
1780611044.725,214.7,1034,0.0,6.92
1780611044.825,214.7,1034,0.0,6.92
1780611044.926,214.7,1034,0.0,6.92
1780611045.026,214.7,1034,0.0,6.92
1780611045.129,214.7,1034,9.7,6.92
1780611045.230,214.7,1034,0.0,6.92
1780611045.334,214.7,1034,19.2,6.92
1780611045.434,214.7,1034,0.0,6.92
1780611045.535,214.7,1034,0.0,6.92
1780611045.635,214.7,1034,0.0,6.92
1780611045.735,214.7,1034,0.0,6.92
1780611045.836,214.7,1034,0.0,6.92
1780611045.936,214.7,1034,29.9,6.92
1780611046.037,214.7,1034,0.0,6.92
1780611046.137,214.7,1034,0.0,6.92
1780611046.238,214.7,1034,0.0,6.92
1780611046.338,214.7,1034,0.0,6.92
1780611046.438,214.7,1034,10.0,6.92
1780611046.539,214.7,1034,0.0,6.92
1780611046.639,214.7,1034,0.0,6.92
1780611046.740,214.7,1034,0.0,6.92
1780611046.840,214.7,1034,0.0,6.92
1780611046.940,214.7,1034,39.8,6.92
1780611047.041,214.7,1034,10.0,6.92
1780611047.141,214.7,1034,0.0,6.92
1780611047.242,214.7,1034,0.0,6.92
1780611047.342,214.7,1034,0.0,6.92
1780611047.448,214.7,1034,18.9,6.92
1780611047.548,214.7,1034,39.8,6.92
1780611047.649,214.7,1034,0.0,6.92
1780611047.749,214.7,1034,0.0,6.92
1780611047.850,214.7,1034,0.0,6.92
1780611047.950,214.7,1034,0.0,6.92
1780611048.051,214.7,1034,0.0,6.92
1780611048.151,214.7,1034,49.6,26.59
1780611048.252,214.7,1034,0.0,26.59
1780611048.352,214.7,1034,0.0,26.59
1780611048.453,214.7,1034,0.0,26.59
1780611048.553,214.7,1034,0.0,26.59
1780611048.653,214.7,1034,10.0,26.59
1780611048.754,214.7,1034,0.0,26.59
1780611048.854,214.7,1034,0.0,26.59
1780611048.955,214.7,1034,0.0,26.59
1780611049.055,214.7,1034,0.0,26.59
1780611049.155,214.7,1034,0.0,26.59
1780611049.256,214.7,1034,0.0,26.59
1780611049.356,214.7,1034,0.0,26.59
1780611049.457,214.7,1034,0.0,26.59
1780611049.557,214.7,1034,0.0,26.59
1780611049.665,214.7,1034,19.0,26.59
1780611049.765,214.7,1034,29.1,26.74
1780611049.866,214.7,1034,0.0,26.74
1780611049.966,214.7,1034,39.8,26.74
1780611050.067,214.7,1034,0.0,26.74
1780611050.167,214.7,1034,0.0,26.74
1780611050.268,214.7,1034,0.0,26.74
1780611050.375,214.7,1034,47.7,26.74
1780611050.476,214.7,1034,19.4,26.74
1780611050.576,214.7,1034,10.0,26.74
1780611050.676,214.7,1034,0.0,26.74
1780611050.777,214.7,1034,0.0,26.74
1780611050.877,214.7,1034,19.9,26.74
1780611050.978,214.7,1034,0.0,26.74
1780611051.078,214.7,1034,0.0,26.74
1780611051.179,214.7,1034,0.0,26.74
1780611051.279,214.7,1034,0.0,26.74
1780611051.380,214.7,1034,0.0,26.74
1780611051.480,214.7,1034,10.0,26.74
1780611051.580,214.7,1034,0.0,26.74
1780611051.681,214.7,1034,0.0,26.74
1780611051.781,214.7,1034,0.0,26.74
1780611051.882,214.7,1034,0.0,26.74
1780611051.982,214.7,1034,0.0,26.74
1780611052.082,214.7,1034,0.0,26.74
1780611052.183,214.7,1034,0.0,26.74
1780611052.283,214.7,1034,0.0,26.74
1780611052.387,214.7,1034,9.7,26.74
1780611052.487,214.7,1034,39.7,26.74
1780611052.587,214.7,1034,0.0,26.74
1780611052.688,214.7,1034,0.0,26.74
1780611052.788,214.7,1034,0.0,26.74
1780611052.889,214.7,1034,0.0,26.74
1780611052.989,214.7,1034,0.0,26.74
1780611053.089,214.7,1034,0.0,26.74
1780611053.190,214.7,1034,0.0,26.74
1780611053.290,214.7,1034,0.0,26.74
1780611053.391,214.7,1034,0.0,26.74
1780611053.491,214.7,1034,0.0,26.59
1780611053.591,214.7,1034,0.0,26.59
1780611053.692,214.7,1034,0.0,26.59
1780611053.792,214.7,1034,0.0,26.59
1780611053.893,214.7,1034,0.0,26.59
1780611053.993,214.7,1034,0.0,26.59
1780611054.094,214.7,1034,0.0,26.59
1780611054.194,214.7,1034,0.0,26.59
1780611054.294,214.7,1034,0.0,26.59
1780611054.395,214.7,1034,19.8,26.59
1780611054.496,214.8,1034,39.8,26.59
1780611054.596,214.8,1034,0.0,26.59
1780611054.696,214.8,1034,0.0,21.28
1780611054.797,214.8,1034,0.0,21.28
1780611054.897,214.8,1034,19.9,21.28
1780611054.998,214.8,1034,0.0,21.28
1780611055.098,214.8,1034,0.0,21.28
1780611055.199,214.8,1034,29.8,21.28
1780611055.299,214.8,1034,19.9,21.28
1780611055.400,214.8,1034,0.0,21.28
1780611055.500,214.8,1034,0.0,21.28
1780611055.600,214.8,1034,0.0,21.28
1780611055.701,214.8,1034,0.0,21.28
1780611055.801,214.8,1034,29.9,21.28
1780611055.901,214.8,1034,0.0,21.28
1780611056.002,214.8,1034,0.0,21.28
1780611056.102,214.8,1034,0.0,21.28
1780611056.203,214.8,1034,39.8,11.61
1780611056.303,214.8,1034,0.0,11.61
1780611056.404,214.8,1034,0.0,11.61
1780611056.504,214.8,1034,0.0,11.61
1780611056.604,214.8,1034,0.0,11.61
1780611056.706,214.8,1034,9.9,11.61
1780611056.806,214.8,1034,39.8,11.61
1780611056.907,214.8,1034,0.0,11.61
1780611057.007,214.8,1034,0.0,11.61
1780611057.108,214.8,1034,0.0,11.61
1780611057.208,214.8,1034,0.0,11.61
1780611057.309,214.8,1034,0.0,11.61
1780611057.409,214.8,1034,0.0,11.61
1780611057.510,214.8,1034,9.9,11.61
1780611057.611,214.8,1034,49.8,11.61
1780611057.711,214.8,1034,0.0,11.61
1780611057.812,214.8,1034,0.0,11.61
1780611057.912,214.8,1034,0.0,11.61
1780611058.013,214.8,1034,0.0,11.61
1780611058.113,214.8,1034,9.9,11.61
1780611058.214,214.8,1034,0.0,11.61
1780611058.314,214.8,1034,0.0,11.61
1780611058.414,214.8,1034,0.0,11.61
1780611058.515,214.8,1034,0.0,11.61
1780611058.615,214.8,1034,0.0,11.61
1780611058.716,214.8,1034,0.0,11.61
1780611058.816,214.8,1034,0.0,11.61
1780611058.916,214.8,1034,0.0,6.24
1780611059.017,214.8,1034,0.0,6.24
1780611059.117,214.8,1034,0.0,6.24
1780611059.218,214.8,1034,0.0,6.24
1780611059.318,214.8,1034,10.0,6.24
1780611059.418,214.8,1034,0.0,6.24
1780611059.519,214.8,1034,0.0,6.24
1780611059.619,214.8,1034,0.0,6.24
1780611059.720,214.8,1034,10.0,6.24
1780611059.820,214.8,1034,29.9,11.61
1780611059.921,214.8,1034,0.0,11.61
1780611060.021,214.8,1034,0.0,11.61
1780611060.121,214.8,1034,0.0,11.61
1780611060.222,214.8,1034,0.0,11.61
1780611060.322,214.8,1034,0.0,11.61
1780611060.423,214.8,1034,79.5,14.46
1780611060.523,214.8,1034,0.0,14.46
1780611060.624,214.8,1034,0.0,14.46
1780611060.724,214.8,1034,0.0,14.46
1780611060.824,214.8,1034,0.0,14.46
1780611060.925,214.8,1034,0.0,14.46
1780611061.025,214.8,1034,0.0,14.46
1780611061.126,214.8,1034,0.0,14.46
1780611061.226,214.8,1034,0.0,14.46
1780611061.326,214.8,1034,0.0,14.46
1780611061.427,214.8,1034,0.0,14.46
1780611061.527,214.8,1034,0.0,14.46
1780611061.627,214.8,1034,0.0,14.46
1780611061.728,214.8,1034,10.0,14.46
1780611061.828,214.8,1034,0.0,14.46
1780611061.929,214.8,1034,0.0,14.46
1780611062.029,214.8,1034,0.0,14.46
1780611062.129,214.8,1034,0.0,14.46
1780611062.237,222.5,1034,37.3,14.46
1780611062.340,226.6,1034,96.7,18.03
1780611062.440,226.6,1034,0.0,18.03
1780611062.541,226.6,1034,0.0,18.03
1780611062.641,226.6,1034,0.0,18.03
1780611062.742,226.6,1034,0.0,18.03
1780611062.842,226.6,1034,0.0,18.03
1780611062.942,226.6,1034,0.0,18.03
1780611063.043,226.6,1034,0.0,18.03
1780611063.143,226.6,1034,0.0,18.03
1780611063.244,226.6,1034,0.0,18.03
1780611063.344,226.6,1034,0.0,18.03
1780611063.444,226.6,1034,0.0,18.03
1780611063.545,226.6,1034,0.0,18.03
1780611063.645,226.6,1034,0.0,18.03
1780611063.745,226.6,1034,0.0,18.03
1780611063.846,226.6,1034,0.0,18.03
1780611063.946,226.6,1034,0.0,18.03
1780611064.047,226.6,1034,0.0,18.03
1780611064.147,226.6,1034,0.0,18.03
1780611064.247,226.6,1034,0.0,18.03
1780611064.348,226.6,1034,0.0,18.03
1780611064.456,226.6,1034,27.7,18.03
1780611064.557,226.6,1034,59.7,18.03
1780611064.657,226.6,1034,0.0,18.03
1780611064.757,226.6,1034,29.9,18.03
1780611064.858,226.6,1034,0.0,18.03
1780611064.958,226.6,1034,0.0,18.03
1780611065.059,226.6,1034,0.0,18.03
1780611065.159,226.6,1034,0.0,18.03
1780611065.260,226.6,1034,0.0,18.03
1780611065.360,226.6,1034,0.0,18.03
1780611065.461,226.6,1034,0.0,18.03
1780611065.561,226.6,1034,0.0,18.03
1780611065.661,226.6,1034,0.0,18.03
1780611065.762,226.6,1034,0.0,18.03
1780611065.862,226.6,1034,0.0,18.03
1780611065.963,226.6,1034,10.0,18.03
1780611066.063,226.6,1034,0.0,18.03
1780611066.164,226.6,1034,0.0,18.03
1780611066.264,226.6,1034,0.0,14.46
1780611066.364,226.6,1034,0.0,14.46
1780611066.465,226.6,1034,0.0,14.46
1780611066.565,226.6,1034,0.0,14.46
1780611066.665,226.6,1034,0.0,14.46
1780611066.766,226.6,1034,39.8,14.46
1780611066.866,226.6,1034,0.0,12.36
1780611066.967,226.6,1034,0.0,12.36
1780611067.067,226.6,1034,0.0,12.36
1780611067.168,226.6,1034,19.9,12.36
1780611067.268,226.6,1034,0.0,12.36
1780611067.369,226.6,1034,0.0,12.36
1780611067.469,226.6,1034,0.0,12.36
1780611067.569,226.6,1034,0.0,12.36
1780611067.670,226.6,1034,0.0,12.36
1780611067.770,226.6,1034,0.0,12.36
1780611067.870,226.6,1034,0.0,12.36
1780611067.971,226.6,1034,0.0,12.36
1780611068.080,226.6,1034,36.8,12.36
1780611068.180,226.6,1034,9.9,28.64
1780611068.281,226.6,1034,0.0,28.64
1780611068.381,226.6,1034,19.9,28.64
1780611068.482,226.6,1034,0.0,28.64
1780611068.589,226.6,1034,19.2,28.64
1780611068.689,226.6,1034,19.4,28.64
1780611068.790,226.6,1034,0.0,28.64
1780611068.890,226.6,1034,0.0,16.58
1780611068.990,226.6,1034,10.0,16.58
1780611069.091,226.6,1034,9.9,16.58
1780611069.192,226.6,1034,0.0,16.58
1780611069.292,226.6,1034,0.0,16.58
1780611069.392,226.6,1034,0.0,16.58
1780611069.493,226.6,1034,10.0,16.58
1780611069.593,226.6,1034,29.9,16.58
1780611069.694,226.6,1034,0.0,16.58
1780611069.794,226.6,1034,0.0,16.58
1780611069.894,226.6,1034,0.0,16.58
1780611069.995,226.6,1034,0.0,16.58
1780611070.095,226.6,1034,0.0,16.58
1780611070.196,226.6,1034,0.0,16.58
1780611070.296,226.6,1034,9.9,16.58
1780611070.397,226.6,1034,0.0,16.58
1780611070.497,226.6,1034,0.0,16.58
1780611070.597,226.6,1034,10.0,16.58
1780611070.698,226.6,1034,0.0,16.58
1780611070.798,226.6,1034,0.0,16.58
1780611070.899,226.6,1034,0.0,16.58
1780611070.999,226.6,1034,0.0,16.58
1780611071.099,226.6,1034,0.0,16.58
1780611071.200,226.6,1034,0.0,16.58
1780611071.300,226.6,1034,10.0,16.58
1780611071.401,226.6,1034,0.0,16.58
1780611071.501,227.1,1034,89.5,16.58
1780611071.602,227.1,1034,0.0,16.58
1780611071.702,227.1,1034,0.0,16.58
1780611071.802,227.1,1034,0.0,16.58
1780611071.903,227.1,1034,0.0,16.58
1780611072.003,227.1,1034,0.0,16.58
1780611072.103,227.1,1034,0.0,16.58
1780611072.204,227.1,1034,0.0,16.58
1780611072.305,227.1,1034,0.0,16.58
1780611072.411,227.1,1034,18.8,16.58
1780611072.512,227.1,1034,39.8,27.34
1780611072.612,227.1,1034,0.0,27.34
1780611072.712,227.2,1034,19.9,27.34
1780611072.813,227.2,1034,0.0,27.34
1780611072.913,227.2,1034,0.0,27.34
1780611073.014,227.2,1034,0.0,27.34
1780611073.114,227.2,1034,0.0,27.34
1780611073.215,227.2,1034,0.0,27.34
1780611073.315,227.2,1034,0.0,27.34
1780611073.415,227.2,1034,0.0,27.34
1780611073.516,227.2,1034,0.0,27.34
1780611073.617,227.2,1034,0.0,27.34
1780611073.718,227.2,1034,0.0,27.34
1780611073.818,227.2,1034,79.6,28.64
1780611073.919,227.2,1034,0.0,28.64
1780611074.019,227.2,1034,0.0,28.64
1780611074.119,227.2,1034,0.0,28.64
1780611074.220,227.2,1034,10.0,28.64
1780611074.320,227.2,1034,0.0,28.64
1780611074.421,227.2,1034,0.0,28.64
1780611074.521,227.2,1034,59.8,28.64
1780611074.622,227.2,1034,0.0,27.34
1780611074.722,227.2,1034,0.0,27.34
1780611074.822,227.2,1034,0.0,27.34
1780611074.923,227.2,1034,0.0,27.34
1780611075.023,227.2,1034,0.0,27.34
1780611075.123,227.2,1034,0.0,27.34
1780611075.224,227.2,1034,0.0,27.34
1780611075.324,227.2,1034,0.0,27.34
1780611075.425,227.2,1034,10.0,27.34
1780611075.532,227.2,1034,18.6,27.34
1780611075.633,227.2,1034,0.0,27.34
1780611075.733,227.2,1034,0.0,27.34
1780611075.833,227.2,1034,0.0,27.34
1780611075.934,227.2,1034,0.0,27.34
1780611076.034,227.2,1034,0.0,27.34
1780611076.135,227.2,1034,0.0,27.34
1780611076.235,227.2,1034,0.0,27.34
1780611076.336,227.2,1034,10.0,27.34
1780611076.436,227.2,1034,0.0,27.34
1780611076.537,227.2,1034,0.0,27.34
1780611076.637,227.2,1034,39.8,27.34
1780611076.737,227.2,1034,0.0,27.34
1780611076.838,227.2,1034,0.0,27.34
1780611076.938,227.2,1034,0.0,27.34
1780611077.039,227.2,1034,0.0,27.34
1780611077.139,227.2,1034,0.0,27.34
1780611077.239,227.2,1034,0.0,27.34
1780611077.340,227.2,1034,0.0,27.34
1780611077.440,227.2,1034,0.0,27.34
1780611077.540,227.2,1034,0.0,27.34
1780611077.641,227.2,1034,0.0,27.34
1780611077.741,227.2,1034,0.0,27.34
1780611077.842,227.2,1034,0.0,27.34
1780611077.942,227.2,1034,10.0,27.34
1780611078.042,227.2,1034,0.0,27.34
1780611078.143,227.2,1034,0.0,27.34
1780611078.244,227.2,1034,0.0,27.34
1780611078.344,227.2,1034,0.0,27.34
1780611078.445,227.2,1034,0.0,27.34
1780611078.545,227.2,1034,0.0,27.34
1780611078.645,227.2,1034,0.0,27.34
1780611078.752,227.7,1034,48.4,27.34
1780611078.852,227.9,1034,48.4,27.34
1780611078.952,227.9,1034,0.0,1.59
1780611079.053,227.9,1034,0.0,1.59
1780611079.153,227.9,1034,0.0,1.59
1780611079.254,227.9,1034,0.0,1.59
1780611079.354,227.9,1034,0.0,1.59
1780611079.455,227.9,1034,0.0,1.59
1780611079.555,227.9,1034,0.0,1.59
1780611079.655,227.9,1034,0.0,1.59
1780611079.756,227.9,1034,0.0,1.59
1780611079.856,227.9,1034,0.0,1.59
1780611079.956,227.9,1034,0.0,1.59
1780611080.057,227.9,1034,0.0,1.59
1780611080.157,227.9,1034,0.0,1.59
1780611080.258,227.9,1034,0.0,0.96
1780611080.358,227.9,1034,0.0,0.94
1780611080.458,227.9,1034,0.0,0.94
1780611080.559,227.9,1034,0.0,0.94
1780611080.659,227.9,1034,0.0,0.94
1780611080.759,227.9,1034,0.0,0.94
1780611080.860,227.9,1034,0.0,0.94
1780611080.960,227.9,1034,10.0,0.93
1780611081.063,227.9,1034,39.0,0.93
1780611081.171,227.9,1034,94.5,0.96
1780611081.272,227.9,1034,9.7,0.96
1780611081.372,227.9,1034,10.0,0.96
1780611081.473,227.9,1034,0.0,0.96
1780611081.573,227.9,1034,10.0,0.96
1780611081.674,227.9,1034,0.0,0.96
1780611081.774,227.9,1034,0.0,0.96
1780611081.874,227.9,1034,0.0,0.96
1780611081.975,227.9,1034,0.0,0.96
1780611082.075,227.9,1034,0.0,0.96
1780611082.175,227.9,1034,0.0,0.96
1780611082.276,227.9,1034,0.0,0.96
1780611082.376,227.9,1034,59.7,16.07
1780611082.477,227.9,1034,0.0,16.07
1780611082.577,227.9,1034,0.0,16.07
1780611082.678,227.9,1034,0.0,16.07
1780611082.778,227.9,1034,0.0,16.07
1780611082.878,227.9,1034,0.0,16.07
1780611082.979,227.9,1034,0.0,16.07
1780611083.079,227.9,1034,0.0,16.07
1780611083.180,227.9,1034,0.0,16.07
1780611083.280,227.9,1034,0.0,16.07
1780611083.380,227.9,1034,0.0,16.07
1780611083.481,227.9,1034,0.0,16.07
1780611083.581,227.9,1034,0.0,16.07
1780611083.682,227.9,1034,0.0,16.07
1780611083.782,227.9,1034,0.0,16.07
1780611083.882,227.9,1034,0.0,16.07
1780611083.983,227.9,1034,19.9,16.07
1780611084.083,227.9,1034,0.0,16.07
1780611084.184,227.9,1034,10.0,16.07
1780611084.284,227.9,1034,0.0,16.07
1780611084.385,227.9,1034,0.0,16.07
1780611084.485,227.9,1034,0.0,16.07
1780611084.585,227.9,1034,29.8,16.07
1780611084.686,227.9,1034,0.0,16.07
1780611084.786,227.9,1034,0.0,16.07
1780611084.887,227.9,1034,0.0,16.07
1780611084.987,227.9,1034,0.0,16.07
1780611085.087,227.9,1034,0.0,16.07
1780611085.188,227.9,1034,0.0,16.07
1780611085.288,227.9,1034,10.0,16.07
1780611085.389,227.9,1034,0.0,16.07
1780611085.489,227.9,1034,0.0,16.07
1780611085.590,227.9,1034,0.0,16.07
1780611085.690,227.9,1034,0.0,16.07
1780611085.790,227.9,1034,0.0,16.07
1780611085.891,227.9,1034,0.0,16.07
1780611085.991,227.9,1034,10.0,16.07
1780611086.091,227.9,1034,0.0,16.07
1780611086.192,227.9,1034,0.0,16.07
1780611086.292,227.9,1034,0.0,16.07
1780611086.393,227.9,1034,0.0,16.07
1780611086.493,227.9,1034,0.0,16.07
1780611086.593,227.9,1034,29.9,16.07
1780611086.694,227.9,1034,0.0,16.07
1780611086.794,227.9,1034,0.0,16.07
1780611086.895,227.9,1034,0.0,16.07
1780611086.995,227.9,1034,0.0,16.07
1780611087.095,227.9,1034,0.0,16.07
1780611087.196,227.9,1034,0.0,16.07
1780611087.302,227.9,1034,19.3,16.07
1780611087.403,227.9,1034,38.8,16.07
1780611087.503,227.9,1034,0.0,16.07
1780611087.603,227.9,1034,0.0,14.11
1780611087.704,227.9,1034,0.0,14.11
1780611087.804,227.9,1034,0.0,14.11
1780611087.905,227.9,1034,0.0,14.11
1780611088.005,227.9,1034,0.0,14.11
1780611088.106,227.9,1034,0.0,14.11
1780611088.206,227.9,1034,0.0,14.11
1780611088.307,227.9,1034,0.0,14.11
1780611088.408,227.9,1034,0.0,14.11
1780611088.508,227.9,1034,0.0,14.11
1780611088.609,227.9,1034,0.0,14.11
1780611088.709,227.9,1034,0.0,14.11
1780611088.810,227.9,1034,0.0,5.10
1780611088.910,227.9,1034,0.0,5.10
1780611089.011,227.9,1034,0.0,5.10
1780611089.111,227.9,1034,10.0,5.10
1780611089.212,227.9,1034,99.5,7.55
1780611089.312,227.9,1034,0.0,7.55
1780611089.413,227.9,1034,0.0,7.55
1780611089.513,227.9,1034,0.0,7.55
1780611089.613,227.9,1034,0.0,7.55
1780611089.714,227.9,1034,0.0,7.55
1780611089.814,227.9,1034,0.0,7.55
1780611089.914,227.9,1034,0.0,7.55
1780611090.021,228.3,1034,67.7,7.55
1780611090.121,228.5,1034,48.3,14.11
1780611090.222,228.5,1034,0.0,14.11
1780611090.322,228.5,1034,0.0,14.11
1780611090.422,228.5,1034,0.0,14.11
1780611090.523,228.5,1034,0.0,14.11
1780611090.623,228.5,1034,0.0,14.11
1780611090.724,228.5,1034,0.0,14.11
1780611090.824,228.5,1034,0.0,14.11
1780611090.929,228.5,1034,28.6,14.11
1780611091.029,228.5,1034,49.8,28.43
1780611091.130,228.5,1034,0.0,28.43
1780611091.230,228.5,1034,0.0,28.43
1780611091.331,228.5,1034,0.0,28.43
1780611091.431,228.5,1034,0.0,28.43
1780611091.531,228.5,1034,0.0,28.43
1780611091.632,228.5,1034,29.9,28.43
1780611091.732,228.5,1034,0.0,28.43
1780611091.832,228.5,1034,0.0,28.43
1780611091.940,228.5,1034,27.9,28.43
1780611092.040,228.5,1034,29.9,28.43
1780611092.141,228.5,1034,0.0,28.43
1780611092.242,228.5,1034,0.0,28.43
1780611092.342,228.5,1034,0.0,28.43
1780611092.442,228.5,1034,0.0,28.43
1780611092.548,228.5,1034,48.5,28.43
1780611092.649,228.5,1034,9.7,28.43
1780611092.749,228.5,1034,0.0,28.43
1780611092.850,228.5,1034,0.0,28.43
1780611092.950,228.5,1034,0.0,28.43
1780611093.050,228.5,1034,10.0,28.43
1780611093.151,228.5,1034,0.0,28.43
1780611093.251,228.5,1034,0.0,28.43
1780611093.352,228.5,1034,0.0,28.43
1780611093.452,228.5,1034,10.0,28.43
1780611093.553,228.5,1034,0.0,28.43
1780611093.653,228.5,1034,0.0,28.43
1780611093.753,228.5,1034,0.0,28.43
1780611093.854,228.5,1034,0.0,28.43
1780611093.954,228.5,1034,0.0,28.43
1780611094.055,228.5,1034,19.9,28.43
1780611094.155,228.5,1034,0.0,28.43
1780611094.256,228.5,1034,39.8,28.43
1780611094.356,228.5,1034,0.0,28.43
1780611094.457,228.5,1034,0.0,28.43
1780611094.557,228.5,1034,0.0,28.43
1780611094.657,228.5,1034,0.0,28.43
1780611094.758,228.5,1034,0.0,28.43
1780611094.858,228.5,1034,0.0,28.43
1780611094.958,228.5,1034,0.0,28.43
1780611095.059,228.5,1034,0.0,28.43
1780611095.159,228.5,1034,0.0,28.43
1780611095.260,228.5,1034,0.0,28.43
1780611095.360,228.5,1034,0.0,28.43
1780611095.461,228.5,1034,0.0,28.43
1780611095.561,228.5,1034,0.0,28.43
1780611095.662,228.5,1034,0.0,28.43
1780611095.762,228.5,1034,0.0,28.43
1780611095.862,228.5,1034,10.0,28.43
1780611095.963,228.5,1034,0.0,28.43
1780611096.063,228.5,1034,0.0,28.43
1780611096.164,228.5,1034,0.0,28.43
1780611096.264,228.5,1034,0.0,28.43
1780611096.365,228.5,1034,0.0,28.43
1780611096.465,228.5,1034,0.0,28.43
1780611096.565,228.5,1034,0.0,9.88
1780611096.666,228.5,1034,10.0,9.88
1780611096.766,228.6,1034,0.0,9.88
1780611096.867,228.6,1034,0.0,9.88
1780611096.973,228.6,1034,28.8,9.88
1780611097.074,228.6,1034,77.4,14.99
1780611097.175,228.6,1034,0.0,14.99
1780611097.275,228.6,1034,0.0,14.99
1780611097.376,228.6,1034,0.0,14.99
1780611097.476,228.6,1034,0.0,9.88
1780611097.576,228.6,1034,10.0,9.88
1780611097.683,228.6,1034,19.3,9.88
1780611097.783,228.6,1034,9.7,9.88
1780611097.884,228.6,1034,0.0,9.88
1780611097.984,228.6,1034,0.0,9.88
1780611098.085,228.6,1034,29.8,9.88
1780611098.186,228.6,1034,0.0,9.88
1780611098.286,228.6,1034,0.0,9.88
1780611098.387,228.6,1034,9.9,9.88
1780611098.488,228.6,1034,49.7,14.99
1780611098.588,228.6,1034,0.0,14.99
1780611098.688,228.6,1034,0.0,14.99
1780611098.789,228.6,1034,0.0,14.99
1780611098.889,228.6,1034,0.0,14.99
1780611098.990,228.6,1034,0.0,14.99
1780611099.090,228.6,1034,0.0,14.99
1780611099.191,228.6,1034,0.0,14.99
1780611099.291,228.6,1034,0.0,14.99
1780611099.392,228.6,1034,10.0,14.99
1780611099.492,228.6,1034,0.0,14.99
1780611099.592,228.6,1034,0.0,14.99
1780611099.693,228.6,1034,0.0,14.99
1780611099.793,228.6,1034,0.0,14.99
1780611099.894,228.6,1034,0.0,14.99
1780611099.994,228.6,1034,0.0,14.99
1780611100.094,228.6,1034,0.0,14.99
1780611100.195,228.6,1034,0.0,14.99
1780611100.295,228.6,1034,0.0,14.99
1780611100.396,228.6,1034,0.0,14.99
1780611100.496,228.6,1034,0.0,14.99
1780611100.596,228.6,1034,0.0,14.99
1780611100.697,228.6,1034,0.0,14.99
1780611100.797,228.6,1034,0.0,14.99
1780611100.898,228.6,1034,0.0,14.99
1780611100.998,228.6,1034,0.0,14.99
1780611101.098,228.6,1034,0.0,14.99
1780611101.199,228.6,1034,0.0,14.99
1780611101.299,228.6,1034,0.0,14.99
1780611101.400,228.6,1034,0.0,14.99
1780611101.500,228.6,1034,0.0,14.99
1780611101.600,228.6,1034,0.0,14.99
1780611101.701,228.6,1034,0.0,14.99
1780611101.807,228.6,1034,28.3,14.99
1780611101.907,228.6,1034,0.0,14.99
1780611102.008,228.6,1034,0.0,14.99
1780611102.108,228.6,1034,0.0,14.99
1780611102.208,228.6,1034,0.0,14.99
1780611102.309,228.6,1034,0.0,14.99
1780611102.416,228.6,1034,28.7,14.99
1780611102.517,228.6,1034,0.0,14.99
1780611102.617,228.6,1034,0.0,14.99
1780611102.717,228.6,1034,0.0,14.99
1780611102.818,228.6,1034,0.0,14.99
1780611102.918,228.6,1034,0.0,14.99
1780611103.019,228.6,1034,19.9,14.99
1780611103.119,228.6,1034,9.9,14.99
1780611103.220,228.6,1034,0.0,14.99
1780611103.320,228.6,1034,0.0,14.99
1780611103.420,228.6,1034,0.0,14.99
1780611103.521,228.6,1034,0.0,3.68
1780611103.621,228.6,1034,0.0,3.68
1780611103.721,228.6,1034,0.0,3.68
1780611103.822,228.6,1034,0.0,3.68
1780611103.922,228.6,1034,0.0,3.68
1780611104.023,228.6,1034,29.9,3.68
1780611104.123,228.6,1034,0.0,3.68
1780611104.224,228.6,1034,0.0,3.68
1780611104.324,228.6,1034,39.8,3.68
1780611104.424,228.6,1034,10.0,3.68
1780611104.525,228.6,1034,10.0,3.68
1780611104.625,228.6,1034,0.0,3.68
1780611104.726,228.6,1034,0.0,3.68
1780611104.826,228.6,1034,0.0,3.68
1780611104.926,228.6,1034,0.0,1.63
1780611105.027,228.6,1034,0.0,1.63
1780611105.127,228.6,1034,0.0,1.63
1780611105.228,228.6,1034,0.0,1.63
1780611105.328,228.6,1034,0.0,1.63
1780611105.428,228.6,1034,0.0,1.63
1780611105.529,228.6,1034,0.0,1.63
1780611105.629,228.6,1034,0.0,1.63
1780611105.730,228.6,1034,0.0,1.63
1780611105.830,228.6,1034,0.0,1.63
1780611105.938,228.7,1034,28.6,1.63
1780611106.038,228.7,1034,77.4,3.68
1780611106.139,228.7,1034,0.0,3.68
1780611106.239,228.7,1034,10.0,3.68
1780611106.340,228.9,1034,10.0,3.68
1780611106.440,228.9,1034,0.0,3.68
1780611106.541,228.9,1034,0.0,3.68
1780611106.641,228.9,1034,0.0,3.68
1780611106.741,228.9,1034,79.7,19.33
1780611106.842,228.9,1034,0.0,19.33
1780611106.942,228.9,1034,10.0,19.33
1780611107.042,228.9,1034,0.0,19.33
1780611107.143,228.9,1034,0.0,19.33
1780611107.243,228.9,1034,29.9,19.33
1780611107.344,228.9,1034,0.0,19.33
1780611107.444,228.9,1034,0.0,19.33
1780611107.545,228.9,1034,0.0,19.33
1780611107.645,228.9,1034,0.0,19.33
1780611107.745,228.9,1034,10.0,19.33
1780611107.846,228.9,1034,59.7,19.33
1780611107.946,228.9,1034,0.0,19.33
1780611108.047,228.9,1034,0.0,19.33
1780611108.156,228.9,1034,36.8,19.33
1780611108.256,228.9,1034,59.7,19.33
1780611108.357,228.9,1034,0.0,19.33
1780611108.457,228.9,1034,0.0,19.33
1780611108.557,228.9,1034,0.0,19.33
1780611108.658,228.9,1034,0.0,19.33
1780611108.758,228.9,1034,0.0,19.33
1780611108.859,228.9,1034,0.0,19.33
1780611108.959,228.9,1034,0.0,19.33
1780611109.059,228.9,1034,10.0,19.33
1780611109.160,228.9,1034,0.0,19.33
1780611109.260,228.9,1034,0.0,19.33
1780611109.361,228.9,1034,0.0,19.33
1780611109.461,228.9,1034,0.0,19.33
1780611109.562,228.9,1034,0.0,19.33
1780611109.662,228.9,1034,0.0,19.33
1780611109.762,228.9,1034,0.0,19.33
1780611109.863,228.9,1034,10.0,19.33
1780611109.963,228.9,1034,0.0,19.33
1780611110.063,228.9,1034,0.0,19.33
1780611110.164,228.9,1034,0.0,19.33
1780611110.264,228.9,1034,0.0,19.33
1780611110.365,228.9,1034,0.0,19.33
1780611110.465,228.9,1034,0.0,19.33
1780611110.566,228.9,1034,0.0,19.33
1780611110.666,228.9,1034,0.0,19.33
1780611110.772,228.9,1034,18.8,19.33
1780611110.873,228.9,1034,10.0,19.33
1780611110.973,228.9,1034,49.8,19.33
1780611111.074,228.9,1034,0.0,19.33
1780611111.174,228.9,1034,0.0,19.33
1780611111.274,228.9,1034,0.0,19.33
1780611111.375,228.9,1034,0.0,19.33
1780611111.475,228.9,1034,10.0,19.33
1780611111.576,228.9,1034,0.0,19.33
1780611111.676,228.9,1034,0.0,19.33
1780611111.776,228.9,1034,0.0,19.33
1780611111.877,228.9,1034,0.0,19.33
1780611111.977,228.9,1034,10.0,19.33
1780611112.077,228.9,1034,0.0,19.33
1780611112.178,228.9,1034,10.0,19.33
1780611112.278,228.9,1034,0.0,19.33
1780611112.379,228.9,1034,0.0,19.33
1780611112.479,228.9,1034,0.0,5.64
1780611112.579,228.9,1034,0.0,5.64
1780611112.680,228.9,1034,0.0,5.64
1780611112.780,228.9,1034,10.0,5.64
1780611112.881,228.9,1034,39.8,5.64
1780611112.981,228.9,1034,0.0,5.64
1780611113.082,228.9,1034,0.0,5.64
1780611113.182,228.9,1034,0.0,3.25
1780611113.286,228.9,1034,48.2,3.25
1780611113.387,228.9,1034,59.5,5.64
1780611113.487,228.9,1034,19.9,5.64
1780611113.587,228.9,1034,0.0,5.64
1780611113.688,228.9,1034,0.0,5.64
1780611113.788,228.9,1034,0.0,5.64
1780611113.889,228.9,1034,0.0,5.64
1780611113.989,228.9,1034,0.0,5.64
1780611114.090,228.9,1034,10.0,5.64
1780611114.190,228.9,1034,0.0,5.64
1780611114.291,228.9,1034,0.0,3.25
1780611114.391,228.9,1034,0.0,3.25
1780611114.491,228.9,1034,0.0,3.25
1780611114.592,228.9,1034,0.0,3.25
1780611114.692,228.9,1034,0.0,3.25
1780611114.793,228.9,1034,0.0,3.25
1780611114.893,228.9,1034,10.0,3.25
1780611114.994,228.9,1034,0.0,3.25
1780611115.094,228.9,1034,0.0,3.25
1780611115.195,228.9,1034,0.0,3.25
1780611115.295,228.9,1034,0.0,3.25
1780611115.396,228.9,1034,0.0,3.25
1780611115.496,228.9,1034,0.0,3.25
1780611115.596,228.9,1034,0.0,3.25
1780611115.697,228.9,1034,0.0,3.25
1780611115.797,228.9,1034,0.0,3.25
1780611115.898,228.9,1034,0.0,3.25
1780611115.998,228.9,1034,0.0,3.25
1780611116.098,228.9,1034,0.0,3.25
1780611116.199,228.9,1034,0.0,3.25
1780611116.299,228.9,1034,0.0,3.25
1780611116.400,228.9,1034,10.0,3.25
1780611116.500,228.9,1034,0.0,3.25
1780611116.600,228.9,1034,0.0,3.25
1780611116.701,228.9,1034,0.0,3.25
1780611116.801,228.9,1034,0.0,3.25
1780611116.902,228.9,1034,0.0,3.25
1780611117.002,228.9,1034,0.0,3.25
1780611117.102,228.9,1034,0.0,3.25
1780611117.203,228.9,1034,0.0,3.25
1780611117.303,228.9,1034,0.0,3.25
1780611117.404,228.9,1034,0.0,1.15
1780611117.504,228.9,1034,0.0,1.15
1780611117.604,228.9,1034,10.0,1.15
1780611117.705,228.9,1034,0.0,1.15
1780611117.805,228.9,1034,0.0,1.15
1780611117.906,228.9,1034,0.0,1.15
1780611118.006,228.9,1034,0.0,1.15
1780611118.107,228.9,1034,0.0,1.15
1780611118.208,228.9,1034,39.7,1.15
1780611118.308,228.9,1034,0.0,1.15
1780611118.409,228.9,1034,0.0,1.15
1780611118.509,228.9,1034,0.0,1.15
1780611118.610,228.9,1034,0.0,1.15
1780611118.710,228.9,1034,0.0,1.15
1780611118.810,228.9,1034,0.0,1.15
1780611118.911,228.9,1034,0.0,1.15
1780611119.011,229.0,1034,39.8,11.00
1780611119.112,229.0,1034,19.9,11.00
1780611119.212,229.0,1034,0.0,11.00
1780611119.313,229.0,1034,0.0,11.00
1780611119.413,229.0,1034,0.0,11.00
1780611119.513,229.0,1034,0.0,11.00
1780611119.614,229.0,1034,0.0,11.00
1780611119.714,229.0,1034,0.0,11.00
1780611119.814,229.0,1034,0.0,1.15
1780611119.915,229.0,1034,0.0,1.15
1780611120.021,229.0,1034,56.3,1.15
1780611120.125,229.0,1034,28.9,1.15
1780611120.225,229.0,1034,0.0,1.15
1780611120.326,229.0,1034,0.0,1.15
1780611120.435,229.0,1034,94.1,16.47
1780611120.536,229.0,1034,9.7,16.47
1780611120.636,229.0,1034,10.0,16.47
1780611120.737,229.0,1034,0.0,16.47
1780611120.837,229.0,1034,0.0,16.47
1780611120.937,229.0,1034,0.0,16.47
1780611121.038,229.0,1034,0.0,16.47
1780611121.138,229.0,1034,0.0,16.47
1780611121.239,229.0,1034,0.0,16.47
1780611121.339,229.0,1034,0.0,16.47
1780611121.440,229.0,1034,0.0,16.47
1780611121.540,229.0,1034,0.0,16.47
1780611121.640,229.0,1034,49.8,16.47
1780611121.741,229.0,1034,0.0,16.47
1780611121.841,229.0,1034,0.0,16.47
1780611121.942,229.0,1034,0.0,16.47
1780611122.042,229.0,1034,0.0,16.47
1780611122.143,229.0,1034,39.8,16.47
1780611122.243,229.0,1034,0.0,16.47
1780611122.344,229.0,1034,0.0,16.47
1780611122.444,229.0,1034,0.0,16.47
1780611122.544,229.0,1034,0.0,16.47
1780611122.645,229.0,1034,0.0,16.47
1780611122.745,229.0,1034,0.0,16.47
1780611122.845,229.0,1034,0.0,16.47
1780611122.946,229.0,1034,0.0,16.47
1780611123.046,229.0,1034,0.0,16.47
1780611123.147,229.0,1034,0.0,16.47
1780611123.254,229.0,1034,104.9,16.47
1780611123.355,229.0,1034,38.7,16.47
1780611123.455,229.0,1034,0.0,16.47
1780611123.556,229.0,1034,0.0,16.47
1780611123.656,229.0,1034,0.0,16.47
1780611123.756,229.0,1034,0.0,16.47
1780611123.857,229.0,1034,0.0,16.47
1780611123.957,229.0,1034,0.0,16.47
1780611124.058,229.0,1034,0.0,16.47
1780611124.158,229.0,1034,0.0,16.47
1780611124.259,229.0,1034,0.0,16.47
1780611124.359,229.0,1034,0.0,16.47
1780611124.460,229.0,1034,0.0,16.47
1780611124.560,229.0,1034,0.0,16.47
1780611124.660,229.0,1034,0.0,16.47
1780611124.761,229.0,1034,0.0,16.47
1780611124.861,229.0,1034,0.0,16.47
1780611124.961,229.0,1034,0.0,16.47
1780611125.062,229.0,1034,0.0,16.47
1780611125.162,229.0,1034,0.0,16.47
1780611125.263,229.0,1034,0.0,16.47
1780611125.363,229.0,1034,0.0,16.47
1780611125.464,229.0,1034,0.0,15.26
1780611125.564,229.0,1034,10.0,15.26
1780611125.664,229.0,1034,0.0,15.26
1780611125.765,229.0,1034,0.0,15.26
1780611125.865,229.0,1034,0.0,15.26
1780611125.966,229.0,1034,0.0,15.26
1780611126.073,229.0,1034,48.0,15.26
1780611126.173,229.0,1034,38.7,15.26
1780611126.274,229.0,1034,0.0,15.26
1780611126.374,229.0,1034,0.0,15.26
1780611126.474,229.0,1034,0.0,15.26
1780611126.575,229.0,1034,0.0,15.26
1780611126.675,229.0,1034,0.0,15.26
1780611126.776,229.1,1034,19.9,15.26
1780611126.876,229.1,1034,0.0,2.96
1780611126.976,229.1,1034,0.0,2.96
1780611127.077,229.1,1034,0.0,2.96
1780611127.177,229.1,1034,0.0,2.96
1780611127.278,229.1,1034,0.0,2.96
1780611127.378,229.1,1034,0.0,2.96
1780611127.479,229.1,1034,0.0,2.96
1780611127.579,229.1,1034,0.0,2.96
1780611127.679,229.1,1034,10.0,2.96
1780611127.780,229.1,1034,0.0,2.96
1780611127.880,229.1,1034,0.0,2.96
1780611127.981,229.1,1034,0.0,2.96
1780611128.081,229.1,1034,10.0,2.09
1780611128.185,229.2,1034,77.2,15.26
1780611128.285,229.2,1034,29.8,15.26
1780611128.386,229.2,1034,0.0,15.26
1780611128.486,229.2,1034,0.0,15.26
1780611128.587,229.2,1034,0.0,15.26
1780611128.687,229.2,1034,0.0,15.26
1780611128.787,229.2,1034,0.0,15.26
1780611128.888,229.2,1034,0.0,15.26
1780611128.988,229.2,1034,0.0,15.26
1780611129.088,229.2,1034,0.0,15.26
1780611129.189,229.2,1034,0.0,15.26
1780611129.289,229.2,1034,0.0,15.26
1780611129.390,229.2,1034,0.0,15.26
1780611129.490,229.2,1034,0.0,15.26
1780611129.590,229.2,1034,0.0,15.26
1780611129.691,229.2,1034,0.0,1.70
1780611129.791,229.2,1034,0.0,1.70
1780611129.891,229.2,1034,0.0,1.70
1780611129.992,229.2,1034,0.0,1.70
1780611130.092,229.2,1034,0.0,1.70
1780611130.193,229.2,1034,0.0,1.70
1780611130.293,229.2,1034,0.0,1.70
1780611130.393,229.2,1034,0.0,1.70
1780611130.494,229.2,1034,0.0,1.70
1780611130.594,229.2,1034,0.0,1.70
1780611130.694,229.2,1034,0.0,1.70
1780611130.795,229.2,1034,0.0,1.70
1780611130.895,229.2,1034,0.0,1.70
1780611130.996,229.2,1034,0.0,1.70
1780611131.096,229.2,1034,0.0,1.70
1780611131.196,229.2,1034,0.0,1.70
1780611131.297,229.2,1034,0.0,1.70
1780611131.397,229.2,1034,0.0,1.70
1780611131.498,229.2,1034,19.9,1.70
1780611131.598,229.2,1034,0.0,1.70
1780611131.698,229.2,1034,0.0,1.70
1780611131.799,229.2,1034,29.9,1.70
1780611131.899,229.2,1034,19.9,1.70
1780611132.000,229.2,1034,0.0,1.70
1780611132.100,229.2,1034,0.0,1.70
1780611132.200,229.2,1034,10.0,1.70
1780611132.301,229.2,1034,0.0,1.70
1780611132.401,229.2,1034,0.0,1.70
1780611132.501,229.2,1034,0.0,1.70
1780611132.602,229.2,1034,0.0,1.70
1780611132.702,229.2,1034,0.0,1.70
1780611132.802,229.2,1034,0.0,1.70
1780611132.903,229.2,1034,0.0,1.70
1780611133.003,229.2,1034,0.0,1.70
1780611133.104,229.2,1034,0.0,1.70
1780611133.208,229.2,1034,9.5,1.70
1780611133.309,229.2,1034,10.0,1.70
1780611133.409,229.2,1034,0.0,1.70
1780611133.510,229.2,1034,0.0,1.70
1780611133.610,229.2,1034,0.0,1.70
1780611133.714,229.2,1034,19.2,1.70
1780611133.815,229.2,1034,59.7,2.10
1780611133.915,229.2,1034,0.0,2.10
1780611134.015,229.2,1034,0.0,2.10
1780611134.123,229.2,1034,18.5,2.10
1780611134.224,229.2,1034,19.9,2.10
1780611134.330,229.2,1034,29.1,2.10
1780611134.430,229.2,1034,19.4,2.10
1780611134.531,229.2,1034,0.0,2.10
1780611134.631,229.2,1034,0.0,1.25
1780611134.731,229.2,1034,0.0,1.25
1780611134.832,229.2,1034,0.0,1.25
1780611134.932,229.2,1034,0.0,1.25
1780611135.032,229.2,1034,0.0,1.25
1780611135.133,229.2,1034,0.0,1.25
1780611135.233,229.2,1034,0.0,1.25
1780611135.334,229.2,1034,9.9,1.25
1780611135.434,229.2,1034,0.0,1.25
1780611135.535,229.2,1034,0.0,1.25
1780611135.635,229.2,1034,0.0,1.25
1780611135.735,229.2,1034,0.0,1.25
1780611135.836,229.2,1034,69.7,2.10
1780611135.936,229.2,1034,0.0,2.10
1780611136.037,229.2,1034,0.0,2.10
1780611136.137,229.2,1034,0.0,2.10
1780611136.237,229.2,1034,19.9,2.10
1780611136.338,229.2,1034,0.0,2.10
1780611136.438,229.2,1034,0.0,2.10
1780611136.539,229.2,1034,0.0,2.10
1780611136.639,229.2,1034,0.0,2.10
1780611136.739,229.2,1034,0.0,2.10
1780611136.840,229.2,1034,0.0,2.10
1780611136.946,229.2,1034,18.8,2.10
1780611137.046,229.2,1034,99.6,18.95
1780611137.147,229.2,1034,0.0,18.95
1780611137.247,229.2,1034,0.0,18.95
1780611137.348,229.2,1034,0.0,18.95
1780611137.448,229.2,1034,0.0,18.95
1780611137.549,229.2,1034,10.0,18.95
1780611137.649,229.2,1034,0.0,18.95
1780611137.755,229.2,1034,37.7,20.21
1780611137.855,229.2,1034,0.0,20.21
1780611137.956,229.2,1034,0.0,20.21
