t,rss_mb,num_fds,cpu_pct,loop_lag_p99_ms
1780611284.307,129.1,10,0.0,0.00
1780611284.408,129.5,26,9.9,100.41
1780611284.508,129.5,26,0.0,0.13
1780611284.608,129.5,26,0.0,0.13
1780611284.708,129.5,26,0.0,0.13
1780611284.808,129.5,26,0.0,0.13
1780611284.908,129.5,26,0.0,0.13
1780611285.008,129.5,26,0.0,0.13
1780611285.108,129.5,26,0.0,0.13
1780611285.208,129.5,26,0.0,0.13
1780611285.309,129.5,26,0.0,0.13
1780611285.409,129.5,26,0.0,0.13
1780611285.509,129.5,26,0.0,0.13
1780611285.609,129.5,26,0.0,0.13
1780611285.709,129.5,26,0.0,0.13
1780611285.809,129.5,26,0.0,0.13
1780611285.909,129.5,26,0.0,0.13
1780611286.009,129.5,26,0.0,0.13
1780611286.109,129.5,26,0.0,0.13
1780611286.210,129.5,26,0.0,0.13
1780611286.310,129.5,26,0.0,0.13
1780611286.410,129.5,26,0.0,0.13
1780611286.510,129.5,26,0.0,0.13
1780611286.610,129.5,26,0.0,0.13
1780611286.710,129.5,26,0.0,0.13
1780611286.810,129.5,26,0.0,0.13
1780611286.911,129.5,26,0.0,0.13
1780611287.011,129.5,26,0.0,0.14
1780611287.111,129.5,26,0.0,0.14
1780611287.211,129.5,26,0.0,0.14
1780611287.311,129.5,26,0.0,0.14
1780611287.411,129.5,26,0.0,0.14
1780611287.511,129.5,26,0.0,0.14
1780611287.612,129.5,26,0.0,0.14
1780611287.712,129.5,26,0.0,0.14
1780611287.812,129.5,26,0.0,0.14
1780611287.912,129.5,26,0.0,0.14
1780611288.012,129.5,26,0.0,0.14
1780611288.112,129.5,26,0.0,0.14
1780611288.212,129.5,26,0.0,0.14
1780611288.312,129.5,26,0.0,0.14
1780611288.413,129.5,26,0.0,0.14
1780611288.513,129.5,26,0.0,0.14
1780611288.613,129.5,26,0.0,0.14
1780611288.713,129.5,26,0.0,0.14
1780611288.813,129.5,26,0.0,0.14
1780611288.913,129.5,26,0.0,0.14
1780611289.013,129.5,26,0.0,0.15
1780611289.114,129.5,26,0.0,0.15
1780611289.214,129.5,26,0.0,0.15
1780611289.314,129.5,26,0.0,0.15
1780611289.414,129.5,26,10.0,0.15
1780611289.514,129.5,26,0.0,0.15
1780611289.614,129.5,26,0.0,0.15
1780611289.714,129.5,26,0.0,0.15
1780611289.815,129.5,26,0.0,0.15
1780611289.915,129.5,26,0.0,0.15
1780611290.015,129.5,26,0.0,0.15
1780611290.115,129.5,26,0.0,0.15
1780611290.215,129.5,26,0.0,0.15
1780611290.315,129.5,26,0.0,0.15
1780611290.416,129.5,26,0.0,0.15
1780611290.516,129.5,26,0.0,0.15
1780611290.616,129.5,26,0.0,0.15
1780611290.853,174.2,26,96.8,100.41
1780611290.953,131.6,26,0.0,0.39
1780611291.054,131.6,26,0.0,0.39
1780611291.154,131.6,26,0.0,0.39
1780611291.254,131.6,26,0.0,0.39
1780611291.354,131.6,26,0.0,0.39
1780611291.454,131.6,26,0.0,0.39
1780611291.554,131.6,26,0.0,0.39
1780611291.654,131.6,26,0.0,0.39
1780611291.754,131.6,26,0.0,0.39
1780611291.855,131.6,26,0.0,0.39
1780611291.955,131.6,26,0.0,0.39
1780611292.055,131.6,26,0.0,0.39
1780611292.155,131.6,26,0.0,0.39
1780611292.255,131.6,26,0.0,0.39
1780611292.355,131.6,26,0.0,0.39
1780611292.455,131.6,26,0.0,0.39
1780611292.555,131.6,26,0.0,0.39
1780611292.655,131.6,26,0.0,0.39
1780611292.756,131.6,26,0.0,0.39
1780611292.856,131.6,26,0.0,0.39
1780611292.956,131.6,26,0.0,0.39
1780611293.056,131.6,26,0.0,0.39
1780611293.156,131.6,26,0.0,0.39
1780611293.256,131.6,26,0.0,0.39
1780611293.357,131.6,26,0.0,0.39
1780611293.457,131.6,26,0.0,0.39
1780611293.557,131.6,26,0.0,0.39
1780611293.657,131.6,26,0.0,0.39
1780611293.757,131.6,26,0.0,0.39
1780611293.857,131.6,26,10.0,0.39
1780611293.957,131.6,26,0.0,0.39
1780611294.058,131.6,26,0.0,0.39
1780611294.158,131.6,26,0.0,0.39
1780611294.258,131.6,26,0.0,0.39
1780611294.358,131.6,26,0.0,0.39
1780611294.458,131.6,26,0.0,0.39
1780611294.558,131.6,26,0.0,0.39
1780611294.658,131.6,26,0.0,0.39
1780611294.759,131.6,26,0.0,0.39
1780611294.859,131.6,26,0.0,0.39
1780611294.959,131.6,26,0.0,0.39
1780611295.059,131.6,26,0.0,0.39
1780611295.159,131.6,26,0.0,0.39
1780611295.259,131.6,26,0.0,0.39
1780611295.359,131.6,26,0.0,0.39
1780611295.459,131.6,26,0.0,0.39
1780611295.560,131.6,26,0.0,0.39
1780611295.660,131.6,26,0.0,0.39
1780611295.760,131.6,26,0.0,0.39
1780611295.860,131.6,26,0.0,0.39
1780611295.960,131.6,26,0.0,0.39
1780611296.060,131.6,26,0.0,0.39
1780611296.160,131.6,26,0.0,0.39
1780611296.261,131.6,26,0.0,0.39
1780611296.361,131.6,26,0.0,0.39
1780611296.461,131.6,26,0.0,0.39
1780611296.561,131.6,26,0.0,0.39
1780611296.661,131.6,26,0.0,0.39
1780611296.761,131.6,26,0.0,0.39
1780611296.862,131.6,26,0.0,0.39
1780611296.962,131.6,26,0.0,0.39
1780611297.062,131.6,26,0.0,0.39
1780611297.162,131.6,26,0.0,0.39
1780611297.262,131.6,26,0.0,0.33
1780611297.362,131.6,26,0.0,0.14
1780611297.462,131.6,26,0.0,0.14
1780611297.562,131.6,26,0.0,0.14
1780611297.663,131.6,26,0.0,0.14
1780611297.763,131.6,26,0.0,0.14
1780611297.863,131.6,26,0.0,0.14
1780611297.963,131.6,26,0.0,0.14
1780611298.063,152.0,26,10.0,0.33
1780611298.163,152.0,26,0.0,0.33
1780611298.264,152.0,26,0.0,0.33
1780611298.364,152.0,26,0.0,0.33
1780611298.464,152.0,26,0.0,0.33
1780611298.564,152.0,26,0.0,0.33
1780611298.664,152.0,26,0.0,0.33
1780611298.764,152.0,26,0.0,0.33
1780611298.865,152.0,26,0.0,0.33
1780611298.965,152.0,26,0.0,0.33
1780611299.065,152.0,26,0.0,0.33
1780611299.165,152.0,26,0.0,0.33
1780611299.265,152.0,26,0.0,0.33
1780611299.365,152.0,26,0.0,0.33
1780611299.614,173.3,26,92.3,0.84
1780611299.714,130.7,26,0.0,0.84
1780611299.815,130.7,26,0.0,0.84
1780611299.915,130.7,26,0.0,0.84
1780611300.015,130.7,26,0.0,0.84
1780611300.115,130.7,26,0.0,0.84
1780611300.215,130.7,26,0.0,0.84
1780611300.315,130.7,26,0.0,0.84
1780611300.415,130.7,26,0.0,0.84
1780611300.516,130.7,26,0.0,0.84
1780611300.616,130.7,26,0.0,0.84
1780611300.716,130.7,26,0.0,0.84
1780611300.816,130.7,26,0.0,0.84
1780611300.916,130.7,26,0.0,0.84
1780611301.016,130.7,26,0.0,0.84
1780611301.116,130.7,26,0.0,0.84
1780611301.217,130.7,26,0.0,0.84
1780611301.317,130.7,26,0.0,0.84
1780611301.417,130.7,26,0.0,0.84
1780611301.517,130.7,26,0.0,0.84
1780611301.617,130.7,26,0.0,0.84
1780611301.717,130.7,26,0.0,0.84
1780611301.817,130.7,26,0.0,0.84
1780611301.917,130.7,26,0.0,0.84
1780611302.018,130.7,26,0.0,0.84
1780611302.118,130.7,26,0.0,0.84
1780611302.218,130.7,26,0.0,0.84
1780611302.318,130.7,26,0.0,0.84
1780611302.418,130.7,26,0.0,0.84
1780611302.518,130.7,26,0.0,0.84
1780611302.618,130.7,26,0.0,0.84
1780611302.718,130.7,26,0.0,0.84
1780611302.819,130.7,26,0.0,0.84
1780611302.919,130.7,26,0.0,0.84
1780611303.019,130.7,26,0.0,0.84
1780611303.119,130.7,26,0.0,0.84
1780611303.219,130.7,26,0.0,0.84
1780611303.319,130.7,26,0.0,0.84
1780611303.419,130.7,26,0.0,0.84
1780611303.519,130.7,26,0.0,0.84
1780611303.620,130.7,26,0.0,0.84
1780611303.720,130.7,26,0.0,0.84
1780611303.820,130.7,26,0.0,0.84
1780611303.920,130.7,26,0.0,0.84
1780611304.020,130.7,26,0.0,0.84
1780611304.120,130.7,26,0.0,0.84
1780611304.220,130.7,26,0.0,0.84
1780611304.321,130.7,26,0.0,0.84
1780611304.421,130.7,26,0.0,0.84
1780611304.521,130.7,26,0.0,0.84
1780611304.621,130.7,26,0.0,0.34
1780611304.721,130.7,26,0.0,0.34
1780611304.821,130.7,26,0.0,0.34
1780611304.921,130.7,26,0.0,0.34
1780611305.021,130.7,26,0.0,0.34
1780611305.122,130.7,26,0.0,0.34
1780611305.222,130.7,26,0.0,0.34
1780611305.322,130.7,26,0.0,0.34
1780611305.422,130.7,26,0.0,0.34
1780611305.522,130.7,26,0.0,0.34
1780611305.622,130.7,26,0.0,0.34
1780611305.722,130.7,26,10.0,0.34
1780611305.822,130.7,26,0.0,0.34
1780611305.923,130.7,26,0.0,0.34
1780611306.023,130.7,26,0.0,0.32
1780611306.123,130.7,26,0.0,0.14
1780611306.223,130.7,26,0.0,0.13
1780611306.323,130.7,26,0.0,0.13
1780611306.423,130.7,26,0.0,0.13
1780611306.523,130.7,26,0.0,0.13
1780611306.624,130.7,26,0.0,0.20
1780611306.724,130.7,26,0.0,0.20
1780611306.824,130.7,26,0.0,0.20
1780611306.924,130.7,26,0.0,0.20
1780611307.024,130.7,26,0.0,0.20
1780611307.124,130.7,26,0.0,0.20
1780611307.224,130.7,26,0.0,0.20
1780611307.325,130.7,26,0.0,0.20
1780611307.425,130.7,26,0.0,0.20
1780611307.525,130.7,26,0.0,0.20
1780611307.625,130.7,26,0.0,0.20
1780611307.725,130.7,26,0.0,0.20
1780611307.825,130.7,26,0.0,0.20
1780611307.925,130.7,26,0.0,0.20
1780611308.025,130.7,26,0.0,0.20
1780611308.126,130.7,26,0.0,0.20
1780611308.226,130.7,26,0.0,0.20
1780611308.326,130.7,26,0.0,0.20
1780611308.426,130.7,26,0.0,0.20
1780611308.526,130.7,26,0.0,0.20
1780611308.626,130.7,26,0.0,0.20
1780611308.726,130.7,26,0.0,0.20
1780611308.827,130.7,26,0.0,0.20
1780611308.927,130.7,26,0.0,0.20
1780611309.027,130.7,26,0.0,0.20
1780611309.127,130.7,26,0.0,0.20
1780611309.227,130.7,26,0.0,0.20
1780611309.327,130.7,26,0.0,0.20
1780611309.427,130.7,26,0.0,0.20
1780611309.527,130.7,26,0.0,0.20
1780611309.628,130.7,26,0.0,0.20
1780611309.728,130.7,26,0.0,0.20
1780611309.828,130.7,26,0.0,0.20
1780611309.928,130.7,26,0.0,0.20
1780611310.028,130.7,26,0.0,0.20
1780611310.128,130.7,26,0.0,0.20
1780611310.228,130.7,26,0.0,0.20
1780611310.329,130.7,26,0.0,0.20
1780611310.429,130.7,26,0.0,0.20
1780611310.529,130.7,26,0.0,0.20
1780611310.629,130.7,26,0.0,0.20
1780611310.729,130.7,26,0.0,0.14
1780611310.829,130.7,26,0.0,0.14
1780611310.929,130.7,26,0.0,0.14
1780611311.029,130.7,26,0.0,0.14
1780611311.130,151.0,26,10.0,0.20
1780611311.230,151.0,26,0.0,0.20
1780611311.330,151.0,26,0.0,0.20
1780611311.430,151.0,26,0.0,0.20
1780611311.530,151.0,26,0.0,0.20
1780611311.630,151.0,26,0.0,0.20
1780611311.730,151.0,26,0.0,0.20
1780611311.831,151.0,26,0.0,0.20
1780611311.931,151.0,26,0.0,0.20
1780611312.031,151.0,26,0.0,0.20
1780611312.131,151.0,26,0.0,0.20
1780611312.231,151.0,26,0.0,0.20
1780611312.331,151.0,26,0.0,0.20
1780611312.431,151.0,26,0.0,0.20
1780611312.679,174.3,26,93.1,1.02
1780611312.779,131.7,26,0.0,1.02
1780611312.879,131.7,26,0.0,1.02
1780611312.979,131.7,26,0.0,1.02
1780611313.079,131.7,26,0.0,1.02
1780611313.179,131.7,26,0.0,1.02
1780611313.279,131.7,26,0.0,1.02
1780611313.380,131.7,26,10.0,1.02
1780611313.480,131.7,26,0.0,1.02
1780611313.580,131.7,26,0.0,1.02
1780611313.680,131.7,26,0.0,1.02
1780611313.780,131.7,26,0.0,1.02
1780611313.880,131.7,26,0.0,1.02
1780611313.981,166.1,26,20.0,1.02
1780611314.081,166.1,26,0.0,1.02
1780611314.181,166.1,26,0.0,1.02
1780611314.281,166.1,26,0.0,1.02
1780611314.381,166.1,26,0.0,1.02
1780611314.481,166.1,26,0.0,1.30
1780611314.581,166.1,26,0.0,1.30
1780611314.681,166.1,26,0.0,1.30
1780611314.968,132.7,26,76.8,147.62
1780611315.068,132.7,26,0.0,147.62
1780611315.168,132.7,26,0.0,147.62
1780611315.268,132.7,26,0.0,147.62
1780611315.368,132.7,26,0.0,147.62
1780611315.469,132.7,26,0.0,147.62
1780611315.569,132.7,26,0.0,147.62
1780611315.669,132.7,26,0.0,147.62
1780611315.769,132.7,26,0.0,147.62
1780611315.869,132.7,26,0.0,147.62
1780611315.969,132.7,26,0.0,147.62
1780611316.070,132.7,26,0.0,147.62
1780611316.170,132.7,26,0.0,147.62
1780611316.270,132.7,26,0.0,147.62
1780611316.370,132.7,26,0.0,147.62
1780611316.470,132.7,26,0.0,147.62
1780611316.570,132.7,26,0.0,147.62
1780611316.670,132.7,26,0.0,147.62
1780611316.770,132.7,26,0.0,147.62
1780611316.871,132.7,26,0.0,147.62
1780611316.971,132.7,26,0.0,147.62
1780611317.071,132.7,26,0.0,147.62
1780611317.171,132.7,26,0.0,147.62
1780611317.271,132.7,26,0.0,147.62
1780611317.371,132.7,26,0.0,147.62
1780611317.471,132.7,26,0.0,147.62
1780611317.572,132.7,26,0.0,147.62
1780611317.672,132.7,26,0.0,147.62
1780611317.772,142.2,26,0.0,147.62
1780611317.872,142.2,26,0.0,147.62
1780611317.972,142.2,26,0.0,147.62
1780611318.072,142.2,26,0.0,147.62
1780611318.172,142.2,26,0.0,147.62
1780611318.273,142.2,26,0.0,147.62
1780611318.373,149.9,26,10.0,147.62
1780611318.473,164.9,26,10.0,147.62
1780611318.573,164.9,26,0.0,147.62
1780611318.673,164.9,26,0.0,147.62
1780611318.774,164.9,26,0.0,147.62
1780611318.874,164.9,26,0.0,147.62
1780611318.974,164.9,26,0.0,147.62
1780611319.074,164.9,26,0.0,147.62
1780611319.174,164.9,26,0.0,147.62
1780611319.274,164.9,26,0.0,1.30
1780611319.374,164.9,26,0.0,1.30
1780611319.475,164.9,26,0.0,1.30
1780611319.575,164.9,26,0.0,1.30
1780611319.675,164.9,26,0.0,1.30
1780611319.775,164.9,26,0.0,1.30
1780611319.875,164.9,26,0.0,1.30
1780611319.975,164.9,26,0.0,1.30
1780611320.075,164.9,26,0.0,1.30
1780611320.175,164.9,26,0.0,1.30
1780611320.276,164.9,26,0.0,1.30
1780611320.376,164.9,26,0.0,1.30
1780611320.476,164.9,26,0.0,1.30
1780611320.576,164.9,26,0.0,1.30
1780611320.676,164.9,26,0.0,1.30
1780611320.776,164.9,26,0.0,1.30
1780611320.876,164.9,26,0.0,1.30
1780611321.117,176.3,26,87.3,140.99
1780611321.217,133.7,26,0.0,140.99
1780611321.317,133.7,26,0.0,140.99
1780611321.417,133.7,26,0.0,140.99
1780611321.518,133.7,26,0.0,0.63
1780611321.618,133.7,26,0.0,0.63
1780611321.718,133.7,26,0.0,0.63
1780611321.818,133.7,26,0.0,0.63
1780611321.918,133.7,26,0.0,0.63
1780611322.019,133.7,26,0.0,0.63
1780611322.119,133.7,26,10.0,0.63
1780611322.219,133.7,26,0.0,0.63
1780611322.319,133.7,26,0.0,0.63
1780611322.419,133.7,26,0.0,0.63
1780611322.519,133.7,26,0.0,0.63
1780611322.620,133.7,26,0.0,0.63
1780611322.720,133.7,26,0.0,0.63
1780611322.820,133.7,26,0.0,0.63
1780611322.920,133.7,26,0.0,0.63
1780611323.020,133.7,26,0.0,0.63
1780611323.120,133.7,26,0.0,0.63
1780611323.221,133.7,26,0.0,0.63
1780611323.321,133.7,26,0.0,0.63
1780611323.421,133.7,26,0.0,0.63
1780611323.521,133.7,26,0.0,0.63
1780611323.621,133.7,26,0.0,0.63
1780611323.722,133.7,26,0.0,0.63
1780611323.822,133.7,26,0.0,0.63
1780611323.922,133.7,26,0.0,0.63
1780611324.022,133.7,26,0.0,0.63
1780611324.122,133.7,26,0.0,0.63
1780611324.355,177.3,26,90.5,134.12
1780611324.455,134.7,26,0.0,134.12
1780611324.555,134.7,26,0.0,134.12
1780611324.655,134.7,26,0.0,134.12
1780611324.756,134.7,26,0.0,134.12
1780611324.856,134.7,26,0.0,134.12
1780611324.956,134.7,26,0.0,134.12
1780611325.056,134.7,26,0.0,134.12
1780611325.156,176.2,26,20.0,134.12
1780611325.256,176.2,26,0.0,134.12
1780611325.357,176.2,26,0.0,134.12
1780611325.457,176.2,26,0.0,134.12
1780611325.557,176.2,26,0.0,134.12
1780611325.657,176.2,26,0.0,134.12
1780611325.757,176.2,26,0.0,134.12
1780611325.857,176.2,26,0.0,134.12
1780611325.958,176.2,26,0.0,134.12
1780611326.235,178.3,26,68.5,134.12
1780611326.335,137.3,26,0.0,140.99
1780611326.435,137.3,26,0.0,140.99
1780611326.535,137.3,26,0.0,140.99
1780611326.772,136.6,26,84.6,140.99
1780611326.872,136.6,26,0.0,140.99
1780611326.972,136.6,26,0.0,140.99
1780611327.072,136.6,26,0.0,140.99
1780611327.172,136.6,26,0.0,140.99
1780611327.273,136.6,26,0.0,140.99
1780611327.373,136.6,26,0.0,140.99
1780611327.473,136.6,26,0.0,140.99
1780611327.573,136.6,26,0.0,140.99
1780611327.673,136.6,26,10.0,140.99
1780611327.773,136.6,26,0.0,140.99
1780611327.873,136.6,26,0.0,140.99
1780611327.974,136.6,26,0.0,140.99
1780611328.074,136.6,26,0.0,135.42
1780611328.174,136.6,26,0.0,135.42
1780611328.274,136.6,26,0.0,135.42
1780611328.374,136.6,26,0.0,135.42
1780611328.474,136.6,26,0.0,135.42
1780611328.575,136.6,26,0.0,135.42
1780611328.675,136.6,26,0.0,135.42
1780611328.936,180.3,26,72.9,160.16
1780611329.036,137.6,26,0.0,160.16
1780611329.136,137.6,26,0.0,160.16
1780611329.236,137.6,26,0.0,160.16
1780611329.336,137.6,26,0.0,160.16
1780611329.436,137.6,26,0.0,160.16
1780611329.536,137.6,26,0.0,160.16
1780611329.637,137.6,26,0.0,160.16
1780611329.737,137.6,26,0.0,160.16
1780611329.837,137.6,26,0.0,160.16
1780611329.937,137.6,26,0.0,160.16
1780611330.037,137.6,26,0.0,160.16
1780611330.137,137.6,26,0.0,160.16
1780611330.237,137.6,26,0.0,160.16
1780611330.338,137.6,26,0.0,160.16
1780611330.438,137.6,26,0.0,160.16
1780611330.538,137.6,26,0.0,160.16
1780611330.638,137.6,26,0.0,160.16
1780611330.738,137.6,26,0.0,160.16
1780611330.838,137.6,26,0.0,160.16
1780611330.939,137.6,26,0.0,160.16
1780611331.039,137.6,26,0.0,160.16
1780611331.139,137.6,26,0.0,160.16
1780611331.239,137.6,26,0.0,160.16
1780611331.339,137.6,26,0.0,160.16
1780611331.439,137.6,26,10.0,160.16
1780611331.539,137.6,26,0.0,160.16
1780611331.640,137.6,26,0.0,160.16
1780611331.740,137.6,26,0.0,160.16
1780611331.840,137.6,26,0.0,160.16
1780611331.940,137.6,26,0.0,160.16
1780611332.040,137.6,26,0.0,160.16
1780611332.140,137.6,26,0.0,160.16
1780611332.241,137.6,26,0.0,160.16
1780611332.341,137.6,26,0.0,160.16
1780611332.441,137.6,26,0.0,160.16
1780611332.541,137.6,26,0.0,160.16
1780611332.641,137.6,26,0.0,160.16
1780611332.741,137.6,26,0.0,160.16
1780611332.841,137.6,26,0.0,160.16
1780611332.942,137.6,26,0.0,135.42
1780611333.042,137.6,26,0.0,135.42
1780611333.142,137.6,26,0.0,135.42
1780611333.242,137.6,26,0.0,135.42
1780611333.342,137.6,26,0.0,1.19
1780611333.442,137.6,26,0.0,1.19
1780611333.542,137.6,26,0.0,1.19
1780611333.643,137.6,26,0.0,1.19
1780611333.743,137.6,26,0.0,1.19
1780611333.843,137.6,26,0.0,1.19
1780611333.943,137.6,26,0.0,1.19
1780611334.043,137.6,26,0.0,1.19
1780611334.143,137.6,26,0.0,1.19
1780611334.243,137.6,26,0.0,0.35
1780611334.344,137.6,26,0.0,0.35
1780611334.444,137.6,26,0.0,0.36
1780611334.544,137.6,26,0.0,0.36
1780611334.644,137.6,26,0.0,0.36
1780611334.744,137.6,26,0.0,0.36
1780611334.844,137.6,26,0.0,0.36
1780611334.945,137.6,26,0.0,0.36
1780611335.045,137.6,26,0.0,0.36
1780611335.145,137.6,26,0.0,0.36
1780611335.245,137.6,26,0.0,0.36
1780611335.345,137.6,26,0.0,0.35
1780611335.445,137.6,26,0.0,0.12
1780611335.545,137.6,26,0.0,0.12
1780611335.646,137.6,26,0.0,0.12
1780611335.746,137.6,26,0.0,0.12
1780611335.846,137.6,26,0.0,0.12
1780611335.946,137.6,26,0.0,0.12
1780611336.046,137.6,26,0.0,0.12
1780611336.146,137.6,26,0.0,0.12
1780611336.246,137.6,26,0.0,0.12
1780611336.346,137.6,26,0.0,0.12
1780611336.447,137.6,26,0.0,0.12
1780611336.547,137.6,26,0.0,0.12
1780611336.647,157.9,26,10.0,0.12
1780611336.747,173.7,26,19.9,0.36
1780611336.848,173.7,26,0.0,0.36
1780611336.948,173.7,26,0.0,0.36
1780611337.048,173.7,26,0.0,0.36
1780611337.148,173.7,26,0.0,0.36
1780611337.248,173.7,26,0.0,0.36
1780611337.348,173.7,26,0.0,0.36
1780611337.595,181.2,26,68.9,0.36
1780611337.696,155.1,26,10.0,0.38
1780611337.796,155.1,26,0.0,0.38
1780611337.896,155.1,26,0.0,0.38
1780611337.996,155.1,26,0.0,0.38
1780611338.097,167.4,26,0.0,0.38
1780611338.275,182.2,26,101.0,78.43
1780611338.375,139.6,26,0.0,78.43
1780611338.475,139.6,26,0.0,78.43
1780611338.575,139.6,26,0.0,78.43
1780611338.675,139.6,26,0.0,78.43
1780611338.776,139.6,26,0.0,78.43
1780611338.876,139.6,26,0.0,78.43
1780611338.976,139.6,26,0.0,78.43
1780611339.076,139.6,26,0.0,78.43
1780611339.176,139.6,26,0.0,78.43
1780611339.276,139.6,26,0.0,78.43
1780611339.376,139.6,26,0.0,78.43
1780611339.477,139.6,26,0.0,78.43
1780611339.577,139.6,26,0.0,78.43
1780611339.677,139.6,26,10.0,78.43
1780611339.777,139.6,26,0.0,78.43
1780611339.877,139.5,26,0.0,78.43
1780611339.977,139.5,26,0.0,78.43
1780611340.078,139.5,26,0.0,78.43
1780611340.178,139.5,26,0.0,78.43
1780611340.278,139.5,26,0.0,78.43
1780611340.378,139.5,26,0.0,78.43
1780611340.478,139.5,26,0.0,78.43
1780611340.578,139.5,26,0.0,78.43
1780611340.679,139.5,26,0.0,78.43
1780611340.779,139.5,26,0.0,78.43
1780611340.879,139.5,26,0.0,78.43
1780611340.979,139.5,26,0.0,78.43
1780611341.079,139.5,26,0.0,78.43
1780611341.179,139.5,26,0.0,78.43
1780611341.279,139.5,26,0.0,78.43
1780611341.380,139.5,26,0.0,78.43
1780611341.480,139.5,26,0.0,78.43
1780611341.580,139.5,26,0.0,78.43
1780611341.839,265.2,26,85.7,149.46
1780611342.013,184.2,26,102.0,149.46
1780611342.113,141.6,26,0.0,149.46
1780611342.214,141.6,26,0.0,149.46
1780611342.314,141.6,26,0.0,149.46
1780611342.414,141.6,26,0.0,149.46
1780611342.657,185.2,26,78.2,149.46
1780611342.757,142.5,26,0.0,149.46
1780611342.858,142.5,26,0.0,149.46
1780611342.958,142.5,26,0.0,149.46
1780611343.058,142.5,26,0.0,149.46
1780611343.158,142.5,26,0.0,149.46
1780611343.258,142.5,26,0.0,149.46
1780611343.358,142.5,26,0.0,149.46
1780611343.459,142.5,26,0.0,149.46
1780611343.559,142.5,26,0.0,149.46
1780611343.659,142.5,26,0.0,149.46
1780611343.759,142.5,26,0.0,149.46
1780611343.859,142.5,26,0.0,149.46
1780611343.959,142.5,26,0.0,149.46
1780611344.059,142.5,26,10.0,149.46
1780611344.160,142.5,26,0.0,149.46
1780611344.260,142.5,26,0.0,149.46
1780611344.360,142.5,26,0.0,149.46
1780611344.460,142.5,26,0.0,143.40
1780611344.560,142.5,26,0.0,143.40
1780611344.660,142.5,26,0.0,143.40
1780611344.760,142.5,26,0.0,143.40
1780611344.861,142.5,26,0.0,143.40
1780611344.961,142.5,26,0.0,143.40
1780611345.061,142.5,26,0.0,143.40
1780611345.161,142.5,26,0.0,143.40
1780611345.261,142.5,26,0.0,143.40
1780611345.361,142.5,26,0.0,143.40
1780611345.462,142.5,26,0.0,143.40
1780611345.562,142.5,26,0.0,143.40
1780611345.662,142.5,26,0.0,143.40
1780611345.762,142.5,26,0.0,143.40
1780611345.862,142.5,26,0.0,143.40
1780611345.962,142.5,26,0.0,143.40
1780611346.062,142.5,26,0.0,143.40
1780611346.163,142.5,26,0.0,143.40
1780611346.263,142.5,26,0.0,143.40
1780611346.363,142.5,26,0.0,143.40
1780611346.463,142.5,26,0.0,143.40
1780611346.563,142.5,26,0.0,143.40
1780611346.663,142.5,26,0.0,143.40
1780611346.764,142.5,26,0.0,143.40
1780611346.864,142.5,26,0.0,143.40
1780611346.964,142.5,26,0.0,143.40
1780611347.064,142.5,26,0.0,143.40
1780611347.164,142.5,26,0.0,143.40
1780611347.264,142.5,26,0.0,143.40
1780611347.365,142.5,26,0.0,143.40
1780611347.465,142.5,26,0.0,143.40
1780611347.565,142.5,26,0.0,143.40
1780611347.665,142.5,26,10.0,143.40
1780611347.765,142.5,26,0.0,143.40
1780611347.865,142.5,26,0.0,143.40
1780611347.965,142.5,26,0.0,143.40
1780611348.065,142.5,26,0.0,143.40
1780611348.166,142.5,26,0.0,143.40
1780611348.417,337.3,26,71.5,153.18
1780611348.518,143.5,26,0.0,153.18
1780611348.618,143.5,26,0.0,143.40
1780611348.718,143.5,26,0.0,143.40
1780611348.818,143.5,26,0.0,143.40
1780611348.918,143.5,26,0.0,143.40
1780611349.019,143.5,26,0.0,143.40
1780611349.119,184.2,26,30.0,143.40
1780611349.219,184.2,26,0.0,143.40
1780611349.319,184.2,26,0.0,0.73
1780611349.419,184.2,26,0.0,0.73
1780611349.519,184.2,26,0.0,0.73
1780611349.620,184.2,26,0.0,0.73
1780611349.720,184.2,26,0.0,0.73
1780611349.820,184.2,26,0.0,0.73
1780611350.054,187.1,26,72.5,0.73
1780611350.155,146.3,26,0.0,134.70
1780611350.255,146.3,26,0.0,134.70
1780611350.355,146.3,26,0.0,134.70
1780611350.455,146.3,26,10.0,134.70
1780611350.555,146.3,26,0.0,134.70
1780611350.656,146.3,26,0.0,134.70
1780611350.756,177.5,26,20.0,134.70
1780611350.856,177.5,26,0.0,134.70
1780611350.956,177.5,26,0.0,134.70
1780611351.056,177.5,26,0.0,134.70
1780611351.156,177.5,26,0.0,134.70
1780611351.388,337.3,26,73.5,134.70
1780611351.488,153.2,26,0.0,134.70
1780611351.588,153.2,26,0.0,134.70
1780611351.688,153.2,26,0.0,134.70
1780611351.788,153.2,26,0.0,134.70
1780611351.889,153.2,26,0.0,134.70
1780611351.989,171.0,26,19.9,134.70
1780611352.089,175.4,26,0.0,134.70
1780611352.189,175.4,26,0.0,134.70
1780611352.290,175.4,26,0.0,134.70
1780611352.390,175.4,26,0.0,134.70
1780611352.490,175.4,26,0.0,134.70
1780611352.590,175.4,26,0.0,134.70
1780611352.690,175.4,26,0.0,134.70
1780611352.790,175.4,26,0.0,134.70
1780611352.891,175.4,26,0.0,134.70
1780611353.119,204.7,26,74.7,134.70
1780611353.219,204.7,26,0.0,134.70
1780611353.319,204.7,26,0.0,134.70
1780611353.419,204.7,26,0.0,134.70
1780611353.519,204.7,26,0.0,134.70
1780611353.620,204.7,26,0.0,134.70
1780611353.803,248.3,26,109.3,134.70
1780611353.903,205.7,26,0.0,134.70
1780611354.004,205.7,26,0.0,134.70
1780611354.104,205.7,26,0.0,134.70
1780611354.204,205.7,26,0.0,134.70
1780611354.304,205.7,26,0.0,134.70
1780611354.404,205.7,26,0.0,134.70
1780611354.504,205.7,26,0.0,134.70
1780611354.605,205.7,26,0.0,134.70
1780611354.705,205.7,26,0.0,134.70
1780611354.805,205.7,26,0.0,134.70
1780611354.905,205.7,26,0.0,134.70
1780611355.104,249.3,26,85.4,134.70
1780611355.204,206.7,26,10.0,134.70
1780611355.305,206.7,26,0.0,134.70
1780611355.405,206.7,26,0.0,130.35
1780611355.505,206.7,26,0.0,130.35
1780611355.605,206.7,26,0.0,130.35
1780611355.705,206.7,26,0.0,130.35
1780611355.805,206.7,26,0.0,130.35
1780611355.905,206.7,26,0.0,130.35
1780611356.006,206.7,26,0.0,130.35
1780611356.176,250.3,26,100.0,130.35
1780611356.276,207.7,26,0.0,130.35
1780611356.376,207.7,26,0.0,130.35
1780611356.476,207.7,26,0.0,130.35
1780611356.577,207.7,26,0.0,130.35
1780611356.677,207.7,26,0.0,130.35
1780611356.777,207.7,26,0.0,130.35
1780611356.877,207.7,26,0.0,130.35
1780611356.977,207.7,26,0.0,128.22
1780611357.077,207.7,26,0.0,128.22
1780611357.177,207.7,26,0.0,128.22
1780611357.278,207.7,26,0.0,128.22
1780611357.378,207.7,26,0.0,128.22
1780611357.478,207.7,26,0.0,128.22
1780611357.578,207.7,26,0.0,128.22
1780611357.678,207.7,26,0.0,128.22
1780611357.778,207.7,26,0.0,128.22
1780611357.879,207.7,26,0.0,128.22
1780611357.979,207.7,26,0.0,128.22
1780611358.079,207.7,26,0.0,128.22
1780611358.179,207.7,26,0.0,99.58
1780611358.279,207.7,26,0.0,99.58
1780611358.379,207.7,26,0.0,99.58
1780611358.480,207.7,26,0.0,99.58
1780611358.580,207.7,26,0.0,99.58
1780611358.680,207.7,26,0.0,99.58
1780611358.780,207.7,26,0.0,99.58
1780611358.880,207.7,26,0.0,99.58
1780611358.980,207.7,26,0.0,99.58
1780611359.081,207.7,26,0.0,99.58
1780611359.181,207.7,26,0.0,99.58
1780611359.281,207.7,26,0.0,99.58
1780611359.381,207.7,26,0.0,99.58
1780611359.481,207.7,26,20.0,99.58
1780611359.649,251.3,26,95.5,99.58
1780611359.749,208.7,26,0.0,99.58
1780611359.849,208.7,26,0.0,82.94
1780611359.949,208.7,26,0.0,82.94
1780611360.050,208.7,26,0.0,82.94
1780611360.150,208.7,26,0.0,82.94
1780611360.250,208.7,26,0.0,82.94
1780611360.350,208.7,26,0.0,82.94
1780611360.450,208.7,26,0.0,70.35
1780611360.550,208.7,26,0.0,70.35
1780611360.651,208.7,26,0.0,70.35
1780611360.751,208.7,26,0.0,70.35
1780611360.851,208.7,26,0.0,70.35
1780611360.951,208.7,26,0.0,70.35
1780611361.051,208.7,26,0.0,70.35
1780611361.151,208.7,26,0.0,70.35
1780611361.252,208.7,26,0.0,70.35
1780611361.352,208.7,26,0.0,70.35
1780611361.452,208.7,26,0.0,70.35
1780611361.552,208.7,26,0.0,70.35
1780611361.652,208.7,26,0.0,69.11
1780611361.752,208.7,26,0.0,69.11
1780611361.852,208.7,26,0.0,69.11
1780611361.953,208.7,26,0.0,69.11
1780611362.053,208.7,26,0.0,69.11
1780611362.153,208.7,26,0.0,69.11
1780611362.253,208.7,26,0.0,69.11
1780611362.353,208.7,26,0.0,69.11
1780611362.453,208.7,26,0.0,69.11
1780611362.640,252.3,26,96.2,70.35
1780611362.741,209.7,26,0.0,69.11
1780611362.841,209.7,26,0.0,69.11
1780611362.941,209.7,26,0.0,69.11
1780611363.041,209.7,26,0.0,69.11
1780611363.141,209.7,26,0.0,69.11
1780611363.241,209.7,26,0.0,69.11
1780611363.341,209.7,26,0.0,69.11
1780611363.442,209.7,26,0.0,69.11
1780611363.542,209.7,26,0.0,69.11
1780611363.642,209.7,26,0.0,69.11
1780611363.875,253.3,26,72.9,87.97
1780611363.975,210.6,26,0.0,87.97
1780611364.075,210.6,26,0.0,87.97
1780611364.175,210.6,26,0.0,87.97
1780611364.276,210.6,26,0.0,87.97
1780611364.376,210.6,26,0.0,87.97
1780611364.476,210.6,26,0.0,87.97
1780611364.576,210.6,26,0.0,87.97
1780611364.676,210.6,26,0.0,87.97
1780611364.776,210.6,26,0.0,87.97
1780611364.877,210.6,26,0.0,87.97
1780611364.977,210.6,26,0.0,87.97
1780611365.077,210.6,26,0.0,87.97
1780611365.177,210.6,26,0.0,87.97
1780611365.278,210.6,26,0.0,87.97
1780611365.378,210.6,26,0.0,87.97
1780611365.567,254.3,26,90.1,88.61
1780611365.667,211.6,26,0.0,88.61
1780611365.767,211.6,26,0.0,88.61
1780611365.867,211.6,26,0.0,88.61
1780611365.967,211.6,26,0.0,88.61
1780611366.068,211.6,26,0.0,88.61
1780611366.168,211.6,26,0.0,88.61
1780611366.268,211.6,26,0.0,88.61
1780611366.368,211.6,26,0.0,88.61
1780611366.468,211.6,26,0.0,88.61
1780611366.568,211.6,26,0.0,88.61
1780611366.669,211.6,26,0.0,88.61
1780611366.769,211.6,26,0.0,88.61
1780611366.869,211.6,26,0.0,88.61
1780611366.969,211.6,26,0.0,88.61
1780611367.069,211.6,26,0.0,88.61
1780611367.170,211.6,26,0.0,88.61
1780611367.270,211.6,26,0.0,88.61
1780611367.370,211.6,26,0.0,88.61
1780611367.470,211.6,26,0.0,88.61
1780611367.570,211.6,26,10.0,88.61
1780611367.670,211.6,26,0.0,88.61
1780611367.770,211.6,26,0.0,88.61
1780611367.871,211.6,26,0.0,88.61
1780611367.971,211.6,26,0.0,88.61
1780611368.071,211.6,26,0.0,88.61
1780611368.171,211.6,26,0.0,88.61
1780611368.271,211.6,26,0.0,88.61
1780611368.371,211.6,26,0.0,88.61
1780611368.472,211.6,26,0.0,88.61
1780611368.572,211.6,26,0.0,88.61
1780611368.672,211.6,26,0.0,88.61
1780611368.772,211.6,26,0.0,88.61
1780611368.872,211.6,26,0.0,88.61
1780611368.973,211.6,26,0.0,88.61
1780611369.073,211.6,26,0.0,88.61
1780611369.173,211.6,26,0.0,88.61
1780611369.273,211.6,26,0.0,88.61
1780611369.373,211.6,26,0.0,88.61
1780611369.473,211.6,26,0.0,88.61
1780611369.574,211.6,26,0.0,88.61
1780611369.674,211.6,26,0.0,88.61
1780611369.774,247.4,26,20.0,88.61
1780611369.935,255.2,26,99.2,133.18
1780611370.036,212.6,26,0.0,133.18
1780611370.136,212.6,26,0.0,133.18
1780611370.236,212.6,26,0.0,133.18
1780611370.336,212.6,26,0.0,133.18
1780611370.436,212.6,26,0.0,133.18
1780611370.536,212.6,26,0.0,88.61
1780611370.752,256.2,26,83.7,115.38
1780611370.852,213.6,26,0.0,115.38
1780611370.952,213.6,26,0.0,115.38
1780611371.052,213.6,26,0.0,115.38
1780611371.152,213.6,26,0.0,115.38
1780611371.252,213.6,26,0.0,115.38
1780611371.353,213.6,26,0.0,115.38
1780611371.453,213.6,26,0.0,115.38
1780611371.553,213.6,26,0.0,115.38
1780611371.653,213.6,26,0.0,115.38
1780611371.753,213.6,26,0.0,115.38
1780611371.853,213.6,26,0.0,115.38
1780611371.954,213.6,26,0.0,115.38
1780611372.054,213.6,26,0.0,115.38
1780611372.154,213.6,26,0.0,115.38
1780611372.254,213.6,26,0.0,115.38
1780611372.354,213.6,26,0.0,115.38
1780611372.454,213.6,26,0.0,115.38
1780611372.554,213.6,26,0.0,115.38
1780611372.655,213.6,26,0.0,115.38
1780611372.755,213.6,26,0.0,115.38
1780611372.855,213.6,26,0.0,115.38
1780611372.955,213.6,26,0.0,115.38
1780611373.196,257.2,26,70.6,141.75
1780611373.296,214.6,26,0.0,141.75
1780611373.396,214.6,26,0.0,141.75
1780611373.496,214.6,26,0.0,141.75
1780611373.597,214.6,26,0.0,141.75
1780611373.697,214.6,26,0.0,141.75
1780611373.797,214.6,26,0.0,141.75
1780611373.897,214.6,26,0.0,141.75
1780611373.997,214.6,26,0.0,141.75
1780611374.098,214.6,26,0.0,141.75
1780611374.198,214.6,26,0.0,141.75
1780611374.298,214.6,26,0.0,141.75
1780611374.398,214.6,26,0.0,141.75
1780611374.498,214.6,26,0.0,141.75
1780611374.598,214.6,26,0.0,141.75
1780611374.699,214.6,26,0.0,141.75
1780611374.799,214.6,26,0.0,141.75
1780611375.013,258.2,26,84.2,141.75
1780611375.113,215.6,26,0.0,141.75
1780611375.213,215.6,26,0.0,141.75
1780611375.313,215.6,26,0.0,141.75
1780611375.413,215.6,26,0.0,141.75
1780611375.514,215.6,26,0.0,141.75
1780611375.614,215.6,26,0.0,141.75
1780611375.714,215.6,26,0.0,141.75
1780611375.814,215.6,26,0.0,141.75
1780611375.914,215.6,26,0.0,141.75
1780611376.015,215.6,26,0.0,141.75
1780611376.115,215.6,26,0.0,141.75
1780611376.215,215.6,26,0.0,141.75
1780611376.315,215.6,26,0.0,141.75
1780611376.415,215.6,26,0.0,141.75
1780611376.515,215.6,26,0.0,141.75
1780611376.616,215.6,26,0.0,141.75
1780611376.716,215.6,26,0.0,115.38
1780611376.816,215.6,26,0.0,115.38
1780611376.916,215.6,26,0.0,115.38
1780611377.016,215.6,26,0.0,115.38
1780611377.117,245.4,26,20.0,115.38
1780611377.269,216.6,26,98.6,141.75
1780611377.369,216.6,26,0.0,141.75
1780611377.469,216.6,26,0.0,141.75
1780611377.569,216.6,26,0.0,141.75
1780611377.669,216.6,26,0.0,141.75
1780611377.770,216.6,26,0.0,141.75
1780611377.870,216.6,26,0.0,141.75
1780611377.970,216.6,26,0.0,141.75
1780611378.070,216.6,26,0.0,141.75
1780611378.170,216.6,26,0.0,141.75
1780611378.271,216.6,26,0.0,141.75
1780611378.371,216.6,26,0.0,141.75
1780611378.471,216.6,26,0.0,141.75
1780611378.571,216.6,26,0.0,141.75
1780611378.671,216.6,26,0.0,141.75
1780611378.771,216.6,26,0.0,141.75
1780611378.872,216.6,26,0.0,141.75
1780611378.972,216.6,26,0.0,141.75
1780611379.072,216.6,26,0.0,141.75
1780611379.172,216.6,26,0.0,141.75
1780611379.272,216.6,26,0.0,141.75
1780611379.373,216.6,26,0.0,141.75
1780611379.473,216.6,26,0.0,141.75
1780611379.573,216.6,26,0.0,141.75
1780611379.673,216.6,26,0.0,141.75
1780611379.773,216.6,26,0.0,141.75
1780611379.976,260.2,26,83.7,114.51
1780611380.077,217.5,26,0.0,114.51
1780611380.177,217.5,26,0.0,114.51
1780611380.277,217.5,26,0.0,114.51
1780611380.377,217.5,26,0.0,114.51
1780611380.477,217.5,26,0.0,114.51
1780611380.577,217.5,26,0.0,114.51
1780611380.678,217.5,26,0.0,114.51
1780611380.778,217.5,26,0.0,114.51
1780611380.878,217.5,26,0.0,114.51
1780611380.978,217.5,26,0.0,114.51
1780611381.078,217.5,26,0.0,114.51
1780611381.178,217.5,26,0.0,114.51
1780611381.279,217.5,26,0.0,114.51
1780611381.379,217.5,26,0.0,114.51
1780611381.479,217.5,26,0.0,114.51
1780611381.579,217.5,26,0.0,114.51
1780611381.679,217.5,26,0.0,104.65
1780611381.780,217.5,26,0.0,104.65
1780611381.880,217.5,26,0.0,104.65
1780611381.980,217.5,26,0.0,104.65
1780611382.080,217.5,26,0.0,104.65
1780611382.180,217.5,26,0.0,104.65
1780611382.280,217.5,26,0.0,104.65
1780611382.381,217.5,26,0.0,104.65
1780611382.481,217.5,26,0.0,104.65
1780611382.581,217.5,26,0.0,104.65
1780611382.681,217.5,26,0.0,104.65
1780611382.781,217.5,26,0.0,104.65
1780611382.881,217.5,26,0.0,104.65
1780611383.058,261.2,26,96.2,104.65
1780611383.158,218.5,26,0.0,104.65
1780611383.258,218.5,26,0.0,104.65
1780611383.359,218.5,26,0.0,104.65
1780611383.459,218.5,26,0.0,104.65
1780611383.559,218.5,26,0.0,104.65
1780611383.659,218.5,26,0.0,104.65
1780611383.759,218.5,26,0.0,104.65
1780611383.860,218.5,26,0.0,78.26
1780611383.960,218.5,26,0.0,78.26
1780611384.060,218.5,26,0.0,78.26
1780611384.160,218.5,26,0.0,78.26
1780611384.260,218.5,26,0.0,78.26
1780611384.360,218.5,26,0.0,78.26
1780611384.461,218.5,26,0.0,78.26
1780611384.561,218.5,26,0.0,78.26
1780611384.661,218.5,26,0.0,78.26
1780611384.761,218.5,26,0.0,78.26
1780611384.861,218.5,26,0.0,78.26
1780611384.962,218.5,26,10.0,78.26
1780611385.062,218.5,26,0.0,78.26
1780611385.162,218.5,26,0.0,78.26
1780611385.262,218.5,26,0.0,78.26
1780611385.362,218.5,26,0.0,78.26
1780611385.462,218.5,26,0.0,78.26
1780611385.562,218.5,26,0.0,78.26
1780611385.797,262.1,26,72.5,104.65
1780611385.897,219.5,26,0.0,104.65
1780611385.997,219.5,26,0.0,104.65
1780611386.098,219.5,26,0.0,104.65
1780611386.198,219.5,26,0.0,104.65
1780611386.298,219.5,26,0.0,104.65
1780611386.398,219.5,26,0.0,104.65
1780611386.498,219.5,26,0.0,104.65
1780611386.598,219.5,26,0.0,78.26
1780611386.699,219.5,26,0.0,78.26
1780611386.799,219.5,26,0.0,78.26
1780611386.899,219.5,26,0.0,78.26
1780611386.999,219.5,26,0.0,78.26
1780611387.099,219.5,26,0.0,78.26
1780611387.199,219.5,26,0.0,78.26
1780611387.300,219.5,26,0.0,78.26
1780611387.400,219.5,26,0.0,78.26
1780611387.500,219.5,26,0.0,78.26
1780611387.600,219.5,26,0.0,78.26
1780611387.700,219.5,26,0.0,78.26
1780611387.800,219.5,26,0.0,78.26
1780611387.901,219.5,26,0.0,78.26
1780611388.001,219.5,26,0.0,78.26
1780611388.101,219.5,26,0.0,78.26
1780611388.201,219.5,26,0.0,78.26
1780611388.301,219.5,26,0.0,78.26
1780611388.401,219.5,26,0.0,78.26
1780611388.502,219.5,26,0.0,78.26
1780611388.602,219.5,26,0.0,78.26
1780611388.702,219.5,26,0.0,78.26
1780611388.802,219.5,26,0.0,78.26
1780611388.902,219.5,26,0.0,78.26
1780611389.003,219.5,26,0.0,78.26
1780611389.103,219.5,26,0.0,78.26
1780611389.203,219.5,26,0.0,78.26
1780611389.303,219.5,26,0.0,78.26
1780611389.496,263.1,26,93.4,94.58
1780611389.596,220.5,26,0.0,94.58
1780611389.696,220.5,26,0.0,94.58
1780611389.796,220.5,26,0.0,94.58
1780611389.897,220.5,26,0.0,94.58
1780611389.997,220.5,26,0.0,94.58
1780611390.097,220.5,26,0.0,94.58
1780611390.197,220.5,26,0.0,94.58
1780611390.297,220.5,26,0.0,94.58
1780611390.397,220.5,26,0.0,94.58
1780611390.498,220.5,26,0.0,94.58
1780611390.598,220.5,26,0.0,94.58
1780611390.698,220.5,26,0.0,94.58
1780611390.798,220.5,26,0.0,94.58
1780611390.898,220.5,26,0.0,94.58
1780611390.999,220.5,26,0.0,94.58
1780611391.099,220.5,26,0.0,94.58
1780611391.199,220.5,26,0.0,94.58
1780611391.299,220.5,26,0.0,94.58
1780611391.399,220.5,26,0.0,94.58
1780611391.499,220.5,26,0.0,94.58
1780611391.599,220.5,26,0.0,94.58
1780611391.700,220.5,26,0.0,94.58
1780611391.800,220.5,26,0.0,94.58
1780611391.900,220.5,26,0.0,94.58
1780611392.000,220.5,26,0.0,94.58
1780611392.100,220.5,26,0.0,94.58
1780611392.297,264.1,26,81.5,97.86
1780611392.397,221.5,26,0.0,94.58
1780611392.497,221.5,26,0.0,94.58
1780611392.597,221.5,26,0.0,94.58
1780611392.698,221.5,26,0.0,94.58
1780611392.798,221.5,26,0.0,94.58
1780611392.898,221.5,26,0.0,94.58
1780611392.998,221.5,26,0.0,94.58
1780611393.098,221.5,26,0.0,94.58
1780611393.198,221.5,26,0.0,94.58
1780611393.299,221.5,26,0.0,94.58
1780611393.399,221.5,26,0.0,94.58
1780611393.499,257.2,26,30.0,94.58
1780611393.662,265.1,26,98.3,97.86
1780611393.762,222.4,26,0.0,97.86
1780611393.862,222.4,26,0.0,97.86
1780611393.962,222.4,26,0.0,97.86
1780611394.063,222.4,26,0.0,97.86
1780611394.163,222.4,26,0.0,97.86
1780611394.263,222.4,26,0.0,97.86
1780611394.363,222.4,26,10.0,97.86
1780611394.463,222.4,26,0.0,97.86
1780611394.563,222.4,26,0.0,97.86
1780611394.664,222.4,26,0.0,97.86
1780611394.764,222.4,26,0.0,97.86
1780611394.864,222.4,26,0.0,97.86
1780611394.964,222.4,26,0.0,97.86
1780611395.064,222.4,26,0.0,97.86
1780611395.164,222.4,26,0.0,97.86
1780611395.265,222.4,26,0.0,97.86
1780611395.455,266.1,26,84.0,97.86
1780611395.556,223.4,26,10.0,97.86
1780611395.656,223.4,26,0.0,97.86
1780611395.756,223.4,26,0.0,97.86
1780611395.856,223.4,26,0.0,97.86
1780611395.956,223.4,26,0.0,97.86
1780611396.057,223.4,26,0.0,97.86
1780611396.157,223.4,26,0.0,97.86
1780611396.257,223.4,26,0.0,97.86
1780611396.357,223.4,26,0.0,97.86
1780611396.457,223.4,26,0.0,97.86
1780611396.557,223.4,26,0.0,97.86
1780611396.658,223.4,26,0.0,97.86
1780611396.758,223.4,26,0.0,97.86
1780611396.858,223.4,26,0.0,97.86
1780611396.958,223.4,26,0.0,97.86
1780611397.058,223.4,26,0.0,97.86
1780611397.159,223.4,26,0.0,97.86
1780611397.259,223.4,26,0.0,97.86
1780611397.359,223.4,26,0.0,97.86
1780611397.459,223.4,26,10.0,97.86
1780611397.616,267.1,26,95.7,97.86
1780611397.716,224.4,26,0.0,97.86
1780611397.816,224.4,26,0.0,97.86
1780611397.916,224.4,26,0.0,97.86
1780611398.017,224.4,26,0.0,97.86
1780611398.117,224.4,26,0.0,97.86
1780611398.217,224.4,26,0.0,97.86
1780611398.317,224.4,26,0.0,97.86
1780611398.417,224.4,26,0.0,97.86
1780611398.517,224.4,26,0.0,97.86
1780611398.618,224.4,26,0.0,97.86
1780611398.718,224.4,26,0.0,97.86
1780611398.818,224.4,26,0.0,97.86
1780611398.918,224.4,26,0.0,97.86
1780611399.018,224.4,26,0.0,91.66
1780611399.119,224.4,26,0.0,91.66
1780611399.219,224.4,26,0.0,91.66
1780611399.319,224.4,26,0.0,91.66
1780611399.419,224.4,26,0.0,91.66
1780611399.519,224.4,26,0.0,91.66
1780611399.737,268.0,26,78.2,118.54
1780611399.837,225.4,26,0.0,118.54
1780611399.937,225.4,26,0.0,118.54
1780611400.037,225.4,26,0.0,118.54
1780611400.138,225.4,26,0.0,118.54
1780611400.238,225.4,26,0.0,118.54
1780611400.338,225.4,26,0.0,91.66
1780611400.438,225.4,26,0.0,91.66
1780611400.538,225.4,26,0.0,91.66
1780611400.638,225.4,26,0.0,91.66
1780611400.739,225.4,26,0.0,91.66
1780611400.839,225.4,26,0.0,91.66
1780611400.939,225.4,26,0.0,91.66
1780611401.039,225.4,26,0.0,91.66
1780611401.139,225.4,26,0.0,91.66
1780611401.239,225.4,26,0.0,91.66
1780611401.340,225.4,26,0.0,91.66
1780611401.440,225.4,26,0.0,91.66
1780611401.540,225.4,26,0.0,91.66
1780611401.640,225.4,26,0.0,91.66
1780611401.740,225.4,26,10.0,91.66
1780611401.841,225.4,26,0.0,91.66
1780611401.941,225.4,26,0.0,91.66
1780611402.041,225.4,26,0.0,57.69
1780611402.141,225.4,26,0.0,57.69
1780611402.241,225.4,26,0.0,57.69
1780611402.341,225.4,26,0.0,57.69
1780611402.442,225.4,26,0.0,57.69
1780611402.542,225.4,26,0.0,57.69
1780611402.642,225.4,26,0.0,57.69
1780611402.849,269.0,26,77.2,108.37
1780611402.949,226.4,26,0.0,108.37
1780611403.151,227.4,26,79.5,108.37
1780611403.251,227.4,26,0.0,108.37
1780611403.351,227.4,26,0.0,108.37
1780611403.451,227.4,26,0.0,108.37
1780611403.551,227.4,26,0.0,108.37
1780611403.651,227.4,26,0.0,108.37
1780611403.752,227.4,26,0.0,108.37
1780611403.852,227.4,26,0.0,108.37
1780611403.952,227.4,26,0.0,108.37
1780611404.052,227.4,26,0.0,108.37
1780611404.152,227.4,26,0.0,108.37
1780611404.253,227.4,26,0.0,108.37
1780611404.353,227.4,26,0.0,108.37
1780611404.453,227.4,26,0.0,108.37
1780611404.553,227.4,26,0.0,108.37
1780611404.790,271.0,26,71.7,118.54
1780611404.891,228.4,26,0.0,118.54
1780611404.991,228.4,26,0.0,118.54
1780611405.091,228.4,26,0.0,118.54
1780611405.191,228.4,26,0.0,118.54
1780611405.291,228.4,26,0.0,118.54
1780611405.391,228.4,26,0.0,118.54
1780611405.492,228.4,26,0.0,118.54
1780611405.592,228.4,26,0.0,118.54
1780611405.692,228.4,26,0.0,118.54
1780611405.792,228.4,26,0.0,118.54
1780611405.892,228.4,26,0.0,118.54
1780611405.993,228.4,26,0.0,118.54
1780611406.093,228.4,26,10.0,118.54
1780611406.248,272.0,26,109.8,118.54
1780611406.348,229.3,26,0.0,118.54
1780611406.448,229.3,26,0.0,118.54
1780611406.548,229.3,26,0.0,108.37
1780611406.648,229.3,26,0.0,108.37
1780611406.749,229.3,26,0.0,108.37
1780611406.849,229.3,26,0.0,108.37
1780611406.949,229.3,26,0.0,108.37
1780611407.049,229.3,26,0.0,108.37
1780611407.149,229.3,26,0.0,108.37
1780611407.250,229.3,26,0.0,108.37
1780611407.350,229.3,26,0.0,108.37
1780611407.450,229.3,26,0.0,108.37
1780611407.550,229.3,26,0.0,108.37
1780611407.650,229.3,26,0.0,108.37
1780611407.750,229.3,26,0.0,108.37
1780611407.851,229.3,26,0.0,108.37
1780611407.951,229.3,26,0.0,108.37
1780611408.051,229.3,26,0.0,108.37
1780611408.151,229.3,26,0.0,108.37
1780611408.251,229.3,26,0.0,108.37
1780611408.351,229.3,26,0.0,108.37
1780611408.452,229.3,26,0.0,108.37
1780611408.552,229.3,26,0.0,108.37
1780611408.652,229.3,26,0.0,108.37
1780611408.752,229.3,26,0.0,108.37
1780611408.852,229.3,26,0.0,108.37
1780611408.952,229.3,26,0.0,108.37
1780611409.053,229.3,26,0.0,108.37
1780611409.153,229.3,26,0.0,108.37
1780611409.253,229.3,26,0.0,108.37
1780611409.353,229.3,26,0.0,108.37
1780611409.453,229.3,26,0.0,108.37
1780611409.553,229.3,26,0.0,101.20
1780611409.654,229.3,26,0.0,101.20
1780611409.754,229.3,26,0.0,55.69
1780611409.854,229.3,26,0.0,55.69
1780611409.954,229.3,26,0.0,55.69
1780611410.054,229.3,26,0.0,55.69
1780611410.155,229.3,26,0.0,55.69
1780611410.255,229.3,26,0.0,55.69
1780611410.355,229.3,26,0.0,55.69
1780611410.455,229.3,26,0.0,55.69
1780611410.555,229.3,26,0.0,55.69
1780611410.655,229.3,26,0.0,55.69
1780611410.755,229.3,26,0.0,55.69
1780611410.856,229.3,26,0.0,55.69
1780611410.956,229.3,26,0.0,55.69
1780611411.056,229.3,26,0.0,55.69
1780611411.156,229.3,26,0.0,55.69
1780611411.256,229.3,26,0.0,0.31
1780611411.356,229.3,26,0.0,0.30
1780611411.457,229.3,26,0.0,0.30
1780611411.557,229.3,26,0.0,0.30
1780611411.657,229.3,26,0.0,0.30
1780611411.757,229.3,26,0.0,0.30
1780611411.857,237.1,26,20.0,0.30
1780611412.008,230.3,26,92.8,0.30
1780611412.109,230.3,26,9.9,54.54
1780611412.209,230.3,26,0.0,54.54
1780611412.309,230.3,26,0.0,54.54
1780611412.409,230.3,26,0.0,54.54
1780611412.510,230.3,26,0.0,54.54
1780611412.610,230.3,26,0.0,54.54
1780611412.801,273.9,26,83.7,54.54
1780611412.901,231.3,26,0.0,54.54
1780611413.001,231.3,26,0.0,54.54
1780611413.102,231.3,26,0.0,54.54
1780611413.297,274.9,26,92.4,91.33
1780611413.397,232.3,26,0.0,91.33
1780611413.497,232.3,26,0.0,91.33
1780611413.597,232.3,26,0.0,91.33
1780611413.698,232.3,26,0.0,91.33
1780611413.798,232.3,26,0.0,91.33
1780611413.898,232.3,26,0.0,91.33
1780611413.998,232.3,26,0.0,91.33
1780611414.098,232.3,26,0.0,91.33
1780611414.198,232.3,26,0.0,91.33
1780611414.299,232.3,26,0.0,91.33
1780611414.399,232.3,26,0.0,91.33
1780611414.499,232.3,26,0.0,91.33
1780611414.599,232.3,26,0.0,91.33
1780611414.699,232.3,26,0.0,91.33
1780611414.799,232.3,26,0.0,91.33
1780611414.900,232.3,26,0.0,91.33
1780611415.000,232.3,26,0.0,91.33
1780611415.100,232.3,26,0.0,91.33
1780611415.200,232.3,26,0.0,91.33
1780611415.300,232.3,26,0.0,91.33
1780611415.400,232.3,26,0.0,91.33
1780611415.500,232.3,26,0.0,91.33
1780611415.600,232.3,26,0.0,91.33
1780611415.701,232.3,26,0.0,91.33
1780611415.801,232.3,26,0.0,91.33
1780611415.901,232.3,26,0.0,91.33
1780611416.001,232.3,26,0.0,91.33
1780611416.101,232.3,26,0.0,91.33
1780611416.201,232.3,26,0.0,91.33
1780611416.301,232.3,26,0.0,91.33
1780611416.402,232.3,26,0.0,91.33
1780611416.502,232.3,26,0.0,91.33
1780611416.602,232.3,26,0.0,91.33
1780611416.702,232.3,26,0.0,91.33
1780611416.802,232.3,26,0.0,91.33
1780611416.902,232.3,26,0.0,91.33
1780611417.003,232.3,26,0.0,91.33
1780611417.103,232.3,26,0.0,91.33
1780611417.203,232.3,26,0.0,91.33
1780611417.303,232.3,26,0.0,91.33
1780611417.403,232.3,26,0.0,91.33
1780611417.503,232.3,26,0.0,91.33
1780611417.603,232.3,26,0.0,91.33
1780611417.704,232.3,26,0.0,91.33
1780611417.804,232.3,26,0.0,91.33
1780611417.904,232.3,26,0.0,91.33
1780611418.004,232.3,26,0.0,91.33
1780611418.104,232.3,26,0.0,91.33
1780611418.204,232.3,26,0.0,91.33
1780611418.304,232.3,26,0.0,91.33
1780611418.405,232.3,26,0.0,91.33
1780611418.505,232.3,26,0.0,91.33
1780611418.605,232.3,26,0.0,91.33
1780611418.705,232.3,26,0.0,91.33
1780611418.805,232.3,26,0.0,91.33
1780611418.989,275.9,26,87.2,91.33
1780611419.089,233.3,26,0.0,91.33
1780611419.189,233.3,26,10.0,91.33
1780611419.289,233.3,26,0.0,91.33
1780611419.390,233.3,26,0.0,85.54
1780611419.490,233.3,26,0.0,85.54
1780611419.590,233.3,26,0.0,85.54
1780611419.778,234.3,26,85.0,88.34
1780611419.878,234.3,26,0.0,85.54
1780611419.978,234.3,26,0.0,85.54
1780611420.079,234.3,26,0.0,85.54
1780611420.179,234.3,26,0.0,85.54
1780611420.279,234.3,26,0.0,85.54
1780611420.379,234.3,26,0.0,85.54
1780611420.479,234.3,26,0.0,85.54
1780611420.579,234.3,26,0.0,85.54
1780611420.679,234.3,26,0.0,85.54
1780611420.780,234.3,26,0.0,85.54
1780611420.880,234.3,26,0.0,85.54
1780611420.980,234.3,26,0.0,85.54
1780611421.080,234.3,26,0.0,85.54
1780611421.181,234.3,26,0.0,85.54
1780611421.281,234.3,26,0.0,85.54
1780611421.381,234.3,26,0.0,85.54
1780611421.481,234.3,26,0.0,85.54
1780611421.581,234.3,26,0.0,85.54
1780611421.682,234.3,26,0.0,85.54
1780611421.782,234.3,26,0.0,85.54
1780611421.882,234.3,26,0.0,85.54
1780611421.982,234.3,26,10.0,85.54
1780611422.082,234.3,26,0.0,85.54
1780611422.183,234.3,26,0.0,85.54
1780611422.283,234.3,26,0.0,85.54
1780611422.383,234.3,26,0.0,85.54
1780611422.483,234.3,26,0.0,85.54
1780611422.583,234.3,26,0.0,85.54
1780611422.683,234.3,26,0.0,85.54
1780611422.783,234.3,26,0.0,85.54
1780611422.884,234.3,26,0.0,85.54
1780611422.984,234.3,26,0.0,85.54
1780611423.084,234.3,26,0.0,85.54
1780611423.184,234.3,26,0.0,85.54
1780611423.284,234.3,26,0.0,85.54
1780611423.384,234.3,26,0.0,85.54
1780611423.484,234.3,26,0.0,85.54
1780611423.585,234.3,26,0.0,85.54
1780611423.685,234.3,26,0.0,85.54
1780611423.785,234.3,26,0.0,85.54
1780611423.885,234.3,26,0.0,85.54
1780611423.985,234.3,26,0.0,85.54
1780611424.085,234.3,26,0.0,85.54
1780611424.185,234.3,26,0.0,85.54
1780611424.286,234.3,26,0.0,85.54
1780611424.386,234.3,26,0.0,85.54
1780611424.486,234.3,26,0.0,85.54
1780611424.586,234.3,26,0.0,85.54
1780611424.686,234.3,26,0.0,85.54
1780611424.787,234.3,26,0.0,85.54
1780611424.887,234.3,26,0.0,85.54
1780611425.078,277.9,26,83.7,85.54
1780611425.178,235.2,26,0.0,88.34
1780611425.279,235.2,26,0.0,88.34
1780611425.379,235.2,26,0.0,88.34
1780611425.479,235.2,26,0.0,88.34
1780611425.579,235.2,26,0.0,88.34
1780611425.679,235.2,26,0.0,88.34
1780611425.779,235.2,26,0.0,88.34
1780611425.880,235.2,26,0.0,88.34
1780611426.084,278.9,26,78.4,93.86
1780611426.184,236.2,26,0.0,93.86
1780611426.284,236.2,26,0.0,93.86
1780611426.385,236.2,26,0.0,93.86
1780611426.485,236.2,26,0.0,93.86
1780611426.585,236.2,26,0.0,93.86
1780611426.685,236.2,26,0.0,93.86
1780611426.785,236.2,26,0.0,93.86
1780611426.886,236.2,26,0.0,93.86
1780611426.986,236.2,26,0.0,93.86
1780611427.086,236.2,26,0.0,93.86
1780611427.186,236.2,26,0.0,93.86
1780611427.286,236.2,26,0.0,93.86
1780611427.386,236.2,26,0.0,93.86
1780611427.487,236.2,26,0.0,93.86
1780611427.587,236.2,26,0.0,93.86
1780611427.687,236.2,26,0.0,93.86
1780611427.787,236.2,26,0.0,93.86
1780611427.887,236.2,26,0.0,93.86
1780611427.988,236.2,26,0.0,93.86
1780611428.088,236.2,26,0.0,93.86
1780611428.188,236.2,26,0.0,93.86
1780611428.288,236.2,26,0.0,93.86
1780611428.388,236.2,26,0.0,93.86
1780611428.488,236.2,26,0.0,93.86
1780611428.589,236.2,26,0.0,93.86
1780611428.689,236.2,26,0.0,93.86
1780611428.789,236.2,26,0.0,93.86
1780611428.889,236.2,26,0.0,93.86
1780611428.989,236.2,26,0.0,93.86
1780611429.089,236.2,26,0.0,93.86
1780611429.190,236.2,26,0.0,93.86
1780611429.290,236.2,26,0.0,93.86
1780611429.390,236.2,26,0.0,93.86
1780611429.490,236.2,26,0.0,93.86
1780611429.590,236.2,26,0.0,93.86
1780611429.690,236.2,26,0.0,93.86
1780611429.791,236.2,26,0.0,93.86
1780611429.891,236.2,26,10.0,93.86
1780611429.991,236.2,26,0.0,93.86
1780611430.091,236.2,26,0.0,93.86
1780611430.191,236.2,26,0.0,93.86
1780611430.292,236.2,26,0.0,93.86
1780611430.392,236.2,26,0.0,93.86
1780611430.492,236.2,26,0.0,93.86
1780611430.711,279.9,26,68.4,104.52
1780611430.812,237.2,26,10.0,104.52
1780611430.912,237.2,26,0.0,104.52
1780611431.012,237.2,26,0.0,104.52
1780611431.112,237.2,26,0.0,104.52
1780611431.212,237.2,26,0.0,104.52
1780611431.312,237.2,26,0.0,104.52
1780611431.413,237.2,26,0.0,104.52
1780611431.513,237.2,26,0.0,104.52
1780611431.613,237.2,26,0.0,104.52
1780611431.713,237.2,26,0.0,104.52
1780611431.813,237.2,26,0.0,104.52
1780611431.913,237.2,26,0.0,104.52
1780611432.014,237.2,26,0.0,104.52
1780611432.233,280.9,26,72.8,120.17
1780611432.333,238.2,26,0.0,120.17
1780611432.434,238.2,26,0.0,120.17
1780611432.534,238.2,26,0.0,120.17
1780611432.634,238.2,26,0.0,120.17
1780611432.734,238.2,26,0.0,120.17
1780611432.834,238.2,26,0.0,120.17
1780611433.066,281.9,26,69.0,121.81
1780611433.166,239.2,26,0.0,121.81
1780611433.267,239.2,26,0.0,121.81
1780611433.367,239.2,26,0.0,121.81
1780611433.467,239.2,26,0.0,121.81
1780611433.567,239.2,26,0.0,121.81
1780611433.792,282.9,26,75.7,124.79
1780611433.892,240.2,26,0.0,124.79
1780611433.992,240.2,26,0.0,124.79
1780611434.093,240.2,26,0.0,124.79
1780611434.193,240.2,26,0.0,124.79
1780611434.293,240.2,26,0.0,124.79
1780611434.393,240.2,26,0.0,124.79
1780611434.493,240.2,26,0.0,124.79
1780611434.593,240.2,26,0.0,124.79
1780611434.694,240.2,26,0.0,124.79
1780611434.794,240.2,26,0.0,124.79
1780611434.894,240.2,26,0.0,124.79
1780611434.994,240.2,26,0.0,124.79
1780611435.094,240.2,26,0.0,124.79
1780611435.195,240.2,26,0.0,124.79
1780611435.295,240.2,26,0.0,124.79
1780611435.395,240.2,26,0.0,124.79
1780611435.495,240.2,26,0.0,124.79
1780611435.595,240.2,26,0.0,124.79
1780611435.696,240.2,26,0.0,124.79
1780611435.796,240.2,26,0.0,124.79
1780611435.896,240.2,26,0.0,124.79
1780611435.996,240.2,26,0.0,124.79
1780611436.096,240.2,26,0.0,124.79
1780611436.196,240.2,26,0.0,124.79
1780611436.297,240.2,26,0.0,124.79
1780611436.397,240.2,26,0.0,124.79
1780611436.497,240.2,26,0.0,124.79
1780611436.597,240.2,26,0.0,124.79
1780611436.697,240.2,26,0.0,124.79
1780611436.797,240.2,26,0.0,124.79
1780611436.898,240.2,26,0.0,124.79
1780611436.998,240.2,26,0.0,124.79
1780611437.098,240.2,26,0.0,124.79
1780611437.198,240.2,26,0.0,124.79
1780611437.421,283.9,26,71.7,125.33
1780611437.522,241.2,26,0.0,125.33
1780611437.622,241.2,26,0.0,125.33
1780611437.722,241.2,26,0.0,125.33
1780611437.822,241.2,26,0.0,125.33
1780611437.922,241.2,26,0.0,125.33
1780611438.023,241.2,26,10.0,125.33
1780611438.175,284.9,26,105.0,125.33
1780611438.275,242.2,26,0.0,125.33
1780611438.375,242.2,26,0.0,125.33
1780611438.476,242.2,26,0.0,125.33
1780611438.576,242.2,26,0.0,125.33
1780611438.676,242.2,26,0.0,125.33
1780611438.776,242.2,26,0.0,125.33
1780611438.876,242.2,26,0.0,125.33
1780611438.976,242.2,26,0.0,125.33
1780611439.077,242.2,26,0.0,125.33
1780611439.177,242.2,26,0.0,125.33
1780611439.277,242.2,26,0.0,125.33
1780611439.377,242.2,26,0.0,125.33
1780611439.477,242.2,26,0.0,125.33
1780611439.578,242.2,26,0.0,125.33
1780611439.678,242.2,26,0.0,125.33
1780611439.875,285.9,26,76.0,124.79
1780611439.976,243.2,26,0.0,124.79
1780611440.076,243.2,26,0.0,124.79
1780611440.176,243.2,26,0.0,124.79
1780611440.276,243.2,26,0.0,124.79
1780611440.376,243.2,26,0.0,124.79
1780611440.477,243.2,26,0.0,98.53
1780611440.577,243.2,26,0.0,98.53
1780611440.677,243.2,26,0.0,98.53
1780611440.777,243.2,26,0.0,98.53
1780611440.877,243.2,26,0.0,98.53
1780611440.977,243.2,26,0.0,98.53
1780611441.078,243.2,26,0.0,98.53
1780611441.178,243.2,26,0.0,98.53
1780611441.278,243.2,26,0.0,98.53
1780611441.378,243.2,26,0.0,98.53
1780611441.478,243.2,26,0.0,98.53
1780611441.578,243.2,26,0.0,98.53
1780611441.679,243.2,26,0.0,98.53
1780611441.779,243.2,26,0.0,98.53
1780611441.879,243.2,26,0.0,98.53
1780611441.979,243.2,26,0.0,98.53
1780611442.079,243.2,26,10.0,98.53
1780611442.180,243.2,26,0.0,98.53
1780611442.280,243.2,26,0.0,98.53
1780611442.380,243.2,26,0.0,98.53
1780611442.480,243.2,26,0.0,98.53
1780611442.580,243.2,26,0.0,98.53
1780611442.680,243.2,26,0.0,98.53
1780611442.780,243.2,26,0.0,98.53
1780611442.881,243.2,26,0.0,98.53
1780611442.981,243.2,26,0.0,98.53
1780611443.081,243.2,26,0.0,98.53
1780611443.181,243.2,26,0.0,98.53
1780611443.281,243.2,26,0.0,98.53
1780611443.381,243.2,26,0.0,98.53
1780611443.482,243.2,26,0.0,98.53
1780611443.582,243.2,26,0.0,98.53
1780611443.682,243.2,26,0.0,98.53
1780611443.782,243.2,26,0.0,98.53
1780611443.882,243.2,26,0.0,98.53
1780611443.982,243.2,26,0.0,53.09
1780611444.083,243.2,26,0.0,53.09
1780611444.183,243.2,26,0.0,53.09
1780611444.283,243.2,26,0.0,53.09
1780611444.383,243.2,26,0.0,53.09
1780611444.483,243.2,26,0.0,53.09
1780611444.584,243.2,26,0.0,53.09
1780611444.684,243.2,26,0.0,1.30
1780611444.784,243.2,26,10.0,1.30
1780611444.933,286.9,26,100.5,50.90
1780611445.034,244.2,26,0.0,50.90
1780611445.134,244.2,26,0.0,50.90
1780611445.234,244.2,26,0.0,50.90
1780611445.334,244.2,26,0.0,50.90
1780611445.434,244.2,26,0.0,50.90
1780611445.534,244.2,26,0.0,50.90
1780611445.727,287.9,26,93.7,92.46
1780611445.827,245.2,26,0.0,92.46
1780611445.927,245.2,26,0.0,92.46
1780611446.027,245.2,26,0.0,92.46
1780611446.127,245.2,26,0.0,92.46
1780611446.228,245.2,26,0.0,92.46
1780611446.328,245.2,26,0.0,92.46
1780611446.428,245.2,26,0.0,50.90
1780611446.528,245.2,26,0.0,50.90
1780611446.628,245.2,26,0.0,50.90
1780611446.728,245.2,26,0.0,50.90
1780611446.829,245.2,26,0.0,50.90
1780611446.929,245.2,26,0.0,50.90
1780611447.029,245.2,26,0.0,50.90
1780611447.129,245.2,26,0.0,50.90
1780611447.229,245.2,26,0.0,50.90
1780611447.463,355.7,26,68.6,92.46
1780611447.563,246.2,26,0.0,92.46
1780611447.663,246.2,26,0.0,92.46
1780611447.763,246.2,26,0.0,92.46
1780611447.863,246.2,26,0.0,92.46
1780611447.964,246.2,26,0.0,92.46
1780611448.064,246.2,26,10.0,92.46
1780611448.164,246.2,26,0.0,92.46
1780611448.264,246.2,26,0.0,92.46
1780611448.364,246.2,26,0.0,92.46
1780611448.464,246.2,26,0.0,92.46
1780611448.565,246.2,26,0.0,92.46
1780611448.665,246.2,26,0.0,92.46
1780611448.765,246.2,26,0.0,92.46
1780611448.865,246.2,26,0.0,92.46
1780611448.965,246.2,26,0.0,92.46
1780611449.065,246.2,26,0.0,92.46
1780611449.166,246.2,26,0.0,92.46
1780611449.266,246.2,26,0.0,92.46
1780611449.366,246.2,26,0.0,92.46
1780611449.466,246.2,26,0.0,92.46
1780611449.566,246.2,26,0.0,92.46
1780611449.667,246.2,26,0.0,92.46
1780611449.767,246.2,26,0.0,92.46
1780611449.867,246.2,26,0.0,92.46
1780611449.967,246.2,26,0.0,92.46
1780611450.067,246.2,26,0.0,92.46
1780611450.167,246.2,26,0.0,92.46
1780611450.268,246.2,26,0.0,92.46
1780611450.368,246.2,26,0.0,92.46
1780611450.468,246.2,26,0.0,92.46
1780611450.568,246.2,26,0.0,92.46
1780611450.668,246.2,26,0.0,92.46
1780611450.768,246.2,26,0.0,92.46
1780611450.869,246.2,26,0.0,92.46
1780611451.038,247.2,26,94.4,92.46
1780611451.138,247.2,26,0.0,92.46
1780611451.239,247.2,26,0.0,92.46
1780611451.339,247.2,26,0.0,92.46
1780611451.439,247.2,26,0.0,92.46
1780611451.652,290.9,26,70.2,113.58
1780611451.753,248.2,26,0.0,113.58
1780611451.853,248.2,26,0.0,113.58
1780611451.953,248.2,26,0.0,113.58
1780611452.053,248.2,26,0.0,113.58
1780611452.153,248.2,26,0.0,113.58
1780611452.253,248.2,26,0.0,113.58
1780611452.354,248.2,26,10.0,113.58
1780611452.519,291.9,26,90.6,113.58
1780611452.620,249.2,26,0.0,113.58
1780611452.720,249.2,26,0.0,113.58
1780611452.820,249.2,26,0.0,113.58
1780611452.920,249.2,26,10.0,113.58
1780611453.020,249.2,26,0.0,113.58
1780611453.120,249.2,26,0.0,113.58
1780611453.221,249.2,26,0.0,113.58
1780611453.321,249.2,26,0.0,113.58
1780611453.421,249.2,26,0.0,113.58
1780611453.521,249.2,26,0.0,113.58
1780611453.621,249.2,26,0.0,113.58
1780611453.721,249.2,26,0.0,113.58
1780611453.822,249.2,26,0.0,113.58
1780611453.922,249.2,26,0.0,113.58
1780611454.022,249.2,26,0.0,113.58
1780611454.122,249.2,26,0.0,70.92
1780611454.222,249.2,26,0.0,70.92
1780611454.322,249.2,26,0.0,70.92
1780611454.423,249.2,26,0.0,70.92
1780611454.523,249.2,26,0.0,70.92
1780611454.623,249.2,26,0.0,70.92
1780611454.723,249.2,26,0.0,70.92
1780611454.824,249.2,26,0.0,70.92
1780611454.924,249.2,26,0.0,70.92
1780611455.024,249.2,26,0.0,70.92
1780611455.124,249.2,26,0.0,70.92
1780611455.224,249.2,26,0.0,70.92
1780611455.324,249.2,26,0.0,70.92
1780611455.424,249.2,26,0.0,70.92
1780611455.525,249.2,26,0.0,70.92
1780611455.625,249.2,26,0.0,70.92
1780611455.725,249.2,26,0.0,70.92
1780611455.825,249.2,26,0.0,70.92
1780611455.925,249.2,26,0.0,70.92
1780611456.025,249.2,26,0.0,70.92
1780611456.126,249.2,26,0.0,70.92
1780611456.226,249.2,26,0.0,70.92
1780611456.326,249.2,26,0.0,70.92
1780611456.426,249.2,26,0.0,70.92
1780611456.526,249.2,26,0.0,70.92
1780611456.626,249.2,26,0.0,70.92
1780611456.727,249.2,26,0.0,70.92
1780611456.957,291.9,26,69.5,113.58
1780611457.057,249.2,26,0.0,113.58
1780611457.157,249.2,26,0.0,113.58
1780611457.257,249.2,26,0.0,113.58
1780611457.357,249.2,26,0.0,113.58
1780611457.458,249.2,26,0.0,113.58
1780611457.558,249.2,26,0.0,113.58
1780611457.658,249.2,26,0.0,113.58
1780611457.758,249.2,26,0.0,113.58
1780611457.858,249.2,26,0.0,113.58
1780611457.958,249.2,26,0.0,113.58
1780611458.059,249.2,26,0.0,113.58
1780611458.159,249.2,26,0.0,113.58
1780611458.259,249.2,26,0.0,66.09
1780611458.359,249.2,26,10.0,66.09
1780611458.513,292.9,26,97.8,66.09
1780611458.613,250.2,26,0.0,66.09
1780611458.713,250.2,26,0.0,66.09
1780611458.813,250.2,26,0.0,66.09
1780611458.914,250.2,26,0.0,66.09
1780611459.014,250.2,26,0.0,66.09
1780611459.114,250.2,26,0.0,66.09
1780611459.295,293.9,26,88.4,54.56
1780611459.395,251.2,26,0.0,80.99
1780611459.495,251.2,26,0.0,80.99
1780611459.596,251.2,26,0.0,80.99
1780611459.696,293.0,26,19.9,80.99
1780611459.830,294.9,26,104.0,132.08
1780611459.931,252.2,26,0.0,132.08
1780611460.031,252.2,26,0.0,132.08
1780611460.131,252.2,26,0.0,132.08
1780611460.231,252.2,26,0.0,132.08
1780611460.331,252.2,26,0.0,132.08
1780611460.431,252.2,26,0.0,132.08
1780611460.532,252.2,26,0.0,132.08
1780611460.632,252.2,26,0.0,132.08
1780611460.732,252.2,26,0.0,132.08
1780611460.832,252.2,26,0.0,132.08
1780611460.932,252.2,26,0.0,132.08
1780611461.032,252.2,26,0.0,132.08
1780611461.133,252.2,26,0.0,132.08
1780611461.233,252.2,26,0.0,132.08
1780611461.333,252.2,26,0.0,132.08
1780611461.433,252.2,26,0.0,132.08
1780611461.533,252.2,26,0.0,132.08
1780611461.633,252.2,26,0.0,132.08
1780611461.734,252.2,26,0.0,132.08
1780611461.834,252.2,26,0.0,132.08
1780611461.934,252.2,26,0.0,132.08
1780611462.034,252.2,26,0.0,132.08
1780611462.134,252.2,26,0.0,132.08
1780611462.364,295.9,26,65.3,132.08
1780611462.465,253.2,26,0.0,132.08
1780611462.565,253.2,26,0.0,132.08
1780611462.665,253.2,26,0.0,132.08
1780611462.765,253.2,26,0.0,132.08
1780611462.865,253.2,26,0.0,132.08
1780611462.965,253.2,26,0.0,132.08
1780611463.066,253.2,26,0.0,132.08
1780611463.166,253.2,26,0.0,132.08
1780611463.266,253.2,26,0.0,132.08
1780611463.366,253.2,26,0.0,132.08
1780611463.466,253.2,26,0.0,132.08
1780611463.566,253.2,26,0.0,132.08
1780611463.666,253.2,26,0.0,132.08
1780611463.767,253.2,26,0.0,131.10
1780611463.867,253.2,26,0.0,131.10
1780611463.967,253.2,26,0.0,131.10
1780611464.067,253.2,26,0.0,131.10
1780611464.167,253.2,26,0.0,131.10
1780611464.268,253.2,26,0.0,131.10
1780611464.368,253.2,26,10.0,131.10
1780611464.468,253.2,26,0.0,131.10
1780611464.568,253.2,26,0.0,131.10
1780611464.668,253.2,26,0.0,131.10
1780611464.768,253.2,26,0.0,131.10
1780611464.869,253.2,26,0.0,131.10
1780611464.969,253.2,26,0.0,131.10
1780611465.069,253.2,26,0.0,131.10
1780611465.169,253.2,26,0.0,131.10
1780611465.269,253.2,26,0.0,131.10
1780611465.370,253.2,26,0.0,131.10
1780611465.470,253.2,26,0.0,131.10
1780611465.570,253.2,26,0.0,131.10
1780611465.670,253.2,26,0.0,131.10
1780611465.770,253.2,26,0.0,131.10
1780611465.870,253.2,26,0.0,131.10
1780611465.971,253.2,26,0.0,131.10
1780611466.071,253.2,26,0.0,131.10
1780611466.171,253.2,26,0.0,131.10
1780611466.271,253.2,26,0.0,131.10
1780611466.371,253.2,26,0.0,0.33
1780611466.471,253.2,26,0.0,0.33
1780611466.637,277.8,26,96.7,67.46
1780611466.737,235.2,26,0.0,67.46
1780611466.837,235.2,26,0.0,67.46
1780611466.937,235.2,26,0.0,67.46
1780611467.038,235.2,26,0.0,67.46
1780611467.138,235.2,26,0.0,67.46
1780611467.238,235.2,26,0.0,67.46
1780611467.338,235.2,26,0.0,67.46
1780611467.438,235.2,26,0.0,67.46
1780611467.538,235.2,26,0.0,67.46
1780611467.639,235.2,26,0.0,67.46
1780611467.739,235.2,26,0.0,67.46
1780611467.933,278.8,26,77.1,95.20
1780611468.034,236.2,26,0.0,95.20
1780611468.134,236.2,26,0.0,95.20
1780611468.234,236.2,26,0.0,95.20
1780611468.334,236.2,26,10.0,95.20
1780611468.435,236.2,26,0.0,95.20
1780611468.535,236.2,26,0.0,95.20
1780611468.635,236.2,26,0.0,95.20
1780611468.735,236.2,26,0.0,95.20
1780611468.835,236.2,26,0.0,95.20
1780611468.935,236.2,26,0.0,67.46
1780611469.036,236.2,26,0.0,67.46
1780611469.136,236.2,26,0.0,67.46
1780611469.236,236.2,26,0.0,67.46
1780611469.336,236.2,26,0.0,67.46
1780611469.436,236.2,26,0.0,67.46
1780611469.536,236.2,26,0.0,67.46
1780611469.637,236.2,26,0.0,67.46
1780611469.737,236.2,26,0.0,67.46
1780611469.837,236.2,26,0.0,67.46
1780611469.937,236.2,26,0.0,67.46
1780611470.037,236.2,26,0.0,67.46
1780611470.138,236.2,26,0.0,67.46
1780611470.238,236.2,26,0.0,67.46
1780611470.338,236.2,26,0.0,67.46
1780611470.438,236.2,26,0.0,67.46
1780611470.538,236.2,26,0.0,67.46
1780611470.638,236.2,26,0.0,67.46
1780611470.738,236.2,26,0.0,67.46
1780611470.839,236.2,26,0.0,67.46
1780611470.939,236.2,26,0.0,67.46
1780611471.039,236.2,26,0.0,67.46
1780611471.139,236.2,26,0.0,67.46
1780611471.239,236.2,26,0.0,67.46
1780611471.339,236.2,26,0.0,67.46
1780611471.440,236.2,26,0.0,67.46
1780611471.540,236.2,26,0.0,67.46
1780611471.640,236.2,26,0.0,67.46
1780611471.740,236.2,26,0.0,67.46
1780611471.840,236.2,26,0.0,67.46
1780611471.940,236.2,26,0.0,67.46
1780611472.041,236.2,26,0.0,67.46
1780611472.141,236.2,26,0.0,67.46
1780611472.241,236.2,26,0.0,67.46
1780611472.412,279.8,26,93.7,72.70
1780611472.512,237.2,26,0.0,72.70
1780611472.612,237.2,26,0.0,72.70
1780611472.712,237.2,26,0.0,72.70
1780611472.812,237.2,26,0.0,72.70
1780611472.913,237.2,26,0.0,72.70
1780611473.013,237.2,26,0.0,72.70
1780611473.113,237.2,26,0.0,72.70
1780611473.213,237.2,26,0.0,72.70
1780611473.313,237.2,26,0.0,72.70
1780611473.413,237.2,26,0.0,72.70
1780611473.514,237.2,26,0.0,72.70
1780611473.614,237.2,26,0.0,72.70
1780611473.714,237.2,26,0.0,72.70
1780611473.814,237.2,26,0.0,72.70
1780611473.914,237.2,26,0.0,72.70
1780611474.014,237.2,26,0.0,72.70
1780611474.115,237.2,26,0.0,72.70
1780611474.215,237.2,26,0.0,72.70
1780611474.315,237.2,26,0.0,72.70
1780611474.522,280.8,26,72.3,72.70
1780611474.622,238.2,26,0.0,72.70
1780611474.723,238.2,26,0.0,72.70
1780611474.823,238.2,26,0.0,72.70
1780611474.923,238.2,26,0.0,72.70
1780611475.023,238.2,26,0.0,72.70
1780611475.124,238.2,26,0.0,72.70
1780611475.224,238.2,26,0.0,72.70
1780611475.324,238.2,26,0.0,72.70
1780611475.424,238.2,26,0.0,72.70
1780611475.524,238.2,26,0.0,72.70
1780611475.624,238.2,26,0.0,72.70
1780611475.724,238.2,26,0.0,72.70
1780611475.825,238.2,26,0.0,72.70
1780611475.925,238.2,26,0.0,72.70
1780611476.025,238.2,26,0.0,72.70
1780611476.125,238.2,26,0.0,72.70
1780611476.225,238.2,26,0.0,72.70
1780611476.325,238.2,26,0.0,72.70
1780611476.426,238.2,26,10.0,72.70
1780611476.526,238.2,26,0.0,72.70
1780611476.626,238.2,26,0.0,72.70
1780611476.726,238.2,26,0.0,72.70
1780611476.826,238.2,26,0.0,72.70
1780611476.927,238.2,26,0.0,72.70
1780611477.027,238.2,26,0.0,72.70
1780611477.127,238.2,26,0.0,72.70
1780611477.227,238.2,26,0.0,72.70
1780611477.327,238.2,26,0.0,72.70
1780611477.427,238.2,26,0.0,72.70
1780611477.527,238.2,26,0.0,72.70
1780611477.628,238.2,26,0.0,72.70
1780611477.728,238.2,26,0.0,72.70
1780611477.828,238.2,26,0.0,72.70
1780611478.032,281.8,26,73.4,106.16
1780611478.133,239.2,26,0.0,106.16
1780611478.233,239.2,26,0.0,106.16
1780611478.333,239.2,26,0.0,106.16
1780611478.433,239.2,26,0.0,106.16
1780611478.534,239.2,26,0.0,106.16
1780611478.634,239.2,26,0.0,106.16
1780611478.734,239.2,26,0.0,106.16
1780611478.834,239.2,26,0.0,106.16
1780611478.934,239.2,26,0.0,106.16
1780611479.034,239.2,26,0.0,106.16
1780611479.135,239.2,26,10.0,106.16
1780611479.235,239.2,26,0.0,106.16
1780611479.335,239.2,26,0.0,106.16
1780611479.435,239.2,26,0.0,106.16
1780611479.535,239.2,26,0.0,106.16
1780611479.636,240.2,26,0.0,106.16
1780611479.777,282.8,26,99.1,106.16
1780611479.877,240.2,26,0.0,106.16
1780611479.978,240.2,26,0.0,106.16
1780611480.078,240.2,26,0.0,106.16
1780611480.178,240.2,26,0.0,106.16
1780611480.278,240.2,26,0.0,106.16
1780611480.378,240.2,26,0.0,106.16
1780611480.478,240.2,26,0.0,106.16
1780611480.579,240.2,26,0.0,106.16
1780611480.679,240.2,26,0.0,106.16
1780611480.779,240.2,26,0.0,106.16
1780611480.879,240.2,26,0.0,106.16
1780611480.979,240.2,26,0.0,106.16
1780611481.079,240.2,26,0.0,42.65
1780611481.180,240.2,26,0.0,42.65
1780611481.280,240.2,26,0.0,42.65
1780611481.380,240.2,26,0.0,42.65
1780611481.480,240.2,26,0.0,42.65
1780611481.580,240.2,26,0.0,42.65
1780611481.680,278.6,26,20.0,42.65
1780611481.813,283.8,26,105.8,106.16
1780611481.913,241.2,26,10.0,106.16
1780611482.013,241.2,26,0.0,106.16
1780611482.114,241.2,26,0.0,106.16
1780611482.214,241.2,26,0.0,106.16
1780611482.314,241.2,26,0.0,106.16
1780611482.414,241.2,26,0.0,106.16
1780611482.514,241.2,26,0.0,106.16
1780611482.614,241.2,26,0.0,106.16
1780611482.714,241.2,26,0.0,106.16
1780611482.815,241.2,26,0.0,106.16
1780611482.915,241.2,26,0.0,106.16
1780611483.015,241.2,26,0.0,106.16
1780611483.115,241.2,26,0.0,106.16
1780611483.215,241.2,26,0.0,106.16
1780611483.316,241.2,26,0.0,106.16
1780611483.416,241.2,26,0.0,106.16
1780611483.641,242.2,26,66.6,126.14
1780611483.741,242.2,26,0.0,126.14
1780611483.842,242.2,26,0.0,126.14
1780611483.942,242.2,26,0.0,126.14
1780611484.042,242.2,26,0.0,126.14
1780611484.142,242.2,26,0.0,126.14
1780611484.242,242.2,26,0.0,126.14
1780611484.342,242.2,26,0.0,126.14
1780611484.443,242.2,26,0.0,126.14
1780611484.543,242.2,26,0.0,126.14
1780611484.643,242.2,26,0.0,126.14
1780611484.743,242.2,26,0.0,126.14
1780611484.843,242.2,26,0.0,126.14
1780611484.943,242.2,26,0.0,126.14
1780611485.044,242.2,26,0.0,126.14
1780611485.144,242.2,26,0.0,126.14
1780611485.244,242.2,26,0.0,126.14
1780611485.344,242.2,26,0.0,126.14
1780611485.444,242.2,26,0.0,126.14
1780611485.544,242.2,26,0.0,126.14
1780611485.644,242.2,26,0.0,126.14
1780611485.745,242.2,26,0.0,126.14
1780611485.845,242.2,26,0.0,126.14
1780611485.945,242.2,26,0.0,126.14
1780611486.045,242.2,26,0.0,126.14
1780611486.146,242.2,26,0.0,126.14
1780611486.246,242.2,26,0.0,126.14
1780611486.346,242.2,26,0.0,126.14
1780611486.446,242.2,26,0.0,126.14
1780611486.636,285.8,26,78.8,126.14
1780611486.737,243.2,26,0.0,126.14
1780611486.837,243.2,26,0.0,126.14
1780611486.937,243.2,26,0.0,126.14
1780611487.037,243.2,26,0.0,126.14
1780611487.137,243.2,26,0.0,126.14
1780611487.238,243.2,26,0.0,126.14
1780611487.338,243.2,26,0.0,126.14
1780611487.438,243.2,26,0.0,126.14
1780611487.538,243.2,26,0.0,126.14
1780611487.638,243.2,26,0.0,126.14
1780611487.738,281.4,26,20.0,126.14
1780611487.870,286.8,26,99.0,131.97
1780611487.970,244.2,26,0.0,131.97
1780611488.070,244.2,26,0.0,131.97
1780611488.170,244.2,26,0.0,131.97
1780611488.270,244.2,26,0.0,131.97
1780611488.371,244.2,26,0.0,131.97
1780611488.471,244.2,26,0.0,131.97
1780611488.571,244.2,26,0.0,126.14
1780611488.671,244.2,26,0.0,126.14
1780611488.771,244.2,26,0.0,126.14
1780611488.871,244.2,26,0.0,126.14
1780611488.972,244.2,26,0.0,126.14
1780611489.072,244.2,26,0.0,126.14
1780611489.172,244.2,26,0.0,126.14
1780611489.272,244.2,26,0.0,126.14
1780611489.372,244.2,26,0.0,126.14
1780611489.472,244.2,26,0.0,126.14
1780611489.573,244.2,26,0.0,126.14
1780611489.673,244.2,26,0.0,126.14
1780611489.773,244.2,26,0.0,126.14
1780611489.873,244.2,26,0.0,126.14
1780611489.973,244.2,26,0.0,126.14
1780611490.074,244.2,26,0.0,126.14
1780611490.174,244.2,26,0.0,126.14
1780611490.274,244.2,26,0.0,91.49
1780611490.374,244.2,26,0.0,91.49
1780611490.474,244.2,26,0.0,91.49
1780611490.574,244.2,26,10.0,91.49
1780611490.674,244.2,26,0.0,91.49
1780611490.775,244.2,26,0.0,91.49
1780611490.875,244.2,26,0.0,91.49
1780611490.975,244.2,26,0.0,91.49
1780611491.075,244.2,26,10.0,91.49
1780611491.219,287.8,26,104.5,91.49
1780611491.319,245.2,26,0.0,91.49
1780611491.419,245.2,26,0.0,91.49
1780611491.520,245.2,26,0.0,91.49
1780611491.620,245.2,26,0.0,91.49
1780611491.720,245.2,26,0.0,91.49
1780611491.820,245.2,26,0.0,91.49
1780611492.018,288.8,26,70.8,97.76
1780611492.118,246.2,26,0.0,97.76
1780611492.218,246.2,26,0.0,97.76
1780611492.318,246.2,26,0.0,97.76
1780611492.419,246.2,26,0.0,97.76
1780611492.519,246.2,26,0.0,97.76
1780611492.619,246.2,26,0.0,97.76
1780611492.719,246.2,26,0.0,97.76
1780611492.819,246.2,26,0.0,97.76
1780611492.920,246.2,26,10.0,97.76
1780611493.020,246.2,26,0.0,97.76
1780611493.120,246.2,26,0.0,97.76
1780611493.220,246.2,26,0.0,97.76
1780611493.320,246.2,26,0.0,97.76
1780611493.420,246.2,26,0.0,97.76
1780611493.520,246.2,26,0.0,97.76
1780611493.621,246.2,26,0.0,97.76
1780611493.721,246.2,26,0.0,97.76
1780611493.821,246.2,26,0.0,97.76
1780611493.921,246.2,26,0.0,97.76
1780611494.022,246.2,26,0.0,97.76
1780611494.122,246.2,26,0.0,97.76
1780611494.222,246.2,26,0.0,97.76
1780611494.322,246.2,26,0.0,97.76
1780611494.422,246.2,26,0.0,45.60
1780611494.522,246.2,26,0.0,45.60
1780611494.685,289.8,26,92.4,63.99
1780611494.785,247.2,26,0.0,63.99
1780611494.885,247.2,26,0.0,63.99
1780611494.986,247.2,26,0.0,63.99
1780611495.086,247.2,26,0.0,63.99
1780611495.186,247.2,26,0.0,63.99
1780611495.286,247.2,26,0.0,63.99
1780611495.386,247.2,26,0.0,63.99
1780611495.487,247.2,26,0.0,63.99
1780611495.587,247.2,26,0.0,63.99
1780611495.687,247.2,26,0.0,63.99
1780611495.787,247.2,26,0.0,63.99
1780611495.887,247.2,26,0.0,63.99
1780611495.987,247.2,26,0.0,63.99
1780611496.088,247.2,26,0.0,63.99
1780611496.188,247.2,26,0.0,63.99
1780611496.288,247.2,26,0.0,63.99
1780611496.388,247.2,26,0.0,63.99
1780611496.488,247.2,26,0.0,63.99
1780611496.588,247.2,26,0.0,63.99
1780611496.688,247.2,26,0.0,63.99
1780611496.789,247.2,26,0.0,63.99
1780611496.889,247.2,26,0.0,63.99
1780611496.989,247.2,26,0.0,63.99
1780611497.203,290.8,26,74.8,97.76
1780611497.303,248.2,26,0.0,97.76
1780611497.403,248.2,26,0.0,97.76
1780611497.504,248.2,26,0.0,97.76
1780611497.604,248.2,26,0.0,97.76
1780611497.704,248.2,26,0.0,97.76
1780611497.804,248.2,26,0.0,97.76
1780611498.010,291.8,26,67.9,106.33
1780611498.110,249.2,26,0.0,106.33
1780611498.210,249.2,26,0.0,106.33
1780611498.311,249.2,26,0.0,106.33
1780611498.411,249.2,26,0.0,106.33
1780611498.511,249.2,26,0.0,106.33
1780611498.611,249.2,26,0.0,106.33
1780611498.711,249.2,26,0.0,106.33
1780611498.811,249.2,26,0.0,106.33
1780611498.912,249.2,26,0.0,106.33
1780611499.012,249.2,26,0.0,106.33
1780611499.112,249.2,26,0.0,106.33
1780611499.212,249.2,26,0.0,106.33
1780611499.312,249.2,26,0.0,106.33
1780611499.412,249.2,26,0.0,106.33
1780611499.513,249.2,26,0.0,106.33
1780611499.613,249.2,26,0.0,106.33
1780611499.713,249.2,26,0.0,106.33
1780611499.813,249.2,26,0.0,106.33
1780611499.913,249.2,26,0.0,106.33
1780611500.014,249.2,26,0.0,106.33
1780611500.114,249.2,26,0.0,106.33
1780611500.214,249.2,26,10.0,106.33
1780611500.314,249.2,26,0.0,106.33
1780611500.414,249.2,26,0.0,106.33
1780611500.515,249.2,26,0.0,106.33
1780611500.615,249.2,26,0.0,106.33
1780611500.715,249.2,26,0.0,106.33
1780611500.815,249.2,26,0.0,106.33
1780611500.915,249.2,26,0.0,106.33
1780611501.015,249.2,26,0.0,106.33
1780611501.116,249.2,26,0.0,106.33
1780611501.216,249.2,26,0.0,106.33
1780611501.316,249.2,26,0.0,106.33
1780611501.416,249.2,26,0.0,106.33
1780611501.516,249.2,26,0.0,106.33
1780611501.616,249.2,26,0.0,106.33
1780611501.716,249.2,26,0.0,106.33
1780611501.817,249.2,26,0.0,106.33
1780611501.917,249.2,26,0.0,106.33
1780611502.017,249.2,26,0.0,106.33
1780611502.117,249.2,26,0.0,106.33
1780611502.217,249.2,26,0.0,106.33
1780611502.318,249.2,26,0.0,106.33
1780611502.418,249.2,26,0.0,106.33
1780611502.518,249.2,26,0.0,106.33
1780611502.618,249.2,26,0.0,106.33
1780611502.718,249.2,26,0.0,106.33
1780611502.818,249.2,26,0.0,106.33
1780611502.918,249.2,26,0.0,106.33
1780611503.019,249.2,26,0.0,106.33
1780611503.119,249.2,26,0.0,106.33
1780611503.219,249.2,26,0.0,106.33
1780611503.420,368.5,26,74.9,106.33
1780611503.520,250.2,26,0.0,106.33
1780611503.620,250.2,26,0.0,106.33
1780611503.720,250.2,26,0.0,106.33
1780611503.821,250.2,26,0.0,106.33
1780611503.921,250.2,26,0.0,104.00
1780611504.021,250.2,26,0.0,104.00
1780611504.121,250.2,26,0.0,104.00
1780611504.221,250.2,26,0.0,104.00
1780611504.321,250.2,26,0.0,104.00
1780611504.422,250.2,26,0.0,104.00
1780611504.522,250.2,26,0.0,104.00
1780611504.698,293.8,26,96.5,75.20
1780611504.798,251.2,26,0.0,75.20
1780611504.899,251.2,26,0.0,75.20
1780611504.999,251.2,26,0.0,75.20
1780611505.099,251.2,26,0.0,75.20
1780611505.199,251.2,26,0.0,75.20
1780611505.299,251.2,26,0.0,75.20
1780611505.399,251.2,26,0.0,75.20
1780611505.499,251.2,26,0.0,75.20
1780611505.599,251.2,26,0.0,75.20
1780611505.699,251.2,26,0.0,75.20
1780611505.800,251.2,26,0.0,75.20
1780611505.900,251.2,26,0.0,75.20
1780611506.000,251.2,26,0.0,75.20
1780611506.100,251.2,26,0.0,75.20
1780611506.200,251.2,26,0.0,75.20
1780611506.300,251.2,26,0.0,75.20
1780611506.400,251.2,26,0.0,75.20
1780611506.500,251.2,26,0.0,75.20
1780611506.600,251.2,26,0.0,75.20
1780611506.701,251.2,26,0.0,75.20
1780611506.924,252.2,26,62.7,104.00
1780611507.024,252.2,26,0.0,104.00
1780611507.124,252.2,26,0.0,104.00
1780611507.224,252.2,26,0.0,104.00
1780611507.325,252.2,26,0.0,104.00
1780611507.425,252.2,26,0.0,104.00
1780611507.525,252.2,26,0.0,104.00
1780611507.625,252.2,26,0.0,104.00
1780611507.725,262.1,26,10.0,104.00
1780611507.857,295.8,26,105.8,123.63
1780611507.957,253.2,26,0.0,123.63
1780611508.058,253.2,26,0.0,123.63
1780611508.158,253.2,26,0.0,123.63
1780611508.258,253.2,26,0.0,123.63
1780611508.358,253.2,26,0.0,123.63
1780611508.458,253.2,26,0.0,123.63
1780611508.558,253.2,26,0.0,123.63
1780611508.658,253.2,26,0.0,123.63
1780611508.758,253.2,26,0.0,123.63
1780611508.859,253.2,26,0.0,123.63
1780611508.959,253.2,26,0.0,123.63
1780611509.059,253.2,26,0.0,123.63
1780611509.159,253.2,26,0.0,123.63
1780611509.259,253.2,26,0.0,123.63
1780611509.359,253.2,26,0.0,123.63
1780611509.459,253.2,26,0.0,123.63
1780611509.560,253.2,26,0.0,123.63
1780611509.660,253.2,26,0.0,123.63
1780611509.881,296.8,26,67.8,123.63
1780611509.981,254.2,26,0.0,123.63
1780611510.081,254.2,26,0.0,123.63
1780611510.181,254.2,26,0.0,123.63
1780611510.282,254.2,26,0.0,123.63
1780611510.382,254.2,26,0.0,123.63
1780611510.482,254.2,26,0.0,123.63
1780611510.582,254.2,26,0.0,123.63
1780611510.682,254.2,26,0.0,123.63
1780611510.782,254.2,26,0.0,123.63
1780611510.882,254.2,26,0.0,123.63
1780611510.982,254.2,26,0.0,123.63
1780611511.082,254.2,26,0.0,123.63
1780611511.183,254.2,26,0.0,123.63
1780611511.283,254.2,26,0.0,123.63
1780611511.383,254.2,26,0.0,123.63
1780611511.483,254.2,26,0.0,123.63
1780611511.583,254.2,26,0.0,123.63
1780611511.683,254.2,26,0.0,123.63
1780611511.783,254.2,26,0.0,123.63
1780611511.883,254.2,26,0.0,123.63
1780611512.093,297.8,26,71.6,123.63
1780611512.193,255.2,26,0.0,123.63
1780611512.294,255.2,26,0.0,123.63
1780611512.394,255.2,26,0.0,123.63
1780611512.494,255.2,26,0.0,123.63
1780611512.594,255.2,26,0.0,123.63
1780611512.694,255.2,26,0.0,123.63
1780611512.794,255.2,26,0.0,123.63
1780611512.894,255.2,26,0.0,123.63
1780611512.994,255.2,26,0.0,123.63
1780611513.095,255.2,26,0.0,123.63
1780611513.195,255.2,26,0.0,123.63
1780611513.295,255.2,26,0.0,123.63
1780611513.395,255.2,26,0.0,123.63
1780611513.495,255.2,26,0.0,123.63
1780611513.595,255.2,26,0.0,123.63
1780611513.695,255.2,26,0.0,121.51
1780611513.795,255.2,26,0.0,121.51
1780611513.896,255.2,26,0.0,121.51
1780611513.996,255.2,26,0.0,121.51
1780611514.096,255.2,26,0.0,121.51
1780611514.284,298.8,26,74.7,121.51
1780611514.384,256.2,26,0.0,121.51
1780611514.484,256.2,26,0.0,121.51
1780611514.584,256.2,26,0.0,121.51
1780611514.684,256.2,26,0.0,109.23
1780611514.784,256.2,26,0.0,109.23
1780611514.884,256.2,26,0.0,109.23
1780611514.984,256.2,26,0.0,109.23
1780611515.085,256.2,26,0.0,109.23
1780611515.185,256.2,26,0.0,109.23
1780611515.285,256.2,26,0.0,109.23
1780611515.385,256.2,26,0.0,109.23
1780611515.485,256.2,26,0.0,109.23
1780611515.585,256.2,26,0.0,109.23
1780611515.685,256.2,26,0.0,109.23
1780611515.785,256.2,26,0.0,109.23
1780611515.886,256.2,26,0.0,109.23
1780611515.986,256.2,26,0.0,109.23
1780611516.086,256.2,26,0.0,109.23
1780611516.186,256.2,26,0.0,109.23
1780611516.286,256.2,26,0.0,109.23
1780611516.386,256.2,26,10.0,109.23
1780611516.486,256.2,26,0.0,87.78
1780611516.586,256.2,26,0.0,87.78
1780611516.687,256.2,26,0.0,87.78
1780611516.787,256.2,26,0.0,87.78
1780611516.887,256.2,26,0.0,87.78
1780611516.987,256.2,26,0.0,87.78
1780611517.087,256.2,26,0.0,87.78
1780611517.187,256.2,26,0.0,87.78
1780611517.287,256.2,26,0.0,87.78
1780611517.387,256.2,26,0.0,87.78
1780611517.488,256.2,26,0.0,87.78
1780611517.588,256.2,26,0.0,87.78
1780611517.688,256.2,26,0.0,87.78
1780611517.788,256.2,26,0.0,87.78
1780611517.888,256.2,26,0.0,87.78
1780611517.988,256.2,26,0.0,87.78
1780611518.088,256.2,26,0.0,87.78
1780611518.188,256.2,26,0.0,87.78
1780611518.289,256.2,26,0.0,87.78
1780611518.389,256.2,26,0.0,87.78
1780611518.489,256.2,26,0.0,87.78
1780611518.589,256.2,26,0.0,0.47
1780611518.689,256.2,26,0.0,0.47
1780611518.789,256.2,26,0.0,0.47
1780611518.889,256.2,26,0.0,0.47
1780611518.989,256.2,26,0.0,0.47
1780611519.090,256.2,26,0.0,0.47
1780611519.190,256.2,26,0.0,0.47
1780611519.290,256.2,26,0.0,0.47
1780611519.390,256.2,26,0.0,0.47
1780611519.490,256.2,26,0.0,0.47
1780611519.590,256.2,26,0.0,0.47
1780611519.690,256.2,26,0.0,0.47
1780611519.790,256.2,26,0.0,0.47
1780611519.891,256.2,26,0.0,0.47
1780611519.991,256.2,26,0.0,0.47
1780611520.091,256.2,26,0.0,0.47
1780611520.191,256.2,26,0.0,0.47
1780611520.291,256.2,26,0.0,0.47
1780611520.391,256.2,26,0.0,0.47
1780611520.491,256.2,26,0.0,0.47
1780611520.591,256.2,26,0.0,0.47
1780611520.691,256.2,26,0.0,0.13
1780611520.792,256.2,26,0.0,0.13
1780611520.892,256.2,26,0.0,0.13
1780611520.992,256.2,26,0.0,0.13
1780611521.092,256.2,26,0.0,0.13
1780611521.192,256.2,26,0.0,0.13
1780611521.292,256.2,26,0.0,0.13
1780611521.392,256.2,26,0.0,0.13
1780611521.492,256.2,26,0.0,0.13
1780611521.592,256.2,26,0.0,0.13
1780611521.693,256.2,26,0.0,0.13
1780611521.884,257.2,26,78.5,0.13
1780611521.984,257.2,26,10.0,0.13
1780611522.084,257.2,26,0.0,0.88
1780611522.184,257.2,26,0.0,0.88
1780611522.284,257.2,26,0.0,0.88
1780611522.384,257.2,26,0.0,0.88
1780611522.485,257.2,26,0.0,0.88
1780611522.677,300.8,26,78.1,91.51
1780611522.777,258.2,26,0.0,91.51
1780611522.877,258.2,26,0.0,91.51
1780611522.978,258.2,26,0.0,91.51
1780611523.078,258.2,26,10.0,91.51
1780611523.221,301.8,26,98.0,91.51
1780611523.321,259.2,26,0.0,91.51
1780611523.421,259.2,26,0.0,91.51
1780611523.521,259.2,26,0.0,91.51
1780611523.621,259.2,26,0.0,91.51
1780611523.721,259.2,26,0.0,91.51
1780611523.821,259.2,26,0.0,91.51
1780611523.921,259.2,26,0.0,91.51
1780611524.022,259.2,26,0.0,91.51
1780611524.122,259.2,26,0.0,91.51
1780611524.222,259.2,26,0.0,91.51
1780611524.322,259.2,26,0.0,91.51
1780611524.422,259.2,26,0.0,91.51
1780611524.522,259.2,26,0.0,91.51
1780611524.622,259.2,26,0.0,91.51
1780611524.722,259.2,26,0.0,91.51
1780611524.822,268.6,26,20.0,91.51
1780611524.958,302.8,26,96.3,91.62
1780611525.058,260.2,26,0.0,91.62
1780611525.158,260.2,26,0.0,91.62
1780611525.258,260.2,26,0.0,91.62
1780611525.358,260.2,26,0.0,91.62
1780611525.458,260.2,26,0.0,91.62
1780611525.558,260.2,26,0.0,91.62
1780611525.658,260.2,26,0.0,91.62
1780611525.759,260.2,26,0.0,91.62
1780611525.859,260.2,26,0.0,91.62
1780611525.959,260.2,26,0.0,91.62
1780611526.059,260.2,26,0.0,91.62
1780611526.159,260.2,26,0.0,91.62
1780611526.259,260.2,26,0.0,91.62
1780611526.359,260.2,26,0.0,91.62
1780611526.460,260.2,26,0.0,91.62
1780611526.560,260.2,26,0.0,91.62
1780611526.660,260.2,26,0.0,91.62
1780611526.760,260.2,26,0.0,91.62
1780611526.860,260.2,26,0.0,91.62
1780611526.960,260.2,26,0.0,91.62
1780611527.060,260.2,26,0.0,91.62
1780611527.160,260.2,26,0.0,91.62
1780611527.260,260.2,26,0.0,91.62
1780611527.361,260.2,26,0.0,91.62
1780611527.461,260.2,26,0.0,91.62
1780611527.561,260.2,26,0.0,91.62
1780611527.661,260.2,26,0.0,91.62
1780611527.761,260.2,26,0.0,91.62
1780611527.861,260.2,26,0.0,91.62
1780611527.961,260.2,26,0.0,91.62
1780611528.061,260.2,26,0.0,91.62
1780611528.161,260.2,26,0.0,91.62
1780611528.262,260.2,26,0.0,91.62
1780611528.362,260.2,26,0.0,91.62
1780611528.462,285.6,26,20.0,91.62
1780611528.594,303.8,26,98.3,132.68
1780611528.694,261.2,26,0.0,132.68
1780611528.794,261.2,26,0.0,132.68
1780611528.895,261.2,26,0.0,132.68
1780611528.995,261.2,26,0.0,132.68
1780611529.095,261.2,26,0.0,132.68
1780611529.195,261.2,26,0.0,132.68
1780611529.295,261.2,26,0.0,132.68
1780611529.486,304.8,26,83.9,132.68
1780611529.586,262.2,26,0.0,132.68
1780611529.686,262.2,26,0.0,132.68
1780611529.787,262.2,26,0.0,132.68
1780611529.887,262.2,26,0.0,132.68
1780611529.987,262.2,26,0.0,132.68
1780611530.087,262.2,26,0.0,132.68
1780611530.187,262.2,26,0.0,132.68
1780611530.287,262.2,26,0.0,132.68
1780611530.387,262.2,26,0.0,132.68
1780611530.487,262.2,26,0.0,132.68
1780611530.587,262.2,26,0.0,132.68
1780611530.688,262.2,26,0.0,132.68
1780611530.788,262.2,26,0.0,132.68
1780611530.888,262.2,26,0.0,132.68
1780611530.988,262.2,26,0.0,132.68
1780611531.088,262.2,26,0.0,132.68
1780611531.188,262.2,26,0.0,132.68
1780611531.288,262.2,26,0.0,132.68
1780611531.388,262.2,26,0.0,132.68
1780611531.488,262.2,26,0.0,132.68
1780611531.714,305.8,26,66.4,125.83
1780611531.814,263.2,26,0.0,125.83
1780611531.915,263.2,26,0.0,125.83
1780611532.015,263.2,26,0.0,125.83
1780611532.115,263.2,26,0.0,125.83
1780611532.215,263.2,26,0.0,125.83
1780611532.315,263.2,26,0.0,125.83
1780611532.472,306.8,26,95.8,125.83
1780611532.572,264.2,26,0.0,125.83
1780611532.672,264.2,26,0.0,125.83
1780611532.772,264.2,26,0.0,125.83
1780611532.872,264.2,26,0.0,125.83
1780611532.972,264.2,26,0.0,125.83
1780611533.073,264.2,26,0.0,125.83
1780611533.173,264.2,26,0.0,125.83
1780611533.273,264.2,26,0.0,125.83
1780611533.373,264.2,26,0.0,125.83
1780611533.473,264.2,26,0.0,125.83
1780611533.573,264.2,26,0.0,125.83
1780611533.673,264.2,26,0.0,125.83
1780611533.773,264.2,26,0.0,125.83
1780611533.873,264.2,26,0.0,125.83
1780611533.974,264.2,26,0.0,125.83
1780611534.074,264.2,26,0.0,125.83
1780611534.174,264.2,26,0.0,125.83
1780611534.274,264.2,26,0.0,125.83
1780611534.446,307.8,26,81.5,125.83
1780611534.546,265.2,26,0.0,125.83
1780611534.646,265.2,26,0.0,125.83
1780611534.746,265.2,26,0.0,125.83
1780611534.846,265.2,26,0.0,125.83
1780611534.946,265.2,26,0.0,125.83
1780611535.046,265.2,26,0.0,125.83
1780611535.147,265.2,26,0.0,125.83
1780611535.247,265.2,26,0.0,125.83
1780611535.347,265.2,26,0.0,90.86
1780611535.447,265.2,26,0.0,90.86
1780611535.547,265.2,26,0.0,90.86
1780611535.647,265.2,26,0.0,90.86
1780611535.747,265.2,26,0.0,90.86
1780611535.847,265.2,26,0.0,90.86
1780611535.947,265.2,26,0.0,90.86
1780611536.048,265.2,26,0.0,90.86
1780611536.148,265.2,26,0.0,70.97
1780611536.248,265.2,26,10.0,70.97
1780611536.348,265.2,26,0.0,70.97
1780611536.448,265.2,26,0.0,70.97
1780611536.548,265.2,26,0.0,70.97
1780611536.648,265.2,26,0.0,70.97
1780611536.748,265.2,26,0.0,70.97
1780611536.848,265.2,26,0.0,70.97
1780611536.949,265.2,26,0.0,70.97
1780611537.049,265.2,26,0.0,70.97
1780611537.149,265.2,26,0.0,70.97
1780611537.249,265.2,26,0.0,70.97
1780611537.349,265.2,26,0.0,70.97
1780611537.449,265.2,26,0.0,70.97
1780611537.549,265.2,26,0.0,70.97
1780611537.649,265.2,26,0.0,70.97
1780611537.750,265.2,26,0.0,70.97
1780611537.850,265.2,26,0.0,70.97
1780611537.950,265.2,26,0.0,70.97
1780611538.050,265.2,26,0.0,70.97
1780611538.150,265.2,26,0.0,70.97
1780611538.250,265.2,26,0.0,56.62
1780611538.350,265.2,26,0.0,56.62
1780611538.450,265.2,26,0.0,56.62
1780611538.551,265.2,26,0.0,56.62
1780611538.651,265.2,26,0.0,56.62
1780611538.751,265.2,26,10.0,56.62
1780611538.851,265.2,26,0.0,56.62
1780611538.951,265.2,26,0.0,0.89
1780611539.094,308.8,26,97.9,43.52
1780611539.195,266.2,26,0.0,43.52
1780611539.295,266.2,26,0.0,43.52
1780611539.395,266.2,26,0.0,43.52
1780611539.495,266.2,26,0.0,43.52
1780611539.595,266.2,26,0.0,43.52
1780611539.695,266.2,26,0.0,43.52
1780611539.907,309.8,26,70.9,70.97
1780611540.007,267.2,26,0.0,70.97
1780611540.107,267.2,26,0.0,70.97
1780611540.207,267.2,26,0.0,70.97
1780611540.307,267.2,26,0.0,70.97
1780611540.407,267.2,26,0.0,70.97
1780611540.507,267.2,26,0.0,70.97
1780611540.608,267.2,26,0.0,70.97
1780611540.708,267.2,26,0.0,70.97
1780611540.808,267.2,26,0.0,70.97
1780611540.908,267.2,26,0.0,70.97
1780611541.008,267.2,26,0.0,43.52
1780611541.108,267.2,26,0.0,43.52
1780611541.208,267.2,26,0.0,43.52
1780611541.308,267.2,26,0.0,43.52
1780611541.408,267.2,26,0.0,43.52
1780611541.509,267.2,26,0.0,43.52
1780611541.609,267.2,26,0.0,43.52
1780611541.709,267.2,26,0.0,43.52
1780611541.809,267.2,26,0.0,43.52
1780611541.909,267.2,26,0.0,43.52
1780611542.147,310.8,26,75.9,111.48
1780611542.247,268.2,26,0.0,111.48
1780611542.347,268.2,26,0.0,111.48
1780611542.447,268.2,26,0.0,111.48
1780611542.547,268.2,26,0.0,111.48
1780611542.647,268.2,26,0.0,111.48
1780611542.747,268.2,26,0.0,111.48
1780611542.848,268.2,26,0.0,111.48
1780611542.948,268.2,26,0.0,111.48
1780611543.048,268.2,26,0.0,111.48
1780611543.148,268.2,26,0.0,111.48
1780611543.248,268.2,26,0.0,111.48
1780611543.348,268.2,26,0.0,111.48
1780611543.448,268.2,26,0.0,111.48
1780611543.548,268.2,26,0.0,111.48
1780611543.648,268.2,26,0.0,111.48
1780611543.749,268.2,26,0.0,111.48
1780611543.849,268.2,26,0.0,111.48
1780611543.949,268.2,26,0.0,111.48
1780611544.049,268.2,26,0.0,111.48
1780611544.149,268.2,26,0.0,111.48
1780611544.340,311.8,26,73.5,111.48
1780611544.440,269.2,26,0.0,111.48
1780611544.540,269.2,26,0.0,111.48
1780611544.640,269.2,26,0.0,111.48
1780611544.740,269.2,26,0.0,111.48
1780611544.840,269.2,26,0.0,111.48
1780611544.941,269.2,26,0.0,111.48
1780611545.041,269.2,26,0.0,111.48
1780611545.141,269.2,26,0.0,111.48
1780611545.241,269.2,26,0.0,111.48
1780611545.341,269.2,26,0.0,111.48
1780611545.441,269.2,26,0.0,111.48
1780611545.541,269.2,26,0.0,111.48
1780611545.642,269.2,26,0.0,111.48
1780611545.742,269.2,26,0.0,111.48
1780611545.842,269.2,26,0.0,111.48
1780611545.942,269.2,26,0.0,111.48
1780611546.042,269.2,26,0.0,111.48
1780611546.142,269.2,26,0.0,111.48
1780611546.242,269.2,26,0.0,111.48
1780611546.342,269.2,26,0.0,111.48
1780611546.442,269.2,26,0.0,111.48
1780611546.543,269.2,26,0.0,90.78
1780611546.643,269.2,26,0.0,90.78
1780611546.743,269.2,26,0.0,90.78
1780611546.843,269.2,26,0.0,90.78
1780611546.943,269.2,26,0.0,90.78
1780611547.043,269.2,26,0.0,90.78
1780611547.143,269.2,26,0.0,90.78
1780611547.243,269.2,26,0.0,90.78
1780611547.344,269.2,26,0.0,90.78
1780611547.444,269.2,26,0.0,90.78
1780611547.544,269.2,26,0.0,90.78
1780611547.644,269.2,26,0.0,90.78
1780611547.744,269.2,26,0.0,90.78
1780611547.949,312.8,26,77.9,105.43
1780611548.050,270.2,26,0.0,105.43
1780611548.150,270.2,26,0.0,105.43
1780611548.250,270.2,26,0.0,105.43
1780611548.350,270.2,26,0.0,105.43
1780611548.450,270.2,26,0.0,105.43
1780611548.550,270.2,26,0.0,105.43
1780611548.650,270.2,26,0.0,105.43
1780611548.750,270.2,26,0.0,90.78
1780611548.851,270.2,26,0.0,90.78
1780611548.951,270.2,26,0.0,90.78
1780611549.051,270.2,26,0.0,90.78
1780611549.229,313.8,26,78.7,90.78
1780611549.329,271.2,26,0.0,90.78
1780611549.429,271.2,26,0.0,90.78
1780611549.529,271.2,26,0.0,90.78
1780611549.629,271.2,26,0.0,90.78
1780611549.729,271.2,26,0.0,90.78
1780611549.830,271.2,26,0.0,90.78
1780611549.930,271.2,26,0.0,90.78
1780611550.030,271.2,26,0.0,90.78
1780611550.130,271.2,26,0.0,90.78
1780611550.230,271.2,26,0.0,90.78
1780611550.330,271.2,26,0.0,90.78
1780611550.430,271.2,26,0.0,90.78
1780611550.530,271.2,26,0.0,90.78
1780611550.631,271.2,26,0.0,90.78
1780611550.731,271.2,26,0.0,90.78
1780611550.831,271.2,26,0.0,90.78
1780611550.931,271.2,26,0.0,78.03
1780611551.031,271.2,26,0.0,78.03
1780611551.131,271.2,26,0.0,78.03
1780611551.231,271.2,26,0.0,78.03
1780611551.331,271.2,26,0.0,78.03
1780611551.548,314.8,26,69.2,105.43
1780611551.648,272.2,26,0.0,105.43
1780611551.748,272.2,26,0.0,105.43
1780611551.848,272.2,26,0.0,105.43
1780611551.949,272.2,26,0.0,105.43
1780611552.049,272.2,26,0.0,105.43
1780611552.149,272.2,26,0.0,105.43
1780611552.249,272.2,26,0.0,105.43
1780611552.349,272.2,26,0.0,105.43
1780611552.449,272.2,26,0.0,105.43
1780611552.549,272.2,26,0.0,105.43
1780611552.649,272.2,26,0.0,105.43
1780611552.749,272.2,26,0.0,105.43
1780611552.850,272.2,26,0.0,105.43
1780611552.950,272.2,26,0.0,105.43
1780611553.050,272.2,26,0.0,105.43
1780611553.150,272.2,26,0.0,105.43
1780611553.250,272.2,26,0.0,105.43
1780611553.350,272.2,26,0.0,105.43
1780611553.450,272.2,26,0.0,105.43
1780611553.550,272.2,26,0.0,105.43
1780611553.651,272.2,26,0.0,105.43
1780611553.751,272.2,26,0.0,105.43
1780611553.851,272.2,26,0.0,105.43
1780611553.951,272.2,26,0.0,105.43
1780611554.051,272.2,26,0.0,105.43
1780611554.151,272.2,26,0.0,105.43
1780611554.251,272.2,26,0.0,105.43
1780611554.351,272.2,26,0.0,105.43
1780611554.452,272.2,26,0.0,105.43
1780611554.552,272.2,26,0.0,78.03
1780611554.652,272.2,26,0.0,78.03
1780611554.752,272.2,26,0.0,78.03
1780611554.852,272.2,26,0.0,78.03
1780611554.952,272.2,26,0.0,78.03
1780611555.119,315.8,26,89.7,78.03
1780611555.220,273.2,26,0.0,78.03
1780611555.320,273.2,26,0.0,78.03
1780611555.420,273.2,26,0.0,78.03
1780611555.520,273.2,26,0.0,78.03
1780611555.620,273.2,26,0.0,78.03
1780611555.720,273.2,26,0.0,78.03
1780611555.820,273.2,26,0.0,67.22
1780611555.920,273.2,26,0.0,67.22
1780611556.021,273.2,26,0.0,67.22
1780611556.121,273.2,26,0.0,67.22
1780611556.221,273.2,26,0.0,67.22
1780611556.321,273.2,26,0.0,67.22
1780611556.421,273.2,26,0.0,67.22
1780611556.521,273.2,26,0.0,67.22
1780611556.621,273.2,26,0.0,67.22
1780611556.776,316.8,26,90.7,67.22
1780611556.876,274.2,26,0.0,67.22
1780611556.976,274.2,26,0.0,67.22
1780611557.076,274.2,26,0.0,67.22
1780611557.176,274.2,26,0.0,67.22
1780611557.276,274.2,26,0.0,67.22
1780611557.376,274.2,26,0.0,67.22
1780611557.477,274.2,26,0.0,67.22
1780611557.577,274.2,26,0.0,67.22
1780611557.677,274.2,26,0.0,67.22
1780611557.777,274.2,26,0.0,67.22
1780611557.877,274.2,26,0.0,67.22
1780611558.075,317.8,26,75.8,97.78
1780611558.175,275.2,26,0.0,67.22
1780611558.275,275.2,26,0.0,67.22
1780611558.375,275.2,26,0.0,67.22
1780611558.475,275.2,26,0.0,67.22
1780611558.575,275.2,26,0.0,67.22
1780611558.676,275.2,26,0.0,67.22
1780611558.776,275.2,26,0.0,67.22
1780611558.876,275.2,26,0.0,67.22
1780611558.976,275.2,26,0.0,67.22
1780611559.076,275.2,26,0.0,67.22
1780611559.176,275.2,26,0.0,67.22
1780611559.276,275.2,26,0.0,67.22
1780611559.376,275.2,26,0.0,67.22
1780611559.476,275.2,26,0.0,67.22
1780611559.577,275.2,26,0.0,67.22
1780611559.677,275.2,26,0.0,67.22
1780611559.777,275.2,26,0.0,67.22
1780611559.877,275.2,26,0.0,67.22
1780611559.977,275.2,26,0.0,67.22
1780611560.077,275.2,26,0.0,67.22
1780611560.177,275.2,26,0.0,67.22
1780611560.277,275.2,26,0.0,67.22
1780611560.378,275.2,26,0.0,67.22
1780611560.478,276.8,26,10.0,67.22
1780611560.610,318.8,26,98.7,67.22
1780611560.710,276.2,26,0.0,67.22
1780611560.810,276.2,26,0.0,67.22
1780611560.910,276.2,26,0.0,67.22
1780611561.010,276.2,26,0.0,67.22
1780611561.110,276.2,26,0.0,67.22
1780611561.210,276.2,26,0.0,67.22
1780611561.310,276.2,26,0.0,67.22
1780611561.411,276.2,26,0.0,67.22
1780611561.511,276.2,26,0.0,67.22
1780611561.611,276.2,26,0.0,67.22
1780611561.711,276.2,26,0.0,54.40
1780611561.811,276.2,26,0.0,54.40
1780611561.911,276.2,26,0.0,54.40
1780611562.011,276.2,26,0.0,54.40
1780611562.112,276.2,26,0.0,54.40
1780611562.212,276.2,26,0.0,54.40
1780611562.312,276.2,26,0.0,54.40
1780611562.412,276.2,26,0.0,54.40
1780611562.512,276.2,26,0.0,54.40
1780611562.612,276.2,26,0.0,54.40
1780611562.712,276.2,26,0.0,54.40
1780611562.873,319.8,26,93.3,61.10
1780611562.973,277.2,26,0.0,61.10
1780611563.074,277.2,26,0.0,61.10
1780611563.174,277.2,26,0.0,61.10
1780611563.274,277.2,26,0.0,61.10
1780611563.374,277.2,26,0.0,61.10
1780611563.474,277.2,26,0.0,61.10
1780611563.574,277.2,26,0.0,61.10
1780611563.674,277.2,26,0.0,61.10
1780611563.774,277.2,26,0.0,61.10
1780611563.874,277.2,26,0.0,61.10
1780611563.975,277.2,26,0.0,61.10
1780611564.075,277.2,26,0.0,61.10
1780611564.175,277.2,26,0.0,61.10
1780611564.275,277.2,26,0.0,61.10
1780611564.375,277.2,26,0.0,61.10
1780611564.475,277.2,26,0.0,61.10
1780611564.575,277.2,26,0.0,31.96
1780611564.675,277.2,26,0.0,31.96
1780611564.776,277.2,26,0.0,31.96
1780611564.876,277.2,26,0.0,31.96
1780611564.976,277.2,26,0.0,31.96
1780611565.076,277.2,26,0.0,31.96
1780611565.176,277.2,26,0.0,31.96
1780611565.276,277.2,26,0.0,31.96
1780611565.376,277.2,26,0.0,31.96
1780611565.476,277.2,26,0.0,31.96
1780611565.577,277.2,26,0.0,31.96
1780611565.677,277.2,26,0.0,31.96
1780611565.874,320.8,26,71.0,61.10
1780611565.974,278.2,26,0.0,61.10
1780611566.074,278.2,26,0.0,61.10
1780611566.174,278.2,26,0.0,61.10
1780611566.274,278.2,26,0.0,61.10
1780611566.374,278.2,26,0.0,61.10
1780611566.474,278.2,26,0.0,61.10
1780611566.575,278.2,26,0.0,61.10
1780611566.675,278.2,26,0.0,61.10
1780611566.775,278.2,26,0.0,61.10
1780611566.875,278.2,26,0.0,61.10
1780611566.975,278.2,26,0.0,61.10
1780611567.075,278.2,26,0.0,61.10
1780611567.175,278.2,26,0.0,61.10
1780611567.275,278.2,26,0.0,61.10
1780611567.375,278.2,26,0.0,61.10
1780611567.476,278.2,26,0.0,61.10
1780611567.576,278.2,26,0.0,61.10
1780611567.676,278.2,26,0.0,61.10
1780611567.776,278.2,26,0.0,61.10
1780611567.876,278.2,26,0.0,61.10
1780611568.044,321.8,26,89.1,68.27
1780611568.145,279.2,26,0.0,68.27
1780611568.245,279.2,26,0.0,68.27
1780611568.345,279.2,26,0.0,68.27
1780611568.445,279.2,26,0.0,68.27
1780611568.545,279.2,26,0.0,68.27
1780611568.645,279.2,26,0.0,68.27
1780611568.745,279.2,26,0.0,68.27
1780611568.846,279.2,26,0.0,68.27
1780611568.946,279.2,26,0.0,68.27
1780611569.046,279.2,26,0.0,68.27
1780611569.146,279.2,26,0.0,68.27
1780611569.246,279.2,26,0.0,68.27
1780611569.346,279.2,26,0.0,68.27
1780611569.520,322.8,26,80.6,73.93
1780611569.620,280.2,26,0.0,73.93
1780611569.720,280.2,26,0.0,73.93
1780611569.820,280.2,26,0.0,73.93
1780611569.920,280.2,26,0.0,73.93
1780611570.021,280.2,26,0.0,73.93
1780611570.121,280.2,26,0.0,73.93
1780611570.221,280.2,26,0.0,73.93
1780611570.321,280.2,26,0.0,73.93
1780611570.421,280.2,26,0.0,73.93
1780611570.521,280.2,26,0.0,73.93
1780611570.621,280.2,26,0.0,73.93
1780611570.721,280.2,26,0.0,73.93
1780611570.821,280.2,26,0.0,73.93
1780611570.922,280.2,26,0.0,73.93
1780611571.022,280.2,26,0.0,73.93
1780611571.122,280.2,26,0.0,73.93
1780611571.222,280.2,26,0.0,73.93
1780611571.322,280.2,26,0.0,73.93
1780611571.422,280.2,26,0.0,73.93
1780611571.522,280.2,26,0.0,73.93
1780611571.622,280.2,26,0.0,73.93
1780611571.722,280.2,26,0.0,73.93
1780611571.823,280.2,26,0.0,73.93
1780611571.923,280.2,26,0.0,73.93
1780611572.023,280.2,26,0.0,73.93
1780611572.123,280.2,26,0.0,73.93
1780611572.223,280.2,26,0.0,73.93
1780611572.323,280.2,26,0.0,73.93
1780611572.505,323.8,26,76.8,73.93
1780611572.606,281.2,26,0.0,73.93
1780611572.706,281.2,26,0.0,73.93
1780611572.806,281.2,26,0.0,73.93
1780611572.906,281.2,26,0.0,73.93
1780611573.006,281.2,26,0.0,73.93
1780611573.106,281.2,26,0.0,73.93
1780611573.206,281.2,26,0.0,73.93
1780611573.306,281.2,26,0.0,73.93
1780611573.407,281.2,26,0.0,73.93
1780611573.507,281.2,26,0.0,73.93
1780611573.607,281.2,26,0.0,73.93
1780611573.707,281.2,26,0.0,73.93
1780611573.807,281.2,26,0.0,73.93
1780611573.907,281.2,26,0.0,73.93
1780611574.007,281.2,26,0.0,73.93
1780611574.108,281.2,26,0.0,73.93
1780611574.208,281.2,26,0.0,73.93
1780611574.308,281.2,26,0.0,73.93
1780611574.408,281.2,26,0.0,73.93
1780611574.508,281.2,26,0.0,73.93
1780611574.690,324.8,26,82.3,81.45
1780611574.791,282.1,26,0.0,81.45
1780611574.891,282.1,26,0.0,81.45
1780611574.991,282.1,26,0.0,81.45
1780611575.091,282.1,26,0.0,81.45
1780611575.191,282.1,26,0.0,81.45
1780611575.291,282.1,26,0.0,81.45
1780611575.391,282.1,26,0.0,81.45
1780611575.491,282.1,26,0.0,81.45
1780611575.591,282.1,26,0.0,81.45
1780611575.692,282.1,26,0.0,81.45
1780611575.792,282.1,26,0.0,81.45
1780611575.892,282.1,26,0.0,81.45
1780611575.992,282.1,26,0.0,81.45
1780611576.092,282.1,26,0.0,81.45
1780611576.265,325.8,26,75.3,81.45
1780611576.365,283.1,26,0.0,81.45
1780611576.465,283.1,26,0.0,81.45
1780611576.565,283.1,26,0.0,81.45
1780611576.665,283.1,26,0.0,81.45
1780611576.765,283.1,26,0.0,81.45
1780611576.865,283.1,26,0.0,81.45
1780611576.966,283.1,26,0.0,81.45
1780611577.066,283.1,26,0.0,81.45
1780611577.166,283.1,26,0.0,81.45
1780611577.266,283.1,26,0.0,81.45
1780611577.366,283.1,26,0.0,81.45
1780611577.466,283.1,26,0.0,81.45
1780611577.566,283.1,26,0.0,81.45
1780611577.666,283.1,26,0.0,81.45
1780611577.766,283.1,26,0.0,81.45
1780611577.867,283.1,26,0.0,81.45
1780611577.967,283.1,26,0.0,81.45
1780611578.067,283.1,26,0.0,81.45
1780611578.167,283.1,26,0.0,81.45
1780611578.267,327.3,26,30.0,81.45
1780611578.385,284.1,26,101.7,82.17
1780611578.485,284.1,26,0.0,82.17
1780611578.585,284.1,26,0.0,82.17
1780611578.685,284.1,26,0.0,82.17
1780611578.785,284.1,26,0.0,82.17
1780611578.886,284.1,26,0.0,82.17
1780611578.986,284.1,26,0.0,82.17
1780611579.086,284.1,26,0.0,82.17
1780611579.186,284.1,26,0.0,81.45
1780611579.286,284.1,26,0.0,81.45
1780611579.386,284.1,26,0.0,81.45
1780611579.486,284.1,26,0.0,81.45
1780611579.586,284.1,26,0.0,81.45
1780611579.687,284.1,26,0.0,81.45
1780611579.787,284.1,26,0.0,81.45
1780611579.887,284.1,26,0.0,81.45
1780611580.079,285.1,26,67.8,91.70
1780611580.179,285.1,26,10.0,91.70
1780611580.279,285.1,26,0.0,91.70
1780611580.379,285.1,26,0.0,91.70
1780611580.479,285.1,26,0.0,91.70
1780611580.579,285.1,26,0.0,91.70
1780611580.679,285.1,26,0.0,91.70
1780611580.779,285.1,26,0.0,91.70
1780611580.880,285.1,26,0.0,91.70
1780611580.980,285.1,26,0.0,91.70
1780611581.080,285.1,26,0.0,91.70
1780611581.180,285.1,26,0.0,91.70
1780611581.280,285.1,26,0.0,91.70
1780611581.380,285.1,26,0.0,91.70
1780611581.579,286.1,26,70.4,98.87
1780611581.679,286.1,26,0.0,98.87
1780611581.779,286.1,26,0.0,98.87
1780611581.880,286.1,26,0.0,98.87
1780611581.980,286.1,26,0.0,98.87
1780611582.080,286.1,26,0.0,98.87
1780611582.180,286.1,26,0.0,98.87
1780611582.280,286.1,26,0.0,98.87
1780611582.380,286.1,26,0.0,98.87
1780611582.480,286.1,26,0.0,98.87
1780611582.580,286.1,26,0.0,98.87
1780611582.680,286.1,26,0.0,98.87
1780611582.781,286.1,26,0.0,98.87
1780611582.881,286.1,26,0.0,98.87
1780611582.981,286.1,26,0.0,98.87
1780611583.081,286.1,26,0.0,98.87
1780611583.181,286.1,26,0.0,98.87
1780611583.281,286.1,26,0.0,98.87
1780611583.381,286.1,26,0.0,98.87
1780611583.481,286.1,26,0.0,98.87
1780611583.581,286.1,26,0.0,98.87
1780611583.682,286.1,26,0.0,98.87
1780611583.782,286.1,26,0.0,98.87
1780611583.882,286.1,26,0.0,98.87
1780611584.094,329.7,26,61.2,112.62
1780611584.195,287.1,26,10.0,112.62
1780611584.295,287.1,26,0.0,112.62
1780611584.395,287.1,26,0.0,112.62
1780611584.495,287.1,26,0.0,112.62
1780611584.595,287.1,26,0.0,112.62
1780611584.695,287.1,26,0.0,112.62
1780611584.795,287.1,26,0.0,112.62
1780611584.895,287.1,26,0.0,112.62
1780611584.996,287.1,26,0.0,112.62
1780611585.096,287.1,26,0.0,98.87
1780611585.196,287.1,26,0.0,98.87
1780611585.296,287.1,26,0.0,98.87
1780611585.396,287.1,26,0.0,98.87
1780611585.496,287.1,26,0.0,98.87
1780611585.596,287.1,26,0.0,98.87
1780611585.696,287.1,26,0.0,98.87
1780611585.797,287.1,26,0.0,98.87
1780611585.897,287.1,26,0.0,98.87
1780611585.997,287.1,26,0.0,98.87
1780611586.097,287.1,26,0.0,98.87
1780611586.197,287.1,26,0.0,98.87
1780611586.414,330.7,26,69.2,112.62
