t,rss_mb,num_fds,cpu_pct,loop_lag_p99_ms
1780611472.576,144.5,10,102.8,0.00
1780611472.761,168.6,74,86.8,262.52
1780611472.861,173.7,74,0.0,0.52
1780611472.961,173.7,74,0.0,0.52
1780611473.062,173.7,74,0.0,0.52
1780611473.162,173.7,74,0.0,0.52
1780611473.262,173.7,74,0.0,0.52
1780611473.362,173.7,74,0.0,0.52
1780611473.462,173.7,74,0.0,0.52
1780611473.562,173.7,74,0.0,0.52
1780611473.662,173.7,74,0.0,0.52
1780611473.762,173.7,74,0.0,0.52
1780611473.863,173.7,74,0.0,0.52
1780611473.963,173.7,74,0.0,0.52
1780611474.063,173.7,74,0.0,0.52
1780611474.163,173.7,74,0.0,0.52
1780611474.263,173.7,74,0.0,0.52
1780611474.363,173.7,74,0.0,0.52
1780611474.463,173.7,74,0.0,0.52
1780611474.563,173.7,74,0.0,0.52
1780611474.663,173.7,74,0.0,0.52
1780611474.764,173.7,74,0.0,0.52
1780611474.864,173.7,74,0.0,0.52
1780611474.964,173.7,74,0.0,0.52
1780611475.064,173.7,74,0.0,0.52
1780611475.164,173.7,74,0.0,0.52
1780611475.264,173.7,74,0.0,0.52
1780611475.364,173.7,74,0.0,0.52
1780611475.464,173.7,74,0.0,0.52
1780611475.565,173.7,74,0.0,0.52
1780611475.665,173.7,74,0.0,0.52
1780611475.765,173.7,74,0.0,0.52
1780611475.865,173.7,74,0.0,0.52
1780611475.965,173.7,74,0.0,0.52
1780611476.065,173.7,74,0.0,0.52
1780611476.165,173.7,74,0.0,0.52
1780611476.265,173.7,74,0.0,0.52
1780611476.366,173.7,74,0.0,0.52
1780611476.466,173.7,74,0.0,0.52
1780611476.566,173.7,74,0.0,0.52
1780611476.666,173.7,74,0.0,0.52
1780611476.766,173.7,74,0.0,0.52
1780611476.866,173.7,74,0.0,0.52
1780611476.966,173.7,74,0.0,0.52
1780611477.066,173.7,74,0.0,0.52
1780611477.167,173.7,74,0.0,0.52
1780611477.267,173.7,74,0.0,0.52
1780611477.367,173.7,74,0.0,0.52
1780611477.467,173.7,74,0.0,0.52
1780611477.567,173.7,74,0.0,0.52
1780611477.667,173.7,74,0.0,0.52
1780611477.767,173.7,74,0.0,0.52
1780611477.867,173.7,74,0.0,0.52
1780611477.967,173.7,74,0.0,0.52
1780611478.068,173.7,74,0.0,0.52
1780611478.168,173.7,74,0.0,0.52
1780611478.268,173.7,74,0.0,0.52
1780611478.368,173.7,74,0.0,0.52
1780611478.468,173.7,74,0.0,0.52
1780611478.568,173.7,74,0.0,0.52
1780611478.668,185.8,74,69.9,0.52
1780611478.768,185.8,74,0.0,0.97
1780611478.869,185.8,74,0.0,0.97
1780611478.969,185.8,74,0.0,0.97
1780611479.070,185.8,74,9.9,0.97
1780611479.170,185.8,74,0.0,0.97
1780611479.270,185.8,74,0.0,0.90
1780611479.373,185.8,74,9.8,0.97
1780611479.473,179.1,74,49.9,0.97
1780611479.573,190.7,74,20.0,0.97
1780611479.673,191.2,74,10.0,0.97
1780611479.773,191.2,74,0.0,1.02
1780611479.873,191.2,74,0.0,1.02
1780611479.973,191.2,74,0.0,1.02
1780611480.074,191.2,74,0.0,1.02
1780611480.174,191.2,74,0.0,1.02
1780611480.274,191.2,74,0.0,1.02
1780611480.374,191.2,74,0.0,1.02
1780611480.474,191.2,74,0.0,1.02
1780611480.574,191.2,74,0.0,1.02
1780611480.674,191.2,74,0.0,1.02
1780611480.775,191.2,74,10.0,1.02
1780611480.875,191.2,74,0.0,1.02
1780611480.975,191.2,74,0.0,1.02
1780611481.075,191.2,74,0.0,1.02
1780611481.175,185.7,74,69.9,1.02
1780611481.275,185.7,74,0.0,1.04
1780611481.375,185.7,74,0.0,1.04
1780611481.476,185.7,74,0.0,1.04
1780611481.576,185.7,74,0.0,1.04
1780611481.676,185.7,74,0.0,1.04
1780611481.776,188.7,74,10.0,1.04
1780611481.876,188.7,74,0.0,1.04
1780611481.976,188.7,74,0.0,1.04
1780611482.076,188.7,74,0.0,1.04
1780611482.176,188.7,74,10.0,1.04
1780611482.279,195.7,74,0.0,1.04
1780611482.379,195.7,74,30.0,1.92
1780611482.479,195.7,74,0.0,1.92
1780611482.580,195.7,74,0.0,1.92
1780611482.680,195.7,74,0.0,1.92
1780611482.780,195.7,74,0.0,1.92
1780611482.880,195.7,74,0.0,1.92
1780611482.980,195.7,74,0.0,1.92
1780611483.080,195.7,74,0.0,1.92
1780611483.180,195.7,74,0.0,1.92
1780611483.280,195.7,74,0.0,1.92
1780611483.381,195.7,74,0.0,1.92
1780611483.481,195.7,74,0.0,1.92
1780611483.581,195.7,74,0.0,1.92
1780611483.681,195.7,74,0.0,1.92
1780611483.781,195.7,74,0.0,1.92
1780611483.881,195.7,74,0.0,1.92
1780611483.981,195.7,74,0.0,1.92
1780611484.081,195.7,74,0.0,1.92
1780611484.182,195.7,74,0.0,1.92
1780611484.282,195.7,74,0.0,1.92
1780611484.382,195.7,74,0.0,1.92
1780611484.482,195.7,74,0.0,1.92
1780611484.582,195.7,74,0.0,1.92
1780611484.682,195.7,74,0.0,1.92
1780611484.782,195.7,74,0.0,1.92
1780611484.883,195.7,74,0.0,1.92
1780611484.983,195.7,74,0.0,1.92
1780611485.083,195.7,74,0.0,1.92
1780611485.183,195.7,74,0.0,1.92
1780611485.283,195.7,74,0.0,1.92
1780611485.383,195.7,74,0.0,1.92
1780611485.483,195.7,74,0.0,1.92
1780611485.583,195.7,74,0.0,1.92
1780611485.684,195.7,74,0.0,1.92
1780611485.784,199.1,74,39.7,1.92
1780611485.884,199.2,74,0.0,1.07
1780611485.985,199.2,74,0.0,1.07
1780611486.085,199.2,74,0.0,1.07
1780611486.185,199.2,74,0.0,1.07
1780611486.285,199.2,74,0.0,1.07
1780611486.385,179.2,74,69.9,1.07
1780611486.485,179.2,74,0.0,1.07
1780611486.585,179.4,74,0.0,1.07
1780611486.685,186.5,74,0.0,1.07
1780611486.786,186.5,74,0.0,1.07
1780611486.886,186.5,74,0.0,1.07
1780611486.986,186.5,74,0.0,1.07
1780611487.086,186.5,74,0.0,1.07
1780611487.186,186.7,74,10.0,1.07
1780611487.286,186.7,74,0.0,1.07
1780611487.386,186.7,74,0.0,1.07
1780611487.486,186.7,74,0.0,1.07
1780611487.588,193.9,74,19.7,1.07
1780611487.688,201.2,74,29.9,16.38
1780611487.788,201.2,74,0.0,16.38
1780611487.889,201.4,74,0.0,16.38
1780611487.989,201.4,74,10.0,16.38
1780611488.089,201.4,74,0.0,16.38
1780611488.189,207.9,74,39.9,16.38
1780611488.289,186.5,74,10.0,16.38
1780611488.389,186.5,74,10.0,16.38
1780611488.489,186.5,74,0.0,16.38
1780611488.590,186.5,74,0.0,16.38
1780611488.690,186.5,74,0.0,16.38
1780611488.790,186.5,74,0.0,1.07
1780611488.890,186.5,74,0.0,0.91
1780611488.990,186.5,74,0.0,0.91
1780611489.090,186.5,74,0.0,0.91
1780611489.190,186.5,74,0.0,0.91
1780611489.290,186.5,74,0.0,0.91
1780611489.391,186.5,74,0.0,0.91
1780611489.491,186.5,74,0.0,0.91
1780611489.591,186.5,74,0.0,0.91
1780611489.691,186.5,74,0.0,0.91
1780611489.791,186.5,74,0.0,0.91
1780611489.891,186.5,74,0.0,0.91
1780611489.991,186.5,74,0.0,0.91
1780611490.091,186.5,74,0.0,0.91
1780611490.192,186.5,74,0.0,0.91
1780611490.292,186.5,74,0.0,0.91
1780611490.392,186.5,74,0.0,0.91
1780611490.492,186.5,74,0.0,0.91
1780611490.592,186.5,74,0.0,0.91
1780611490.692,186.5,74,0.0,0.91
1780611490.792,186.5,74,0.0,0.91
1780611490.892,186.5,74,0.0,0.91
1780611490.993,186.5,74,0.0,0.91
1780611491.093,186.5,74,0.0,0.91
1780611491.193,186.5,74,0.0,0.91
1780611491.293,186.5,74,0.0,0.91
1780611491.393,186.5,74,0.0,0.91
1780611491.493,186.5,74,0.0,0.91
1780611491.593,186.5,74,0.0,0.91
1780611491.693,186.5,74,0.0,0.91
1780611491.793,186.5,74,0.0,0.91
1780611491.894,186.5,74,0.0,0.91
1780611491.994,186.5,74,0.0,0.91
1780611492.094,186.5,74,10.0,0.91
1780611492.194,186.5,74,0.0,0.91
1780611492.294,186.5,74,0.0,0.91
1780611492.394,186.5,74,0.0,0.91
1780611492.494,186.5,74,0.0,0.91
1780611492.594,186.5,74,0.0,0.91
1780611492.695,186.7,74,0.0,0.91
1780611492.795,186.7,74,0.0,0.91
1780611492.895,191.7,74,10.0,8.01
1780611492.995,191.7,74,0.0,8.01
1780611493.095,196.9,74,30.0,8.01
1780611493.195,196.9,74,0.0,8.01
1780611493.295,196.9,74,0.0,8.01
1780611493.395,196.9,74,0.0,8.01
1780611493.496,196.9,74,0.0,8.01
1780611493.596,196.9,74,0.0,8.01
1780611493.696,196.9,74,0.0,8.01
1780611493.796,196.9,74,0.0,8.01
1780611493.896,196.9,74,0.0,8.01
1780611493.996,196.9,74,0.0,8.01
1780611494.096,196.9,74,0.0,1.39
1780611494.199,198.2,74,38.9,1.39
1780611494.299,202.7,74,59.9,1.39
1780611494.400,202.7,74,0.0,1.39
1780611494.500,202.7,74,0.0,1.39
1780611494.600,202.7,74,0.0,1.39
1780611494.700,202.7,74,0.0,1.39
1780611494.800,202.7,74,0.0,1.39
1780611494.900,202.7,74,0.0,1.39
1780611495.000,202.7,74,0.0,1.39
1780611495.100,202.7,74,0.0,1.39
1780611495.201,202.7,74,0.0,1.39
1780611495.301,202.7,74,0.0,1.39
1780611495.402,212.5,74,59.1,1.72
1780611495.505,179.2,74,9.7,1.72
1780611495.605,179.2,74,0.0,1.72
1780611495.705,179.2,74,0.0,1.72
1780611495.805,179.2,74,0.0,1.72
1780611495.906,186.5,74,10.0,1.72
1780611496.006,186.5,74,0.0,1.72
1780611496.106,186.5,74,0.0,1.72
1780611496.206,189.3,74,10.0,1.72
1780611496.306,189.3,74,0.0,1.72
1780611496.406,189.3,74,0.0,1.72
1780611496.506,189.3,74,0.0,1.72
1780611496.607,189.3,74,10.0,1.72
1780611496.707,194.3,74,20.0,1.72
1780611496.807,194.3,74,0.0,1.72
1780611496.907,194.3,74,0.0,1.72
1780611497.007,194.3,74,0.0,1.72
1780611497.107,194.3,74,0.0,1.72
1780611497.207,194.3,74,0.0,1.72
1780611497.307,194.3,74,0.0,1.72
1780611497.408,194.3,74,0.0,1.72
1780611497.508,194.3,74,0.0,1.72
1780611497.608,194.3,74,0.0,1.72
1780611497.708,194.3,74,0.0,1.72
1780611497.808,194.3,74,0.0,1.72
1780611497.908,194.3,74,0.0,1.72
1780611498.008,194.3,74,0.0,1.72
1780611498.108,194.3,74,0.0,1.72
1780611498.209,194.3,74,0.0,1.72
1780611498.309,194.3,74,0.0,1.72
1780611498.409,194.3,74,0.0,1.72
1780611498.509,194.3,74,0.0,1.72
1780611498.609,194.3,74,0.0,1.72
1780611498.709,194.3,74,0.0,1.72
1780611498.809,194.3,74,0.0,1.72
1780611498.909,194.3,74,0.0,1.72
1780611499.010,194.3,74,0.0,1.72
1780611499.110,194.3,74,0.0,1.72
1780611499.210,194.3,74,0.0,1.72
1780611499.310,194.3,74,0.0,1.39
1780611499.410,194.3,74,0.0,1.39
1780611499.510,194.3,74,0.0,1.09
1780611499.610,194.3,74,0.0,1.09
1780611499.710,194.3,74,0.0,1.09
1780611499.810,194.3,74,0.0,1.09
1780611499.911,194.3,74,0.0,1.09
1780611500.011,194.3,74,0.0,1.09
1780611500.111,194.3,74,0.0,1.09
1780611500.211,194.3,74,0.0,1.09
1780611500.311,194.3,74,0.0,1.09
1780611500.411,194.3,74,0.0,1.09
1780611500.511,194.3,74,0.0,1.09
1780611500.611,194.3,74,0.0,1.09
1780611500.712,194.3,74,0.0,1.09
1780611500.812,194.3,74,0.0,0.98
1780611500.912,194.3,74,0.0,0.98
1780611501.012,194.3,74,0.0,0.98
1780611501.112,194.3,74,0.0,0.98
1780611501.212,194.3,74,0.0,0.98
1780611501.312,194.3,74,0.0,1.30
1780611501.412,194.3,74,0.0,1.30
1780611501.512,194.3,74,0.0,1.30
1780611501.613,186.3,74,69.9,1.72
1780611501.713,186.3,74,0.0,1.72
1780611501.813,186.3,74,0.0,1.30
1780611501.913,186.3,74,0.0,1.30
1780611502.013,186.3,74,0.0,1.30
1780611502.113,186.3,74,10.0,1.30
1780611502.213,186.3,74,0.0,1.30
1780611502.314,186.3,74,0.0,1.30
1780611502.414,186.3,74,0.0,1.30
1780611502.514,186.3,74,0.0,1.30
1780611502.614,186.5,74,0.0,1.51
1780611502.714,186.5,74,0.0,1.51
1780611502.814,186.5,74,0.0,1.51
1780611502.914,186.5,74,0.0,1.51
1780611503.014,186.5,74,0.0,1.51
1780611503.115,186.5,74,0.0,1.51
1780611503.215,214.3,74,69.5,11.88
1780611503.318,194.6,74,29.2,11.88
1780611503.418,194.6,74,0.0,11.88
1780611503.518,196.6,74,10.0,11.88
1780611503.618,196.6,74,0.0,11.88
1780611503.719,204.1,74,39.9,11.88
1780611503.819,204.1,74,0.0,11.88
1780611503.919,204.1,74,0.0,11.88
1780611504.019,204.1,74,0.0,11.88
1780611504.119,204.1,74,0.0,11.88
1780611504.219,204.1,74,0.0,11.88
1780611504.319,204.1,74,0.0,11.88
1780611504.419,204.1,74,0.0,11.88
1780611504.520,204.1,74,0.0,11.88
1780611504.620,204.1,74,0.0,11.88
1780611504.720,204.1,74,0.0,11.88
1780611504.820,204.1,74,0.0,11.88
1780611504.920,204.1,74,0.0,11.88
1780611505.020,204.1,74,0.0,11.88
1780611505.120,204.1,74,0.0,11.88
1780611505.221,204.1,74,10.0,11.88
1780611505.321,204.1,74,0.0,11.88
1780611505.421,204.1,74,0.0,11.88
1780611505.521,204.1,74,0.0,11.88
1780611505.621,204.1,74,10.0,11.88
1780611505.721,204.1,74,0.0,11.88
1780611505.822,204.1,74,0.0,11.88
1780611505.922,204.1,74,0.0,11.88
1780611506.022,204.1,74,0.0,11.88
1780611506.122,204.1,74,0.0,11.88
1780611506.222,204.1,74,0.0,11.88
1780611506.322,204.1,74,0.0,11.88
1780611506.422,204.1,74,0.0,11.88
1780611506.522,204.1,74,0.0,11.88
1780611506.623,204.1,74,0.0,11.88
1780611506.723,204.1,74,0.0,11.88
1780611506.823,204.1,74,0.0,11.88
1780611506.923,204.1,74,0.0,11.88
1780611507.023,205.8,74,39.9,11.88
1780611507.123,205.8,74,0.0,11.88
1780611507.223,205.8,74,0.0,11.88
1780611507.324,205.8,74,0.0,11.88
1780611507.424,205.8,74,0.0,11.88
1780611507.524,205.8,74,0.0,11.88
1780611507.624,205.8,74,0.0,11.88
1780611507.724,205.8,74,0.0,11.88
1780611507.824,205.8,74,0.0,11.88
1780611507.924,205.8,74,0.0,11.88
1780611508.024,205.8,74,0.0,1.51
1780611508.126,206.3,74,39.3,5.39
1780611508.229,206.5,74,9.7,5.39
1780611508.329,206.5,74,0.0,5.39
1780611508.429,206.5,74,0.0,5.39
1780611508.530,206.5,74,0.0,5.39
1780611508.630,206.5,74,0.0,5.39
1780611508.730,206.5,74,0.0,5.39
1780611508.830,206.5,74,0.0,5.39
1780611508.930,206.5,74,0.0,5.39
1780611509.030,206.5,74,0.0,5.39
1780611509.130,206.5,74,0.0,5.39
1780611509.230,206.5,74,0.0,5.39
1780611509.331,206.5,74,0.0,5.39
1780611509.431,206.5,74,0.0,5.39
1780611509.531,207.0,74,20.0,5.39
1780611509.631,207.0,74,0.0,1.00
1780611509.731,207.0,74,0.0,1.00
1780611509.832,207.0,74,29.7,1.00
1780611509.933,208.2,74,39.9,1.03
1780611510.033,208.2,74,10.0,1.82
1780611510.133,208.2,74,0.0,1.82
1780611510.234,208.2,74,9.9,1.82
1780611510.334,208.2,74,10.0,1.82
1780611510.434,208.2,74,0.0,1.82
1780611510.534,208.2,74,0.0,1.82
1780611510.634,208.2,74,0.0,1.82
1780611510.734,208.2,74,10.0,1.82
1780611510.835,208.2,74,0.0,1.82
1780611510.935,208.2,74,0.0,1.82
1780611511.035,208.2,74,0.0,1.82
1780611511.135,208.2,74,0.0,1.82
1780611511.235,208.2,74,0.0,1.82
1780611511.335,208.2,74,0.0,1.82
1780611511.435,208.2,74,0.0,1.82
1780611511.535,208.2,74,0.0,1.82
1780611511.636,208.2,74,0.0,1.82
1780611511.736,208.2,74,0.0,1.82
1780611511.836,208.2,74,0.0,1.82
1780611511.936,208.2,74,0.0,1.82
1780611512.036,208.2,74,0.0,1.82
1780611512.136,208.2,74,0.0,1.82
1780611512.236,208.2,74,0.0,1.82
1780611512.336,208.2,74,0.0,1.82
1780611512.437,208.2,74,0.0,1.82
1780611512.537,208.2,74,0.0,1.82
1780611512.637,208.2,74,0.0,1.82
1780611512.737,208.2,74,0.0,1.82
1780611512.837,208.2,74,0.0,1.82
1780611512.937,208.2,74,0.0,1.82
1780611513.037,208.2,74,0.0,1.82
1780611513.137,208.2,74,0.0,1.82
1780611513.238,208.2,74,0.0,1.82
1780611513.338,208.2,74,0.0,1.82
1780611513.438,208.2,74,0.0,1.82
1780611513.538,208.2,74,0.0,1.82
1780611513.638,208.2,74,0.0,1.82
1780611513.738,208.2,74,0.0,1.82
1780611513.838,208.2,74,0.0,1.82
1780611513.938,208.2,74,0.0,1.82
1780611514.039,208.2,74,0.0,1.82
1780611514.139,208.2,74,0.0,1.82
1780611514.239,208.2,74,0.0,1.82
1780611514.339,208.2,74,0.0,1.82
1780611514.439,208.2,74,0.0,1.82
1780611514.539,208.2,74,0.0,1.82
1780611514.639,208.2,74,0.0,1.58
1780611514.739,208.2,74,0.0,1.58
1780611514.840,208.2,74,0.0,1.58
1780611514.940,208.2,74,0.0,1.58
1780611515.040,208.2,74,10.0,1.58
1780611515.140,208.2,74,0.0,1.58
1780611515.240,208.8,74,39.9,1.58
1780611515.340,208.8,74,0.0,1.58
1780611515.440,208.8,74,0.0,1.58
1780611515.540,208.8,74,0.0,1.58
1780611515.641,208.8,74,0.0,1.58
1780611515.741,208.8,74,0.0,1.58
1780611515.841,208.8,74,0.0,1.58
1780611515.941,208.8,74,0.0,1.58
1780611516.041,208.8,74,0.0,1.58
1780611516.141,208.8,74,0.0,1.58
1780611516.242,179.2,74,79.7,1.58
1780611516.342,189.1,74,10.0,1.58
1780611516.442,189.1,74,0.0,1.58
1780611516.542,189.1,74,0.0,0.97
1780611516.642,189.1,74,0.0,0.97
1780611516.742,189.1,74,0.0,0.96
1780611516.842,189.1,74,0.0,0.84
1780611516.943,189.1,74,0.0,0.84
1780611517.043,189.1,74,0.0,0.84
1780611517.143,189.1,74,0.0,0.84
1780611517.243,189.1,74,0.0,0.84
1780611517.343,189.2,74,0.0,0.84
1780611517.443,189.2,74,0.0,0.84
1780611517.543,189.2,74,0.0,0.84
1780611517.643,189.2,74,0.0,0.84
1780611517.744,198.2,74,20.0,0.84
1780611517.844,179.2,74,69.9,0.97
1780611517.944,179.2,74,0.0,0.97
1780611518.044,179.2,74,0.0,0.97
1780611518.144,179.2,74,0.0,0.97
1780611518.244,179.2,74,0.0,0.97
1780611518.344,179.2,74,0.0,0.97
1780611518.445,189.6,74,10.0,0.97
1780611518.545,189.6,74,0.0,0.97
1780611518.645,189.6,74,0.0,0.97
1780611518.745,189.6,74,0.0,0.97
1780611518.845,189.6,74,10.0,0.97
1780611518.945,196.5,74,30.0,0.97
1780611519.045,196.5,74,0.0,0.97
1780611519.145,196.5,74,0.0,0.97
1780611519.246,196.5,74,0.0,0.97
1780611519.346,196.5,74,0.0,0.97
1780611519.446,196.5,74,0.0,0.97
1780611519.546,196.5,74,0.0,0.97
1780611519.646,196.5,74,0.0,0.97
1780611519.746,196.5,74,0.0,0.97
1780611519.846,196.5,74,0.0,0.97
1780611519.946,196.5,74,0.0,0.97
1780611520.047,196.5,74,0.0,0.97
1780611520.147,196.5,74,0.0,0.97
1780611520.247,196.5,74,0.0,0.97
1780611520.347,196.5,74,0.0,0.97
1780611520.447,196.5,74,0.0,0.97
1780611520.547,196.5,74,0.0,0.97
1780611520.647,196.5,74,0.0,0.97
1780611520.747,196.5,74,0.0,0.97
1780611520.848,196.5,74,0.0,0.97
1780611520.948,196.5,74,0.0,0.95
1780611521.048,196.5,74,0.0,0.95
1780611521.148,196.5,74,0.0,0.95
1780611521.248,196.5,74,0.0,0.95
1780611521.348,196.5,74,0.0,0.95
1780611521.448,196.5,74,0.0,0.95
1780611521.548,196.5,74,0.0,0.95
1780611521.649,196.5,74,0.0,0.95
1780611521.749,196.5,74,0.0,0.95
1780611521.849,196.5,74,0.0,0.95
1780611521.949,196.5,74,0.0,0.95
1780611522.049,196.5,74,0.0,0.95
1780611522.149,196.5,74,0.0,0.95
1780611522.249,196.5,74,0.0,0.95
1780611522.349,196.5,74,0.0,0.95
1780611522.449,196.5,74,0.0,0.95
1780611522.550,196.5,74,0.0,0.95
1780611522.650,196.7,74,0.0,0.95
1780611522.750,196.7,74,0.0,0.95
1780611522.850,196.7,74,0.0,0.95
1780611522.950,196.7,74,0.0,0.95
1780611523.050,196.7,74,0.0,0.95
1780611523.150,196.7,74,0.0,0.95
1780611523.250,196.7,74,0.0,0.95
1780611523.353,201.9,74,39.0,0.95
1780611523.453,201.9,74,10.0,0.95
1780611523.553,201.9,74,0.0,0.95
1780611523.654,201.9,74,0.0,0.95
1780611523.754,201.9,74,0.0,0.95
1780611523.854,201.9,74,0.0,0.95
1780611523.954,201.9,74,0.0,0.95
1780611524.054,201.9,74,0.0,1.26
1780611524.154,201.9,74,0.0,1.26
1780611524.254,201.9,74,0.0,0.95
1780611524.354,201.9,74,0.0,0.95
1780611524.454,201.9,74,0.0,0.95
1780611524.555,201.9,74,9.9,0.95
1780611524.656,212.9,74,79.9,1.26
1780611524.756,212.9,74,20.0,1.26
1780611524.856,212.9,74,0.0,1.26
1780611524.956,212.9,74,0.0,1.26
1780611525.056,212.9,74,0.0,1.26
1780611525.156,212.9,74,0.0,1.26
1780611525.256,212.9,74,0.0,1.26
1780611525.357,212.9,74,0.0,1.26
1780611525.457,212.9,74,0.0,1.26
1780611525.557,212.9,74,0.0,1.26
1780611525.657,212.9,74,10.0,1.26
1780611525.757,213.3,74,49.9,3.55
1780611525.858,213.3,74,0.0,3.55
1780611525.958,213.3,74,0.0,3.55
1780611526.058,213.3,74,0.0,3.55
1780611526.158,213.3,74,0.0,3.55
1780611526.258,213.3,74,0.0,3.55
1780611526.358,213.3,74,0.0,3.55
1780611526.458,213.3,74,0.0,3.55
1780611526.558,213.3,74,0.0,3.55
1780611526.659,186.1,74,0.0,3.55
1780611526.759,189.6,74,20.0,3.55
1780611526.859,189.6,74,0.0,3.55
1780611526.959,189.6,74,0.0,3.55
1780611527.060,189.6,74,0.0,3.55
1780611527.160,189.6,74,10.0,3.55
1780611527.260,189.6,74,0.0,3.55
1780611527.360,196.6,74,20.0,13.86
1780611527.460,196.6,74,0.0,13.86
1780611527.560,196.6,74,0.0,13.86
1780611527.660,196.6,74,0.0,13.86
1780611527.760,196.6,74,0.0,13.86
1780611527.861,196.6,74,0.0,13.86
1780611527.961,196.6,74,0.0,13.86
1780611528.061,196.6,74,0.0,13.86
1780611528.161,196.6,74,0.0,13.86
1780611528.261,196.6,74,0.0,13.86
1780611528.361,196.6,74,0.0,13.86
1780611528.461,196.6,74,0.0,13.86
1780611528.562,196.6,74,0.0,13.86
1780611528.662,196.6,74,0.0,13.86
1780611528.762,196.6,74,0.0,13.86
1780611528.862,196.6,74,0.0,13.86
1780611528.962,196.6,74,0.0,13.86
1780611529.062,196.6,74,0.0,13.86
1780611529.162,196.6,74,0.0,13.86
1780611529.262,196.6,74,10.0,13.86
1780611529.363,196.6,74,0.0,13.86
1780611529.463,196.6,74,0.0,13.86
1780611529.563,196.6,74,0.0,13.86
1780611529.663,196.6,74,0.0,13.86
1780611529.763,196.6,74,0.0,13.86
1780611529.863,196.6,74,0.0,13.86
1780611529.963,196.6,74,0.0,13.86
1780611530.063,196.6,74,0.0,13.86
1780611530.164,196.6,74,0.0,13.86
1780611530.264,196.6,74,0.0,13.86
1780611530.364,203.1,74,39.8,13.86
1780611530.464,179.2,74,10.0,13.86
1780611530.564,179.2,74,0.0,13.86
1780611530.665,179.2,74,0.0,13.86
1780611530.765,179.2,74,0.0,13.86
1780611530.865,179.2,74,0.0,13.86
1780611530.965,179.2,74,0.0,13.86
1780611531.065,179.2,74,0.0,13.86
1780611531.165,179.2,74,0.0,13.86
1780611531.265,179.2,74,0.0,13.86
1780611531.365,179.2,74,0.0,13.86
1780611531.467,203.4,74,9.9,13.86
1780611531.567,179.3,74,39.9,13.86
1780611531.667,186.6,74,0.0,13.86
1780611531.767,199.8,74,39.9,13.86
1780611531.867,199.8,74,0.0,13.86
1780611531.967,199.8,74,0.0,13.86
1780611532.067,199.8,74,0.0,13.86
1780611532.168,203.8,74,20.0,7.57
1780611532.268,208.0,74,20.0,7.57
1780611532.368,208.0,74,0.0,7.57
1780611532.468,208.0,74,0.0,7.57
1780611532.568,208.0,74,0.0,7.57
1780611532.668,208.0,74,0.0,7.57
1780611532.768,208.0,74,0.0,7.57
1780611532.869,208.0,74,30.0,8.63
1780611532.969,208.0,74,0.0,8.63
1780611533.069,208.0,74,0.0,8.63
1780611533.169,208.0,74,0.0,8.63
1780611533.269,208.0,74,0.0,8.63
1780611533.369,208.0,74,0.0,8.63
1780611533.469,208.0,74,10.0,8.63
1780611533.570,208.0,74,0.0,8.63
1780611533.670,208.0,74,0.0,8.63
1780611533.770,208.0,74,20.0,7.57
1780611533.870,208.0,74,0.0,7.57
1780611533.970,208.0,74,0.0,7.57
1780611534.070,208.0,74,0.0,7.57
1780611534.170,208.0,74,20.0,7.57
1780611534.270,208.0,74,0.0,7.57
1780611534.371,208.0,74,0.0,7.57
1780611534.471,208.0,74,0.0,7.57
1780611534.571,208.0,74,0.0,7.57
1780611534.671,208.0,74,0.0,7.57
1780611534.771,208.0,74,0.0,7.57
1780611534.871,208.0,74,0.0,7.57
1780611534.971,208.0,74,0.0,7.57
1780611535.071,208.0,74,0.0,7.57
1780611535.172,208.0,74,0.0,7.57
1780611535.272,208.0,74,0.0,7.57
1780611535.372,208.0,74,0.0,7.57
1780611535.472,208.0,74,0.0,7.57
1780611535.572,208.0,74,0.0,7.57
1780611535.672,208.0,74,0.0,7.57
1780611535.772,208.0,74,0.0,7.57
1780611535.872,208.0,74,0.0,7.57
1780611535.973,208.0,74,0.0,7.57
1780611536.073,208.0,74,0.0,7.57
1780611536.173,208.0,74,0.0,7.57
1780611536.273,208.0,74,0.0,7.57
1780611536.373,208.0,74,0.0,7.57
1780611536.473,208.0,74,0.0,7.57
1780611536.573,208.0,74,0.0,7.57
1780611536.673,208.0,74,0.0,7.57
1780611536.774,208.0,74,0.0,7.57
1780611536.874,208.0,74,0.0,7.57
1780611536.974,208.0,74,0.0,7.57
1780611537.074,208.0,74,0.0,7.57
1780611537.174,208.0,74,0.0,7.57
1780611537.274,208.0,74,0.0,7.57
1780611537.374,208.0,74,0.0,7.57
1780611537.474,208.0,74,0.0,7.57
1780611537.575,208.0,74,0.0,7.57
1780611537.675,208.0,74,39.9,8.63
1780611537.775,208.0,74,0.0,8.63
1780611537.875,208.0,74,0.0,8.63
1780611537.975,208.0,74,0.0,8.63
1780611538.075,208.0,74,0.0,8.63
1780611538.175,208.0,74,0.0,8.63
1780611538.275,208.0,74,0.0,8.63
1780611538.377,212.1,74,49.3,10.98
1780611538.477,179.3,74,10.0,10.98
1780611538.577,179.3,74,0.0,10.98
1780611538.677,191.6,74,20.0,10.98
1780611538.777,191.6,74,0.0,10.98
1780611538.878,191.6,74,0.0,10.98
1780611538.978,191.6,74,0.0,10.98
1780611539.078,191.6,74,0.0,10.98
1780611539.178,191.9,74,0.0,10.98
1780611539.278,191.9,74,0.0,10.98
1780611539.378,191.9,74,0.0,10.98
1780611539.481,207.0,74,19.5,10.98
1780611539.581,179.3,74,49.9,20.31
1780611539.681,179.3,74,0.0,20.31
1780611539.781,179.3,74,0.0,20.31
1780611539.882,179.3,74,0.0,20.31
1780611539.982,186.1,74,0.0,20.31
1780611540.082,186.1,74,0.0,20.31
1780611540.182,200.4,74,39.9,20.31
1780611540.282,200.4,74,0.0,20.31
1780611540.382,200.4,74,10.0,20.31
1780611540.482,200.4,74,0.0,20.31
1780611540.583,200.4,74,0.0,20.31
1780611540.683,200.4,74,0.0,20.31
1780611540.785,202.4,74,9.8,20.31
1780611540.885,202.4,74,10.0,20.31
1780611540.985,202.4,74,0.0,20.31
1780611541.085,202.4,74,0.0,20.31
1780611541.185,202.4,74,0.0,20.31
1780611541.286,202.4,74,0.0,20.31
1780611541.386,202.4,74,0.0,20.31
1780611541.486,202.4,74,0.0,20.31
1780611541.586,202.4,74,0.0,20.31
1780611541.686,202.4,74,10.0,20.31
1780611541.786,202.4,74,0.0,20.31
1780611541.886,202.4,74,0.0,20.31
1780611541.987,202.4,74,0.0,20.31
1780611542.087,202.4,74,0.0,20.31
1780611542.187,202.4,74,0.0,20.31
1780611542.287,202.4,74,0.0,20.31
1780611542.387,202.4,74,0.0,20.31
1780611542.487,202.5,74,10.0,20.31
1780611542.587,202.5,74,0.0,20.31
1780611542.688,206.8,74,19.9,20.31
1780611542.788,206.8,74,20.0,20.31
1780611542.888,206.8,74,0.0,20.31
1780611542.988,206.8,74,0.0,20.31
1780611543.089,206.8,74,0.0,20.31
1780611543.189,206.8,74,0.0,20.31
1780611543.289,206.8,74,0.0,20.31
1780611543.389,208.8,74,20.0,20.31
1780611543.489,208.8,74,0.0,20.31
1780611543.589,208.8,74,0.0,20.31
1780611543.689,208.8,74,0.0,20.31
1780611543.789,208.8,74,0.0,20.31
1780611543.890,208.8,74,0.0,20.31
1780611543.990,208.8,74,0.0,20.31
1780611544.090,208.8,74,0.0,20.31
1780611544.190,208.8,74,20.0,20.31
1780611544.290,208.8,74,0.0,20.31
1780611544.390,208.8,74,0.0,20.31
1780611544.490,208.8,74,0.0,20.31
1780611544.591,208.8,74,39.9,20.31
1780611544.691,208.8,74,0.0,20.31
1780611544.791,208.8,74,0.0,20.31
1780611544.891,208.8,74,0.0,1.37
1780611544.991,208.8,74,0.0,1.37
1780611545.091,208.8,74,0.0,1.37
1780611545.191,208.8,74,0.0,1.37
1780611545.291,208.8,74,0.0,1.37
1780611545.392,208.8,74,0.0,1.37
1780611545.492,208.8,74,0.0,1.37
1780611545.592,208.8,74,0.0,1.37
1780611545.692,208.8,74,0.0,1.37
1780611545.792,208.8,74,0.0,1.37
1780611545.894,213.2,74,49.2,1.37
1780611545.994,179.3,74,10.0,1.17
1780611546.094,179.3,74,0.0,1.17
1780611546.196,197.6,74,29.4,1.17
1780611546.296,199.6,74,0.0,1.17
1780611546.396,199.6,74,0.0,1.17
1780611546.496,199.6,74,0.0,1.17
1780611546.597,199.6,74,0.0,1.17
1780611546.697,199.8,74,0.0,1.17
1780611546.797,204.1,74,20.0,1.37
1780611546.897,204.1,74,0.0,1.37
1780611546.997,204.1,74,0.0,1.37
1780611547.097,204.1,74,0.0,1.37
1780611547.197,204.1,74,10.0,1.37
1780611547.298,204.6,74,30.0,1.58
1780611547.398,204.6,74,0.0,1.58
1780611547.499,204.6,74,9.9,1.58
1780611547.599,204.6,74,0.0,1.58
1780611547.699,204.6,74,0.0,1.58
1780611547.799,204.6,74,0.0,1.58
1780611547.900,204.6,74,0.0,1.58
1780611548.000,204.8,74,10.0,1.58
1780611548.100,204.8,74,0.0,1.58
1780611548.200,204.8,74,10.0,1.58
1780611548.301,204.8,74,10.0,1.86
1780611548.401,204.8,74,0.0,1.86
1780611548.501,204.8,74,0.0,1.86
1780611548.601,204.8,74,0.0,1.86
1780611548.701,204.8,74,0.0,1.86
1780611548.801,204.8,74,30.0,1.86
1780611548.901,204.8,74,0.0,1.86
1780611549.002,204.8,74,0.0,1.86
1780611549.102,204.8,74,0.0,1.86
1780611549.202,204.8,74,10.0,1.86
1780611549.302,204.8,74,0.0,1.86
1780611549.402,204.8,74,0.0,1.86
1780611549.502,204.8,74,0.0,1.86
1780611549.602,204.8,74,0.0,1.86
1780611549.702,204.8,74,0.0,1.86
1780611549.803,204.8,74,10.0,1.86
1780611549.903,204.8,74,0.0,1.86
1780611550.003,204.8,74,0.0,1.86
1780611550.103,204.8,74,0.0,1.86
1780611550.203,204.8,74,0.0,1.86
1780611550.303,204.8,74,0.0,1.86
1780611550.403,205.5,74,20.0,2.03
1780611550.503,205.5,74,20.0,2.03
1780611550.604,205.5,74,0.0,2.03
1780611550.704,205.5,74,0.0,2.03
1780611550.804,205.5,74,0.0,2.03
1780611550.904,205.5,74,0.0,2.03
1780611551.004,205.5,74,10.0,2.03
1780611551.104,205.5,74,10.0,2.03
1780611551.204,205.5,74,0.0,2.04
1780611551.304,206.0,74,30.0,2.04
1780611551.405,206.0,74,0.0,2.04
1780611551.505,206.0,74,0.0,2.04
1780611551.605,206.0,74,0.0,2.04
1780611551.705,206.0,74,0.0,2.04
1780611551.805,206.0,74,0.0,2.04
1780611551.905,206.0,74,0.0,2.04
1780611552.005,206.0,74,0.0,2.04
1780611552.105,206.0,74,0.0,2.04
1780611552.206,206.0,74,0.0,2.04
1780611552.306,206.0,74,0.0,2.04
1780611552.406,206.0,74,0.0,2.04
1780611552.506,206.0,74,0.0,2.04
1780611552.606,179.3,74,59.9,2.04
1780611552.706,179.3,74,0.0,2.04
1780611552.806,179.3,74,0.0,2.04
1780611552.906,179.3,74,0.0,2.04
1780611553.007,179.3,74,0.0,2.04
1780611553.107,179.3,74,0.0,2.04
1780611553.207,179.3,74,0.0,2.04
1780611553.307,179.3,74,0.0,2.04
1780611553.410,189.7,74,19.4,2.04
1780611553.510,189.7,74,0.0,2.04
1780611553.610,189.7,74,0.0,2.04
1780611553.710,189.7,74,0.0,2.04
1780611553.810,189.9,74,10.0,2.04
1780611553.911,189.9,74,0.0,2.04
1780611554.011,201.1,74,39.9,2.04
1780611554.111,201.1,74,0.0,2.04
1780611554.211,201.1,74,0.0,2.04
1780611554.311,201.1,74,0.0,2.04
1780611554.411,201.1,74,0.0,2.04
1780611554.511,201.1,74,0.0,2.04
1780611554.611,201.1,74,0.0,2.04
1780611554.712,201.6,74,30.0,2.04
1780611554.812,201.6,74,0.0,2.04
1780611554.912,201.6,74,0.0,2.04
1780611555.012,201.6,74,0.0,2.04
1780611555.112,202.1,74,10.0,2.04
1780611555.212,202.1,74,0.0,2.04
1780611555.313,202.1,74,0.0,2.04
1780611555.413,202.1,74,10.0,2.04
1780611555.513,202.1,74,0.0,2.04
1780611555.613,204.3,74,20.0,2.04
1780611555.713,204.3,74,0.0,2.04
1780611555.813,204.3,74,0.0,2.04
1780611555.913,204.3,74,0.0,2.04
1780611556.014,204.3,74,0.0,2.04
1780611556.114,204.3,74,0.0,2.04
1780611556.214,204.3,74,0.0,2.04
1780611556.314,204.3,74,0.0,2.04
1780611556.416,206.3,74,19.6,2.04
1780611556.516,206.3,74,0.0,2.04
1780611556.616,206.3,74,0.0,2.04
1780611556.716,206.3,74,0.0,2.04
1780611556.816,206.3,74,0.0,1.96
1780611556.917,206.3,74,0.0,1.96
1780611557.017,206.3,74,0.0,1.96
1780611557.117,206.5,74,20.0,1.96
1780611557.217,206.5,74,0.0,1.96
1780611557.317,206.5,74,0.0,1.96
1780611557.417,206.5,74,0.0,1.96
1780611557.517,206.5,74,0.0,1.96
1780611557.617,206.5,74,30.0,0.85
1780611557.718,206.5,74,0.0,0.85
1780611557.818,206.5,74,0.0,0.85
1780611557.918,206.5,74,0.0,0.85
1780611558.018,206.5,74,0.0,0.85
1780611558.118,206.5,74,0.0,0.85
1780611558.218,206.5,74,0.0,0.85
1780611558.318,206.5,74,0.0,0.85
1780611558.418,206.5,74,0.0,0.85
1780611558.519,206.5,74,0.0,0.85
1780611558.619,206.5,74,0.0,0.85
1780611558.719,206.5,74,0.0,0.84
1780611558.819,206.5,74,0.0,0.84
1780611558.921,206.9,74,39.0,0.84
1780611559.021,206.9,74,39.9,0.84
1780611559.122,206.9,74,0.0,0.73
1780611559.222,206.9,74,0.0,0.73
1780611559.322,206.9,74,0.0,0.73
1780611559.422,206.9,74,0.0,0.73
1780611559.522,206.9,74,0.0,0.73
1780611559.622,206.9,74,0.0,0.73
1780611559.722,207.0,74,10.0,0.73
1780611559.822,207.0,74,0.0,0.73
1780611559.923,207.0,74,10.0,0.87
1780611560.023,207.0,74,20.0,0.87
1780611560.123,207.0,74,0.0,0.90
1780611560.223,207.0,74,0.0,0.90
1780611560.323,207.0,74,0.0,0.90
1780611560.423,207.0,74,0.0,0.90
1780611560.523,207.0,74,0.0,0.90
1780611560.624,207.0,74,0.0,0.90
1780611560.724,207.0,74,0.0,0.90
1780611560.824,207.0,74,10.0,0.90
1780611560.924,207.0,74,0.0,0.90
1780611561.027,207.0,74,0.0,0.90
1780611561.127,179.3,74,49.9,1.84
1780611561.227,179.3,74,0.0,1.84
1780611561.327,179.3,74,0.0,1.84
1780611561.427,189.7,74,10.0,1.84
1780611561.527,189.7,74,0.0,1.84
1780611561.628,189.7,74,0.0,1.84
1780611561.728,189.7,74,0.0,1.84
1780611561.828,189.7,74,0.0,1.84
1780611561.928,189.7,74,0.0,1.84
1780611562.028,189.7,74,0.0,1.84
1780611562.128,189.7,74,0.0,1.84
1780611562.228,189.7,74,0.0,1.84
1780611562.329,189.7,74,0.0,1.84
1780611562.429,189.7,74,0.0,1.84
1780611562.529,189.7,74,0.0,1.84
1780611562.629,189.7,74,0.0,1.84
1780611562.729,189.7,74,0.0,1.84
1780611562.829,202.9,74,39.9,1.96
1780611562.929,202.9,74,0.0,1.84
1780611563.029,202.9,74,0.0,1.84
1780611563.130,202.9,74,0.0,1.84
1780611563.230,202.9,74,0.0,1.84
1780611563.330,202.9,74,0.0,1.84
1780611563.430,202.9,74,0.0,1.84
1780611563.530,205.1,74,10.0,1.84
1780611563.630,205.1,74,0.0,1.84
1780611563.730,205.1,74,30.0,1.84
1780611563.831,205.1,74,0.0,1.84
1780611563.931,205.1,74,0.0,1.84
1780611564.031,205.1,74,0.0,1.84
1780611564.131,205.1,74,0.0,1.84
1780611564.231,205.1,74,0.0,1.84
1780611564.331,205.1,74,0.0,1.84
1780611564.431,205.1,74,0.0,1.84
1780611564.531,205.1,74,0.0,1.84
1780611564.632,205.1,74,0.0,1.84
1780611564.732,205.1,74,0.0,1.84
1780611564.832,205.1,74,0.0,1.84
1780611564.932,205.1,74,0.0,1.84
1780611565.032,205.1,74,0.0,1.84
1780611565.132,205.1,74,0.0,1.84
1780611565.232,205.1,74,0.0,1.84
1780611565.333,179.3,74,79.9,10.44
1780611565.433,186.7,74,10.0,10.44
1780611565.533,186.7,74,0.0,10.44
1780611565.633,186.7,74,0.0,10.44
1780611565.733,186.7,74,0.0,10.44
1780611565.833,186.7,74,0.0,10.44
1780611565.933,191.6,74,10.0,10.44
1780611566.033,191.6,74,0.0,10.44
1780611566.134,191.6,74,0.0,10.44
1780611566.234,191.9,74,0.0,10.44
1780611566.334,197.2,74,30.0,10.44
1780611566.434,197.2,74,0.0,10.44
1780611566.534,197.2,74,0.0,10.44
1780611566.634,197.2,74,0.0,10.44
1780611566.734,197.2,74,0.0,10.44
1780611566.834,197.2,74,0.0,10.44
1780611566.935,197.2,74,0.0,10.44
1780611567.035,197.2,74,10.0,10.44
1780611567.135,197.2,74,0.0,10.44
1780611567.235,202.7,74,39.9,10.44
1780611567.335,202.7,74,0.0,10.44
1780611567.435,202.7,74,0.0,10.44
1780611567.535,202.7,74,10.0,10.44
1780611567.635,202.7,74,0.0,10.44
1780611567.736,202.7,74,0.0,10.44
1780611567.836,202.7,74,0.0,10.44
1780611567.936,202.7,74,10.0,10.44
1780611568.036,202.7,74,0.0,10.44
1780611568.136,203.1,74,29.9,10.44
1780611568.236,203.1,74,0.0,10.44
1780611568.336,203.1,74,0.0,10.44
1780611568.437,203.1,74,0.0,10.44
1780611568.537,203.1,74,0.0,10.44
1780611568.637,203.1,74,0.0,10.44
1780611568.737,203.1,74,0.0,10.44
1780611568.837,203.1,74,0.0,10.44
1780611568.937,203.1,74,0.0,10.44
1780611569.037,203.1,74,0.0,10.44
1780611569.138,203.1,74,0.0,10.44
1780611569.238,203.1,74,0.0,1.07
1780611569.338,203.1,74,0.0,1.07
1780611569.438,203.1,74,0.0,1.07
1780611569.538,203.3,74,0.0,1.07
1780611569.638,203.3,74,0.0,1.07
1780611569.738,203.3,74,0.0,1.07
1780611569.838,203.3,74,0.0,1.07
1780611569.939,203.3,74,0.0,1.07
1780611570.039,203.3,74,0.0,1.07
1780611570.139,203.3,74,10.0,1.07
1780611570.239,204.1,74,10.0,1.07
1780611570.339,204.1,74,10.0,1.07
1780611570.439,204.1,74,0.0,1.07
1780611570.540,205.1,74,20.0,1.07
1780611570.640,205.1,74,0.0,1.07
1780611570.740,205.1,74,0.0,1.07
1780611570.840,205.1,74,10.0,1.07
1780611570.940,205.1,74,0.0,1.07
1780611571.040,205.1,74,0.0,1.07
1780611571.140,205.1,74,0.0,1.07
1780611571.240,205.1,74,0.0,1.07
1780611571.341,205.1,74,0.0,1.07
1780611571.441,205.1,74,0.0,1.07
1780611571.542,205.1,74,0.0,1.07
1780611571.642,205.1,74,0.0,1.07
1780611571.742,205.1,74,0.0,1.06
1780611571.842,205.1,74,0.0,1.06
1780611571.943,205.1,74,0.0,1.06
1780611572.043,179.3,74,59.9,1.06
1780611572.143,179.3,74,0.0,1.06
1780611572.243,179.3,74,0.0,1.06
1780611572.343,179.3,74,0.0,1.03
1780611572.443,179.3,74,0.0,1.03
1780611572.543,179.3,74,0.0,1.03
1780611572.643,179.3,74,0.0,1.03
1780611572.744,189.7,74,20.0,1.03
1780611572.844,189.7,74,0.0,1.03
1780611572.945,194.9,74,19.7,1.06
1780611573.045,194.9,74,0.0,1.06
1780611573.145,194.9,74,0.0,1.06
1780611573.246,194.9,74,0.0,1.06
1780611573.346,194.9,74,0.0,1.06
1780611573.446,194.9,74,0.0,1.06
1780611573.546,194.9,74,0.0,1.06
1780611573.646,194.9,74,10.0,1.06
1780611573.746,194.9,74,0.0,1.06
1780611573.846,194.9,74,0.0,1.06
1780611573.947,200.4,74,10.0,1.06
1780611574.047,202.4,74,39.9,11.73
1780611574.147,202.4,74,0.0,11.73
1780611574.247,202.4,74,0.0,11.73
1780611574.347,203.7,74,30.0,11.73
1780611574.447,203.9,74,10.0,11.73
1780611574.548,203.9,74,0.0,11.73
1780611574.648,203.9,74,0.0,11.73
1780611574.750,205.9,74,9.7,11.73
1780611574.850,206.1,74,20.0,11.73
1780611574.951,206.1,74,0.0,11.73
1780611575.051,206.1,74,0.0,11.73
1780611575.151,206.1,74,0.0,11.73
1780611575.251,206.1,74,0.0,11.73
1780611575.351,206.1,74,0.0,11.73
1780611575.451,206.1,74,0.0,11.73
1780611575.551,206.1,74,0.0,11.73
1780611575.651,206.1,74,0.0,11.73
1780611575.752,206.1,74,0.0,11.73
1780611575.852,206.1,74,0.0,11.73
1780611575.952,206.1,74,0.0,11.73
1780611576.052,206.1,74,0.0,11.73
1780611576.152,206.1,74,0.0,11.73
1780611576.252,206.1,74,0.0,11.73
1780611576.352,206.1,74,0.0,11.73
1780611576.452,206.1,74,0.0,11.73
1780611576.553,206.1,74,0.0,11.73
1780611576.653,206.1,74,0.0,11.73
1780611576.753,206.1,74,0.0,11.73
1780611576.853,206.1,74,0.0,11.73
1780611576.953,206.1,74,10.0,11.73
1780611577.053,206.1,74,0.0,11.73
1780611577.153,206.1,74,0.0,11.73
1780611577.253,206.1,74,0.0,11.73
1780611577.354,206.1,74,0.0,11.73
1780611577.454,206.1,74,0.0,11.73
1780611577.554,206.1,74,0.0,11.73
1780611577.654,206.1,74,10.0,11.73
1780611577.754,206.1,74,0.0,11.73
1780611577.856,208.1,74,29.5,11.73
1780611577.956,208.1,74,10.0,11.73
1780611578.056,208.1,74,0.0,11.73
1780611578.156,208.1,74,0.0,11.73
1780611578.256,208.1,74,0.0,11.73
1780611578.356,208.1,74,0.0,11.73
1780611578.456,208.1,74,0.0,11.73
1780611578.557,209.3,74,29.9,11.73
1780611578.657,186.8,74,30.0,11.73
1780611578.757,186.8,74,0.0,11.73
1780611578.857,186.8,74,0.0,11.73
1780611578.957,186.8,74,0.0,11.73
1780611579.057,186.8,74,0.0,11.73
1780611579.161,198.0,74,9.7,11.73
1780611579.261,204.0,74,30.0,11.73
1780611579.361,204.0,74,10.0,11.73
1780611579.461,204.0,74,0.0,9.61
1780611579.561,205.0,74,20.0,12.69
1780611579.662,205.0,74,9.9,12.69
1780611579.765,205.0,74,9.7,12.69
1780611579.865,205.0,74,0.0,12.69
1780611579.965,205.0,74,0.0,12.69
1780611580.065,205.0,74,10.0,12.69
1780611580.165,205.0,74,0.0,12.69
1780611580.265,205.0,74,0.0,12.69
1780611580.366,205.0,74,0.0,12.69
1780611580.466,205.0,74,0.0,9.61
1780611580.566,205.0,74,0.0,9.61
1780611580.666,205.0,74,0.0,9.61
1780611580.766,205.0,74,0.0,9.61
1780611580.866,205.0,74,0.0,9.61
1780611580.966,205.0,74,0.0,9.61
1780611581.066,205.0,74,0.0,9.61
1780611581.166,205.0,74,0.0,9.61
1780611581.267,205.0,74,0.0,9.61
1780611581.367,205.0,74,0.0,9.61
1780611581.467,205.0,74,0.0,9.61
1780611581.567,205.0,74,0.0,9.61
1780611581.667,205.0,74,0.0,9.61
1780611581.767,205.0,74,0.0,9.61
1780611581.868,205.0,74,0.0,9.61
1780611581.968,205.0,74,0.0,9.61
1780611582.068,205.0,74,0.0,9.61
1780611582.168,205.0,74,0.0,9.61
1780611582.268,205.0,74,0.0,9.61
1780611582.368,205.0,74,0.0,9.61
1780611582.468,205.0,74,0.0,9.61
1780611582.569,205.0,74,0.0,9.61
1780611582.669,205.0,74,0.0,9.61
1780611582.769,205.0,74,0.0,9.61
1780611582.869,205.0,74,0.0,9.61
1780611582.969,205.0,74,0.0,9.61
1780611583.069,205.0,74,0.0,9.61
1780611583.169,205.0,74,0.0,9.61
1780611583.269,205.0,74,0.0,9.61
1780611583.370,205.0,74,0.0,9.61
1780611583.470,205.0,74,0.0,9.61
1780611583.570,205.0,74,0.0,9.61
1780611583.670,205.0,74,0.0,9.61
1780611583.770,205.0,74,0.0,9.61
1780611583.870,205.0,74,0.0,9.61
1780611583.970,205.0,74,10.0,9.61
1780611584.070,205.0,74,0.0,9.61
1780611584.171,205.0,74,0.0,9.61
1780611584.271,205.0,74,0.0,9.61
1780611584.371,205.0,74,0.0,9.61
1780611584.471,205.0,74,0.0,9.61
1780611584.571,205.0,74,10.0,9.61
1780611584.671,179.4,74,29.9,9.61
1780611584.771,179.4,74,0.0,9.61
1780611584.872,179.4,74,0.0,9.61
1780611584.972,179.4,74,0.0,9.61
1780611585.072,179.4,74,0.0,2.01
1780611585.172,179.4,74,0.0,2.01
1780611585.272,179.4,74,0.0,2.01
1780611585.372,179.4,74,0.0,2.01
1780611585.472,179.4,74,0.0,2.01
1780611585.572,179.4,74,0.0,2.01
1780611585.672,179.4,74,0.0,2.01
1780611585.773,186.7,74,10.0,2.01
1780611585.873,186.7,74,0.0,2.01
1780611585.975,194.4,74,29.4,1.11
1780611586.075,186.8,74,79.9,1.11
1780611586.175,186.8,74,0.0,1.11
1780611586.275,186.8,74,0.0,1.11
1780611586.375,186.8,74,0.0,1.11
1780611586.475,186.8,74,0.0,0.46
1780611586.576,187.0,74,0.0,0.77
1780611586.676,187.0,74,0.0,1.09
1780611586.776,187.0,74,0.0,1.09
1780611586.879,187.1,74,9.7,1.09
1780611586.979,186.5,74,59.9,4.86
1780611587.079,186.5,74,0.0,4.86
1780611587.179,186.5,74,0.0,4.86
1780611587.279,186.5,74,0.0,4.86
1780611587.379,186.5,74,0.0,4.86
1780611587.480,186.5,74,0.0,4.86
1780611587.580,186.5,74,0.0,4.86
1780611587.680,186.5,74,0.0,4.86
1780611587.780,186.5,74,0.0,4.86
1780611587.880,186.5,74,0.0,4.86
1780611587.980,189.8,74,10.0,4.86
1780611588.080,189.8,74,0.0,4.86
1780611588.180,189.8,74,0.0,4.86
1780611588.281,189.8,74,0.0,4.86
1780611588.381,189.8,74,0.0,4.86
1780611588.481,190.4,74,20.0,4.86
1780611588.581,190.9,74,20.0,4.86
1780611588.681,190.9,74,0.0,4.86
1780611588.781,190.9,74,0.0,4.86
1780611588.881,190.9,74,0.0,4.86
1780611588.982,190.9,74,0.0,4.86
1780611589.082,190.9,74,0.0,4.86
1780611589.182,190.9,74,0.0,4.86
1780611589.282,190.9,74,0.0,4.86
1780611589.382,190.9,74,0.0,4.86
1780611589.482,190.9,74,0.0,4.86
1780611589.582,190.9,74,0.0,4.86
1780611589.682,190.9,74,0.0,4.86
1780611589.783,190.9,74,0.0,4.86
1780611589.883,190.9,74,0.0,4.86
1780611589.983,190.9,74,0.0,4.86
1780611590.083,190.9,74,0.0,4.86
1780611590.183,190.9,74,0.0,4.86
1780611590.283,190.9,74,0.0,4.86
1780611590.383,190.9,74,0.0,4.86
1780611590.484,190.9,74,0.0,4.86
1780611590.584,190.9,74,0.0,4.86
1780611590.684,190.9,74,0.0,4.86
1780611590.784,190.9,74,0.0,4.86
1780611590.884,190.9,74,0.0,4.86
1780611590.984,190.9,74,0.0,4.86
1780611591.084,191.1,74,0.0,4.86
1780611591.184,191.1,74,0.0,4.86
1780611591.284,191.1,74,0.0,4.86
1780611591.385,191.1,74,0.0,4.86
1780611591.485,191.1,74,0.0,4.86
1780611591.585,196.0,74,39.9,4.86
1780611591.685,196.0,74,0.0,4.86
1780611591.785,196.0,74,0.0,4.86
1780611591.885,196.0,74,0.0,4.86
1780611591.985,179.4,74,39.9,17.47
1780611592.086,191.2,74,20.0,17.47
1780611592.186,191.2,74,0.0,17.47
1780611592.286,191.2,74,0.0,17.47
1780611592.386,191.2,74,0.0,17.47
1780611592.486,191.2,74,0.0,17.47
1780611592.586,191.2,74,0.0,17.47
1780611592.686,191.4,74,0.0,17.47
1780611592.786,191.4,74,0.0,17.47
1780611592.887,191.4,74,0.0,17.47
1780611592.987,191.4,74,0.0,17.47
1780611593.087,191.5,74,0.0,17.47
1780611593.187,191.5,74,0.0,17.47
1780611593.287,191.5,74,0.0,17.47
1780611593.388,207.3,74,19.8,1.00
1780611593.488,179.4,74,59.9,1.00
1780611593.588,179.4,74,0.0,1.00
1780611593.688,186.7,74,10.0,1.95
1780611593.789,186.7,74,0.0,1.95
1780611593.889,179.4,74,30.0,1.95
1780611593.989,179.4,74,0.0,1.95
1780611594.089,179.4,74,0.0,1.95
1780611594.189,179.4,74,0.0,1.95
1780611594.289,179.4,74,0.0,1.95
1780611594.389,179.4,74,0.0,1.95
1780611594.490,179.4,74,0.0,1.95
1780611594.590,179.4,74,0.0,1.95
1780611594.690,179.4,74,0.0,1.95
1780611594.790,179.4,74,0.0,1.95
1780611594.890,179.4,74,0.0,1.95
1780611594.990,179.4,74,0.0,1.95
1780611595.090,179.4,74,0.0,1.95
1780611595.190,179.4,74,0.0,1.95
1780611595.291,179.4,74,0.0,1.95
1780611595.391,179.4,74,0.0,1.95
1780611595.491,179.4,74,0.0,1.95
1780611595.591,179.4,74,0.0,1.95
1780611595.691,179.4,74,0.0,1.95
1780611595.791,179.4,74,0.0,1.95
1780611595.891,179.4,74,0.0,1.95
1780611595.992,179.4,74,0.0,1.95
1780611596.092,179.4,74,0.0,1.95
1780611596.192,179.4,74,0.0,1.95
1780611596.292,179.4,74,0.0,1.95
1780611596.392,179.4,74,0.0,1.95
1780611596.492,179.4,74,0.0,1.95
1780611596.592,179.4,74,0.0,1.95
1780611596.692,179.4,74,0.0,1.95
1780611596.793,179.4,74,0.0,1.95
1780611596.893,179.4,74,0.0,1.95
1780611596.993,179.4,74,10.0,1.95
1780611597.093,179.4,74,0.0,1.95
1780611597.193,179.4,74,0.0,1.95
1780611597.293,179.4,74,0.0,1.95
1780611597.393,179.4,74,0.0,1.95
1780611597.493,179.4,74,0.0,1.95
1780611597.593,179.4,74,0.0,1.95
1780611597.694,179.4,74,0.0,1.95
1780611597.794,179.4,74,0.0,1.95
1780611597.894,179.4,74,0.0,1.95
1780611597.994,179.4,74,0.0,1.95
1780611598.094,179.4,74,0.0,1.95
1780611598.194,179.4,74,0.0,1.95
1780611598.294,179.4,74,0.0,1.95
1780611598.394,179.4,74,0.0,0.80
1780611598.495,179.4,74,0.0,0.80
1780611598.595,179.4,74,0.0,0.90
1780611598.695,179.4,74,0.0,0.90
1780611598.795,179.4,74,49.9,0.96
1780611598.895,179.4,74,0.0,0.96
1780611598.995,179.4,74,0.0,0.96
1780611599.095,179.4,74,0.0,0.96
1780611599.195,179.4,74,0.0,0.96
1780611599.296,179.4,74,0.0,0.96
1780611599.396,179.4,74,0.0,0.96
1780611599.496,179.4,74,0.0,0.96
1780611599.596,179.4,74,0.0,0.96
1780611599.696,179.4,74,0.0,0.96
1780611599.796,186.7,74,20.0,0.96
1780611599.896,186.7,74,0.0,0.96
1780611599.997,191.7,74,0.0,0.96
1780611600.097,191.7,74,10.0,0.96
1780611600.198,179.4,74,79.8,0.96
1780611600.298,179.4,74,0.0,0.96
1780611600.398,179.4,74,0.0,0.96
1780611600.498,179.4,74,0.0,0.96
1780611600.598,179.4,74,0.0,0.96
1780611600.698,179.4,74,0.0,0.96
1780611600.798,179.4,74,0.0,0.96
1780611600.898,186.7,74,0.0,1.06
1780611600.999,186.7,74,0.0,1.06
1780611601.099,186.7,74,0.0,1.06
1780611601.200,196.5,74,29.6,3.21
1780611601.300,203.0,74,39.9,3.21
1780611601.400,203.0,74,0.0,3.21
1780611601.500,203.0,74,0.0,3.21
1780611601.601,203.0,74,0.0,3.21
1780611601.701,203.0,74,0.0,3.21
1780611601.801,203.0,74,0.0,3.21
1780611601.901,203.0,74,0.0,3.21
1780611602.001,203.0,74,0.0,3.21
1780611602.101,205.2,74,10.0,3.21
1780611602.201,205.2,74,0.0,3.21
1780611602.301,205.2,74,0.0,3.21
1780611602.401,205.2,74,0.0,3.21
1780611602.502,205.2,74,0.0,3.21
1780611602.602,205.2,74,10.0,3.21
1780611602.702,205.2,74,30.0,3.21
1780611602.802,205.2,74,0.0,3.21
1780611602.902,205.2,74,0.0,3.21
1780611603.002,205.2,74,0.0,3.21
1780611603.102,205.2,74,0.0,3.21
1780611603.202,205.2,74,0.0,3.21
1780611603.303,205.2,74,0.0,3.21
1780611603.403,205.2,74,0.0,3.21
1780611603.503,205.2,74,0.0,3.21
1780611603.603,205.2,74,0.0,3.21
1780611603.703,205.2,74,0.0,3.21
1780611603.803,205.2,74,0.0,3.21
1780611603.903,205.2,74,0.0,3.21
1780611604.004,205.2,74,0.0,3.21
1780611604.104,205.2,74,0.0,3.21
1780611604.204,205.2,74,0.0,3.21
1780611604.304,205.2,74,0.0,3.21
1780611604.404,205.2,74,0.0,3.21
1780611604.504,205.2,74,0.0,3.21
1780611604.604,205.2,74,0.0,3.21
1780611604.704,205.2,74,0.0,3.21
1780611604.804,205.2,74,0.0,3.21
1780611604.905,205.2,74,0.0,3.21
1780611605.005,205.2,74,0.0,3.21
1780611605.105,205.2,74,0.0,3.21
1780611605.205,205.2,74,0.0,3.21
1780611605.305,205.2,74,0.0,3.21
1780611605.405,205.2,74,0.0,3.21
1780611605.505,205.2,74,0.0,3.21
1780611605.605,205.2,74,10.0,3.21
1780611605.706,205.2,74,0.0,3.21
1780611605.806,205.2,74,0.0,3.21
1780611605.906,205.2,74,0.0,3.21
1780611606.006,205.2,74,0.0,3.21
1780611606.107,205.9,74,29.7,3.21
1780611606.207,207.9,74,20.0,7.76
1780611606.307,207.9,74,0.0,7.76
1780611606.407,207.9,74,0.0,7.76
1780611606.507,207.9,74,0.0,7.76
1780611606.608,207.9,74,0.0,7.76
1780611606.708,207.9,74,0.0,7.76
1780611606.808,207.9,74,0.0,7.76
1780611606.908,207.9,74,0.0,7.76
1780611607.008,208.1,74,0.0,7.76
1780611607.108,208.1,74,0.0,7.76
1780611607.208,208.1,74,20.0,7.76
1780611607.311,208.1,74,19.5,7.76
1780611607.411,210.1,74,30.0,7.76
1780611607.511,210.1,74,0.0,7.76
1780611607.611,210.1,74,10.0,7.76
1780611607.711,210.1,74,0.0,1.89
1780611607.813,210.1,74,19.7,1.89
1780611607.913,210.1,74,20.0,3.32
1780611608.013,210.1,74,20.0,3.32
1780611608.113,210.1,74,0.0,3.32
1780611608.213,210.1,74,20.0,3.32
1780611608.314,210.1,74,0.0,3.32
1780611608.414,210.1,74,0.0,3.32
1780611608.514,210.1,74,0.0,3.32
1780611608.614,210.1,74,0.0,3.32
1780611608.714,210.1,74,0.0,3.32
1780611608.814,210.1,74,0.0,3.32
1780611608.914,210.1,74,0.0,3.32
1780611609.014,210.2,74,10.0,3.32
1780611609.115,210.2,74,0.0,3.32
1780611609.215,210.2,74,0.0,3.32
1780611609.315,210.2,74,10.0,3.32
1780611609.415,210.2,74,0.0,3.32
1780611609.515,210.2,74,0.0,3.32
1780611609.615,210.2,74,0.0,3.32
1780611609.716,210.2,74,0.0,3.32
1780611609.816,210.2,74,0.0,3.32
1780611609.916,210.4,74,29.9,6.67
1780611610.016,210.4,74,0.0,6.67
1780611610.116,210.4,74,0.0,6.67
1780611610.216,210.4,74,0.0,6.67
1780611610.316,210.4,74,0.0,6.67
1780611610.417,210.4,74,0.0,6.67
1780611610.517,210.4,74,0.0,6.67
1780611610.617,210.4,74,0.0,6.67
1780611610.717,210.4,74,0.0,6.67
1780611610.817,210.4,74,0.0,6.67
1780611610.917,210.4,74,0.0,6.67
1780611611.017,210.4,74,0.0,6.67
1780611611.117,210.4,74,0.0,6.67
1780611611.218,210.4,74,0.0,6.67
1780611611.318,210.4,74,0.0,6.67
1780611611.418,210.4,74,0.0,6.67
1780611611.518,210.4,74,0.0,6.67
1780611611.618,210.4,74,0.0,6.67
1780611611.718,210.4,74,0.0,6.67
1780611611.818,210.4,74,0.0,6.67
1780611611.918,210.4,74,10.0,6.67
1780611612.019,210.4,74,0.0,6.67
1780611612.119,210.4,74,0.0,6.67
1780611612.219,210.4,74,0.0,6.67
1780611612.319,210.4,74,0.0,6.67
1780611612.419,210.4,74,0.0,6.67
1780611612.521,210.4,74,0.0,6.67
1780611612.621,212.2,74,39.9,6.67
1780611612.722,212.2,74,0.0,6.67
1780611612.822,212.2,74,0.0,6.67
1780611612.922,212.6,74,10.0,6.67
1780611613.022,212.6,74,20.0,6.67
1780611613.122,212.6,74,0.0,6.67
1780611613.223,212.6,74,0.0,6.67
1780611613.323,212.6,74,0.0,6.67
1780611613.423,212.6,74,0.0,6.67
1780611613.523,212.6,74,0.0,6.67
1780611613.623,212.6,74,0.0,6.67
1780611613.723,212.6,74,10.0,6.67
1780611613.823,212.6,74,0.0,6.67
1780611613.923,212.6,74,49.9,6.67
1780611614.024,212.6,74,0.0,6.67
1780611614.124,212.6,74,0.0,6.67
1780611614.224,212.6,74,0.0,6.67
1780611614.324,212.6,74,0.0,6.67
1780611614.424,213.0,74,39.9,6.67
1780611614.524,213.0,74,0.0,6.67
1780611614.624,213.0,74,0.0,6.67
1780611614.724,213.0,74,0.0,6.67
1780611614.825,213.0,74,30.0,6.67
1780611614.925,213.0,74,0.0,6.67
1780611615.025,213.0,74,0.0,6.67
1780611615.125,213.0,74,0.0,6.67
1780611615.225,213.0,74,0.0,6.67
1780611615.325,213.0,74,0.0,6.67
1780611615.425,213.0,74,0.0,6.67
1780611615.526,213.0,74,0.0,6.67
1780611615.626,213.0,74,0.0,6.67
1780611615.726,213.0,74,0.0,6.67
1780611615.826,213.0,74,0.0,6.67
1780611615.926,213.0,74,0.0,6.67
1780611616.026,213.0,74,0.0,6.67
1780611616.126,213.0,74,10.0,6.67
1780611616.227,213.0,74,0.0,6.67
1780611616.327,213.0,74,0.0,1.86
1780611616.427,213.0,74,0.0,1.86
1780611616.527,213.0,74,0.0,1.86
1780611616.627,213.0,74,20.0,1.86
1780611616.727,213.0,74,0.0,1.86
1780611616.827,213.0,74,0.0,1.86
1780611616.927,213.0,74,0.0,1.86
1780611617.028,213.0,74,0.0,1.86
1780611617.128,213.0,74,0.0,1.86
1780611617.228,213.0,74,0.0,1.86
1780611617.328,213.0,74,0.0,1.86
1780611617.428,213.0,74,0.0,1.86
1780611617.528,213.0,74,10.0,1.86
1780611617.628,213.0,74,10.0,1.86
1780611617.729,213.0,74,0.0,1.86
1780611617.829,213.0,74,20.0,1.86
1780611617.929,213.0,74,0.0,1.86
1780611618.029,213.1,74,20.0,1.86
1780611618.129,213.1,74,0.0,1.86
1780611618.229,213.1,74,0.0,1.86
1780611618.329,213.1,74,0.0,1.86
1780611618.429,213.1,74,0.0,1.86
1780611618.530,213.1,74,0.0,1.86
1780611618.630,213.1,74,0.0,1.86
1780611618.730,213.1,74,0.0,1.86
1780611618.830,213.1,74,0.0,1.86
1780611618.930,213.1,74,0.0,1.86
1780611619.030,213.1,74,39.9,1.86
1780611619.130,213.1,74,0.0,1.86
1780611619.230,213.1,74,0.0,1.86
1780611619.331,213.1,74,0.0,1.86
1780611619.431,213.1,74,0.0,1.86
1780611619.531,213.1,74,0.0,1.86
1780611619.631,213.1,74,0.0,1.86
1780611619.731,213.1,74,0.0,1.86
1780611619.831,213.1,74,0.0,1.86
1780611619.931,213.1,74,0.0,1.86
1780611620.031,213.1,74,0.0,1.86
1780611620.132,213.1,74,0.0,1.86
1780611620.232,213.1,74,0.0,1.86
1780611620.332,213.1,74,0.0,1.86
1780611620.432,213.1,74,0.0,1.86
1780611620.535,214.3,74,9.7,1.86
1780611620.635,188.8,74,39.9,1.86
1780611620.735,196.1,74,30.0,1.86
1780611620.835,200.1,74,20.0,1.86
1780611620.935,200.1,74,0.0,1.86
1780611621.035,200.1,74,0.0,1.86
1780611621.135,200.1,74,0.0,1.86
1780611621.236,200.1,74,10.0,1.86
1780611621.336,200.1,74,0.0,1.86
1780611621.436,200.1,74,0.0,1.86
1780611621.536,200.1,74,10.0,1.86
1780611621.636,200.1,74,20.0,1.86
1780611621.736,200.1,74,0.0,1.86
1780611621.836,200.1,74,20.0,1.86
1780611621.936,200.1,74,0.0,1.86
1780611622.037,200.1,74,0.0,1.86
1780611622.137,200.1,74,0.0,1.86
1780611622.237,200.1,74,0.0,1.86
1780611622.337,200.1,74,0.0,1.86
1780611622.437,200.1,74,0.0,1.86
1780611622.537,200.1,74,0.0,1.86
1780611622.637,200.1,74,0.0,1.86
1780611622.738,200.1,74,0.0,1.86
1780611622.838,200.1,74,0.0,1.86
1780611622.938,200.1,74,0.0,1.86
1780611623.038,200.1,74,0.0,1.86
1780611623.138,200.1,74,0.0,1.86
1780611623.238,200.1,74,0.0,1.86
1780611623.338,200.1,74,0.0,1.86
1780611623.438,200.1,74,0.0,1.86
1780611623.539,200.1,74,0.0,1.86
1780611623.639,200.1,74,0.0,1.86
1780611623.739,200.1,74,0.0,1.86
1780611623.839,200.1,74,0.0,1.86
1780611623.939,200.1,74,0.0,1.86
1780611624.039,200.1,74,0.0,1.86
1780611624.139,200.1,74,0.0,1.86
1780611624.239,200.1,74,0.0,1.86
1780611624.340,200.1,74,0.0,1.86
1780611624.440,200.1,74,0.0,1.86
1780611624.540,200.1,74,0.0,1.86
1780611624.640,200.1,74,0.0,1.86
1780611624.740,200.1,74,0.0,1.86
1780611624.840,200.1,74,0.0,1.86
1780611624.940,200.1,74,0.0,1.86
1780611625.040,200.1,74,0.0,1.86
1780611625.141,200.1,74,0.0,1.86
1780611625.241,200.1,74,0.0,1.86
1780611625.341,200.1,74,0.0,1.86
1780611625.441,200.1,74,0.0,1.70
1780611625.541,200.1,74,0.0,1.70
1780611625.641,200.1,74,0.0,1.70
1780611625.741,200.1,74,0.0,1.70
1780611625.841,200.1,74,0.0,1.70
1780611625.942,200.1,74,0.0,1.70
1780611626.042,200.1,74,0.0,1.70
1780611626.142,200.1,74,0.0,1.70
1780611626.243,205.2,74,29.8,1.70
1780611626.343,205.2,74,0.0,1.70
1780611626.443,205.2,74,0.0,1.70
1780611626.543,205.2,74,0.0,1.70
1780611626.643,205.2,74,0.0,1.70
1780611626.743,191.2,74,69.8,1.86
1780611626.844,191.2,74,0.0,1.86
1780611626.944,191.2,74,0.0,1.86
1780611627.044,191.2,74,0.0,1.86
1780611627.144,191.2,74,0.0,1.86
1780611627.244,191.2,74,0.0,1.86
1780611627.344,191.2,74,0.0,1.86
1780611627.444,191.2,74,0.0,1.86
1780611627.544,191.2,74,0.0,1.86
1780611627.645,191.2,74,0.0,1.28
1780611627.745,191.2,74,0.0,1.28
1780611627.845,191.2,74,0.0,1.28
1780611627.945,191.2,74,0.0,1.28
1780611628.045,191.2,74,0.0,1.28
1780611628.145,191.2,74,0.0,0.63
1780611628.245,191.2,74,0.0,0.63
1780611628.346,191.5,74,10.0,0.63
1780611628.446,191.5,74,0.0,0.63
1780611628.546,191.5,74,0.0,0.63
1780611628.646,191.5,74,0.0,0.63
1780611628.746,191.5,74,0.0,0.63
1780611628.846,191.5,74,0.0,0.63
1780611628.949,209.8,74,78.1,5.34
1780611629.049,188.8,74,39.9,5.34
1780611629.149,189.0,74,0.0,5.34
1780611629.249,189.0,74,0.0,5.34
1780611629.349,189.0,74,0.0,5.34
1780611629.449,189.0,74,0.0,5.34
1780611629.549,189.0,74,0.0,5.34
1780611629.650,189.0,74,0.0,5.34
1780611629.750,189.0,74,0.0,5.34
1780611629.850,189.0,74,0.0,5.34
1780611629.950,189.0,74,0.0,5.34
1780611630.050,189.0,74,0.0,5.34
1780611630.150,189.0,74,0.0,5.34
1780611630.250,189.0,74,20.0,5.34
1780611630.350,189.0,74,0.0,5.34
1780611630.451,189.0,74,0.0,5.34
1780611630.551,189.0,74,0.0,5.34
1780611630.651,189.0,74,0.0,5.34
1780611630.751,189.0,74,0.0,5.34
1780611630.851,189.0,74,0.0,5.34
1780611630.951,189.0,74,0.0,5.34
1780611631.051,189.0,74,0.0,5.34
1780611631.152,189.0,74,0.0,5.34
1780611631.252,189.0,74,0.0,5.34
1780611631.352,189.0,74,0.0,5.34
1780611631.452,189.0,74,0.0,5.34
1780611631.552,189.0,74,0.0,5.34
1780611631.652,189.0,74,0.0,5.34
1780611631.752,189.0,74,0.0,5.34
1780611631.852,189.0,74,0.0,5.34
1780611631.953,189.0,74,0.0,5.34
1780611632.053,189.0,74,0.0,5.34
1780611632.153,189.0,74,0.0,5.34
1780611632.253,189.0,74,0.0,5.34
1780611632.353,189.0,74,0.0,5.34
1780611632.453,189.0,74,0.0,5.34
1780611632.553,189.0,74,0.0,5.34
1780611632.653,189.0,74,0.0,5.34
1780611632.754,189.0,74,0.0,5.34
1780611632.854,189.0,74,0.0,5.34
1780611632.954,189.0,74,0.0,5.34
1780611633.054,189.0,74,0.0,5.34
1780611633.154,189.0,74,0.0,0.99
1780611633.254,189.0,74,0.0,0.99
1780611633.355,189.0,74,0.0,0.99
1780611633.455,189.0,74,0.0,0.99
1780611633.555,189.0,74,0.0,0.99
1780611633.655,189.0,74,0.0,0.99
1780611633.755,189.0,74,0.0,0.99
1780611633.855,189.0,74,0.0,0.99
1780611633.955,189.0,74,0.0,0.99
1780611634.055,189.0,74,0.0,0.99
1780611634.156,189.0,74,0.0,0.99
1780611634.256,189.0,74,0.0,0.99
1780611634.356,189.0,74,0.0,0.99
1780611634.456,195.2,74,19.9,0.99
1780611634.556,181.4,74,49.9,0.99
1780611634.656,181.4,74,0.0,0.99
1780611634.757,181.4,74,0.0,0.99
1780611634.857,181.4,74,0.0,0.99
1780611634.957,181.4,74,0.0,0.99
1780611635.057,181.4,74,0.0,0.99
1780611635.157,181.4,74,0.0,0.99
1780611635.257,181.4,74,0.0,0.99
1780611635.358,181.4,74,0.0,0.88
1780611635.458,188.7,74,0.0,0.88
1780611635.558,188.7,74,0.0,0.88
1780611635.658,188.7,74,0.0,0.88
1780611635.758,188.7,74,0.0,0.88
1780611635.858,188.7,74,10.0,0.88
1780611635.959,201.7,74,39.8,0.99
1780611636.059,206.1,74,59.9,0.99
1780611636.159,206.1,74,0.0,0.99
1780611636.259,206.1,74,0.0,0.99
1780611636.359,206.1,74,10.0,0.99
1780611636.459,206.1,74,0.0,0.99
1780611636.559,208.4,74,30.0,0.88
1780611636.660,208.4,74,0.0,0.88
1780611636.760,208.4,74,0.0,0.88
1780611636.860,208.4,74,0.0,0.88
1780611636.960,208.4,74,0.0,0.88
1780611637.060,208.4,74,0.0,0.88
1780611637.160,208.4,74,0.0,0.88
1780611637.260,208.4,74,0.0,0.88
1780611637.360,208.4,74,0.0,0.88
1780611637.461,208.4,74,0.0,0.88
1780611637.561,208.4,74,0.0,0.88
1780611637.661,208.4,74,0.0,0.88
1780611637.761,208.4,74,0.0,0.88
1780611637.861,208.4,74,0.0,0.88
1780611637.961,208.4,74,0.0,0.88
1780611638.061,208.4,74,10.0,0.88
1780611638.162,208.4,74,0.0,0.88
1780611638.262,208.4,74,0.0,0.88
1780611638.362,208.4,74,0.0,0.88
1780611638.462,208.4,74,0.0,0.88
1780611638.562,208.4,74,10.0,0.88
1780611638.662,208.4,74,0.0,0.88
1780611638.762,208.4,74,0.0,0.88
1780611638.863,210.4,74,30.0,0.88
1780611638.963,210.4,74,0.0,0.88
1780611639.063,210.4,74,0.0,0.88
1780611639.163,210.4,74,0.0,0.88
1780611639.263,210.4,74,0.0,0.88
1780611639.363,210.4,74,0.0,0.88
1780611639.463,210.4,74,0.0,0.88
1780611639.564,210.4,74,0.0,0.88
1780611639.664,210.4,74,0.0,0.88
1780611639.764,210.4,74,0.0,0.88
1780611639.866,210.4,74,9.8,0.88
1780611639.969,210.4,74,0.0,1.02
1780611640.069,210.4,74,0.0,1.02
1780611640.169,210.4,74,0.0,1.02
1780611640.269,210.4,74,0.0,1.02
1780611640.369,210.4,74,0.0,1.02
1780611640.469,210.4,74,10.0,1.02
1780611640.569,210.4,74,0.0,1.02
1780611640.670,210.4,74,0.0,1.02
1780611640.770,210.4,74,0.0,1.02
1780611640.870,210.4,74,0.0,1.02
1780611640.970,210.4,74,0.0,1.02
1780611641.070,181.4,74,49.9,1.02
1780611641.170,181.4,74,0.0,1.02
1780611641.270,181.4,74,0.0,1.02
1780611641.370,181.4,74,0.0,1.02
1780611641.471,181.4,74,0.0,1.02
1780611641.571,181.4,74,0.0,1.02
1780611641.671,188.7,74,0.0,1.02
1780611641.771,188.7,74,0.0,1.02
1780611641.871,188.7,74,0.0,1.02
1780611641.971,181.4,74,59.9,1.02
1780611642.071,181.4,74,0.0,1.02
1780611642.172,188.7,74,0.0,1.02
1780611642.272,188.7,74,0.0,1.02
1780611642.372,202.0,74,30.0,0.88
1780611642.472,202.0,74,0.0,0.82
1780611642.572,202.0,74,0.0,0.82
1780611642.673,206.1,74,20.0,0.82
1780611642.773,206.1,74,0.0,0.98
1780611642.873,206.1,74,0.0,0.98
1780611642.973,206.1,74,0.0,0.98
1780611643.073,206.1,74,20.0,0.98
1780611643.173,206.1,74,0.0,0.98
1780611643.273,206.1,74,0.0,0.98
1780611643.374,206.4,74,0.0,0.98
1780611643.474,206.4,74,29.9,0.98
1780611643.574,206.4,74,10.0,0.98
1780611643.674,206.4,74,0.0,0.98
1780611643.774,206.4,74,0.0,0.98
1780611643.874,206.4,74,0.0,0.98
1780611643.975,206.4,74,0.0,0.98
1780611644.075,206.4,74,0.0,0.98
1780611644.175,206.4,74,0.0,0.98
1780611644.275,206.4,74,0.0,0.98
1780611644.375,206.4,74,0.0,0.98
1780611644.475,206.4,74,0.0,0.98
1780611644.575,206.4,74,0.0,0.98
1780611644.676,206.4,74,0.0,0.98
1780611644.776,206.4,74,0.0,0.98
1780611644.876,206.4,74,0.0,0.98
1780611644.976,206.4,74,0.0,0.98
1780611645.076,206.4,74,0.0,0.98
1780611645.176,206.4,74,0.0,0.98
1780611645.276,206.4,74,0.0,0.98
1780611645.377,206.4,74,0.0,0.98
1780611645.477,206.4,74,0.0,0.98
1780611645.577,206.4,74,0.0,0.98
1780611645.677,206.4,74,0.0,0.98
1780611645.777,206.4,74,0.0,0.98
1780611645.877,206.4,74,0.0,0.98
1780611645.977,206.4,74,0.0,0.98
1780611646.078,206.4,74,0.0,0.98
1780611646.178,206.4,74,0.0,0.98
1780611646.278,206.4,74,0.0,0.98
1780611646.378,206.4,74,0.0,0.86
1780611646.478,206.4,74,0.0,0.86
1780611646.578,206.4,74,20.0,0.86
1780611646.678,206.4,74,0.0,0.86
1780611646.778,206.4,74,0.0,0.86
1780611646.879,206.4,74,0.0,0.86
1780611646.979,206.4,74,0.0,0.86
1780611647.079,206.4,74,10.0,0.86
1780611647.179,206.4,74,0.0,0.86
1780611647.279,206.4,74,0.0,0.86
1780611647.379,207.3,74,39.9,0.98
1780611647.479,207.3,74,20.0,0.98
1780611647.580,207.3,74,0.0,0.98
1780611647.680,207.3,74,0.0,0.98
1780611647.780,207.3,74,0.0,0.98
1780611647.880,207.3,74,0.0,0.98
1780611647.980,207.3,74,0.0,0.98
1780611648.082,211.3,74,39.2,0.98
1780611648.182,181.4,74,20.0,5.44
1780611648.282,181.4,74,0.0,5.44
1780611648.382,181.4,74,0.0,5.44
1780611648.483,188.7,74,0.0,5.44
1780611648.583,188.7,74,0.0,5.44
1780611648.685,199.7,74,9.8,5.44
1780611648.785,203.7,74,39.9,11.45
1780611648.885,203.7,74,0.0,11.45
1780611648.985,203.7,74,0.0,11.45
1780611649.085,205.7,74,20.0,11.45
1780611649.185,205.7,74,0.0,11.45
1780611649.285,205.9,74,10.0,11.45
1780611649.386,205.9,74,0.0,11.45
1780611649.486,205.9,74,0.0,11.45
1780611649.586,205.9,74,10.0,11.45
1780611649.686,208.1,74,10.0,11.45
1780611649.786,208.1,74,0.0,11.45
1780611649.886,208.1,74,0.0,11.45
1780611649.986,208.1,74,0.0,11.45
1780611650.086,208.1,74,0.0,11.45
1780611650.187,208.1,74,0.0,11.45
1780611650.287,208.1,74,0.0,11.45
1780611650.387,208.1,74,0.0,11.45
1780611650.487,208.1,74,0.0,11.45
1780611650.587,208.1,74,0.0,11.45
1780611650.687,208.1,74,0.0,11.45
1780611650.787,208.1,74,0.0,11.45
1780611650.887,208.1,74,0.0,11.45
1780611650.988,208.1,74,0.0,11.45
1780611651.088,208.1,74,0.0,11.45
1780611651.188,208.1,74,0.0,11.45
1780611651.288,208.1,74,0.0,11.45
1780611651.388,208.1,74,0.0,11.45
1780611651.488,208.1,74,0.0,11.45
1780611651.588,208.1,74,0.0,11.45
1780611651.688,208.1,74,0.0,11.45
1780611651.789,208.1,74,0.0,11.45
1780611651.889,208.1,74,0.0,11.45
1780611651.989,208.1,74,0.0,11.45
1780611652.089,208.1,74,0.0,11.45
1780611652.189,208.1,74,0.0,11.45
1780611652.289,208.1,74,0.0,11.45
1780611652.389,208.1,74,0.0,11.45
1780611652.489,208.1,74,0.0,11.45
1780611652.590,208.1,74,0.0,11.45
1780611652.690,208.1,74,0.0,11.45
1780611652.790,208.1,74,0.0,11.45
1780611652.890,208.1,74,0.0,11.45
1780611652.990,208.1,74,0.0,11.45
1780611653.090,208.1,74,0.0,11.45
1780611653.190,208.1,74,0.0,11.45
1780611653.290,208.1,74,0.0,11.45
1780611653.391,208.1,74,0.0,11.45
1780611653.491,208.1,74,0.0,11.45
1780611653.591,208.1,74,10.0,11.45
1780611653.691,208.1,74,0.0,11.45
1780611653.791,208.1,74,0.0,11.45
1780611653.891,208.1,74,0.0,11.45
1780611653.991,208.1,74,0.0,11.45
1780611654.091,208.1,74,0.0,11.45
1780611654.191,208.1,74,0.0,11.45
1780611654.292,208.1,74,10.0,11.45
1780611654.392,208.3,74,0.0,11.45
1780611654.492,208.3,74,30.0,11.45
1780611654.592,208.3,74,0.0,7.23
1780611654.692,208.3,74,0.0,7.23
1780611654.792,208.3,74,0.0,7.23
1780611654.892,208.3,74,0.0,7.23
1780611654.993,208.3,74,10.0,7.23
1780611655.093,208.3,74,0.0,7.23
1780611655.193,208.3,74,0.0,1.77
1780611655.293,208.3,74,10.0,1.77
1780611655.393,191.8,74,79.9,7.23
1780611655.493,191.8,74,0.0,1.77
1780611655.593,191.8,74,0.0,1.77
1780611655.694,191.8,74,0.0,1.77
1780611655.794,191.8,74,0.0,1.77
1780611655.894,191.8,74,0.0,1.77
1780611655.994,191.8,74,0.0,1.77
1780611656.094,191.8,74,0.0,1.77
1780611656.194,191.8,74,0.0,1.77
1780611656.294,191.8,74,0.0,1.77
1780611656.394,191.8,74,0.0,1.77
1780611656.494,191.8,74,0.0,1.77
1780611656.595,191.8,74,0.0,1.77
1780611656.695,191.8,74,0.0,1.77
1780611656.795,181.4,74,79.9,16.02
1780611656.895,181.4,74,10.0,16.02
1780611656.995,181.4,74,0.0,16.02
1780611657.095,181.4,74,0.0,16.02
1780611657.196,181.4,74,0.0,16.02
1780611657.296,181.4,74,0.0,16.02
1780611657.396,181.4,74,0.0,16.02
1780611657.496,181.4,74,0.0,16.02
1780611657.596,190.7,74,10.0,16.02
1780611657.696,190.7,74,0.0,16.02
1780611657.796,190.7,74,0.0,16.02
1780611657.896,190.7,74,0.0,16.02
1780611657.997,191.2,74,0.0,16.02
1780611658.097,198.7,74,39.9,16.02
1780611658.197,198.7,74,0.0,16.02
1780611658.297,198.7,74,0.0,16.02
1780611658.397,198.7,74,0.0,16.02
1780611658.497,198.7,74,0.0,16.02
1780611658.597,198.7,74,0.0,16.02
1780611658.697,198.7,74,0.0,16.02
1780611658.798,198.7,74,0.0,16.02
1780611658.898,198.7,74,0.0,16.02
1780611658.998,198.7,74,0.0,16.02
1780611659.098,198.7,74,0.0,16.02
1780611659.198,198.7,74,0.0,16.02
1780611659.298,198.7,74,0.0,16.02
1780611659.398,198.7,74,0.0,16.02
1780611659.498,198.7,74,0.0,16.02
1780611659.599,198.7,74,0.0,16.02
1780611659.699,198.7,74,0.0,16.02
1780611659.799,198.7,74,0.0,16.02
1780611659.899,198.7,74,0.0,16.02
1780611659.999,198.7,74,0.0,16.02
1780611660.099,198.7,74,0.0,16.02
1780611660.199,198.7,74,0.0,16.02
1780611660.299,198.7,74,0.0,16.02
1780611660.399,198.7,74,0.0,16.02
1780611660.500,198.7,74,0.0,16.02
1780611660.600,198.7,74,0.0,16.02
1780611660.700,198.7,74,0.0,16.02
1780611660.800,198.7,74,0.0,16.02
1780611660.900,198.7,74,0.0,16.02
1780611661.000,198.7,74,0.0,16.02
1780611661.100,198.7,74,0.0,16.02
1780611661.200,198.7,74,0.0,16.02
1780611661.301,198.7,74,0.0,16.02
1780611661.401,198.7,74,0.0,16.02
1780611661.501,201.2,74,20.0,16.02
1780611661.601,201.2,74,0.0,16.02
1780611661.701,201.6,74,30.0,16.02
1780611661.801,201.6,74,0.0,2.06
1780611661.901,201.6,74,0.0,2.06
1780611662.001,201.6,74,0.0,2.06
1780611662.102,201.6,74,0.0,2.06
1780611662.202,201.6,74,0.0,2.06
1780611662.302,201.6,74,0.0,2.06
1780611662.402,201.6,74,0.0,2.06
1780611662.502,201.6,74,0.0,2.06
1780611662.602,201.6,74,0.0,2.06
1780611662.702,201.6,74,0.0,2.06
1780611662.802,201.6,74,0.0,2.06
1780611662.905,204.6,74,9.7,2.06
1780611663.005,205.6,74,69.9,2.06
1780611663.106,205.6,74,0.0,2.06
1780611663.206,205.6,74,0.0,1.47
1780611663.306,205.6,74,0.0,1.47
1780611663.406,205.6,74,0.0,1.47
1780611663.508,207.6,74,29.3,1.47
1780611663.608,181.4,74,20.0,2.06
1780611663.709,188.7,74,0.0,2.06
1780611663.809,190.7,74,10.0,2.06
1780611663.909,197.9,74,20.0,19.07
1780611664.009,197.9,74,0.0,19.07
1780611664.109,197.9,74,10.0,19.07
1780611664.210,197.9,74,0.0,19.07
1780611664.310,197.9,74,0.0,19.07
1780611664.410,197.9,74,0.0,19.07
1780611664.510,197.9,74,0.0,19.07
1780611664.610,197.9,74,0.0,19.07
1780611664.710,197.9,74,0.0,19.07
1780611664.810,197.9,74,0.0,19.07
1780611664.911,199.9,74,20.0,19.07
1780611665.011,199.9,74,0.0,19.07
1780611665.111,199.9,74,0.0,19.07
1780611665.211,199.9,74,0.0,19.07
1780611665.311,199.9,74,0.0,19.07
1780611665.414,199.9,74,19.6,19.07
1780611665.514,201.9,74,10.0,19.07
1780611665.614,201.9,74,0.0,19.07
1780611665.714,201.9,74,0.0,19.07
1780611665.814,201.9,74,0.0,19.07
1780611665.914,201.9,74,0.0,19.07
1780611666.014,201.9,74,0.0,19.07
1780611666.114,201.9,74,0.0,19.07
1780611666.215,201.9,74,0.0,19.07
1780611666.315,201.9,74,0.0,19.07
1780611666.415,201.9,74,0.0,19.07
1780611666.515,201.9,74,0.0,19.07
1780611666.615,201.9,74,0.0,19.07
1780611666.715,201.9,74,0.0,19.07
1780611666.815,201.9,74,0.0,19.07
1780611666.915,201.9,74,0.0,19.07
1780611667.016,201.9,74,0.0,19.07
1780611667.116,201.9,74,0.0,19.07
1780611667.216,201.9,74,0.0,19.07
1780611667.316,201.9,74,0.0,19.07
1780611667.416,201.9,74,0.0,19.07
1780611667.516,201.9,74,0.0,19.07
1780611667.616,201.9,74,0.0,19.07
1780611667.716,201.9,74,0.0,19.07
1780611667.817,201.9,74,0.0,19.07
1780611667.917,201.9,74,0.0,19.07
1780611668.017,201.9,74,0.0,19.07
1780611668.117,201.9,74,0.0,19.07
1780611668.217,201.9,74,0.0,19.07
1780611668.317,201.9,74,0.0,19.07
1780611668.417,201.9,74,0.0,19.07
1780611668.518,201.9,74,10.0,19.07
1780611668.618,206.2,74,39.9,19.07
1780611668.718,206.2,74,0.0,19.07
1780611668.818,206.2,74,0.0,19.07
1780611668.918,181.4,74,49.9,19.07
1780611669.018,188.7,74,0.0,19.07
1780611669.118,188.7,74,0.0,19.07
1780611669.218,189.0,74,0.0,19.07
1780611669.319,189.0,74,0.0,19.07
1780611669.419,198.0,74,30.0,19.07
1780611669.519,198.0,74,0.0,19.07
1780611669.619,198.0,74,0.0,19.07
1780611669.719,198.0,74,0.0,19.07
1780611669.819,198.0,74,10.0,19.07
1780611669.919,198.0,74,0.0,19.07
1780611670.020,201.2,74,39.9,18.86
1780611670.120,201.2,74,0.0,18.86
1780611670.220,201.2,74,0.0,18.86
1780611670.320,201.2,74,0.0,2.66
1780611670.420,201.2,74,0.0,2.66
1780611670.520,201.2,74,0.0,2.91
1780611670.620,201.2,74,0.0,2.91
1780611670.723,207.5,74,39.1,2.91
1780611670.823,181.4,74,10.0,2.91
1780611670.923,181.4,74,0.0,2.91
1780611671.023,181.4,74,0.0,2.91
1780611671.123,181.4,74,0.0,2.91
1780611671.223,181.4,74,0.0,2.91
1780611671.323,181.4,74,0.0,2.91
1780611671.424,181.4,74,0.0,2.91
1780611671.524,181.4,74,0.0,2.91
1780611671.624,181.4,74,0.0,2.91
1780611671.724,181.4,74,0.0,2.91
1780611671.824,181.4,74,0.0,2.91
1780611671.924,181.4,74,0.0,2.91
1780611672.024,181.4,74,0.0,2.91
1780611672.124,181.4,74,0.0,2.91
1780611672.225,181.4,74,0.0,2.91
1780611672.325,181.4,74,0.0,2.91
1780611672.425,181.4,74,0.0,2.91
1780611672.525,181.4,74,0.0,2.91
1780611672.625,181.4,74,0.0,2.91
1780611672.725,181.4,74,0.0,2.91
1780611672.825,181.4,74,0.0,2.91
1780611672.925,181.4,74,0.0,2.91
1780611673.026,199.2,74,30.0,10.04
1780611673.126,199.2,74,0.0,10.04
1780611673.226,199.2,74,0.0,10.04
1780611673.326,199.2,74,0.0,10.04
1780611673.426,199.2,74,0.0,10.04
1780611673.526,199.7,74,0.0,10.04
1780611673.626,199.7,74,0.0,10.04
1780611673.727,199.7,74,0.0,10.04
1780611673.828,200.2,74,19.8,10.04
1780611673.928,200.2,74,10.0,10.04
1780611674.031,203.2,74,9.7,10.04
1780611674.131,203.2,74,30.0,10.04
1780611674.231,203.2,74,0.0,10.04
1780611674.331,203.2,74,0.0,10.04
1780611674.431,203.2,74,0.0,10.04
1780611674.531,203.2,74,0.0,10.04
1780611674.631,203.2,74,0.0,10.04
1780611674.732,203.2,74,39.9,10.04
1780611674.832,203.2,74,0.0,10.04
1780611674.932,204.2,74,20.0,10.95
1780611675.032,204.2,74,0.0,10.95
1780611675.132,204.2,74,0.0,10.95
1780611675.232,204.2,74,0.0,10.95
1780611675.332,204.2,74,0.0,10.95
1780611675.433,204.2,74,0.0,10.95
1780611675.533,204.2,74,0.0,10.95
1780611675.633,204.2,74,10.0,10.95
1780611675.733,204.2,74,0.0,10.95
1780611675.833,204.2,74,0.0,10.95
1780611675.936,181.4,74,48.8,18.86
1780611676.036,181.4,74,0.0,18.86
1780611676.136,188.7,74,0.0,18.86
1780611676.236,188.7,74,0.0,18.86
1780611676.336,188.7,74,0.0,18.86
1780611676.436,188.7,74,0.0,18.86
1780611676.536,191.7,74,20.0,10.95
1780611676.637,191.7,74,0.0,10.95
1780611676.737,195.0,74,20.0,10.95
1780611676.837,195.0,74,0.0,10.95
1780611676.937,195.0,74,10.0,10.95
1780611677.037,195.0,74,0.0,10.95
1780611677.137,195.0,74,0.0,10.95
1780611677.238,196.0,74,20.0,10.95
1780611677.338,196.0,74,0.0,10.95
1780611677.438,196.0,74,0.0,10.95
1780611677.538,196.0,74,0.0,10.95
1780611677.638,196.0,74,0.0,10.95
1780611677.738,196.0,74,0.0,10.95
1780611677.838,196.0,74,0.0,10.95
1780611677.939,196.0,74,0.0,10.95
1780611678.039,196.0,74,0.0,10.95
1780611678.139,196.0,74,0.0,10.95
1780611678.239,196.0,74,0.0,10.95
1780611678.339,196.0,74,0.0,10.95
1780611678.439,196.0,74,0.0,10.95
1780611678.539,196.0,74,0.0,10.95
1780611678.640,196.0,74,0.0,10.95
1780611678.740,196.0,74,0.0,10.95
1780611678.840,196.0,74,0.0,10.95
1780611678.940,196.0,74,0.0,10.95
1780611679.040,196.0,74,0.0,10.95
1780611679.140,196.0,74,0.0,10.95
1780611679.240,196.0,74,0.0,10.95
1780611679.341,196.0,74,0.0,10.95
1780611679.441,196.0,74,0.0,10.95
1780611679.541,196.0,74,0.0,10.95
1780611679.641,196.0,74,0.0,10.95
1780611679.741,196.0,74,0.0,10.95
1780611679.841,196.0,74,0.0,10.95
1780611679.941,196.0,74,0.0,10.95
1780611680.041,196.0,74,0.0,10.95
1780611680.142,196.0,74,0.0,10.95
1780611680.242,196.0,74,0.0,10.95
1780611680.348,196.0,74,9.6,10.95
1780611680.451,203.0,74,18.9,24.07
1780611680.551,203.0,74,0.0,24.07
1780611680.652,203.0,74,0.0,24.07
1780611680.752,203.0,74,10.0,24.07
1780611680.852,203.0,74,0.0,24.07
1780611680.956,205.5,74,28.9,24.07
1780611681.059,205.5,74,19.5,24.07
1780611681.159,205.5,74,0.0,24.07
1780611681.259,205.5,74,0.0,24.07
1780611681.359,205.5,74,0.0,24.07
1780611681.459,205.5,74,0.0,24.07
1780611681.559,205.5,74,0.0,24.07
1780611681.659,205.5,74,0.0,24.07
1780611681.760,205.5,74,0.0,24.07
1780611681.860,205.5,74,10.0,24.07
1780611681.960,205.5,74,0.0,24.07
1780611682.060,205.5,74,0.0,24.07
1780611682.163,208.3,74,19.5,24.07
1780611682.263,181.4,74,49.8,25.07
1780611682.363,181.4,74,0.0,25.07
1780611682.463,181.4,74,0.0,24.07
1780611682.563,181.4,74,0.0,24.07
1780611682.664,181.4,74,0.0,24.07
1780611682.764,188.7,74,10.0,24.07
1780611682.864,188.7,74,0.0,24.07
1780611682.971,205.3,74,28.7,24.07
1780611683.071,181.4,74,19.4,24.07
1780611683.171,188.7,74,0.0,24.07
1780611683.272,189.0,74,10.0,24.07
1780611683.372,189.0,74,0.0,24.07
1780611683.472,189.0,74,0.0,24.07
1780611683.572,189.0,74,10.0,24.07
1780611683.672,194.0,74,10.0,24.07
1780611683.772,194.0,74,0.0,24.07
1780611683.873,194.0,74,0.0,24.07
1780611683.973,194.0,74,0.0,24.07
1780611684.073,194.0,74,0.0,24.07
1780611684.173,194.0,74,20.0,24.07
1780611684.273,194.0,74,0.0,24.07
1780611684.373,194.0,74,0.0,24.07
1780611684.474,196.0,74,10.0,24.07
1780611684.574,196.0,74,0.0,24.07
1780611684.674,196.0,74,0.0,24.07
1780611684.774,196.0,74,0.0,24.07
1780611684.874,196.0,74,0.0,24.07
1780611684.975,196.0,74,10.0,24.07
1780611685.075,196.4,74,19.9,24.07
1780611685.175,196.4,74,0.0,24.07
1780611685.275,196.4,74,0.0,24.07
1780611685.375,196.4,74,0.0,24.07
1780611685.476,196.4,74,0.0,24.07
1780611685.576,196.4,74,0.0,24.07
1780611685.676,196.4,74,0.0,24.07
1780611685.776,196.4,74,0.0,24.07
1780611685.876,196.4,74,0.0,24.07
1780611685.976,196.4,74,0.0,24.07
1780611686.076,196.4,74,0.0,24.07
1780611686.176,196.4,74,0.0,24.07
1780611686.276,196.4,74,0.0,24.07
1780611686.377,196.4,74,0.0,24.07
1780611686.477,196.4,74,0.0,24.07
1780611686.577,196.4,74,0.0,24.07
1780611686.677,196.4,74,0.0,24.07
1780611686.777,196.4,74,10.0,24.07
1780611686.877,196.4,74,0.0,6.40
1780611686.977,196.4,74,0.0,6.40
1780611687.077,196.4,74,0.0,6.40
1780611687.178,196.4,74,0.0,6.40
1780611687.278,196.4,74,0.0,6.40
1780611687.378,196.4,74,0.0,6.40
1780611687.478,196.4,74,0.0,6.40
1780611687.578,196.4,74,0.0,6.40
1780611687.678,196.4,74,0.0,6.40
1780611687.786,206.3,74,28.4,6.40
1780611687.887,181.4,74,29.2,6.40
1780611687.987,181.4,74,0.0,6.40
1780611688.087,181.4,74,0.0,6.40
1780611688.187,181.4,74,0.0,6.40
1780611688.287,181.4,74,0.0,6.40
1780611688.387,181.4,74,0.0,6.40
1780611688.487,181.4,74,0.0,6.40
1780611688.588,181.4,74,0.0,6.40
1780611688.688,181.4,74,0.0,1.70
1780611688.788,188.7,74,10.0,1.70
1780611688.888,188.7,74,0.0,1.70
1780611688.988,188.7,74,0.0,1.70
1780611689.088,188.7,74,0.0,1.70
1780611689.188,189.0,74,10.0,1.70
1780611689.289,181.4,74,79.8,6.40
1780611689.389,181.4,74,0.0,6.40
1780611689.489,181.4,74,0.0,6.40
1780611689.589,191.8,74,10.0,6.40
1780611689.689,191.8,74,10.0,6.40
1780611689.789,191.8,74,0.0,6.40
1780611689.890,191.8,74,0.0,6.40
1780611689.990,192.0,74,10.0,6.40
1780611690.090,192.0,74,0.0,1.70
1780611690.190,197.5,74,39.9,1.70
1780611690.290,197.5,74,0.0,1.70
1780611690.390,197.5,74,0.0,1.70
1780611690.491,197.5,74,0.0,1.70
1780611690.591,197.5,74,0.0,1.70
1780611690.691,197.5,74,0.0,1.70
1780611690.791,197.5,74,0.0,1.70
1780611690.891,197.5,74,0.0,1.70
1780611690.992,197.5,74,0.0,1.70
1780611691.093,197.5,74,0.0,1.70
1780611691.193,197.5,74,0.0,1.70
1780611691.293,197.5,74,0.0,1.70
1780611691.393,197.7,74,20.0,1.70
1780611691.493,197.7,74,0.0,1.70
1780611691.593,197.7,74,0.0,1.70
1780611691.693,197.7,74,0.0,1.70
1780611691.794,197.7,74,0.0,1.70
1780611691.894,201.0,74,39.9,16.89
1780611691.994,201.4,74,10.0,16.89
1780611692.094,201.4,74,0.0,16.89
1780611692.194,201.4,74,0.0,16.89
1780611692.294,201.4,74,0.0,16.89
1780611692.395,201.4,74,0.0,16.89
1780611692.495,201.4,74,0.0,16.89
1780611692.595,201.4,74,0.0,16.89
1780611692.695,201.4,74,0.0,16.89
1780611692.795,201.4,74,0.0,16.89
1780611692.895,201.4,74,0.0,16.89
1780611692.995,201.4,74,0.0,16.89
1780611693.095,201.4,74,0.0,16.89
1780611693.196,201.4,74,0.0,16.89
1780611693.296,201.4,74,0.0,16.89
1780611693.396,201.4,74,0.0,16.89
1780611693.496,201.4,74,0.0,16.89
1780611693.596,201.4,74,0.0,16.89
1780611693.696,201.4,74,0.0,16.89
1780611693.796,201.4,74,0.0,16.89
1780611693.896,201.4,74,0.0,16.89
1780611693.997,201.4,74,0.0,16.89
1780611694.097,201.4,74,0.0,16.89
1780611694.197,201.4,74,0.0,16.89
1780611694.297,201.4,74,0.0,16.89
1780611694.397,201.4,74,0.0,16.89
1780611694.497,201.4,74,0.0,16.89
1780611694.597,201.4,74,0.0,16.89
1780611694.697,201.4,74,0.0,16.89
1780611694.797,201.4,74,0.0,16.89
1780611694.898,201.4,74,0.0,16.89
1780611694.998,201.4,74,0.0,16.89
1780611695.099,201.7,74,10.0,16.89
1780611695.199,206.9,74,49.7,16.89
1780611695.299,206.9,74,0.0,16.89
1780611695.399,206.9,74,0.0,16.89
1780611695.499,206.9,74,0.0,16.89
1780611695.599,206.9,74,0.0,16.89
1780611695.699,206.9,74,0.0,1.57
1780611695.800,206.9,74,0.0,1.57
1780611695.900,206.9,74,0.0,1.57
1780611696.000,206.9,74,0.0,1.57
1780611696.100,206.9,74,0.0,1.57
1780611696.200,206.9,74,0.0,1.57
1780611696.300,206.9,74,0.0,1.57
1780611696.400,206.9,74,0.0,1.57
1780611696.500,206.9,74,0.0,1.57
1780611696.601,208.1,74,39.9,1.57
1780611696.702,208.1,74,29.6,1.57
1780611696.802,208.3,74,29.9,1.57
1780611696.902,208.3,74,0.0,1.57
1780611697.003,208.3,74,0.0,1.57
1780611697.103,208.3,74,0.0,1.57
1780611697.203,208.3,74,10.0,1.57
1780611697.303,208.3,74,0.0,1.57
1780611697.403,208.3,74,0.0,1.57
1780611697.503,208.3,74,0.0,1.57
1780611697.603,208.3,74,10.0,1.57
1780611697.704,208.3,74,0.0,1.57
1780611697.804,208.5,74,20.0,1.06
1780611697.904,208.5,74,10.0,1.96
1780611698.004,208.5,74,0.0,1.96
1780611698.104,208.5,74,0.0,1.96
1780611698.204,208.5,74,0.0,1.96
1780611698.304,208.5,74,10.0,1.06
1780611698.405,208.5,74,0.0,1.06
1780611698.505,208.5,74,0.0,1.06
1780611698.605,208.5,74,0.0,1.06
1780611698.705,208.5,74,0.0,1.06
1780611698.805,208.5,74,0.0,1.06
1780611698.905,208.5,74,0.0,1.06
1780611699.006,208.5,74,10.0,1.06
1780611699.106,208.5,74,0.0,1.06
1780611699.206,208.5,74,0.0,1.06
1780611699.306,208.5,74,0.0,1.06
1780611699.406,208.5,74,0.0,1.06
1780611699.506,209.2,74,39.9,1.88
1780611699.607,209.2,74,10.0,1.88
1780611699.707,209.2,74,0.0,1.88
1780611699.807,209.2,74,0.0,1.88
1780611699.907,209.2,74,0.0,1.88
1780611700.007,209.2,74,0.0,1.88
1780611700.107,209.2,74,0.0,1.88
1780611700.207,209.2,74,0.0,1.88
1780611700.307,209.2,74,0.0,1.88
1780611700.408,209.2,74,0.0,1.88
1780611700.508,209.2,74,0.0,1.88
1780611700.608,209.2,74,0.0,1.88
1780611700.708,209.2,74,0.0,1.88
1780611700.808,209.2,74,0.0,1.88
1780611700.908,209.2,74,0.0,1.88
1780611701.008,209.2,74,0.0,1.88
1780611701.108,209.2,74,0.0,1.88
1780611701.208,209.2,74,0.0,1.88
1780611701.309,209.2,74,0.0,1.88
1780611701.411,209.2,74,9.7,1.88
1780611701.512,209.2,74,10.0,1.88
1780611701.612,209.2,74,0.0,1.88
1780611701.712,209.2,74,0.0,1.88
1780611701.812,209.2,74,0.0,1.88
1780611701.912,209.2,74,0.0,1.88
1780611702.012,209.2,74,0.0,1.88
1780611702.112,209.2,74,0.0,1.88
1780611702.213,209.2,74,0.0,1.88
1780611702.313,209.2,74,0.0,1.88
1780611702.413,209.2,74,0.0,1.88
1780611702.513,209.2,74,0.0,1.88
1780611702.613,209.2,74,0.0,1.88
1780611702.713,210.1,74,49.9,1.88
1780611702.813,210.1,74,0.0,1.88
1780611702.913,210.1,74,0.0,1.88
1780611703.014,210.1,74,0.0,1.88
1780611703.114,210.1,74,0.0,1.88
1780611703.214,210.1,74,0.0,1.88
1780611703.314,210.1,74,0.0,1.88
1780611703.414,210.1,74,0.0,1.88
1780611703.514,210.1,74,0.0,1.88
1780611703.614,210.1,74,0.0,1.88
1780611703.715,210.1,74,10.0,1.88
1780611703.815,210.1,74,0.0,1.88
1780611703.915,210.1,74,0.0,1.88
1780611704.015,210.1,74,0.0,1.88
1780611704.121,212.9,74,29.0,1.88
1780611704.224,181.4,74,56.7,1.96
1780611704.324,181.4,74,0.0,1.96
1780611704.425,181.4,74,0.0,1.88
1780611704.525,181.4,74,0.0,1.88
1780611704.625,191.2,74,10.0,1.88
1780611704.725,191.2,74,0.0,1.88
1780611704.825,191.9,74,0.0,1.88
1780611704.926,191.9,74,0.0,1.88
1780611705.026,196.6,74,29.9,2.90
1780611705.128,196.6,74,0.0,2.90
1780611705.228,199.1,74,20.0,2.90
1780611705.329,199.1,74,0.0,2.90
1780611705.429,199.1,74,0.0,2.90
1780611705.529,199.1,74,0.0,2.90
1780611705.629,199.1,74,0.0,2.90
1780611705.729,199.1,74,10.0,2.90
1780611705.829,199.1,74,0.0,2.90
1780611705.929,199.1,74,0.0,2.90
1780611706.029,199.1,74,0.0,2.90
1780611706.130,199.1,74,0.0,2.90
1780611706.230,199.1,74,0.0,2.90
1780611706.330,199.1,74,0.0,2.90
1780611706.430,199.1,74,0.0,2.90
1780611706.530,199.8,74,10.0,2.90
1780611706.630,199.8,74,0.0,2.90
1780611706.730,199.8,74,20.0,2.90
1780611706.831,199.8,74,0.0,2.90
1780611706.931,199.8,74,0.0,2.90
1780611707.031,199.8,74,0.0,2.90
1780611707.131,199.8,74,0.0,2.90
1780611707.231,199.8,74,0.0,2.90
1780611707.331,199.8,74,0.0,2.90
1780611707.431,199.8,74,0.0,2.90
1780611707.531,199.8,74,0.0,2.90
1780611707.632,199.8,74,0.0,2.90
1780611707.732,199.8,74,0.0,2.90
1780611707.832,199.8,74,0.0,2.90
1780611707.934,204.7,74,9.8,2.90
1780611708.034,205.3,74,29.9,16.69
1780611708.134,205.3,74,0.0,16.69
1780611708.234,205.3,74,0.0,16.69
1780611708.335,205.3,74,0.0,16.69
1780611708.435,205.3,74,0.0,16.69
1780611708.535,205.3,74,0.0,16.69
1780611708.635,205.3,74,0.0,16.69
1780611708.735,205.3,74,0.0,16.69
1780611708.835,205.3,74,0.0,16.69
1780611708.935,205.3,74,10.0,16.69
1780611709.036,205.3,74,0.0,16.69
1780611709.136,207.6,74,39.9,16.69
1780611709.236,207.6,74,0.0,16.69
1780611709.336,207.6,74,0.0,16.69
1780611709.436,207.6,74,0.0,16.69
1780611709.536,207.6,74,0.0,16.69
1780611709.636,207.6,74,0.0,16.69
1780611709.736,207.6,74,0.0,16.69
1780611709.837,207.6,74,0.0,16.69
1780611709.937,207.6,74,0.0,16.69
1780611710.037,207.6,74,0.0,16.69
1780611710.137,207.6,74,0.0,16.69
1780611710.237,207.6,74,0.0,16.69
1780611710.337,207.6,74,0.0,16.69
1780611710.437,207.6,74,0.0,16.69
1780611710.538,207.6,74,0.0,16.69
1780611710.648,209.8,74,55.9,12.52
1780611710.751,209.8,74,28.4,12.52
1780611710.851,209.8,74,0.0,12.52
1780611710.951,209.8,74,10.0,12.52
1780611711.051,209.8,74,10.0,12.52
1780611711.151,209.8,74,0.0,12.52
1780611711.252,209.8,74,0.0,12.52
1780611711.352,209.8,74,20.0,12.52
1780611711.452,209.8,74,0.0,12.52
1780611711.552,209.8,74,0.0,12.52
1780611711.652,209.8,74,0.0,12.52
1780611711.752,209.8,74,0.0,12.52
1780611711.853,209.8,74,0.0,12.52
1780611711.953,209.8,74,0.0,12.52
1780611712.053,209.8,74,0.0,12.52
1780611712.153,209.8,74,0.0,12.52
1780611712.253,209.8,74,0.0,12.52
1780611712.353,209.8,74,0.0,12.52
1780611712.453,209.8,74,0.0,12.52
1780611712.553,209.8,74,0.0,12.52
1780611712.653,209.8,74,0.0,12.52
1780611712.754,209.9,74,0.0,12.52
1780611712.854,209.9,74,0.0,12.52
1780611712.954,209.9,74,0.0,12.52
1780611713.054,209.9,74,0.0,12.52
1780611713.154,209.9,74,0.0,12.52
1780611713.254,209.9,74,0.0,12.52
1780611713.354,209.9,74,0.0,12.52
1780611713.455,209.9,74,0.0,12.52
1780611713.555,209.9,74,0.0,12.52
1780611713.655,209.9,74,0.0,12.52
1780611713.755,209.9,74,0.0,12.52
1780611713.855,209.9,74,0.0,12.52
1780611713.955,209.9,74,0.0,12.52
1780611714.055,209.9,74,0.0,12.52
1780611714.155,209.9,74,0.0,12.52
1780611714.255,209.9,74,0.0,12.52
1780611714.356,209.9,74,0.0,12.52
1780611714.456,209.9,74,0.0,1.57
1780611714.556,209.9,74,0.0,1.57
1780611714.656,209.9,74,0.0,1.57
1780611714.756,209.9,74,0.0,1.57
1780611714.856,209.9,74,0.0,1.57
1780611714.956,209.9,74,0.0,1.57
1780611715.056,209.9,74,0.0,1.57
1780611715.157,209.9,74,0.0,1.57
1780611715.257,209.9,74,0.0,1.57
1780611715.357,209.9,74,0.0,1.02
1780611715.457,209.9,74,0.0,1.02
1780611715.557,209.9,74,0.0,0.96
1780611715.657,209.9,74,0.0,0.96
1780611715.757,209.9,74,0.0,0.96
1780611715.857,209.9,74,0.0,0.96
1780611715.964,211.6,74,28.8,0.96
1780611716.064,181.4,74,29.1,0.96
1780611716.165,181.4,74,0.0,0.96
1780611716.265,181.4,74,0.0,0.96
1780611716.365,181.4,74,0.0,0.96
1780611716.465,181.4,74,0.0,0.96
1780611716.565,181.4,74,0.0,0.96
1780611716.665,181.4,74,0.0,0.96
1780611716.765,181.4,74,0.0,0.96
1780611716.866,188.7,74,10.0,0.96
1780611716.966,188.7,74,0.0,0.96
1780611717.066,194.0,74,10.0,0.96
1780611717.166,208.0,74,49.9,0.82
1780611717.266,209.2,74,29.9,0.82
1780611717.367,209.2,74,0.0,0.90
1780611717.467,209.2,74,0.0,0.90
1780611717.567,209.2,74,0.0,0.90
1780611717.667,209.2,74,0.0,0.90
1780611717.767,209.2,74,0.0,0.80
1780611717.867,209.2,74,0.0,0.68
1780611717.967,209.2,74,0.0,0.68
1780611718.068,209.2,74,0.0,0.68
1780611718.168,209.2,74,0.0,0.68
1780611718.268,209.2,74,0.0,0.68
1780611718.373,213.5,74,66.7,0.68
1780611718.473,181.4,74,0.0,0.68
1780611718.573,181.4,74,0.0,0.68
1780611718.673,181.4,74,0.0,0.68
1780611718.773,181.4,74,0.0,0.68
1780611718.873,181.4,74,0.0,0.68
1780611718.974,188.2,74,0.0,0.68
1780611719.074,188.2,74,0.0,0.68
1780611719.174,188.7,74,20.0,0.82
1780611719.274,191.7,74,10.0,0.82
1780611719.374,191.7,74,0.0,0.82
1780611719.474,191.7,74,0.0,0.82
1780611719.575,191.7,74,10.0,0.82
1780611719.675,191.7,74,0.0,0.82
1780611719.775,196.8,74,10.0,0.82
1780611719.875,196.8,74,0.0,0.82
1780611719.975,196.8,74,0.0,0.82
1780611720.076,196.8,74,0.0,0.82
1780611720.176,196.8,74,0.0,0.82
1780611720.276,196.8,74,0.0,0.82
1780611720.376,196.8,74,0.0,0.82
1780611720.476,196.8,74,0.0,0.82
1780611720.576,196.8,74,10.0,0.82
1780611720.676,196.8,74,0.0,0.82
1780611720.777,196.8,74,0.0,0.82
1780611720.877,196.8,74,0.0,0.82
1780611720.977,196.8,74,0.0,0.82
1780611721.077,196.8,74,0.0,0.82
1780611721.177,196.8,74,0.0,0.82
1780611721.277,196.8,74,0.0,0.82
1780611721.377,196.8,74,0.0,0.82
1780611721.477,196.8,74,0.0,0.82
1780611721.577,196.8,74,0.0,0.82
1780611721.678,196.8,74,0.0,0.82
1780611721.778,196.8,74,0.0,0.82
1780611721.878,196.8,74,0.0,0.82
1780611721.978,196.8,74,0.0,0.82
1780611722.078,196.8,74,0.0,0.82
1780611722.178,196.8,74,0.0,0.82
1780611722.278,196.8,74,0.0,0.82
1780611722.378,196.8,74,0.0,0.82
1780611722.479,196.8,74,0.0,0.82
1780611722.579,196.8,74,0.0,0.82
1780611722.679,196.8,74,0.0,0.82
1780611722.779,196.8,74,0.0,0.90
1780611722.879,196.8,74,0.0,0.90
1780611722.979,196.8,74,0.0,0.90
1780611723.079,196.8,74,0.0,0.90
1780611723.180,196.8,74,0.0,0.90
1780611723.280,196.8,74,0.0,0.90
1780611723.380,196.8,74,0.0,0.90
1780611723.480,196.8,74,0.0,0.90
1780611723.580,196.8,74,0.0,0.90
1780611723.680,196.8,74,0.0,0.90
1780611723.780,196.8,74,0.0,0.82
1780611723.880,196.8,74,0.0,0.82
1780611723.981,196.8,74,0.0,0.82
1780611724.081,196.8,74,0.0,0.82
1780611724.181,196.8,74,0.0,0.82
1780611724.281,196.8,74,0.0,0.82
1780611724.382,199.2,74,19.9,0.82
1780611724.482,204.5,74,19.9,0.82
1780611724.582,204.5,74,0.0,0.82
1780611724.682,204.5,74,0.0,0.82
1780611724.782,204.5,74,10.0,1.66
1780611724.882,204.5,74,0.0,1.66
1780611724.983,204.5,74,0.0,1.66
1780611725.086,210.0,74,59.4,1.66
1780611725.189,188.8,74,9.4,1.66
1780611725.290,188.8,74,0.0,1.66
1780611725.390,188.8,74,0.0,1.66
1780611725.490,188.8,74,0.0,1.66
1780611725.590,188.8,74,0.0,1.66
1780611725.690,188.8,74,0.0,1.66
1780611725.790,188.8,74,0.0,1.66
1780611725.890,188.8,74,0.0,1.66
1780611725.990,188.8,74,0.0,1.66
1780611726.091,188.8,74,0.0,1.66
1780611726.191,188.8,74,0.0,1.66
1780611726.291,188.8,74,0.0,1.66
1780611726.391,188.8,74,0.0,1.66
1780611726.491,188.8,74,0.0,1.66
1780611726.591,188.8,74,0.0,1.66
1780611726.691,188.8,74,0.0,1.66
1780611726.791,188.8,74,0.0,1.66
1780611726.892,188.8,74,0.0,1.66
1780611726.992,188.8,74,0.0,1.66
1780611727.092,188.8,74,0.0,1.66
1780611727.192,188.8,74,0.0,1.66
1780611727.302,224.1,74,93.1,1.93
1780611727.405,181.4,74,9.5,1.93
1780611727.505,181.4,74,0.0,1.93
1780611727.605,191.8,74,20.0,1.93
1780611727.706,191.8,74,0.0,1.93
1780611727.806,191.8,74,0.0,1.93
1780611727.906,191.8,74,0.0,1.93
1780611728.006,191.8,74,0.0,1.93
1780611728.106,197.0,74,29.9,1.93
1780611728.206,197.0,74,0.0,1.93
1780611728.307,197.0,74,0.0,1.93
1780611728.407,197.0,74,0.0,1.93
1780611728.507,197.0,74,0.0,1.93
1780611728.607,197.0,74,0.0,1.93
1780611728.707,197.0,74,0.0,1.93
1780611728.807,197.0,74,0.0,1.93
1780611728.907,197.0,74,0.0,1.93
1780611729.007,197.0,74,0.0,1.93
1780611729.108,197.0,74,0.0,1.93
1780611729.208,197.0,74,0.0,1.93
1780611729.308,197.0,74,0.0,1.93
1780611729.408,197.0,74,0.0,1.93
1780611729.508,197.0,74,0.0,1.93
1780611729.608,197.0,74,0.0,1.93
1780611729.708,197.5,74,10.0,1.93
1780611729.809,197.5,74,0.0,1.93
1780611729.909,199.5,74,20.0,1.93
1780611730.009,199.5,74,0.0,1.93
1780611730.109,199.5,74,0.0,1.93
1780611730.209,199.5,74,0.0,1.93
1780611730.309,199.5,74,0.0,1.93
1780611730.409,199.5,74,0.0,1.93
1780611730.510,199.5,74,0.0,1.93
1780611730.610,199.5,74,0.0,1.93
1780611730.710,199.5,74,0.0,1.93
1780611730.810,199.5,74,0.0,1.93
1780611730.910,199.5,74,0.0,1.93
1780611731.010,199.5,74,0.0,1.93
1780611731.110,199.5,74,0.0,1.93
1780611731.211,199.5,74,0.0,1.57
1780611731.311,204.9,74,39.9,6.09
1780611731.411,204.9,74,0.0,6.09
1780611731.511,204.9,74,0.0,6.09
1780611731.611,204.9,74,0.0,6.09
1780611731.711,204.9,74,0.0,6.09
1780611731.811,204.9,74,0.0,6.09
1780611731.912,204.9,74,0.0,6.09
1780611732.012,204.9,74,0.0,6.09
1780611732.112,204.9,74,0.0,6.09
1780611732.215,204.9,74,0.0,6.09
1780611732.315,205.2,74,10.0,6.09
1780611732.418,205.7,74,29.0,6.09
1780611732.518,205.7,74,0.0,6.09
1780611732.618,205.7,74,0.0,6.09
1780611732.719,205.7,74,0.0,6.09
1780611732.819,205.7,74,0.0,6.09
1780611732.919,205.7,74,0.0,6.09
1780611733.019,205.7,74,0.0,6.09
1780611733.119,205.7,74,0.0,6.09
1780611733.219,205.7,74,0.0,6.09
1780611733.319,205.7,74,0.0,6.09
1780611733.419,205.7,74,0.0,6.09
1780611733.520,205.7,74,10.0,6.09
1780611733.620,207.4,74,59.9,9.90
1780611733.720,207.4,74,10.0,9.90
1780611733.820,207.4,74,0.0,9.90
1780611733.920,207.4,74,0.0,9.90
1780611734.021,207.4,74,0.0,9.90
1780611734.121,207.4,74,10.0,9.90
1780611734.221,208.4,74,29.9,9.90
1780611734.321,208.4,74,10.0,9.90
1780611734.422,208.4,74,20.0,9.90
1780611734.522,208.4,74,0.0,9.90
1780611734.622,208.4,74,0.0,9.90
1780611734.722,208.4,74,0.0,9.90
1780611734.822,208.4,74,0.0,9.90
1780611734.922,208.4,74,0.0,9.90
1780611735.022,208.4,74,0.0,9.90
1780611735.123,208.4,74,0.0,9.90
1780611735.223,208.4,74,0.0,9.90
1780611735.323,208.4,74,0.0,9.90
1780611735.423,208.4,74,0.0,9.90
1780611735.523,208.4,74,0.0,9.90
1780611735.623,208.4,74,10.0,9.90
1780611735.724,208.4,74,0.0,9.90
1780611735.824,208.4,74,0.0,9.90
1780611735.924,208.4,74,0.0,9.90
1780611736.024,208.4,74,10.0,9.90
1780611736.124,208.4,74,0.0,9.90
1780611736.224,208.4,74,0.0,9.90
1780611736.324,208.4,74,0.0,9.90
1780611736.425,208.4,74,0.0,9.90
1780611736.525,208.4,74,0.0,9.90
1780611736.625,208.4,74,0.0,9.90
1780611736.725,208.4,74,0.0,9.90
1780611736.825,208.4,74,0.0,9.90
1780611736.925,208.4,74,0.0,9.90
1780611737.025,208.4,74,0.0,9.90
1780611737.125,208.4,74,0.0,9.90
1780611737.225,208.4,74,0.0,9.90
1780611737.326,208.4,74,0.0,9.90
1780611737.426,208.4,74,0.0,9.90
1780611737.526,210.0,74,59.9,12.04
1780611737.626,210.0,74,0.0,12.04
1780611737.726,210.0,74,0.0,9.90
1780611737.826,210.0,74,0.0,9.90
1780611737.927,210.0,74,0.0,9.90
1780611738.027,210.0,74,0.0,9.90
1780611738.127,210.0,74,0.0,9.90
1780611738.227,210.0,74,0.0,9.90
1780611738.327,210.0,74,0.0,9.90
1780611738.427,210.0,74,0.0,9.90
1780611738.528,210.5,74,39.8,9.90
1780611738.628,210.5,74,0.0,9.90
1780611738.728,210.5,74,0.0,9.90
1780611738.828,210.5,74,0.0,9.90
1780611738.928,210.5,74,0.0,9.90
1780611739.029,210.5,74,0.0,9.90
1780611739.129,210.5,74,0.0,9.90
1780611739.229,210.5,74,0.0,9.90
1780611739.329,210.5,74,0.0,9.90
1780611739.429,210.5,74,0.0,9.90
1780611739.529,210.5,74,0.0,9.90
1780611739.629,210.5,74,10.0,9.90
1780611739.729,210.5,74,0.0,9.90
1780611739.830,210.5,74,0.0,9.90
1780611739.930,210.5,74,0.0,9.90
1780611740.030,210.5,74,0.0,8.76
1780611740.131,213.5,74,39.5,8.76
1780611740.231,192.7,74,59.9,8.76
1780611740.331,192.7,74,0.0,8.76
1780611740.432,194.7,74,0.0,8.76
1780611740.532,194.7,74,20.0,8.76
1780611740.632,194.7,74,0.0,8.76
1780611740.732,194.7,74,0.0,8.76
1780611740.832,194.7,74,0.0,3.09
1780611740.932,194.7,74,0.0,3.09
1780611741.032,194.7,74,0.0,3.09
1780611741.133,194.7,74,0.0,3.09
1780611741.233,194.7,74,0.0,3.09
1780611741.333,194.7,74,0.0,3.09
1780611741.433,194.7,74,0.0,3.09
1780611741.533,194.7,74,0.0,3.09
1780611741.633,194.7,74,0.0,3.09
1780611741.733,194.7,74,0.0,3.09
1780611741.833,194.7,74,0.0,3.09
1780611741.934,194.7,74,0.0,3.09
1780611742.034,194.7,74,0.0,3.09
1780611742.134,194.7,74,0.0,3.09
1780611742.234,194.7,74,0.0,3.09
1780611742.334,194.7,74,0.0,3.09
1780611742.434,194.7,74,0.0,3.09
1780611742.534,194.7,74,0.0,3.09
1780611742.634,194.7,74,0.0,3.09
1780611742.735,194.7,74,0.0,3.09
1780611742.835,194.7,74,0.0,3.09
1780611742.935,194.7,74,0.0,3.09
1780611743.035,194.7,74,0.0,3.09
1780611743.135,194.7,74,0.0,3.09
1780611743.235,194.7,74,0.0,3.09
1780611743.335,194.7,74,0.0,3.09
1780611743.436,194.7,74,0.0,3.09
1780611743.536,194.7,74,0.0,3.09
1780611743.636,194.7,74,0.0,3.09
1780611743.736,194.7,74,0.0,3.09
1780611743.836,194.7,74,0.0,3.09
1780611743.936,194.7,74,0.0,3.01
1780611744.036,194.7,74,0.0,3.01
1780611744.136,194.7,74,0.0,3.01
1780611744.237,194.7,74,0.0,3.01
1780611744.337,194.7,74,0.0,3.01
1780611744.437,194.7,74,0.0,3.01
1780611744.537,194.7,74,0.0,3.01
1780611744.637,194.7,74,0.0,3.01
1780611744.737,194.7,74,0.0,3.01
1780611744.837,194.7,74,0.0,3.01
1780611744.937,194.7,74,0.0,3.01
1780611745.038,194.7,74,0.0,3.01
1780611745.138,194.7,74,0.0,3.01
1780611745.238,194.7,74,0.0,3.01
1780611745.338,194.7,74,0.0,3.01
1780611745.438,194.7,74,0.0,3.01
1780611745.539,201.7,74,49.4,3.01
1780611745.640,201.9,74,0.0,3.01
1780611745.740,201.9,74,0.0,3.01
1780611745.840,201.9,74,0.0,3.01
1780611745.940,201.9,74,0.0,3.01
1780611746.040,201.9,74,0.0,2.49
1780611746.140,201.9,74,0.0,2.49
1780611746.240,201.9,74,0.0,2.49
1780611746.340,201.9,74,0.0,2.49
1780611746.441,201.9,74,0.0,2.49
1780611746.541,201.9,74,10.0,2.49
1780611746.641,201.9,74,0.0,0.98
1780611746.741,201.9,74,0.0,0.98
1780611746.841,188.5,74,79.8,2.49
1780611746.941,193.7,74,19.9,2.49
1780611747.042,193.7,74,0.0,2.49
1780611747.142,193.7,74,0.0,2.49
1780611747.242,193.7,74,0.0,2.49
1780611747.342,193.7,74,0.0,2.49
1780611747.442,193.7,74,0.0,2.49
1780611747.542,193.7,74,0.0,2.49
1780611747.642,193.7,74,10.0,2.49
1780611747.742,193.7,74,0.0,2.49
1780611747.843,193.7,74,0.0,2.49
1780611747.943,181.4,74,59.9,2.49
1780611748.043,181.4,74,0.0,2.49
1780611748.143,181.4,74,0.0,2.49
1780611748.243,181.4,74,0.0,2.49
1780611748.343,181.4,74,0.0,2.49
1780611748.443,181.4,74,0.0,2.49
1780611748.544,188.2,74,10.0,2.49
1780611748.644,188.2,74,0.0,2.49
1780611748.744,188.7,74,10.0,2.49
1780611748.844,191.5,74,10.0,2.49
1780611748.944,191.5,74,0.0,2.49
1780611749.044,191.5,74,0.0,2.49
1780611749.144,191.5,74,0.0,2.49
1780611749.244,191.5,74,0.0,2.49
1780611749.345,196.7,74,20.0,2.49
1780611749.445,196.7,74,0.0,2.49
1780611749.545,196.7,74,0.0,2.49
1780611749.645,196.7,74,0.0,2.49
1780611749.745,196.7,74,0.0,2.49
1780611749.845,196.7,74,0.0,2.49
1780611749.945,196.7,74,0.0,2.49
1780611750.046,196.7,74,0.0,2.49
1780611750.146,196.7,74,0.0,2.49
1780611750.246,196.7,74,0.0,2.49
1780611750.346,196.7,74,0.0,2.49
1780611750.446,196.7,74,0.0,2.49
1780611750.546,196.7,74,0.0,2.49
1780611750.646,196.7,74,0.0,2.49
1780611750.746,196.7,74,0.0,2.49
1780611750.847,196.7,74,0.0,2.49
1780611750.947,196.7,74,0.0,2.49
1780611751.047,196.7,74,0.0,2.49
1780611751.147,196.7,74,0.0,2.49
1780611751.247,196.7,74,0.0,2.49
1780611751.347,196.7,74,0.0,2.49
1780611751.447,196.7,74,0.0,2.49
1780611751.547,196.7,74,0.0,2.49
1780611751.648,196.7,74,0.0,2.49
1780611751.748,196.7,74,0.0,2.49
1780611751.848,196.7,74,0.0,2.49
1780611751.948,196.7,74,0.0,2.49
1780611752.048,196.7,74,0.0,1.19
1780611752.148,196.7,74,0.0,1.19
1780611752.248,196.7,74,0.0,1.19
1780611752.348,196.7,74,0.0,1.19
1780611752.449,196.7,74,0.0,1.19
1780611752.549,196.7,74,0.0,1.19
1780611752.649,196.7,74,0.0,1.19
1780611752.749,196.7,74,0.0,1.19
1780611752.849,196.7,74,0.0,1.19
1780611752.949,196.7,74,0.0,1.19
1780611753.050,203.5,74,19.9,1.19
1780611753.150,188.2,74,39.9,15.24
1780611753.250,188.7,74,0.0,15.24
1780611753.350,188.7,74,0.0,1.19
1780611753.458,204.0,74,28.6,1.19
1780611753.561,181.4,74,28.4,9.71
1780611753.661,188.7,74,0.0,9.71
1780611753.761,188.7,74,0.0,9.71
1780611753.862,188.7,74,10.0,9.71
1780611753.962,188.7,74,0.0,9.71
1780611754.062,199.7,74,29.9,9.71
1780611754.162,199.7,74,10.0,9.71
1780611754.262,199.7,74,0.0,9.71
1780611754.362,199.7,74,0.0,9.71
1780611754.463,199.7,74,0.0,9.71
1780611754.563,202.4,74,29.9,9.71
1780611754.663,202.4,74,0.0,9.71
1780611754.763,202.4,74,0.0,9.71
1780611754.863,202.4,74,10.0,9.71
1780611754.963,202.4,74,0.0,9.71
1780611755.064,203.1,74,29.9,9.71
1780611755.164,203.1,74,0.0,9.71
1780611755.264,203.1,74,0.0,9.71
1780611755.364,203.1,74,0.0,9.71
1780611755.464,203.1,74,0.0,9.71
1780611755.564,203.1,74,0.0,9.71
1780611755.664,203.1,74,0.0,9.71
1780611755.765,203.1,74,0.0,9.71
1780611755.865,203.1,74,0.0,9.71
1780611755.965,203.1,74,0.0,9.71
1780611756.065,203.1,74,0.0,9.71
1780611756.165,203.1,74,0.0,9.71
1780611756.265,203.1,74,0.0,9.71
1780611756.365,203.1,74,0.0,9.71
1780611756.465,203.1,74,0.0,9.71
1780611756.566,203.1,74,10.0,9.71
1780611756.666,203.1,74,0.0,9.71
1780611756.766,203.1,74,0.0,9.71
1780611756.866,203.1,74,0.0,9.71
1780611756.966,203.1,74,0.0,9.71
1780611757.066,203.1,74,0.0,9.71
1780611757.167,203.1,74,0.0,9.71
1780611757.267,203.1,74,0.0,9.71
1780611757.367,203.1,74,0.0,9.71
1780611757.467,203.1,74,0.0,9.71
1780611757.567,203.1,74,0.0,9.71
1780611757.667,205.1,74,10.0,9.71
1780611757.767,205.1,74,0.0,9.71
1780611757.868,205.1,74,29.9,9.71
1780611757.968,205.1,74,0.0,9.71
1780611758.068,205.1,74,0.0,9.71
1780611758.168,205.1,74,0.0,9.71
1780611758.268,205.1,74,0.0,9.71
1780611758.368,205.1,74,0.0,9.71
1780611758.468,205.1,74,10.0,9.71
1780611758.569,205.1,74,0.0,9.71
1780611758.669,205.1,74,0.0,9.71
1780611758.769,205.1,74,0.0,9.71
1780611758.869,208.6,74,49.9,9.71
1780611758.969,208.6,74,0.0,9.71
1780611759.069,208.6,74,0.0,9.71
1780611759.169,208.6,74,0.0,9.71
1780611759.270,208.6,74,0.0,9.71
1780611759.370,208.6,74,0.0,9.71
1780611759.470,208.6,74,10.0,9.71
1780611759.570,208.6,74,10.0,7.46
1780611759.670,208.6,74,0.0,7.46
1780611759.770,208.6,74,29.9,9.71
1780611759.871,208.6,74,0.0,9.71
1780611759.971,208.6,74,0.0,7.46
1780611760.071,208.6,74,0.0,7.46
1780611760.171,208.6,74,0.0,7.46
1780611760.271,208.6,74,0.0,7.46
1780611760.371,208.6,74,0.0,7.46
1780611760.471,208.6,74,0.0,7.46
1780611760.571,208.6,74,0.0,7.46
1780611760.672,208.6,74,10.0,7.46
1780611760.772,208.6,74,0.0,7.46
1780611760.872,208.6,74,0.0,7.46
1780611760.972,181.4,74,49.9,7.46
1780611761.072,181.4,74,0.0,7.46
1780611761.172,181.4,74,0.0,7.46
1780611761.273,181.4,74,0.0,7.46
1780611761.373,181.4,74,0.0,7.46
1780611761.473,181.4,74,0.0,7.46
1780611761.573,181.4,74,0.0,7.46
1780611761.677,191.2,74,19.2,7.46
1780611761.777,191.2,74,0.0,7.46
1780611761.877,191.2,74,0.0,7.46
1780611761.977,191.2,74,0.0,7.46
1780611762.077,201.0,74,39.9,17.57
1780611762.178,201.0,74,0.0,17.57
1780611762.278,201.0,74,0.0,17.57
1780611762.378,201.0,74,0.0,17.57
1780611762.478,201.0,74,0.0,17.57
1780611762.578,201.0,74,20.0,17.57
1780611762.678,201.0,74,0.0,17.57
1780611762.779,201.0,74,0.0,17.57
1780611762.879,201.0,74,0.0,17.57
1780611762.979,201.0,74,0.0,17.57
1780611763.079,201.0,74,0.0,17.57
1780611763.179,205.7,74,29.9,17.57
1780611763.279,205.7,74,0.0,17.57
1780611763.380,205.7,74,0.0,17.57
1780611763.480,205.7,74,0.0,17.57
1780611763.580,205.7,74,19.9,17.57
1780611763.680,205.7,74,0.0,17.57
1780611763.780,205.7,74,0.0,17.57
1780611763.881,205.7,74,0.0,17.57
1780611763.981,205.7,74,0.0,17.57
1780611764.081,205.7,74,20.0,17.57
1780611764.181,205.7,74,19.9,17.57
1780611764.281,205.7,74,0.0,17.57
1780611764.381,205.7,74,0.0,17.57
1780611764.482,205.7,74,0.0,17.57
1780611764.582,205.7,74,0.0,17.57
1780611764.682,206.1,74,10.0,17.57
1780611764.782,206.1,74,0.0,17.57
1780611764.882,206.1,74,10.0,17.57
1780611764.988,206.1,74,19.0,17.57
1780611765.088,206.1,74,0.0,17.57
1780611765.188,206.1,74,0.0,17.57
1780611765.288,206.1,74,0.0,17.57
1780611765.389,206.1,74,10.0,17.57
1780611765.489,206.1,74,0.0,17.57
1780611765.589,206.1,74,19.9,17.57
1780611765.689,206.1,74,0.0,17.57
1780611765.790,206.1,74,0.0,17.57
1780611765.890,206.1,74,0.0,17.57
1780611765.990,206.1,74,0.0,17.57
1780611766.090,206.1,74,0.0,17.57
1780611766.190,206.1,74,0.0,2.43
1780611766.290,206.1,74,0.0,2.43
1780611766.390,206.1,74,10.0,2.43
1780611766.490,206.1,74,0.0,2.43
1780611766.591,206.1,74,0.0,2.43
1780611766.691,206.1,74,10.0,2.43
1780611766.797,206.1,74,29.1,2.43
1780611766.900,206.1,74,0.0,2.43
1780611767.000,206.1,74,0.0,2.43
1780611767.100,206.1,74,0.0,2.43
1780611767.200,206.1,74,0.0,2.43
1780611767.300,206.1,74,0.0,2.43
1780611767.401,206.1,74,0.0,2.43
1780611767.501,206.1,74,0.0,2.43
1780611767.601,206.1,74,0.0,2.43
1780611767.701,206.1,74,0.0,2.43
1780611767.801,206.1,74,0.0,2.43
1780611767.901,207.5,74,39.9,22.29
1780611768.001,207.9,74,10.0,22.29
1780611768.102,207.9,74,0.0,22.29
1780611768.202,207.9,74,0.0,22.29
1780611768.302,207.9,74,20.0,22.29
1780611768.402,207.9,74,0.0,22.29
1780611768.502,207.9,74,0.0,2.43
1780611768.602,207.9,74,0.0,2.43
1780611768.702,207.9,74,10.0,2.43
1780611768.803,207.9,74,0.0,2.43
1780611768.903,208.2,74,0.0,2.43
1780611769.003,208.2,74,10.0,2.13
1780611769.103,208.9,74,29.9,2.13
1780611769.204,208.9,74,0.0,2.13
1780611769.304,208.9,74,0.0,2.13
1780611769.404,208.9,74,0.0,2.13
1780611769.504,208.9,74,29.9,2.13
1780611769.604,208.9,74,0.0,2.13
1780611769.704,208.9,74,0.0,2.13
1780611769.805,208.9,74,0.0,2.13
1780611769.905,208.9,74,0.0,2.13
1780611770.005,208.9,74,0.0,2.13
1780611770.108,208.9,74,9.7,2.13
1780611770.208,208.9,74,29.9,2.13
1780611770.308,208.9,74,0.0,2.13
1780611770.408,208.9,74,0.0,2.13
1780611770.508,208.9,74,10.0,2.13
1780611770.608,208.9,74,0.0,2.02
1780611770.709,208.9,74,10.0,2.02
1780611770.809,208.9,74,19.9,2.02
1780611770.909,208.9,74,0.0,2.02
1780611771.009,208.9,74,0.0,2.02
1780611771.109,208.9,74,0.0,2.02
1780611771.210,208.9,74,0.0,2.02
1780611771.310,208.9,74,0.0,2.02
1780611771.410,208.9,74,0.0,2.02
1780611771.510,208.9,74,0.0,2.02
1780611771.610,208.9,74,0.0,2.02
1780611771.710,208.9,74,0.0,2.02
1780611771.810,208.9,74,0.0,2.02
1780611771.910,208.9,74,0.0,2.02
1780611772.010,208.9,74,0.0,2.02
1780611772.111,208.9,74,0.0,2.02
1780611772.211,208.9,74,0.0,2.02
1780611772.311,209.3,74,29.9,2.02
1780611772.411,209.3,74,0.0,2.02
1780611772.511,209.3,74,0.0,2.02
1780611772.611,209.3,74,0.0,2.02
1780611772.711,209.3,74,0.0,2.02
1780611772.812,209.3,74,0.0,2.02
1780611772.912,209.3,74,0.0,2.02
1780611773.012,209.3,74,0.0,2.02
